image_path,label,species,split_x,is_augmented,fold,split_y,ph,temperature,dissolved_oxygen,salinity,ammonia,turbidity,temp_do_ratio,ammonia_toxicity_index,stress_score
C:\Users\Asus\PycharmProjects\AquaVision_v1\datasets\fish\New Dataset\train_split\Bacterial diseases - Aeromoniasis\Bacterial diseases - Aeromoniasis_100.jpg,Bacterial diseases - Aeromoniasis,fish,train,False,4,val,6.4,30.65,3.72,34.09,0.042,47.79,8.239225163373217,0.012934205613129142,1.182
C:\Users\Asus\PycharmProjects\AquaVision_v1\datasets\fish\New Dataset\train_split\Bacterial diseases - Aeromoniasis\Bacterial diseases - Aeromoniasis_101.jpg,Bacterial diseases - Aeromoniasis,fish,train,False,0,train,6.71,29.83,3.63,26.15,0.091,40.34,8.217608215955327,0.05568710450744318,1.3119999999999998
C:\Users\Asus\PycharmProjects\AquaVision_v1\datasets\fish\New Dataset\train_split\Bacterial diseases - Aeromoniasis\Bacterial diseases - Aeromoniasis_102.jpg,Bacterial diseases - Aeromoniasis,fish,train,False,0,train,5.07,29.59,2.39,29.26,0.086,37.97,12.380701335977673,0.0011959235215827282,2.1559999999999997
C:\Users\Asus\PycharmProjects\AquaVision_v1\datasets\fish\New Dataset\train_split\Bacterial diseases - Aeromoniasis\Bacterial diseases - Aeromoniasis_104.jpg,Bacterial diseases - Aeromoniasis,fish,train,False,0,train,4.82,31.17,2.06,25.82,0.234,46.11,15.13099450973539,0.001927581062883539,2.922
C:\Users\Asus\PycharmProjects\AquaVision_v1\datasets\fish\New Dataset\train_split\Bacterial diseases - Aeromoniasis\Bacterial diseases - Aeromoniasis_105.jpg,Bacterial diseases - Aeromoniasis,fish,train,False,0,val,5.74,30.27,2.72,35.41,0.033,39.66,11.128635556486923,0.00219576749722048,1.6439999999999997
C:\Users\Asus\PycharmProjects\AquaVision_v1\datasets\fish\New Dataset\train_split\Bacterial diseases - Aeromoniasis\Bacterial diseases - Aeromoniasis_106.jpg,Bacterial diseases - Aeromoniasis,fish,train,False,1,train,6.1,33.06,2.22,28.84,0.198,25.4,14.891824811599948,0.03296309869822079,2.346
C:\Users\Asus\PycharmProjects\AquaVision_v1\datasets\fish\New Dataset\train_split\Bacterial diseases - Aeromoniasis\Bacterial diseases - Aeromoniasis_107.jpg,Bacterial diseases - Aeromoniasis,fish,train,False,1,train,6.54,31.43,3.11,26.8,0.123,52.74,10.106076829334954,0.05361786091183751,1.647
C:\Users\Asus\PycharmProjects\AquaVision_v1\datasets\fish\New Dataset\train_split\Bacterial diseases - Aeromoniasis\Bacterial diseases - Aeromoniasis_108.jpg,Bacterial diseases - Aeromoniasis,fish,train,False,2,train,5.78,31.86,1.79,29.3,0.019,41.15,17.798783247020964,0.0014590136793370075,1.8549999999999998
C:\Users\Asus\PycharmProjects\AquaVision_v1\datasets\fish\New Dataset\train_split\Bacterial diseases - Aeromoniasis\Bacterial diseases - Aeromoniasis_109.jpg,Bacterial diseases - Aeromoniasis,fish,train,False,3,train,5.69,32.53,4.02,31.73,0.369,42.93,8.092019671592858,0.02351637737122602,2.6129999999999995
C:\Users\Asus\PycharmProjects\AquaVision_v1\datasets\fish\New Dataset\train_split\Bacterial diseases - Aeromoniasis\Bacterial diseases - Aeromoniasis_110.jpg,Bacterial diseases - Aeromoniasis,fish,train,False,0,train,5.73,31.83,3.98,26.08,0.093,43.14,7.997467343046877,0.006358864613189039,1.509
C:\Users\Asus\PycharmProjects\AquaVision_v1\datasets\fish\New Dataset\train_split\Bacterial diseases - Aeromoniasis\Bacterial diseases - Aeromoniasis_111.jpg,Bacterial diseases - Aeromoniasis,fish,train,False,1,train,6.59,34.39,3.14,32.01,0.032,54.73,10.952194419762995,0.01712545604653223,1.259
C:\Users\Asus\PycharmProjects\AquaVision_v1\datasets\fish\New Dataset\train_split\Bacterial diseases - Aeromoniasis\Bacterial diseases - Aeromoniasis_114.jpeg,Bacterial diseases - Aeromoniasis,fish,train,False,2,train,6.58,30.91,4.45,17.52,0.006,53.22,6.946051806625154,0.0028203970176644516,0.7649999999999999
C:\Users\Asus\PycharmProjects\AquaVision_v1\datasets\fish\New Dataset\train_split\Bacterial diseases - Aeromoniasis\Bacterial diseases - Aeromoniasis_117.jpg,Bacterial diseases - Aeromoniasis,fish,train,False,4,train,6.15,30.25,3.27,20.05,0.595,39.66,9.250736236280623,0.10169564052511526,3.6039999999999996
C:\Users\Asus\PycharmProjects\AquaVision_v1\datasets\fish\New Dataset\train_split\Bacterial diseases - Aeromoniasis\Bacterial diseases - Aeromoniasis_118.jpg,Bacterial diseases - Aeromoniasis,fish,train,False,4,train,5.2,28.98,2.8,31.66,0.407,48.29,10.3499630358463,0.007477437328012758,3.2779999999999996
C:\Users\Asus\PycharmProjects\AquaVision_v1\datasets\fish\New Dataset\train_split\Bacterial diseases - Aeromoniasis\Bacterial diseases - Aeromoniasis_119.jpg,Bacterial diseases - Aeromoniasis,fish,train,False,4,train,6.16,33.42,2.64,26.69,0.065,57.74,12.659042958170613,0.012559715255965519,1.67
C:\Users\Asus\PycharmProjects\AquaVision_v1\datasets\fish\New Dataset\train_split\Bacterial diseases - Aeromoniasis\Bacterial diseases - Aeromoniasis_12.jpg,Bacterial diseases - Aeromoniasis,fish,train,False,4,train,5.92,31.01,3.01,22.34,0.032,40.79,10.302291354513773,0.00330150330136241,1.499
C:\Users\Asus\PycharmProjects\AquaVision_v1\datasets\fish\New Dataset\train_split\Bacterial diseases - Aeromoniasis\Bacterial diseases - Aeromoniasis_120.jpg,Bacterial diseases - Aeromoniasis,fish,train,False,0,train,6.0,32.01,4.71,28.7,0.113,44.81,6.7961639147262956,0.01446852,1.2890000000000001
C:\Users\Asus\PycharmProjects\AquaVision_v1\datasets\fish\New Dataset\train_split\Bacterial diseases - Aeromoniasis\Bacterial diseases - Aeromoniasis_123.jpg,Bacterial diseases - Aeromoniasis,fish,train,False,2,train,5.1,31.15,5.17,27.23,0.039,48.02,6.025133413668446,0.0006117622146072571,1.125
C:\Users\Asus\PycharmProjects\AquaVision_v1\datasets\fish\New Dataset\train_split\Bacterial diseases - Aeromoniasis\Bacterial diseases - Aeromoniasis_124.jpg,Bacterial diseases - Aeromoniasis,fish,train,False,2,train,6.79,32.88,3.83,24.36,0.115,59.05,8.584833982156704,0.09325876084154547,1.3239999999999998
C:\Users\Asus\PycharmProjects\AquaVision_v1\datasets\fish\New Dataset\train_split\Bacterial diseases - Aeromoniasis\Bacterial diseases - Aeromoniasis_125.jpg,Bacterial diseases - Aeromoniasis,fish,train,False,2,train,5.38,28.52,2.85,28.4,0.283,39.97,10.00698243164059,0.007744545721069337,2.7129999999999996
C:\Users\Asus\PycharmProjects\AquaVision_v1\datasets\fish\New Dataset\train_split\Bacterial diseases - Aeromoniasis\Bacterial diseases - Aeromoniasis_126.jpg,Bacterial diseases - Aeromoniasis,fish,train,False,1,train,5.46,32.18,2.46,34.2,0.69,41.12,13.081247637204726,0.025615044920689507,4.434
C:\Users\Asus\PycharmProjects\AquaVision_v1\datasets\fish\New Dataset\train_split\Bacterial diseases - Aeromoniasis\Bacterial diseases - Aeromoniasis_127.jpg,Bacterial diseases - Aeromoniasis,fish,train,False,1,train,5.57,33.03,2.22,28.91,0.189,58.07,14.878311358957841,0.009277487314512192,2.469
C:\Users\Asus\PycharmProjects\AquaVision_v1\datasets\fish\New Dataset\train_split\Bacterial diseases - Aeromoniasis\Bacterial diseases - Aeromoniasis_128.jpg,Bacterial diseases - Aeromoniasis,fish,train,False,2,train,6.26,32.95,2.21,22.72,0.324,51.18,14.909434798937562,0.07770704970539381,2.8050000000000006
C:\Users\Asus\PycharmProjects\AquaVision_v1\datasets\fish\New Dataset\train_split\Bacterial diseases - Aeromoniasis\Bacterial diseases - Aeromoniasis_129.jpg,Bacterial diseases - Aeromoniasis,fish,train,False,3,train,6.83,31.73,2.63,35.46,0.264,49.74,12.064592910293117,0.22653431126502094,2.268
C:\Users\Asus\PycharmProjects\AquaVision_v1\datasets\fish\New Dataset\train_split\Bacterial diseases - Aeromoniasis\Bacterial diseases - Aeromoniasis_13.jpg,Bacterial diseases - Aeromoniasis,fish,train,False,1,train,5.52,32.97,4.13,24.72,0.262,49.24,7.983031518083492,0.011441427942894508,2.2030000000000003
C:\Users\Asus\PycharmProjects\AquaVision_v1\datasets\fish\New Dataset\train_split\Bacterial diseases - Aeromoniasis\Bacterial diseases - Aeromoniasis_130.jpg,Bacterial diseases - Aeromoniasis,fish,train,False,2,train,6.66,30.39,2.6,24.44,0.903,36.84,11.688416583013142,0.5017396721761456,4.884
C:\Users\Asus\PycharmProjects\AquaVision_v1\datasets\fish\New Dataset\train_split\Bacterial diseases - Aeromoniasis\Bacterial diseases - Aeromoniasis_131.jpg,Bacterial diseases - Aeromoniasis,fish,train,False,1,train,6.27,33.07,3.21,33.81,0.215,30.94,10.30214859143741,0.052958130584119224,2.066
C:\Users\Asus\PycharmProjects\AquaVision_v1\datasets\fish\New Dataset\train_split\Bacterial diseases - Aeromoniasis\Bacterial diseases - Aeromoniasis_132.jpg,Bacterial diseases - Aeromoniasis,fish,train,False,0,train,6.08,28.32,3.59,27.11,0.004,52.14,7.8885574134890994,0.0005447700606138423,1.165
C:\Users\Asus\PycharmProjects\AquaVision_v1\datasets\fish\New Dataset\train_split\Bacterial diseases - Aeromoniasis\Bacterial diseases - Aeromoniasis_135.jpg,Bacterial diseases - Aeromoniasis,fish,train,False,4,train,6.38,30.82,2.52,21.94,0.476,35.74,12.230110197975405,0.14076658619420002,3.284
C:\Users\Asus\PycharmProjects\AquaVision_v1\datasets\fish\New Dataset\train_split\Bacterial diseases - Aeromoniasis\Bacterial diseases - Aeromoniasis_136.jpg,Bacterial diseases - Aeromoniasis,fish,train,False,4,train,5.79,31.43,3.51,24.46,0.239,46.54,8.95439044333207,0.018526879348532106,2.2159999999999997
C:\Users\Asus\PycharmProjects\AquaVision_v1\datasets\fish\New Dataset\train_split\Bacterial diseases - Aeromoniasis\Bacterial diseases - Aeromoniasis_137.jpg,Bacterial diseases - Aeromoniasis,fish,train,False,1,train,6.13,28.14,3.49,30.24,0.299,35.41,8.063014146091271,0.04539993935729043,2.36
C:\Users\Asus\PycharmProjects\AquaVision_v1\datasets\fish\New Dataset\train_split\Bacterial diseases - Aeromoniasis\Bacterial diseases - Aeromoniasis_139.jpg,Bacterial diseases - Aeromoniasis,fish,train,False,0,train,6.93,32.29,3.61,30.06,0.4,83.53,8.944573560738059,0.43973195605687543,2.488
C:\Users\Asus\PycharmProjects\AquaVision_v1\datasets\fish\New Dataset\train_split\Bacterial diseases - Aeromoniasis\Bacterial diseases - Aeromoniasis_14.jpg,Bacterial diseases - Aeromoniasis,fish,train,False,1,train,5.82,32.63,6.42,31.04,0.118,46.65,5.082546600394704,0.010175577642406276,0.9759999999999999
C:\Users\Asus\PycharmProjects\AquaVision_v1\datasets\fish\New Dataset\train_split\Bacterial diseases - Aeromoniasis\Bacterial diseases - Aeromoniasis_140.jpg,Bacterial diseases - Aeromoniasis,fish,train,False,4,train,4.98,32.72,1.91,26.11,0.034,55.89,17.130800362301766,0.0004249640608388513,2.1189999999999998
C:\Users\Asus\PycharmProjects\AquaVision_v1\datasets\fish\New Dataset\train_split\Bacterial diseases - Aeromoniasis\Bacterial diseases - Aeromoniasis_142.jpg,Bacterial diseases - Aeromoniasis,fish,train,False,1,train,5.67,32.7,2.62,28.87,0.013,68.89,12.480868393632086,0.0007953368342447517,1.6150000000000002
C:\Users\Asus\PycharmProjects\AquaVision_v1\datasets\fish\New Dataset\train_split\Bacterial diseases - Aeromoniasis\Bacterial diseases - Aeromoniasis_143.jpg,Bacterial diseases - Aeromoniasis,fish,train,False,1,train,7.21,25.94,3.35,25.35,0.144,53.52,7.7432604678792005,0.2423217826108261,1.4579999999999997
C:\Users\Asus\PycharmProjects\AquaVision_v1\datasets\fish\New Dataset\train_split\Bacterial diseases - Aeromoniasis\Bacterial diseases - Aeromoniasis_145.jpg,Bacterial diseases - Aeromoniasis,fish,train,False,0,train,6.4,33.16,2.24,26.66,0.043,48.18,14.803505341494008,0.01432659449984353,1.63
C:\Users\Asus\PycharmProjects\AquaVision_v1\datasets\fish\New Dataset\train_split\Bacterial diseases - Aeromoniasis\Bacterial diseases - Aeromoniasis_147.jpg,Bacterial diseases - Aeromoniasis,fish,train,False,0,train,5.13,27.85,3.93,36.49,0.136,55.32,7.086495963114598,0.0020437327256416587,1.876
C:\Users\Asus\PycharmProjects\AquaVision_v1\datasets\fish\New Dataset\train_split\Bacterial diseases - Aeromoniasis\Bacterial diseases - Aeromoniasis_15.jpg,Bacterial diseases - Aeromoniasis,fish,train,False,3,train,6.86,29.23,3.56,31.1,0.161,44.81,8.210651093676702,0.13636869444766833,1.568
C:\Users\Asus\PycharmProjects\AquaVision_v1\datasets\fish\New Dataset\train_split\Bacterial diseases - Aeromoniasis\Bacterial diseases - Aeromoniasis_150.jpg,Bacterial diseases - Aeromoniasis,fish,train,False,1,train,6.98,30.37,0.5,34.53,0.252,30.7,60.73878522429552,0.2923514983617081,2.814
C:\Users\Asus\PycharmProjects\AquaVision_v1\datasets\fish\New Dataset\train_split\Bacterial diseases - Aeromoniasis\Bacterial diseases - Aeromoniasis_151.jpg,Bacterial diseases - Aeromoniasis,fish,train,False,0,train,6.8,31.03,2.41,29.85,0.018,42.98,12.875465247032169,0.01409659660743868,1.359
C:\Users\Asus\PycharmProjects\AquaVision_v1\datasets\fish\New Dataset\train_split\Bacterial diseases - Aeromoniasis\Bacterial diseases - Aeromoniasis_152.jpg,Bacterial diseases - Aeromoniasis,fish,train,False,0,train,6.14,31.28,3.73,34.34,0.153,32.62,8.386036498561666,0.026425192915628264,1.701
C:\Users\Asus\PycharmProjects\AquaVision_v1\datasets\fish\New Dataset\train_split\Bacterial diseases - Aeromoniasis\Bacterial diseases - Aeromoniasis_154.jpg,Bacterial diseases - Aeromoniasis,fish,train,False,2,train,5.54,32.47,2.54,25.51,0.018,53.85,12.78341423852662,0.0008106152784619465,1.698
C:\Users\Asus\PycharmProjects\AquaVision_v1\datasets\fish\New Dataset\train_split\Bacterial diseases - Aeromoniasis\Bacterial diseases - Aeromoniasis_155.jpg,Bacterial diseases - Aeromoniasis,fish,train,False,3,train,6.61,31.89,2.65,31.6,0.332,48.07,12.033916853143952,0.17252522174581966,2.6
C:\Users\Asus\PycharmProjects\AquaVision_v1\datasets\fish\New Dataset\train_split\Bacterial diseases - Aeromoniasis\Bacterial diseases - Aeromoniasis_158.jpg,Bacterial diseases - Aeromoniasis,fish,train,False,4,train,5.6,29.6,3.8,30.44,1.164,27.12,7.789453185649512,0.05486617478847362,5.886
C:\Users\Asus\PycharmProjects\AquaVision_v1\datasets\fish\New Dataset\train_split\Bacterial diseases - Aeromoniasis\Bacterial diseases - Aeromoniasis_16.jpg,Bacterial diseases - Aeromoniasis,fish,train,False,3,train,5.37,32.37,3.04,27.13,0.347,55.99,10.647991289502336,0.010532516921164536,2.9149999999999996
C:\Users\Asus\PycharmProjects\AquaVision_v1\datasets\fish\New Dataset\train_split\Bacterial diseases - Aeromoniasis\Bacterial diseases - Aeromoniasis_160.jpg,Bacterial diseases - Aeromoniasis,fish,train,False,3,val,6.88,31.05,3.75,26.76,0.123,42.29,8.27997792005888,0.11588486182690824,1.353
C:\Users\Asus\PycharmProjects\AquaVision_v1\datasets\fish\New Dataset\train_split\Bacterial diseases - Aeromoniasis\Bacterial diseases - Aeromoniasis_164.jpg,Bacterial diseases - Aeromoniasis,fish,train,False,0,train,6.79,32.98,3.7,30.51,0.024,38.01,8.913489423001558,0.019521891034936015,0.9989999999999999
C:\Users\Asus\PycharmProjects\AquaVision_v1\datasets\fish\New Dataset\train_split\Bacterial diseases - Aeromoniasis\Bacterial diseases - Aeromoniasis_165.jpg,Bacterial diseases - Aeromoniasis,fish,train,False,4,train,6.09,33.44,3.08,24.7,0.039,41.79,10.857107606793484,0.006417869280570699,1.455
C:\Users\Asus\PycharmProjects\AquaVision_v1\datasets\fish\New Dataset\train_split\Bacterial diseases - Aeromoniasis\Bacterial diseases - Aeromoniasis_167.jpg,Bacterial diseases - Aeromoniasis,fish,train,False,1,train,5.61,31.61,3.4,25.97,0.019,50.59,9.297031479319179,0.000978674084185489,1.4229999999999998
C:\Users\Asus\PycharmProjects\AquaVision_v1\datasets\fish\New Dataset\train_split\Bacterial diseases - Aeromoniasis\Bacterial diseases - Aeromoniasis_169.jpg,Bacterial diseases - Aeromoniasis,fish,train,False,1,train,6.62,27.38,2.07,25.13,0.375,42.87,13.226989241597867,0.17120825579126678,2.943
C:\Users\Asus\PycharmProjects\AquaVision_v1\datasets\fish\New Dataset\train_split\Bacterial diseases - Aeromoniasis\Bacterial diseases - Aeromoniasis_17.jpg,Bacterial diseases - Aeromoniasis,fish,train,False,3,val,6.61,30.6,3.18,23.99,0.003,38.18,9.622611249650157,0.001495900380096703,1.125
C:\Users\Asus\PycharmProjects\AquaVision_v1\datasets\fish\New Dataset\train_split\Bacterial diseases - Aeromoniasis\Bacterial diseases - Aeromoniasis_170.jpg,Bacterial diseases - Aeromoniasis,fish,train,False,2,val,6.07,31.81,2.54,30.08,0.819,60.33,12.523572741839597,0.12243555724532426,4.742999999999999
C:\Users\Asus\PycharmProjects\AquaVision_v1\datasets\fish\New Dataset\train_split\Bacterial diseases - Aeromoniasis\Bacterial diseases - Aeromoniasis_173.jpg,Bacterial diseases - Aeromoniasis,fish,train,False,1,train,6.51,30.0,3.38,28.05,0.019,49.74,8.875713385463357,0.007377935377995521,1.159
C:\Users\Asus\PycharmProjects\AquaVision_v1\datasets\fish\New Dataset\train_split\Bacterial diseases - Aeromoniasis\Bacterial diseases - Aeromoniasis_174.jpg,Bacterial diseases - Aeromoniasis,fish,train,False,2,train,6.13,34.63,3.97,36.61,0.219,37.33,8.722899942317525,0.04092197613075449,1.896
C:\Users\Asus\PycharmProjects\AquaVision_v1\datasets\fish\New Dataset\train_split\Bacterial diseases - Aeromoniasis\Bacterial diseases - Aeromoniasis_175.jpg,Bacterial diseases - Aeromoniasis,fish,train,False,3,train,7.41,28.98,2.53,25.6,0.156,55.33,11.454500179841187,0.46481803545616424,1.692
C:\Users\Asus\PycharmProjects\AquaVision_v1\datasets\fish\New Dataset\train_split\Bacterial diseases - Aeromoniasis\Bacterial diseases - Aeromoniasis_176.jpg,Bacterial diseases - Aeromoniasis,fish,train,False,4,val,5.01,31.85,4.7,31.8,0.289,39.23,6.77658132642271,0.0037676215365588153,2.293
C:\Users\Asus\PycharmProjects\AquaVision_v1\datasets\fish\New Dataset\train_split\Bacterial diseases - Aeromoniasis\Bacterial diseases - Aeromoniasis_177.jpg,Bacterial diseases - Aeromoniasis,fish,train,False,3,train,5.31,35.58,4.14,26.12,1.091,47.95,8.594182139656668,0.031702293741533556,5.579
C:\Users\Asus\PycharmProjects\AquaVision_v1\datasets\fish\New Dataset\train_split\Bacterial diseases - Aeromoniasis\Bacterial diseases - Aeromoniasis_178.jpeg,Bacterial diseases - Aeromoniasis,fish,train,False,3,val,5.44,30.71,4.19,21.62,0.015,39.01,7.329338116138148,0.0005074941808770909,1.2209999999999996
C:\Users\Asus\PycharmProjects\AquaVision_v1\datasets\fish\New Dataset\train_split\Bacterial diseases - Aeromoniasis\Bacterial diseases - Aeromoniasis_18.jpg,Bacterial diseases - Aeromoniasis,fish,train,False,3,train,6.1,31.12,2.84,30.49,0.15,31.31,10.957707895394735,0.023506655289020673,1.9680000000000002
C:\Users\Asus\PycharmProjects\AquaVision_v1\datasets\fish\New Dataset\train_split\Bacterial diseases - Aeromoniasis\Bacterial diseases - Aeromoniasis_181.jpg,Bacterial diseases - Aeromoniasis,fish,train,False,3,train,6.42,27.16,4.22,29.33,0.184,37.52,6.4360037061523565,0.05257842589367062,1.594
C:\Users\Asus\PycharmProjects\AquaVision_v1\datasets\fish\New Dataset\train_split\Bacterial diseases - Aeromoniasis\Bacterial diseases - Aeromoniasis_183.jpg,Bacterial diseases - Aeromoniasis,fish,train,False,2,train,6.54,31.17,5.82,35.02,0.523,34.8,5.355660900926288,0.22609891719042524,2.4339999999999997
C:\Users\Asus\PycharmProjects\AquaVision_v1\datasets\fish\New Dataset\train_split\Bacterial diseases - Aeromoniasis\Bacterial diseases - Aeromoniasis_186.jpg,Bacterial diseases - Aeromoniasis,fish,train,False,2,train,6.92,28.59,3.75,32.23,0.124,27.41,7.623979669387548,0.11794942603049378,1.345
C:\Users\Asus\PycharmProjects\AquaVision_v1\datasets\fish\New Dataset\train_split\Bacterial diseases - Aeromoniasis\Bacterial diseases - Aeromoniasis_187.jpg,Bacterial diseases - Aeromoniasis,fish,train,False,1,train,5.94,32.79,4.4,28.3,0.126,54.82,7.452255790327749,0.014393683641788592,1.4519999999999997
C:\Users\Asus\PycharmProjects\AquaVision_v1\datasets\fish\New Dataset\train_split\Bacterial diseases - Aeromoniasis\Bacterial diseases - Aeromoniasis_188.jpg,Bacterial diseases - Aeromoniasis,fish,train,False,3,train,6.3,26.74,3.16,29.54,0.17,44.67,8.461998537979309,0.03628025372554212,1.8920000000000003
C:\Users\Asus\PycharmProjects\AquaVision_v1\datasets\fish\New Dataset\train_split\Bacterial diseases - Aeromoniasis\Bacterial diseases - Aeromoniasis_189.jpeg,Bacterial diseases - Aeromoniasis,fish,train,False,3,train,5.32,32.67,3.49,24.24,0.05,52.47,9.361004696261615,0.0013651460919000304,1.6069999999999998
C:\Users\Asus\PycharmProjects\AquaVision_v1\datasets\fish\New Dataset\train_split\Bacterial diseases - Aeromoniasis\Bacterial diseases - Aeromoniasis_19.jpg,Bacterial diseases - Aeromoniasis,fish,train,False,3,train,5.93,28.54,3.6,25.88,0.049,37.07,7.92775575623401,0.004761130003617978,1.387
C:\Users\Asus\PycharmProjects\AquaVision_v1\datasets\fish\New Dataset\train_split\Bacterial diseases - Aeromoniasis\Bacterial diseases - Aeromoniasis_192.jpg,Bacterial diseases - Aeromoniasis,fish,train,False,1,val,6.04,28.41,2.76,23.21,0.175,43.98,10.293440965793604,0.02180566188669952,2.1100000000000003
C:\Users\Asus\PycharmProjects\AquaVision_v1\datasets\fish\New Dataset\train_split\Bacterial diseases - Aeromoniasis\Bacterial diseases - Aeromoniasis_193.jpg,Bacterial diseases - Aeromoniasis,fish,train,False,2,train,6.13,29.25,3.37,27.55,0.41,42.79,8.67949946736063,0.0647097494779216,2.84
C:\Users\Asus\PycharmProjects\AquaVision_v1\datasets\fish\New Dataset\train_split\Bacterial diseases - Aeromoniasis\Bacterial diseases - Aeromoniasis_194.jpg,Bacterial diseases - Aeromoniasis,fish,train,False,0,train,5.78,29.56,2.98,18.79,0.241,38.73,9.91942980057114,0.017170441555241132,2.386
C:\Users\Asus\PycharmProjects\AquaVision_v1\datasets\fish\New Dataset\train_split\Bacterial diseases - Aeromoniasis\Bacterial diseases - Aeromoniasis_195.jpg,Bacterial diseases - Aeromoniasis,fish,train,False,1,train,4.78,32.44,3.45,40.0,0.028,56.2,9.402871296025227,0.00021892676928922435,1.6929999999999998
C:\Users\Asus\PycharmProjects\AquaVision_v1\datasets\fish\New Dataset\train_split\Bacterial diseases - Aeromoniasis\Bacterial diseases - Aeromoniasis_196.jpg,Bacterial diseases - Aeromoniasis,fish,train,False,0,train,5.14,31.51,2.59,22.31,0.005,34.39,12.165976193142113,8.699181635527374e-05,1.751
C:\Users\Asus\PycharmProjects\AquaVision_v1\datasets\fish\New Dataset\train_split\Bacterial diseases - Aeromoniasis\Bacterial diseases - Aeromoniasis_197.jpg,Bacterial diseases - Aeromoniasis,fish,train,False,2,train,5.71,35.22,3.91,27.97,0.023,59.8,9.0076495968041,0.00166179397086418,1.2559999999999998
C:\Users\Asus\PycharmProjects\AquaVision_v1\datasets\fish\New Dataset\train_split\Bacterial diseases - Aeromoniasis\Bacterial diseases - Aeromoniasis_198.jpg,Bacterial diseases - Aeromoniasis,fish,train,False,0,train,7.01,32.35,2.37,27.24,0.083,58.96,13.649731435732338,0.1099037139569375,1.568
C:\Users\Asus\PycharmProjects\AquaVision_v1\datasets\fish\New Dataset\train_split\Bacterial diseases - Aeromoniasis\Bacterial diseases - Aeromoniasis_199.jpg,Bacterial diseases - Aeromoniasis,fish,train,False,0,train,5.31,27.5,3.65,25.4,0.052,40.13,7.534225933627579,0.0011678741043509697,1.5700000000000003
C:\Users\Asus\PycharmProjects\AquaVision_v1\datasets\fish\New Dataset\train_split\Bacterial diseases - Aeromoniasis\Bacterial diseases - Aeromoniasis_2.jpg,Bacterial diseases - Aeromoniasis,fish,train,False,4,train,6.13,28.92,3.42,27.8,0.03,48.9,8.45611562539291,0.0046814407877460735,1.3050000000000002
C:\Users\Asus\PycharmProjects\AquaVision_v1\datasets\fish\New Dataset\train_split\Bacterial diseases - Aeromoniasis\Bacterial diseases - Aeromoniasis_200.jpeg,Bacterial diseases - Aeromoniasis,fish,train,False,0,train,6.05,29.56,3.8,30.0,0.663,35.22,7.778926897560796,0.0879585273303083,3.7470000000000008
C:\Users\Asus\PycharmProjects\AquaVision_v1\datasets\fish\New Dataset\train_split\Bacterial diseases - Aeromoniasis\Bacterial diseases - Aeromoniasis_201.jpg,Bacterial diseases - Aeromoniasis,fish,train,False,2,train,5.1,32.36,2.67,30.28,0.098,47.8,12.119804794738597,0.0015969619919658413,2.111
C:\Users\Asus\PycharmProjects\AquaVision_v1\datasets\fish\New Dataset\train_split\Bacterial diseases - Aeromoniasis\Bacterial diseases - Aeromoniasis_203.jpg,Bacterial diseases - Aeromoniasis,fish,train,False,2,train,4.46,31.65,2.48,30.55,0.042,28.38,12.76204531433341,0.00015334972308424789,2.136
C:\Users\Asus\PycharmProjects\AquaVision_v1\datasets\fish\New Dataset\train_split\Bacterial diseases - Aeromoniasis\Bacterial diseases - Aeromoniasis_204.jpg,Bacterial diseases - Aeromoniasis,fish,train,False,3,train,5.71,31.12,2.51,26.46,0.016,38.98,12.398356978657457,0.0010214557612679216,1.648
C:\Users\Asus\PycharmProjects\AquaVision_v1\datasets\fish\New Dataset\train_split\Bacterial diseases - Aeromoniasis\Bacterial diseases - Aeromoniasis_205.jpg,Bacterial diseases - Aeromoniasis,fish,train,False,4,train,6.56,32.32,4.35,18.11,0.107,37.03,7.429867977314996,0.050224442085126164,1.2050000000000003
C:\Users\Asus\PycharmProjects\AquaVision_v1\datasets\fish\New Dataset\train_split\Bacterial diseases - Aeromoniasis\Bacterial diseases - Aeromoniasis_206.jpg,Bacterial diseases - Aeromoniasis,fish,train,False,3,train,6.32,29.49,3.27,27.38,0.214,43.8,9.01832104488977,0.05274102152144613,2.029
C:\Users\Asus\PycharmProjects\AquaVision_v1\datasets\fish\New Dataset\train_split\Bacterial diseases - Aeromoniasis\Bacterial diseases - Aeromoniasis_207.jpg,Bacterial diseases - Aeromoniasis,fish,train,False,2,train,6.17,29.78,2.85,29.58,0.274,40.79,10.449086143557391,0.048276441188415536,2.44
C:\Users\Asus\PycharmProjects\AquaVision_v1\datasets\fish\New Dataset\train_split\Bacterial diseases - Aeromoniasis\Bacterial diseases - Aeromoniasis_209.jpg,Bacterial diseases - Aeromoniasis,fish,train,False,2,train,6.62,30.18,4.16,26.37,0.145,38.24,7.254790252908046,0.07297048436018141,1.396
C:\Users\Asus\PycharmProjects\AquaVision_v1\datasets\fish\New Dataset\train_split\Bacterial diseases - Aeromoniasis\Bacterial diseases - Aeromoniasis_21.jpg,Bacterial diseases - Aeromoniasis,fish,train,False,1,train,4.76,31.05,4.54,29.31,0.121,42.81,6.839191984158626,0.0008647826466290257,1.744
C:\Users\Asus\PycharmProjects\AquaVision_v1\datasets\fish\New Dataset\train_split\Bacterial diseases - Aeromoniasis\Bacterial diseases - Aeromoniasis_214.jpg,Bacterial diseases - Aeromoniasis,fish,train,False,3,train,6.24,32.93,2.02,32.58,0.037,50.09,16.30189949554705,0.008469415631026109,1.7199999999999998
C:\Users\Asus\PycharmProjects\AquaVision_v1\datasets\fish\New Dataset\train_split\Bacterial diseases - Aeromoniasis\Bacterial diseases - Aeromoniasis_216.jpg,Bacterial diseases - Aeromoniasis,fish,train,False,1,train,6.85,31.45,3.4,26.16,0.071,36.5,9.249972794197664,0.06323230156962237,1.2590000000000001
C:\Users\Asus\PycharmProjects\AquaVision_v1\datasets\fish\New Dataset\train_split\Bacterial diseases - Aeromoniasis\Bacterial diseases - Aeromoniasis_218.jpg,Bacterial diseases - Aeromoniasis,fish,train,False,1,val,6.14,29.81,3.58,29.33,0.105,57.87,8.326792383261498,0.017282687069681023,1.554
C:\Users\Asus\PycharmProjects\AquaVision_v1\datasets\fish\New Dataset\train_split\Bacterial diseases - Aeromoniasis\Bacterial diseases - Aeromoniasis_219.jpg,Bacterial diseases - Aeromoniasis,fish,train,False,2,train,5.83,32.89,2.46,31.48,0.296,58.56,13.369864350144919,0.026327860967800463,2.747
C:\Users\Asus\PycharmProjects\AquaVision_v1\datasets\fish\New Dataset\train_split\Bacterial diseases - Aeromoniasis\Bacterial diseases - Aeromoniasis_220.jpg,Bacterial diseases - Aeromoniasis,fish,train,False,4,train,5.64,27.89,1.78,33.98,0.155,46.81,15.668451300835388,0.007548144467930495,2.444
C:\Users\Asus\PycharmProjects\AquaVision_v1\datasets\fish\New Dataset\train_split\Bacterial diseases - Aeromoniasis\Bacterial diseases - Aeromoniasis_221.jpg,Bacterial diseases - Aeromoniasis,fish,train,False,0,val,7.69,31.27,3.78,29.92,0.307,47.24,8.272464887659028,1.8807291161067827,1.951
C:\Users\Asus\PycharmProjects\AquaVision_v1\datasets\fish\New Dataset\train_split\Bacterial diseases - Aeromoniasis\Bacterial diseases - Aeromoniasis_222.jpg,Bacterial diseases - Aeromoniasis,fish,train,False,2,train,7.23,34.36,4.47,25.96,0.681,44.1,7.6867836984704745,1.5894989977174716,3.2640000000000002
C:\Users\Asus\PycharmProjects\AquaVision_v1\datasets\fish\New Dataset\train_split\Bacterial diseases - Aeromoniasis\Bacterial diseases - Aeromoniasis_223.jpg,Bacterial diseases - Aeromoniasis,fish,train,False,1,train,6.57,31.14,4.08,21.23,0.014,60.3,7.632334234474916,0.006478979939088139,0.9109999999999998
C:\Users\Asus\PycharmProjects\AquaVision_v1\datasets\fish\New Dataset\train_split\Bacterial diseases - Aeromoniasis\Bacterial diseases - Aeromoniasis_224.jpg,Bacterial diseases - Aeromoniasis,fish,train,False,4,train,5.49,26.86,3.86,28.29,0.106,57.7,6.958531195515038,0.0035194262174541593,1.669
C:\Users\Asus\PycharmProjects\AquaVision_v1\datasets\fish\New Dataset\train_split\Bacterial diseases - Aeromoniasis\Bacterial diseases - Aeromoniasis_226.jpg,Bacterial diseases - Aeromoniasis,fish,train,False,4,val,5.61,30.35,2.0,27.02,0.172,42.27,15.174924125379373,0.008506426104772122,2.455
C:\Users\Asus\PycharmProjects\AquaVision_v1\datasets\fish\New Dataset\train_split\Bacterial diseases - Aeromoniasis\Bacterial diseases - Aeromoniasis_228.jpg,Bacterial diseases - Aeromoniasis,fish,train,False,1,train,6.41,30.33,2.31,38.29,0.017,45.59,13.129813290851553,0.0053012870782138165,1.502
C:\Users\Asus\PycharmProjects\AquaVision_v1\datasets\fish\New Dataset\train_split\Bacterial diseases - Aeromoniasis\Bacterial diseases - Aeromoniasis_229.jpg,Bacterial diseases - Aeromoniasis,fish,train,False,0,train,5.11,30.64,2.36,25.81,0.009,70.7,12.982995834763413,0.00014209907854995956,1.845
C:\Users\Asus\PycharmProjects\AquaVision_v1\datasets\fish\New Dataset\train_split\Bacterial diseases - Aeromoniasis\Bacterial diseases - Aeromoniasis_23.jpg,Bacterial diseases - Aeromoniasis,fish,train,False,0,train,7.0,24.37,4.07,32.98,0.042,24.27,5.987700275920698,0.0409416,0.8969999999999999
C:\Users\Asus\PycharmProjects\AquaVision_v1\datasets\fish\New Dataset\train_split\Bacterial diseases - Aeromoniasis\Bacterial diseases - Aeromoniasis_230.jpg,Bacterial diseases - Aeromoniasis,fish,train,False,4,val,5.26,29.06,2.31,35.01,0.006,49.85,12.580032121073067,0.00012691321668289462,1.803
C:\Users\Asus\PycharmProjects\AquaVision_v1\datasets\fish\New Dataset\train_split\Bacterial diseases - Aeromoniasis\Bacterial diseases - Aeromoniasis_231.jpg,Bacterial diseases - Aeromoniasis,fish,train,False,3,train,5.64,32.8,2.3,25.9,0.264,49.89,14.260807561706253,0.01511951157813617,2.724
C:\Users\Asus\PycharmProjects\AquaVision_v1\datasets\fish\New Dataset\train_split\Bacterial diseases - Aeromoniasis\Bacterial diseases - Aeromoniasis_232.jpg,Bacterial diseases - Aeromoniasis,fish,train,False,1,val,5.96,30.06,3.77,29.78,0.443,61.46,7.973453651316574,0.048579461212600476,2.903
C:\Users\Asus\PycharmProjects\AquaVision_v1\datasets\fish\New Dataset\train_split\Bacterial diseases - Aeromoniasis\Bacterial diseases - Aeromoniasis_233.jpg,Bacterial diseases - Aeromoniasis,fish,train,False,1,train,5.5,32.48,2.95,29.3,0.137,32.49,11.010132169043493,0.0056285506564443385,2.063
C:\Users\Asus\PycharmProjects\AquaVision_v1\datasets\fish\New Dataset\train_split\Bacterial diseases - Aeromoniasis\Bacterial diseases - Aeromoniasis_236.jpg,Bacterial diseases - Aeromoniasis,fish,train,False,3,train,5.79,33.62,2.64,22.37,0.223,52.56,12.73480024696876,0.018491092174624066,2.4130000000000003
C:\Users\Asus\PycharmProjects\AquaVision_v1\datasets\fish\New Dataset\train_split\Bacterial diseases - Aeromoniasis\Bacterial diseases - Aeromoniasis_237.jpg,Bacterial diseases - Aeromoniasis,fish,train,False,0,val,5.25,25.8,4.56,28.84,0.361,44.03,5.657882329205419,0.006625015507688208,2.5509999999999997
C:\Users\Asus\PycharmProjects\AquaVision_v1\datasets\fish\New Dataset\train_split\Bacterial diseases - Aeromoniasis\Bacterial diseases - Aeromoniasis_238.jpg,Bacterial diseases - Aeromoniasis,fish,train,False,0,train,6.08,33.76,3.29,28.6,0.138,66.55,10.261366986726483,0.022404822916601497,1.791
C:\Users\Asus\PycharmProjects\AquaVision_v1\datasets\fish\New Dataset\train_split\Bacterial diseases - Aeromoniasis\Bacterial diseases - Aeromoniasis_24.jpg,Bacterial diseases - Aeromoniasis,fish,train,False,0,val,6.5,31.43,3.05,28.07,0.047,48.48,10.30488424628116,0.01868539272950933,1.373
C:\Users\Asus\PycharmProjects\AquaVision_v1\datasets\fish\New Dataset\train_split\Bacterial diseases - Aeromoniasis\Bacterial diseases - Aeromoniasis_241.jpg,Bacterial diseases - Aeromoniasis,fish,train,False,2,train,6.74,28.55,3.91,21.19,0.263,40.31,7.301771606722233,0.16505240329964221,1.907
C:\Users\Asus\PycharmProjects\AquaVision_v1\datasets\fish\New Dataset\train_split\Bacterial diseases - Aeromoniasis\Bacterial diseases - Aeromoniasis_242.jpg,Bacterial diseases - Aeromoniasis,fish,train,False,4,train,7.21,35.16,2.92,20.64,0.183,32.2,12.041054653922417,0.41740721092938454,1.7429999999999999
C:\Users\Asus\PycharmProjects\AquaVision_v1\datasets\fish\New Dataset\train_split\Bacterial diseases - Aeromoniasis\Bacterial diseases - Aeromoniasis_25.jpg,Bacterial diseases - Aeromoniasis,fish,train,False,1,train,6.21,29.11,2.71,22.37,0.085,58.41,10.74165777986059,0.01605170325760027,1.714
C:\Users\Asus\PycharmProjects\AquaVision_v1\datasets\fish\New Dataset\train_split\Bacterial diseases - Aeromoniasis\Bacterial diseases - Aeromoniasis_26.jpg,Bacterial diseases - Aeromoniasis,fish,train,False,1,val,5.57,28.63,5.31,29.97,0.33,46.85,5.391703593778543,0.014040910763948714,2.1060000000000003
C:\Users\Asus\PycharmProjects\AquaVision_v1\datasets\fish\New Dataset\train_split\Bacterial diseases - Aeromoniasis\Bacterial diseases - Aeromoniasis_27.jpg,Bacterial diseases - Aeromoniasis,fish,train,False,1,val,5.75,31.31,5.25,27.62,0.102,41.48,5.963798164193973,0.00718361801181761,1.158
C:\Users\Asus\PycharmProjects\AquaVision_v1\datasets\fish\New Dataset\train_split\Bacterial diseases - Aeromoniasis\Bacterial diseases - Aeromoniasis_28.jpg,Bacterial diseases - Aeromoniasis,fish,train,False,0,train,6.25,30.91,4.62,25.49,0.071,63.12,6.69046170895734,0.01561051910426208,1.073
C:\Users\Asus\PycharmProjects\AquaVision_v1\datasets\fish\New Dataset\train_split\Bacterial diseases - Aeromoniasis\Bacterial diseases - Aeromoniasis_29.jpg,Bacterial diseases - Aeromoniasis,fish,train,False,2,val,6.48,33.43,3.7,21.72,0.112,31.81,9.035110715916984,0.0452287297338417,1.444
C:\Users\Asus\PycharmProjects\AquaVision_v1\datasets\fish\New Dataset\train_split\Bacterial diseases - Aeromoniasis\Bacterial diseases - Aeromoniasis_3.png,Bacterial diseases - Aeromoniasis,fish,train,False,2,train,5.96,31.95,3.69,30.24,0.295,55.81,8.658513120560649,0.034383720654557144,2.335
C:\Users\Asus\PycharmProjects\AquaVision_v1\datasets\fish\New Dataset\train_split\Bacterial diseases - Aeromoniasis\Bacterial diseases - Aeromoniasis_30.jpg,Bacterial diseases - Aeromoniasis,fish,train,False,3,val,6.19,26.85,1.92,28.83,0.05,53.18,13.98430216509289,0.008317145243560033,1.8169999999999997
C:\Users\Asus\PycharmProjects\AquaVision_v1\datasets\fish\New Dataset\train_split\Bacterial diseases - Aeromoniasis\Bacterial diseases - Aeromoniasis_31.jpg,Bacterial diseases - Aeromoniasis,fish,train,False,1,train,6.73,30.9,3.75,28.11,0.096,45.3,8.239978026725261,0.06372204483010876,1.2899999999999998
C:\Users\Asus\PycharmProjects\AquaVision_v1\datasets\fish\New Dataset\train_split\Bacterial diseases - Aeromoniasis\Bacterial diseases - Aeromoniasis_32.jpg,Bacterial diseases - Aeromoniasis,fish,train,False,0,val,6.16,29.84,2.85,26.76,0.02,34.58,10.470138701267715,0.003450553820724679,1.427
C:\Users\Asus\PycharmProjects\AquaVision_v1\datasets\fish\New Dataset\train_split\Bacterial diseases - Aeromoniasis\Bacterial diseases - Aeromoniasis_33.jpg,Bacterial diseases - Aeromoniasis,fish,train,False,4,train,6.87,30.53,2.85,33.79,0.096,46.97,10.712243114936438,0.08690765440096135,1.5179999999999998
C:\Users\Asus\PycharmProjects\AquaVision_v1\datasets\fish\New Dataset\train_split\Bacterial diseases - Aeromoniasis\Bacterial diseases - Aeromoniasis_34.jpg,Bacterial diseases - Aeromoniasis,fish,train,False,1,val,6.26,33.22,3.27,32.26,0.699,57.23,10.158990339479084,0.169019493214374,3.9869999999999997
C:\Users\Asus\PycharmProjects\AquaVision_v1\datasets\fish\New Dataset\train_split\Bacterial diseases - Aeromoniasis\Bacterial diseases - Aeromoniasis_35.jpg,Bacterial diseases - Aeromoniasis,fish,train,False,2,val,5.69,36.75,2.91,26.22,0.137,59.53,12.628822581365698,0.009863655643261148,2.018
C:\Users\Asus\PycharmProjects\AquaVision_v1\datasets\fish\New Dataset\train_split\Bacterial diseases - Aeromoniasis\Bacterial diseases - Aeromoniasis_36.jpg,Bacterial diseases - Aeromoniasis,fish,train,False,2,train,5.85,30.3,2.12,24.33,0.088,25.66,14.292385413276351,0.0075506665579274535,2.011
C:\Users\Asus\PycharmProjects\AquaVision_v1\datasets\fish\New Dataset\train_split\Bacterial diseases - Aeromoniasis\Bacterial diseases - Aeromoniasis_37.jpg,Bacterial diseases - Aeromoniasis,fish,train,False,1,val,5.38,33.46,3.03,27.8,0.238,51.75,11.042867845320643,0.007641223189581331,2.479
C:\Users\Asus\PycharmProjects\AquaVision_v1\datasets\fish\New Dataset\train_split\Bacterial diseases - Aeromoniasis\Bacterial diseases - Aeromoniasis_38.jpg,Bacterial diseases - Aeromoniasis,fish,train,False,4,train,6.2,32.23,3.43,37.82,0.066,39.82,9.396474062757832,0.013485412404557732,1.4249999999999998
C:\Users\Asus\PycharmProjects\AquaVision_v1\datasets\fish\New Dataset\train_split\Bacterial diseases - Aeromoniasis\Bacterial diseases - Aeromoniasis_39.jpg,Bacterial diseases - Aeromoniasis,fish,train,False,2,train,5.74,29.41,4.15,33.68,0.298,39.29,7.0867299114941895,0.019265100543382072,2.2749999999999995
C:\Users\Asus\PycharmProjects\AquaVision_v1\datasets\fish\New Dataset\train_split\Bacterial diseases - Aeromoniasis\Bacterial diseases - Aeromoniasis_4.jpg,Bacterial diseases - Aeromoniasis,fish,train,False,2,train,5.77,32.58,3.36,21.94,0.225,36.6,9.696399713096092,0.01726607366233656,2.2110000000000003
C:\Users\Asus\PycharmProjects\AquaVision_v1\datasets\fish\New Dataset\train_split\Bacterial diseases - Aeromoniasis\Bacterial diseases - Aeromoniasis_40.jpg,Bacterial diseases - Aeromoniasis,fish,train,False,4,train,6.2,29.47,2.89,29.14,0.266,48.34,10.197196549492908,0.0496960377342661,2.387
C:\Users\Asus\PycharmProjects\AquaVision_v1\datasets\fish\New Dataset\train_split\Bacterial diseases - Aeromoniasis\Bacterial diseases - Aeromoniasis_41.jpg,Bacterial diseases - Aeromoniasis,fish,train,False,3,train,5.99,29.0,2.1,25.08,0.321,36.59,13.80945805019976,0.036388405159510584,2.907
C:\Users\Asus\PycharmProjects\AquaVision_v1\datasets\fish\New Dataset\train_split\Bacterial diseases - Aeromoniasis\Bacterial diseases - Aeromoniasis_42.jpg,Bacterial diseases - Aeromoniasis,fish,train,False,4,train,6.1,29.71,3.38,27.93,0.164,56.88,8.789914822737211,0.024536154133769472,1.8620000000000003
C:\Users\Asus\PycharmProjects\AquaVision_v1\datasets\fish\New Dataset\train_split\Bacterial diseases - Aeromoniasis\Bacterial diseases - Aeromoniasis_44.jpg,Bacterial diseases - Aeromoniasis,fish,train,False,4,train,5.81,33.61,3.75,35.39,0.078,47.4,8.962642766285956,0.0067705368550106835,1.4940000000000002
C:\Users\Asus\PycharmProjects\AquaVision_v1\datasets\fish\New Dataset\train_split\Bacterial diseases - Aeromoniasis\Bacterial diseases - Aeromoniasis_47.jpg,Bacterial diseases - Aeromoniasis,fish,train,False,2,train,6.28,33.05,3.61,32.27,0.241,56.69,9.155099293353757,0.06070835956645267,2.047
C:\Users\Asus\PycharmProjects\AquaVision_v1\datasets\fish\New Dataset\train_split\Bacterial diseases - Aeromoniasis\Bacterial diseases - Aeromoniasis_5.jpg,Bacterial diseases - Aeromoniasis,fish,train,False,3,train,6.0,31.37,4.17,24.73,0.044,49.18,7.522763734379535,0.005521120000000001,1.1749999999999998
C:\Users\Asus\PycharmProjects\AquaVision_v1\datasets\fish\New Dataset\train_split\Bacterial diseases - Aeromoniasis\Bacterial diseases - Aeromoniasis_52.jpg,Bacterial diseases - Aeromoniasis,fish,train,False,3,train,6.34,31.48,3.24,22.56,0.251,52.46,9.716019395001867,0.06914621886561963,2.18
C:\Users\Asus\PycharmProjects\AquaVision_v1\datasets\fish\New Dataset\train_split\Bacterial diseases - Aeromoniasis\Bacterial diseases - Aeromoniasis_54.jpg,Bacterial diseases - Aeromoniasis,fish,train,False,4,train,5.92,31.55,3.4,34.31,0.824,57.09,9.279384472398611,0.08649411644044142,4.550000000000001
C:\Users\Asus\PycharmProjects\AquaVision_v1\datasets\fish\New Dataset\train_split\Bacterial diseases - Aeromoniasis\Bacterial diseases - Aeromoniasis_57.jpg,Bacterial diseases - Aeromoniasis,fish,train,False,2,train,5.24,29.88,3.36,32.29,0.017,34.73,8.892830676099178,0.0003530933235886133,1.538
C:\Users\Asus\PycharmProjects\AquaVision_v1\datasets\fish\New Dataset\train_split\Bacterial diseases - Aeromoniasis\Bacterial diseases - Aeromoniasis_59.jpg,Bacterial diseases - Aeromoniasis,fish,train,False,0,train,6.82,27.19,2.75,29.51,0.355,43.69,9.88723677368446,0.255092418888837,2.5989999999999998
C:\Users\Asus\PycharmProjects\AquaVision_v1\datasets\fish\New Dataset\train_split\Bacterial diseases - Aeromoniasis\Bacterial diseases - Aeromoniasis_60.jpg,Bacterial diseases - Aeromoniasis,fish,train,False,3,train,4.88,29.61,4.7,22.21,0.045,23.01,6.2999865957732,0.00040430667593905424,1.3559999999999999
C:\Users\Asus\PycharmProjects\AquaVision_v1\datasets\fish\New Dataset\train_split\Bacterial diseases - Aeromoniasis\Bacterial diseases - Aeromoniasis_63.jpg,Bacterial diseases - Aeromoniasis,fish,train,False,2,val,5.49,32.77,3.4,25.74,0.266,42.78,9.638206946450158,0.010775019612817254,2.447
C:\Users\Asus\PycharmProjects\AquaVision_v1\datasets\fish\New Dataset\train_split\Bacterial diseases - Aeromoniasis\Bacterial diseases - Aeromoniasis_64.jpg,Bacterial diseases - Aeromoniasis,fish,train,False,2,val,5.41,35.62,2.34,21.9,1.033,38.08,15.222157170268503,0.03783155808361617,5.856999999999999
C:\Users\Asus\PycharmProjects\AquaVision_v1\datasets\fish\New Dataset\train_split\Bacterial diseases - Aeromoniasis\Bacterial diseases - Aeromoniasis_66.jpg,Bacterial diseases - Aeromoniasis,fish,train,False,1,train,5.96,31.88,2.2,33.78,0.499,50.06,14.490843223439892,0.058033511495098125,3.598
C:\Users\Asus\PycharmProjects\AquaVision_v1\datasets\fish\New Dataset\train_split\Bacterial diseases - Aeromoniasis\Bacterial diseases - Aeromoniasis_67.jpg,Bacterial diseases - Aeromoniasis,fish,train,False,2,val,6.08,31.86,3.57,30.28,0.358,49.48,8.924344749734594,0.05485153547805623,2.587
C:\Users\Asus\PycharmProjects\AquaVision_v1\datasets\fish\New Dataset\train_split\Bacterial diseases - Aeromoniasis\Bacterial diseases - Aeromoniasis_68.jpg,Bacterial diseases - Aeromoniasis,fish,train,False,1,train,6.22,32.77,3.13,33.76,0.031,48.75,10.469615113050757,0.0067436982066343765,1.369
C:\Users\Asus\PycharmProjects\AquaVision_v1\datasets\fish\New Dataset\train_split\Bacterial diseases - Aeromoniasis\Bacterial diseases - Aeromoniasis_70.jpg,Bacterial diseases - Aeromoniasis,fish,train,False,4,train,5.65,30.9,2.06,28.51,0.078,38.19,14.999927184819489,0.004306387175209009,2.049
C:\Users\Asus\PycharmProjects\AquaVision_v1\datasets\fish\New Dataset\train_split\Bacterial diseases - Aeromoniasis\Bacterial diseases - Aeromoniasis_71.jpg,Bacterial diseases - Aeromoniasis,fish,train,False,4,train,5.83,26.28,2.84,18.3,0.229,55.24,9.253488544054424,0.01627499390346398,2.365
C:\Users\Asus\PycharmProjects\AquaVision_v1\datasets\fish\New Dataset\train_split\Bacterial diseases - Aeromoniasis\Bacterial diseases - Aeromoniasis_72.jpg,Bacterial diseases - Aeromoniasis,fish,train,False,3,train,5.44,28.58,3.16,27.99,0.241,33.42,9.044275176344378,0.007588208551311429,2.4339999999999997
C:\Users\Asus\PycharmProjects\AquaVision_v1\datasets\fish\New Dataset\train_split\Bacterial diseases - Aeromoniasis\Bacterial diseases - Aeromoniasis_73.jpg,Bacterial diseases - Aeromoniasis,fish,train,False,2,train,5.97,31.07,3.37,19.83,0.023,42.31,9.219557211996403,0.002667651423570149,1.3399999999999999
C:\Users\Asus\PycharmProjects\AquaVision_v1\datasets\fish\New Dataset\train_split\Bacterial diseases - Aeromoniasis\Bacterial diseases - Aeromoniasis_74.jpg,Bacterial diseases - Aeromoniasis,fish,train,False,3,train,6.05,28.5,2.98,35.19,0.403,51.41,9.563726296220482,0.051547771827540785,2.9530000000000003
C:\Users\Asus\PycharmProjects\AquaVision_v1\datasets\fish\New Dataset\train_split\Bacterial diseases - Aeromoniasis\Bacterial diseases - Aeromoniasis_75.jpg,Bacterial diseases - Aeromoniasis,fish,train,False,0,train,6.94,33.31,3.25,25.41,0.309,48.93,10.24919923323313,0.3585858131625623,2.229
C:\Users\Asus\PycharmProjects\AquaVision_v1\datasets\fish\New Dataset\train_split\Bacterial diseases - Aeromoniasis\Bacterial diseases - Aeromoniasis_76.jpg,Bacterial diseases - Aeromoniasis,fish,train,False,1,train,6.51,33.62,2.77,33.27,0.151,46.98,12.137140299132493,0.06571048122568354,1.87
C:\Users\Asus\PycharmProjects\AquaVision_v1\datasets\fish\New Dataset\train_split\Bacterial diseases - Aeromoniasis\Bacterial diseases - Aeromoniasis_77.jpg,Bacterial diseases - Aeromoniasis,fish,train,False,3,train,7.14,31.49,2.68,26.06,0.514,34.68,11.74995615688001,0.8937082581226092,3.1600000000000006
C:\Users\Asus\PycharmProjects\AquaVision_v1\datasets\fish\New Dataset\train_split\Bacterial diseases - Aeromoniasis\Bacterial diseases - Aeromoniasis_78.jpg,Bacterial diseases - Aeromoniasis,fish,train,False,2,train,5.78,30.94,4.91,34.91,0.065,49.36,6.301412828079781,0.004847230334216566,1.1029999999999998
C:\Users\Asus\PycharmProjects\AquaVision_v1\datasets\fish\New Dataset\train_split\Bacterial diseases - Aeromoniasis\Bacterial diseases - Aeromoniasis_79.jpg,Bacterial diseases - Aeromoniasis,fish,train,False,1,val,6.12,31.3,3.69,23.91,0.019,55.91,8.482361836417788,0.0031358691296779814,1.1829999999999998
C:\Users\Asus\PycharmProjects\AquaVision_v1\datasets\fish\New Dataset\train_split\Bacterial diseases - Aeromoniasis\Bacterial diseases - Aeromoniasis_80.jpg,Bacterial diseases - Aeromoniasis,fish,train,False,3,train,6.26,29.79,6.03,23.1,1.099,30.36,4.9402903146097605,0.2383022741888501,4.768
C:\Users\Asus\PycharmProjects\AquaVision_v1\datasets\fish\New Dataset\train_split\Bacterial diseases - Aeromoniasis\Bacterial diseases - Aeromoniasis_83.jpg,Bacterial diseases - Aeromoniasis,fish,train,False,4,train,7.11,29.85,4.06,27.85,0.577,28.67,7.352198639904829,0.8875240696443649,3.0069999999999997
C:\Users\Asus\PycharmProjects\AquaVision_v1\datasets\fish\New Dataset\train_split\Bacterial diseases - Aeromoniasis\Bacterial diseases - Aeromoniasis_84.jpg,Bacterial diseases - Aeromoniasis,fish,train,False,2,train,5.76,34.69,4.3,25.5,0.315,48.96,8.067423099016048,0.025152134397044713,2.292
C:\Users\Asus\PycharmProjects\AquaVision_v1\datasets\fish\New Dataset\train_split\Bacterial diseases - Aeromoniasis\Bacterial diseases - Aeromoniasis_85.jpg,Bacterial diseases - Aeromoniasis,fish,train,False,1,train,5.77,29.32,3.18,32.69,0.071,43.43,9.220096792148452,0.0049032304569073416,1.649
C:\Users\Asus\PycharmProjects\AquaVision_v1\datasets\fish\New Dataset\train_split\Bacterial diseases - Aeromoniasis\Bacterial diseases - Aeromoniasis_86.jpg,Bacterial diseases - Aeromoniasis,fish,train,False,0,train,6.74,33.87,1.81,26.55,0.872,33.8,18.71260379776907,0.6492196749868144,4.973
C:\Users\Asus\PycharmProjects\AquaVision_v1\datasets\fish\New Dataset\train_split\Bacterial diseases - Aeromoniasis\Bacterial diseases - Aeromoniasis_88.jpg,Bacterial diseases - Aeromoniasis,fish,train,False,1,train,5.32,33.9,2.83,29.39,0.875,29.44,11.978756258811805,0.024789498592583194,5.1049999999999995
C:\Users\Asus\PycharmProjects\AquaVision_v1\datasets\fish\New Dataset\train_split\Bacterial diseases - Aeromoniasis\Bacterial diseases - Aeromoniasis_89.jpg,Bacterial diseases - Aeromoniasis,fish,train,False,4,train,5.94,31.19,2.17,31.99,0.141,40.06,14.373205653430169,0.015321259865091818,2.181
C:\Users\Asus\PycharmProjects\AquaVision_v1\datasets\fish\New Dataset\train_split\Bacterial diseases - Aeromoniasis\Bacterial diseases - Aeromoniasis_9.jpg,Bacterial diseases - Aeromoniasis,fish,train,False,1,train,7.0,33.13,2.92,26.6,0.009,53.47,11.345851555302893,0.011926800000000001,1.1099999999999999
C:\Users\Asus\PycharmProjects\AquaVision_v1\datasets\fish\New Dataset\train_split\Bacterial diseases - Aeromoniasis\Bacterial diseases - Aeromoniasis_91.jpg,Bacterial diseases - Aeromoniasis,fish,train,False,4,train,6.83,31.95,3.54,32.12,0.058,47.39,9.025398233338324,0.05011397446795528,1.171
C:\Users\Asus\PycharmProjects\AquaVision_v1\datasets\fish\New Dataset\train_split\Bacterial diseases - Aeromoniasis\Bacterial diseases - Aeromoniasis_93.jpg,Bacterial diseases - Aeromoniasis,fish,train,False,2,train,6.06,30.91,3.78,28.21,0.01,43.69,8.177227044372898,0.0014195771376187445,1.1380000000000001
C:\Users\Asus\PycharmProjects\AquaVision_v1\datasets\fish\New Dataset\train_split\Bacterial diseases - Aeromoniasis\Bacterial diseases - Aeromoniasis_94.jpg,Bacterial diseases - Aeromoniasis,fish,train,False,2,val,5.48,31.2,1.6,31.67,0.152,48.46,19.49987812576171,0.005728727615533814,2.534
C:\Users\Asus\PycharmProjects\AquaVision_v1\datasets\fish\New Dataset\train_split\Bacterial diseases - Aeromoniasis\Bacterial diseases - Aeromoniasis_95.jpg,Bacterial diseases - Aeromoniasis,fish,train,False,4,train,7.35,30.65,4.09,23.84,0.056,47.77,7.493869208143746,0.1537016384895478,0.8420000000000002
C:\Users\Asus\PycharmProjects\AquaVision_v1\datasets\fish\New Dataset\train_split\Bacterial diseases - Aeromoniasis\Bacterial diseases - Aeromoniasis_96.jpg,Bacterial diseases - Aeromoniasis,fish,train,False,3,train,5.71,30.52,3.37,31.48,0.723,49.96,9.05635294850757,0.045267115138792384,4.218
C:\Users\Asus\PycharmProjects\AquaVision_v1\datasets\fish\New Dataset\train_split\Bacterial diseases - Aeromoniasis\Bacterial diseases - Aeromoniasis_97.jpg,Bacterial diseases - Aeromoniasis,fish,train,False,1,train,7.54,30.86,3.36,32.2,0.008,46.98,9.184496474712873,0.034240957455888406,0.8360000000000001
C:\Users\Asus\PycharmProjects\AquaVision_v1\datasets\fish\New Dataset\train_split\Bacterial diseases - Aeromoniasis\Bacterial diseases - Aeromoniasis_98.jpg,Bacterial diseases - Aeromoniasis,fish,train,False,3,train,6.37,32.6,2.29,34.53,0.028,33.54,14.235745695433645,0.008559248250496103,1.564
C:\Users\Asus\PycharmProjects\AquaVision_v1\datasets\fish\New Dataset\train_split\Bacterial diseases - Aeromoniasis\Bacterial diseases - Aeromoniasis_99.jpg,Bacterial diseases - Aeromoniasis,fish,train,False,1,train,6.06,31.82,3.46,29.69,0.209,50.64,9.196505212412681,0.030542631525321724,2.0300000000000002
C:\Users\Asus\PycharmProjects\AquaVision_v1\datasets\fish\New Dataset\train_split\Bacterial diseases - Aeromoniasis\Bacterial diseases - Aeromoniasis_aug_0.jpg,Bacterial diseases - Aeromoniasis,fish,train,True,3,train,6.31,33.97,2.22,30.39,0.4,52.01,15.301732875077137,0.11097254076867817,3.091
C:\Users\Asus\PycharmProjects\AquaVision_v1\datasets\fish\New Dataset\train_split\Bacterial diseases - Aeromoniasis\Bacterial diseases - Aeromoniasis_aug_100.jpg,Bacterial diseases - Aeromoniasis,fish,train,True,2,train,6.01,31.31,3.06,28.06,0.098,32.22,10.231992705906189,0.012559407006617675,1.721
C:\Users\Asus\PycharmProjects\AquaVision_v1\datasets\fish\New Dataset\train_split\Bacterial diseases - Aeromoniasis\Bacterial diseases - Aeromoniasis_aug_101.jpg,Bacterial diseases - Aeromoniasis,fish,train,True,0,val,5.11,28.52,1.48,25.44,0.064,31.77,19.27014006662117,0.0009405664566857783,2.3289999999999997
C:\Users\Asus\PycharmProjects\AquaVision_v1\datasets\fish\New Dataset\train_split\Bacterial diseases - Aeromoniasis\Bacterial diseases - Aeromoniasis_aug_103.jpg,Bacterial diseases - Aeromoniasis,fish,train,True,0,train,7.09,33.52,2.65,37.01,0.119,45.59,12.649008871664636,0.19629577978072366,1.6039999999999999
C:\Users\Asus\PycharmProjects\AquaVision_v1\datasets\fish\New Dataset\train_split\Bacterial diseases - Aeromoniasis\Bacterial diseases - Aeromoniasis_aug_106.jpg,Bacterial diseases - Aeromoniasis,fish,train,True,0,train,6.46,33.13,3.81,29.12,0.07,43.11,8.69551523486815,0.02675342983560365,1.249
C:\Users\Asus\PycharmProjects\AquaVision_v1\datasets\fish\New Dataset\train_split\Bacterial diseases - Aeromoniasis\Bacterial diseases - Aeromoniasis_aug_11.jpg,Bacterial diseases - Aeromoniasis,fish,train,True,2,train,6.65,27.07,2.41,31.76,0.133,43.66,11.232318538097351,0.06432797614628141,1.8639999999999999
C:\Users\Asus\PycharmProjects\AquaVision_v1\datasets\fish\New Dataset\train_split\Bacterial diseases - Aeromoniasis\Bacterial diseases - Aeromoniasis_aug_110.jpg,Bacterial diseases - Aeromoniasis,fish,train,True,2,train,6.0,31.26,2.13,25.59,0.209,48.2,14.675987436678701,0.02613336,2.447
C:\Users\Asus\PycharmProjects\AquaVision_v1\datasets\fish\New Dataset\train_split\Bacterial diseases - Aeromoniasis\Bacterial diseases - Aeromoniasis_aug_112.jpg,Bacterial diseases - Aeromoniasis,fish,train,True,4,val,6.09,32.38,3.38,33.46,0.011,49.72,9.57985331404345,0.0017527885231518158,1.2530000000000001
C:\Users\Asus\PycharmProjects\AquaVision_v1\datasets\fish\New Dataset\train_split\Bacterial diseases - Aeromoniasis\Bacterial diseases - Aeromoniasis_aug_113.jpg,Bacterial diseases - Aeromoniasis,fish,train,True,2,train,6.18,31.12,3.23,25.19,0.236,38.37,9.634645093978037,0.04446431259246002,2.1710000000000003
C:\Users\Asus\PycharmProjects\AquaVision_v1\datasets\fish\New Dataset\train_split\Bacterial diseases - Aeromoniasis\Bacterial diseases - Aeromoniasis_aug_115.jpg,Bacterial diseases - Aeromoniasis,fish,train,True,2,val,5.35,29.27,2.63,31.58,0.432,63.2,11.129235250056084,0.0113231291430347,3.3840000000000003
C:\Users\Asus\PycharmProjects\AquaVision_v1\datasets\fish\New Dataset\train_split\Bacterial diseases - Aeromoniasis\Bacterial diseases - Aeromoniasis_aug_116.jpg,Bacterial diseases - Aeromoniasis,fish,train,True,0,train,5.6,28.91,4.92,23.25,0.334,48.1,5.876004317064397,0.015376395809737334,2.2300000000000004
C:\Users\Asus\PycharmProjects\AquaVision_v1\datasets\fish\New Dataset\train_split\Bacterial diseases - Aeromoniasis\Bacterial diseases - Aeromoniasis_aug_118.jpg,Bacterial diseases - Aeromoniasis,fish,train,True,1,train,6.26,30.78,5.26,24.79,0.14,61.39,5.851699901711214,0.03136581975968855,1.1540000000000001
C:\Users\Asus\PycharmProjects\AquaVision_v1\datasets\fish\New Dataset\train_split\Bacterial diseases - Aeromoniasis\Bacterial diseases - Aeromoniasis_aug_119.jpg,Bacterial diseases - Aeromoniasis,fish,train,True,3,val,6.44,35.07,2.9,27.19,0.022,33.99,12.093061748062938,0.008499990455094123,1.3359999999999999
C:\Users\Asus\PycharmProjects\AquaVision_v1\datasets\fish\New Dataset\train_split\Bacterial diseases - Aeromoniasis\Bacterial diseases - Aeromoniasis_aug_12.jpg,Bacterial diseases - Aeromoniasis,fish,train,True,2,train,5.67,31.09,2.58,28.94,0.53,29.44,12.050340890151588,0.030828797350352263,3.6950000000000003
C:\Users\Asus\PycharmProjects\AquaVision_v1\datasets\fish\New Dataset\train_split\Bacterial diseases - Aeromoniasis\Bacterial diseases - Aeromoniasis_aug_120.jpg,Bacterial diseases - Aeromoniasis,fish,train,True,3,train,4.9,31.94,4.18,23.16,1.285,51.95,7.641130045143434,0.013040613721986094,6.466000000000001
C:\Users\Asus\PycharmProjects\AquaVision_v1\datasets\fish\New Dataset\train_split\Bacterial diseases - Aeromoniasis\Bacterial diseases - Aeromoniasis_aug_121.jpg,Bacterial diseases - Aeromoniasis,fish,train,True,0,train,7.27,29.24,3.16,30.23,0.048,45.76,9.25313527488837,0.1045390615219626,1.113
C:\Users\Asus\PycharmProjects\AquaVision_v1\datasets\fish\New Dataset\train_split\Bacterial diseases - Aeromoniasis\Bacterial diseases - Aeromoniasis_aug_123.jpg,Bacterial diseases - Aeromoniasis,fish,train,True,1,train,6.2,27.47,3.11,24.38,0.353,58.14,8.832769026466153,0.061474266587632415,2.6689999999999996
C:\Users\Asus\PycharmProjects\AquaVision_v1\datasets\fish\New Dataset\train_split\Bacterial diseases - Aeromoniasis\Bacterial diseases - Aeromoniasis_aug_125.jpg,Bacterial diseases - Aeromoniasis,fish,train,True,3,train,6.22,30.23,3.31,27.39,0.381,34.29,9.132902921743439,0.07645803181084024,2.715
C:\Users\Asus\PycharmProjects\AquaVision_v1\datasets\fish\New Dataset\train_split\Bacterial diseases - Aeromoniasis\Bacterial diseases - Aeromoniasis_aug_126.jpg,Bacterial diseases - Aeromoniasis,fish,train,True,2,train,5.57,26.41,3.61,23.59,0.229,23.47,7.315769208395545,0.008988016786818001,2.2119999999999997
C:\Users\Asus\PycharmProjects\AquaVision_v1\datasets\fish\New Dataset\train_split\Bacterial diseases - Aeromoniasis\Bacterial diseases - Aeromoniasis_aug_127.jpg,Bacterial diseases - Aeromoniasis,fish,train,True,0,train,6.1,33.1,3.27,27.6,0.12,50.68,10.122293203996318,0.020001806942585715,1.719
C:\Users\Asus\PycharmProjects\AquaVision_v1\datasets\fish\New Dataset\train_split\Bacterial diseases - Aeromoniasis\Bacterial diseases - Aeromoniasis_aug_128.jpg,Bacterial diseases - Aeromoniasis,fish,train,True,4,train,6.46,30.56,2.6,30.15,0.106,36.02,11.753800946919434,0.0373696651598728,1.756
C:\Users\Asus\PycharmProjects\AquaVision_v1\datasets\fish\New Dataset\train_split\Bacterial diseases - Aeromoniasis\Bacterial diseases - Aeromoniasis_aug_130.jpg,Bacterial diseases - Aeromoniasis,fish,train,True,2,train,6.75,32.19,3.18,31.27,0.233,38.5,10.122609677328057,0.16870847084341675,2.003
C:\Users\Asus\PycharmProjects\AquaVision_v1\datasets\fish\New Dataset\train_split\Bacterial diseases - Aeromoniasis\Bacterial diseases - Aeromoniasis_aug_131.jpg,Bacterial diseases - Aeromoniasis,fish,train,True,3,train,6.42,28.34,2.96,25.56,0.007,43.13,9.574291978743315,0.002087170256928823,1.264
C:\Users\Asus\PycharmProjects\AquaVision_v1\datasets\fish\New Dataset\train_split\Bacterial diseases - Aeromoniasis\Bacterial diseases - Aeromoniasis_aug_133.jpg,Bacterial diseases - Aeromoniasis,fish,train,True,0,train,6.06,27.98,5.92,34.12,0.041,57.19,4.7263433676632305,0.005268555486035171,0.6200000000000001
C:\Users\Asus\PycharmProjects\AquaVision_v1\datasets\fish\New Dataset\train_split\Bacterial diseases - Aeromoniasis\Bacterial diseases - Aeromoniasis_aug_134.jpg,Bacterial diseases - Aeromoniasis,fish,train,True,4,train,6.19,30.16,2.71,26.79,0.295,45.16,11.129110224685517,0.05512052488715256,2.5599999999999996
C:\Users\Asus\PycharmProjects\AquaVision_v1\datasets\fish\New Dataset\train_split\Bacterial diseases - Aeromoniasis\Bacterial diseases - Aeromoniasis_aug_136.jpg,Bacterial diseases - Aeromoniasis,fish,train,True,4,train,5.66,32.09,4.15,31.8,0.187,30.15,7.732511487924127,0.010971634083546528,1.855
C:\Users\Asus\PycharmProjects\AquaVision_v1\datasets\fish\New Dataset\train_split\Bacterial diseases - Aeromoniasis\Bacterial diseases - Aeromoniasis_aug_14.jpg,Bacterial diseases - Aeromoniasis,fish,train,True,1,train,6.04,30.44,1.4,20.79,0.439,53.79,21.742701837844017,0.05860965428629106,3.574
C:\Users\Asus\PycharmProjects\AquaVision_v1\datasets\fish\New Dataset\train_split\Bacterial diseases - Aeromoniasis\Bacterial diseases - Aeromoniasis_aug_142.jpg,Bacterial diseases - Aeromoniasis,fish,train,True,3,train,4.55,29.63,3.51,22.08,0.003,46.83,8.441571391534497,1.2615744867589004e-05,1.6440000000000001
C:\Users\Asus\PycharmProjects\AquaVision_v1\datasets\fish\New Dataset\train_split\Bacterial diseases - Aeromoniasis\Bacterial diseases - Aeromoniasis_aug_144.jpg,Bacterial diseases - Aeromoniasis,fish,train,True,4,train,6.09,32.45,3.3,24.11,0.151,33.07,9.833303535443834,0.024113021854168505,1.8370000000000002
C:\Users\Asus\PycharmProjects\AquaVision_v1\datasets\fish\New Dataset\train_split\Bacterial diseases - Aeromoniasis\Bacterial diseases - Aeromoniasis_aug_145.jpg,Bacterial diseases - Aeromoniasis,fish,train,True,1,train,6.08,30.57,4.57,22.51,0.154,28.86,6.6892632620059915,0.02263998584001266,1.4709999999999999
C:\Users\Asus\PycharmProjects\AquaVision_v1\datasets\fish\New Dataset\train_split\Bacterial diseases - Aeromoniasis\Bacterial diseases - Aeromoniasis_aug_147.jpg,Bacterial diseases - Aeromoniasis,fish,train,True,2,train,5.7,33.6,2.72,35.3,0.073,44.12,12.352895761412642,0.004917248186563896,1.8159999999999998
C:\Users\Asus\PycharmProjects\AquaVision_v1\datasets\fish\New Dataset\train_split\Bacterial diseases - Aeromoniasis\Bacterial diseases - Aeromoniasis_aug_15.jpg,Bacterial diseases - Aeromoniasis,fish,train,True,1,train,6.65,32.86,3.44,33.21,0.017,60.62,9.552297813087753,0.00998105552989485,1.091
C:\Users\Asus\PycharmProjects\AquaVision_v1\datasets\fish\New Dataset\train_split\Bacterial diseases - Aeromoniasis\Bacterial diseases - Aeromoniasis_aug_151.jpg,Bacterial diseases - Aeromoniasis,fish,train,True,0,train,6.38,29.31,4.81,28.55,0.011,47.37,6.093542425067724,0.0030936308856842946,0.7370000000000001
C:\Users\Asus\PycharmProjects\AquaVision_v1\datasets\fish\New Dataset\train_split\Bacterial diseases - Aeromoniasis\Bacterial diseases - Aeromoniasis_aug_152.jpg,Bacterial diseases - Aeromoniasis,fish,train,True,0,val,5.83,27.63,2.42,32.8,0.271,38.43,11.41730819294135,0.02024930710932722,2.659
C:\Users\Asus\PycharmProjects\AquaVision_v1\datasets\fish\New Dataset\train_split\Bacterial diseases - Aeromoniasis\Bacterial diseases - Aeromoniasis_aug_153.jpg,Bacterial diseases - Aeromoniasis,fish,train,True,2,train,6.81,32.8,4.0,24.97,0.245,32.47,8.19997950005125,0.20753909538089949,1.7870000000000004
C:\Users\Asus\PycharmProjects\AquaVision_v1\datasets\fish\New Dataset\train_split\Bacterial diseases - Aeromoniasis\Bacterial diseases - Aeromoniasis_aug_158.jpg,Bacterial diseases - Aeromoniasis,fish,train,True,4,train,5.71,33.32,3.25,29.07,0.218,52.46,10.252276146842625,0.014901208026324464,2.234
C:\Users\Asus\PycharmProjects\AquaVision_v1\datasets\fish\New Dataset\train_split\Bacterial diseases - Aeromoniasis\Bacterial diseases - Aeromoniasis_aug_16.jpg,Bacterial diseases - Aeromoniasis,fish,train,True,3,train,5.97,30.31,3.45,31.26,0.084,48.04,8.785481781212228,0.009504411120004679,1.56
C:\Users\Asus\PycharmProjects\AquaVision_v1\datasets\fish\New Dataset\train_split\Bacterial diseases - Aeromoniasis\Bacterial diseases - Aeromoniasis_aug_160.jpg,Bacterial diseases - Aeromoniasis,fish,train,True,4,val,6.26,30.58,3.43,27.01,0.461,61.07,8.915425902548389,0.10261205796060477,2.987
C:\Users\Asus\PycharmProjects\AquaVision_v1\datasets\fish\New Dataset\train_split\Bacterial diseases - Aeromoniasis\Bacterial diseases - Aeromoniasis_aug_161.jpg,Bacterial diseases - Aeromoniasis,fish,train,True,0,train,6.5,33.93,3.34,22.81,1.044,44.06,10.158652219604132,0.44806843429572674,5.274000000000001
C:\Users\Asus\PycharmProjects\AquaVision_v1\datasets\fish\New Dataset\train_split\Bacterial diseases - Aeromoniasis\Bacterial diseases - Aeromoniasis_aug_163.jpg,Bacterial diseases - Aeromoniasis,fish,train,True,4,val,6.05,29.68,3.67,32.95,0.33,45.21,8.087171424601022,0.043957990195260595,2.454
C:\Users\Asus\PycharmProjects\AquaVision_v1\datasets\fish\New Dataset\train_split\Bacterial diseases - Aeromoniasis\Bacterial diseases - Aeromoniasis_aug_165.jpg,Bacterial diseases - Aeromoniasis,fish,train,True,3,train,6.24,37.5,3.65,20.96,0.292,48.29,10.2739444549467,0.07611567629922268,2.251
C:\Users\Asus\PycharmProjects\AquaVision_v1\datasets\fish\New Dataset\train_split\Bacterial diseases - Aeromoniasis\Bacterial diseases - Aeromoniasis_aug_166.jpg,Bacterial diseases - Aeromoniasis,fish,train,True,4,train,6.64,30.65,2.22,27.16,0.402,36.49,13.806244116017494,0.21513770095123014,3.0
C:\Users\Asus\PycharmProjects\AquaVision_v1\datasets\fish\New Dataset\train_split\Bacterial diseases - Aeromoniasis\Bacterial diseases - Aeromoniasis_aug_167.jpg,Bacterial diseases - Aeromoniasis,fish,train,True,0,train,8.56,31.99,1.07,29.78,0.11,47.78,29.896916851244377,5.110541467722044,2.237
C:\Users\Asus\PycharmProjects\AquaVision_v1\datasets\fish\New Dataset\train_split\Bacterial diseases - Aeromoniasis\Bacterial diseases - Aeromoniasis_aug_17.jpg,Bacterial diseases - Aeromoniasis,fish,train,True,3,train,6.49,30.7,3.54,24.45,0.091,40.63,8.672291886181112,0.03453343339925289,1.4049999999999998
C:\Users\Asus\PycharmProjects\AquaVision_v1\datasets\fish\New Dataset\train_split\Bacterial diseases - Aeromoniasis\Bacterial diseases - Aeromoniasis_aug_170.jpg,Bacterial diseases - Aeromoniasis,fish,train,True,0,train,6.39,30.0,1.09,31.73,0.124,61.81,27.52268327813506,0.03652606866539322,2.302
C:\Users\Asus\PycharmProjects\AquaVision_v1\datasets\fish\New Dataset\train_split\Bacterial diseases - Aeromoniasis\Bacterial diseases - Aeromoniasis_aug_171.jpg,Bacterial diseases - Aeromoniasis,fish,train,True,1,train,6.86,29.62,5.25,25.74,0.217,46.85,5.641894015439971,0.1862536444328162,1.2849999999999997
C:\Users\Asus\PycharmProjects\AquaVision_v1\datasets\fish\New Dataset\train_split\Bacterial diseases - Aeromoniasis\Bacterial diseases - Aeromoniasis_aug_173.jpg,Bacterial diseases - Aeromoniasis,fish,train,True,0,train,6.89,30.57,2.84,30.79,0.389,54.55,10.7640466054697,0.36923684496907627,2.6870000000000003
C:\Users\Asus\PycharmProjects\AquaVision_v1\datasets\fish\New Dataset\train_split\Bacterial diseases - Aeromoniasis\Bacterial diseases - Aeromoniasis_aug_176.jpg,Bacterial diseases - Aeromoniasis,fish,train,True,3,train,5.41,30.52,2.63,20.53,0.023,49.8,11.604518613997666,0.0007217260094689728,1.7299999999999998
C:\Users\Asus\PycharmProjects\AquaVision_v1\datasets\fish\New Dataset\train_split\Bacterial diseases - Aeromoniasis\Bacterial diseases - Aeromoniasis_aug_177.jpg,Bacterial diseases - Aeromoniasis,fish,train,True,2,train,5.28,28.44,4.68,32.88,0.031,50.82,6.076910092072454,0.0006719721549540473,1.186
C:\Users\Asus\PycharmProjects\AquaVision_v1\datasets\fish\New Dataset\train_split\Bacterial diseases - Aeromoniasis\Bacterial diseases - Aeromoniasis_aug_178.jpg,Bacterial diseases - Aeromoniasis,fish,train,True,3,train,4.7,33.72,4.92,34.17,0.051,30.89,6.853644606413402,0.00034476068376539717,1.368
C:\Users\Asus\PycharmProjects\AquaVision_v1\datasets\fish\New Dataset\train_split\Bacterial diseases - Aeromoniasis\Bacterial diseases - Aeromoniasis_aug_179.jpg,Bacterial diseases - Aeromoniasis,fish,train,True,4,train,5.04,31.81,3.08,26.14,0.515,29.05,10.327888545816409,0.007185068112378832,3.674
C:\Users\Asus\PycharmProjects\AquaVision_v1\datasets\fish\New Dataset\train_split\Bacterial diseases - Aeromoniasis\Bacterial diseases - Aeromoniasis_aug_180.jpg,Bacterial diseases - Aeromoniasis,fish,train,True,2,train,6.41,29.67,2.26,16.51,0.036,47.06,13.128260494422593,0.010981964573964319,1.593
C:\Users\Asus\PycharmProjects\AquaVision_v1\datasets\fish\New Dataset\train_split\Bacterial diseases - Aeromoniasis\Bacterial diseases - Aeromoniasis_aug_183.jpg,Bacterial diseases - Aeromoniasis,fish,train,True,0,,,,,,,,,,
C:\Users\Asus\PycharmProjects\AquaVision_v1\datasets\fish\New Dataset\train_split\Bacterial diseases - Aeromoniasis\Bacterial diseases - Aeromoniasis_aug_184.jpg,Bacterial diseases - Aeromoniasis,fish,train,True,3,train,6.56,34.07,3.12,27.19,0.076,48.55,10.919836795394886,0.03760501075109272,1.4500000000000002
C:\Users\Asus\PycharmProjects\AquaVision_v1\datasets\fish\New Dataset\train_split\Bacterial diseases - Aeromoniasis\Bacterial diseases - Aeromoniasis_aug_185.jpg,Bacterial diseases - Aeromoniasis,fish,train,True,2,train,5.97,33.28,2.56,33.97,0.017,42.29,12.999949218948363,0.0021119918128756215,1.5590000000000002
C:\Users\Asus\PycharmProjects\AquaVision_v1\datasets\fish\New Dataset\train_split\Bacterial diseases - Aeromoniasis\Bacterial diseases - Aeromoniasis_aug_187.jpg,Bacterial diseases - Aeromoniasis,fish,train,True,2,train,4.65,33.21,3.79,26.87,0.006,47.47,8.762509861451553,3.560246902880039e-05,1.5419999999999998
C:\Users\Asus\PycharmProjects\AquaVision_v1\datasets\fish\New Dataset\train_split\Bacterial diseases - Aeromoniasis\Bacterial diseases - Aeromoniasis_aug_193.jpg,Bacterial diseases - Aeromoniasis,fish,train,True,4,val,6.15,27.09,2.78,31.18,0.055,32.46,9.744569264139338,0.008418441258442697,1.5909999999999997
C:\Users\Asus\PycharmProjects\AquaVision_v1\datasets\fish\New Dataset\train_split\Bacterial diseases - Aeromoniasis\Bacterial diseases - Aeromoniasis_aug_194.jpg,Bacterial diseases - Aeromoniasis,fish,train,True,0,train,6.38,30.91,1.91,32.66,0.03,40.73,16.183161344705002,0.00889775106322709,1.6829999999999998
C:\Users\Asus\PycharmProjects\AquaVision_v1\datasets\fish\New Dataset\train_split\Bacterial diseases - Aeromoniasis\Bacterial diseases - Aeromoniasis_aug_199.jpg,Bacterial diseases - Aeromoniasis,fish,train,True,1,train,6.21,30.08,2.54,28.34,0.153,32.34,11.84247306112968,0.02985583720987664,2.037
C:\Users\Asus\PycharmProjects\AquaVision_v1\datasets\fish\New Dataset\train_split\Bacterial diseases - Aeromoniasis\Bacterial diseases - Aeromoniasis_aug_2.jpg,Bacterial diseases - Aeromoniasis,fish,train,True,4,val,6.07,32.09,3.92,18.55,0.263,34.9,8.186203606623453,0.03966299058998603,2.105
C:\Users\Asus\PycharmProjects\AquaVision_v1\datasets\fish\New Dataset\train_split\Bacterial diseases - Aeromoniasis\Bacterial diseases - Aeromoniasis_aug_201.jpg,Bacterial diseases - Aeromoniasis,fish,train,True,1,val,6.11,29.18,3.05,33.5,0.013,38.72,9.567181746945092,0.0019547383397570954,1.3539999999999999
C:\Users\Asus\PycharmProjects\AquaVision_v1\datasets\fish\New Dataset\train_split\Bacterial diseases - Aeromoniasis\Bacterial diseases - Aeromoniasis_aug_202.jpg,Bacterial diseases - Aeromoniasis,fish,train,True,0,val,6.46,29.79,2.44,28.49,0.057,61.25,12.208966356695258,0.019588688053016282,1.608
C:\Users\Asus\PycharmProjects\AquaVision_v1\datasets\fish\New Dataset\train_split\Bacterial diseases - Aeromoniasis\Bacterial diseases - Aeromoniasis_aug_203.jpg,Bacterial diseases - Aeromoniasis,fish,train,True,3,train,5.92,27.09,3.91,27.69,0.193,35.27,6.928371027184073,0.017395074991680283,1.8729999999999998
C:\Users\Asus\PycharmProjects\AquaVision_v1\datasets\fish\New Dataset\train_split\Bacterial diseases - Aeromoniasis\Bacterial diseases - Aeromoniasis_aug_206.jpg,Bacterial diseases - Aeromoniasis,fish,train,True,2,val,6.1,29.93,4.12,28.45,0.085,30.62,7.264545474404189,0.012811076775499794,1.3240000000000003
C:\Users\Asus\PycharmProjects\AquaVision_v1\datasets\fish\New Dataset\train_split\Bacterial diseases - Aeromoniasis\Bacterial diseases - Aeromoniasis_aug_21.jpg,Bacterial diseases - Aeromoniasis,fish,train,True,0,val,7.22,33.7,2.84,33.12,0.617,32.81,11.866155400861265,1.3803049843063373,3.5
C:\Users\Asus\PycharmProjects\AquaVision_v1\datasets\fish\New Dataset\train_split\Bacterial diseases - Aeromoniasis\Bacterial diseases - Aeromoniasis_aug_212.jpg,Bacterial diseases - Aeromoniasis,fish,train,True,1,train,6.17,29.39,4.02,26.66,0.051,40.96,7.3109270872460534,0.008868083087765774,1.197
C:\Users\Asus\PycharmProjects\AquaVision_v1\datasets\fish\New Dataset\train_split\Bacterial diseases - Aeromoniasis\Bacterial diseases - Aeromoniasis_aug_213.jpg,Bacterial diseases - Aeromoniasis,fish,train,True,4,train,5.53,32.06,4.85,23.73,0.022,46.92,6.610295648874952,0.00095597424083241,1.024
C:\Users\Asus\PycharmProjects\AquaVision_v1\datasets\fish\New Dataset\train_split\Bacterial diseases - Aeromoniasis\Bacterial diseases - Aeromoniasis_aug_214.jpg,Bacterial diseases - Aeromoniasis,fish,train,True,3,train,6.24,30.8,3.56,23.75,0.534,49.28,8.651661090839632,0.11432783116242697,3.2460000000000004
C:\Users\Asus\PycharmProjects\AquaVision_v1\datasets\fish\New Dataset\train_split\Bacterial diseases - Aeromoniasis\Bacterial diseases - Aeromoniasis_aug_215.jpg,Bacterial diseases - Aeromoniasis,fish,train,True,2,train,6.81,37.47,3.66,29.3,0.021,36.95,10.237676946237851,0.02032183772801996,0.9930000000000001
C:\Users\Asus\PycharmProjects\AquaVision_v1\datasets\fish\New Dataset\train_split\Bacterial diseases - Aeromoniasis\Bacterial diseases - Aeromoniasis_aug_217.jpg,Bacterial diseases - Aeromoniasis,fish,train,True,0,train,6.46,31.42,4.25,23.97,0.159,56.4,7.39292378135581,0.05763194761075934,1.4730000000000003
C:\Users\Asus\PycharmProjects\AquaVision_v1\datasets\fish\New Dataset\train_split\Bacterial diseases - Aeromoniasis\Bacterial diseases - Aeromoniasis_aug_219.jpg,Bacterial diseases - Aeromoniasis,fish,train,True,4,train,4.83,29.48,4.24,27.91,0.102,50.46,6.952813790533513,0.0008131817854738695,1.737
C:\Users\Asus\PycharmProjects\AquaVision_v1\datasets\fish\New Dataset\train_split\Bacterial diseases - Aeromoniasis\Bacterial diseases - Aeromoniasis_aug_222.jpg,Bacterial diseases - Aeromoniasis,fish,train,True,1,train,5.6,30.4,2.91,26.43,0.15,35.78,10.44669949587802,0.007261474790895784,2.097
C:\Users\Asus\PycharmProjects\AquaVision_v1\datasets\fish\New Dataset\train_split\Bacterial diseases - Aeromoniasis\Bacterial diseases - Aeromoniasis_aug_223.jpg,Bacterial diseases - Aeromoniasis,fish,train,True,1,train,6.83,34.8,4.0,26.27,0.159,45.38,8.699978250054375,0.14963609277755657,1.437
C:\Users\Asus\PycharmProjects\AquaVision_v1\datasets\fish\New Dataset\train_split\Bacterial diseases - Aeromoniasis\Bacterial diseases - Aeromoniasis_aug_224.jpg,Bacterial diseases - Aeromoniasis,fish,train,True,3,val,6.18,28.05,4.15,26.14,0.048,47.01,6.759019857783476,0.008151435459578037,1.1429999999999998
C:\Users\Asus\PycharmProjects\AquaVision_v1\datasets\fish\New Dataset\train_split\Bacterial diseases - Aeromoniasis\Bacterial diseases - Aeromoniasis_aug_225.jpg,Bacterial diseases - Aeromoniasis,fish,train,True,3,train,6.45,29.81,3.9,22.62,0.296,25.64,7.643570144691936,0.09947493829429617,2.129
C:\Users\Asus\PycharmProjects\AquaVision_v1\datasets\fish\New Dataset\train_split\Bacterial diseases - Aeromoniasis\Bacterial diseases - Aeromoniasis_aug_228.jpg,Bacterial diseases - Aeromoniasis,fish,train,True,3,train,6.18,32.28,3.34,29.4,0.388,49.89,9.664641722629574,0.07582723901845624,2.7460000000000004
C:\Users\Asus\PycharmProjects\AquaVision_v1\datasets\fish\New Dataset\train_split\Bacterial diseases - Aeromoniasis\Bacterial diseases - Aeromoniasis_aug_23.jpg,Bacterial diseases - Aeromoniasis,fish,train,True,0,train,6.35,30.4,3.74,35.6,0.029,27.95,8.128320512511998,0.007894626223047386,1.139
C:\Users\Asus\PycharmProjects\AquaVision_v1\datasets\fish\New Dataset\train_split\Bacterial diseases - Aeromoniasis\Bacterial diseases - Aeromoniasis_aug_230.jpg,Bacterial diseases - Aeromoniasis,fish,train,True,4,train,4.73,25.57,3.88,25.86,0.337,44.09,6.590189200543298,0.001851060528873658,2.815
C:\Users\Asus\PycharmProjects\AquaVision_v1\datasets\fish\New Dataset\train_split\Bacterial diseases - Aeromoniasis\Bacterial diseases - Aeromoniasis_aug_231.jpg,Bacterial diseases - Aeromoniasis,fish,train,True,4,train,6.53,29.91,3.61,26.96,0.351,53.89,8.285295608599423,0.14229299509013468,2.412
C:\Users\Asus\PycharmProjects\AquaVision_v1\datasets\fish\New Dataset\train_split\Bacterial diseases - Aeromoniasis\Bacterial diseases - Aeromoniasis_aug_234.jpg,Bacterial diseases - Aeromoniasis,fish,train,True,4,train,5.78,31.92,4.67,27.11,0.003,41.51,6.835103136824119,0.00023080442384992213,0.9269999999999999
C:\Users\Asus\PycharmProjects\AquaVision_v1\datasets\fish\New Dataset\train_split\Bacterial diseases - Aeromoniasis\Bacterial diseases - Aeromoniasis_aug_235.jpg,Bacterial diseases - Aeromoniasis,fish,train,True,3,train,6.58,26.96,2.36,23.73,0.34,49.28,11.423680408133864,0.13939872329731173,2.7280000000000006
C:\Users\Asus\PycharmProjects\AquaVision_v1\datasets\fish\New Dataset\train_split\Bacterial diseases - Aeromoniasis\Bacterial diseases - Aeromoniasis_aug_237.jpg,Bacterial diseases - Aeromoniasis,fish,train,True,0,train,6.64,30.74,3.06,28.28,0.016,56.62,10.045718804840506,0.008587837877160123,1.2040000000000002
C:\Users\Asus\PycharmProjects\AquaVision_v1\datasets\fish\New Dataset\train_split\Bacterial diseases - Aeromoniasis\Bacterial diseases - Aeromoniasis_aug_239.jpg,Bacterial diseases - Aeromoniasis,fish,train,True,0,train,5.54,31.6,3.98,30.0,0.528,51.53,7.939678543521247,0.023140940009721604,3.306
C:\Users\Asus\PycharmProjects\AquaVision_v1\datasets\fish\New Dataset\train_split\Bacterial diseases - Aeromoniasis\Bacterial diseases - Aeromoniasis_aug_240.jpg,Bacterial diseases - Aeromoniasis,fish,train,True,1,train,7.71,29.36,1.74,30.04,0.558,58.74,16.87346624444687,3.360858604225781,3.5730000000000004
C:\Users\Asus\PycharmProjects\AquaVision_v1\datasets\fish\New Dataset\train_split\Bacterial diseases - Aeromoniasis\Bacterial diseases - Aeromoniasis_aug_241.jpg,Bacterial diseases - Aeromoniasis,fish,train,True,4,val,7.07,34.29,4.51,30.97,0.068,35.35,7.603087354573494,0.10958128507214408,0.848
C:\Users\Asus\PycharmProjects\AquaVision_v1\datasets\fish\New Dataset\train_split\Bacterial diseases - Aeromoniasis\Bacterial diseases - Aeromoniasis_aug_242.jpg,Bacterial diseases - Aeromoniasis,fish,train,True,3,train,6.12,36.43,3.06,28.49,0.34,50.51,11.905189852320744,0.0653127664604295,2.656
C:\Users\Asus\PycharmProjects\AquaVision_v1\datasets\fish\New Dataset\train_split\Bacterial diseases - Aeromoniasis\Bacterial diseases - Aeromoniasis_aug_244.jpg,Bacterial diseases - Aeromoniasis,fish,train,True,4,val,5.73,31.49,2.61,22.72,0.16,42.8,12.065087873226538,0.010823124011327534,2.1879999999999997
C:\Users\Asus\PycharmProjects\AquaVision_v1\datasets\fish\New Dataset\train_split\Bacterial diseases - Aeromoniasis\Bacterial diseases - Aeromoniasis_aug_245.jpg,Bacterial diseases - Aeromoniasis,fish,train,True,3,train,4.55,27.24,2.68,28.33,0.001,30.42,10.16414117857769,3.866046689089037e-06,1.8849999999999998
C:\Users\Asus\PycharmProjects\AquaVision_v1\datasets\fish\New Dataset\train_split\Bacterial diseases - Aeromoniasis\Bacterial diseases - Aeromoniasis_aug_25.jpg,Bacterial diseases - Aeromoniasis,fish,train,True,2,train,5.98,30.2,2.56,32.3,0.17,45.21,11.796828918637036,0.019611727746536228,2.168
C:\Users\Asus\PycharmProjects\AquaVision_v1\datasets\fish\New Dataset\train_split\Bacterial diseases - Aeromoniasis\Bacterial diseases - Aeromoniasis_aug_250.jpg,Bacterial diseases - Aeromoniasis,fish,train,True,0,train,5.67,27.22,1.76,21.66,0.595,52.72,15.465821216924903,0.03030156629909333,4.201
C:\Users\Asus\PycharmProjects\AquaVision_v1\datasets\fish\New Dataset\train_split\Bacterial diseases - Aeromoniasis\Bacterial diseases - Aeromoniasis_aug_251.jpg,Bacterial diseases - Aeromoniasis,fish,train,True,3,train,7.02,29.79,3.32,34.45,0.03,53.97,8.97286453956464,0.03743275133572351,1.068
C:\Users\Asus\PycharmProjects\AquaVision_v1\datasets\fish\New Dataset\train_split\Bacterial diseases - Aeromoniasis\Bacterial diseases - Aeromoniasis_aug_258.jpg,Bacterial diseases - Aeromoniasis,fish,train,True,3,val,4.81,29.2,3.03,24.05,0.348,50.12,9.63693189131389,0.0026243520055034197,3.09
C:\Users\Asus\PycharmProjects\AquaVision_v1\datasets\fish\New Dataset\train_split\Bacterial diseases - Aeromoniasis\Bacterial diseases - Aeromoniasis_aug_259.jpg,Bacterial diseases - Aeromoniasis,fish,train,True,4,val,6.0,28.27,4.33,27.61,0.253,45.19,6.528853282094037,0.028609240000000005,1.963
C:\Users\Asus\PycharmProjects\AquaVision_v1\datasets\fish\New Dataset\train_split\Bacterial diseases - Aeromoniasis\Bacterial diseases - Aeromoniasis_aug_260.jpg,Bacterial diseases - Aeromoniasis,fish,train,True,1,train,6.67,31.72,2.71,29.45,0.582,45.58,11.704753856996836,0.34539508610834463,3.564
C:\Users\Asus\PycharmProjects\AquaVision_v1\datasets\fish\New Dataset\train_split\Bacterial diseases - Aeromoniasis\Bacterial diseases - Aeromoniasis_aug_261.jpg,Bacterial diseases - Aeromoniasis,fish,train,True,0,train,5.81,30.92,1.49,27.49,0.215,26.18,20.751538580277984,0.017168720735106318,2.7199999999999998
C:\Users\Asus\PycharmProjects\AquaVision_v1\datasets\fish\New Dataset\train_split\Bacterial diseases - Aeromoniasis\Bacterial diseases - Aeromoniasis_aug_264.jpg,Bacterial diseases - Aeromoniasis,fish,train,True,0,train,6.86,28.83,3.98,29.71,0.295,63.4,7.24370039271258,0.24644876700175133,1.9779999999999998
C:\Users\Asus\PycharmProjects\AquaVision_v1\datasets\fish\New Dataset\train_split\Bacterial diseases - Aeromoniasis\Bacterial diseases - Aeromoniasis_aug_265.jpg,Bacterial diseases - Aeromoniasis,fish,train,True,0,val,5.65,33.5,2.66,33.57,0.432,42.5,12.593937616775875,0.025857619782434976,3.285
C:\Users\Asus\PycharmProjects\AquaVision_v1\datasets\fish\New Dataset\train_split\Bacterial diseases - Aeromoniasis\Bacterial diseases - Aeromoniasis_aug_266.jpg,Bacterial diseases - Aeromoniasis,fish,train,True,1,train,6.02,33.03,3.83,21.01,0.116,60.86,8.623998370761434,0.01604820835714423,1.5590000000000002
C:\Users\Asus\PycharmProjects\AquaVision_v1\datasets\fish\New Dataset\train_split\Bacterial diseases - Aeromoniasis\Bacterial diseases - Aeromoniasis_aug_267.jpg,Bacterial diseases - Aeromoniasis,fish,train,True,3,train,6.57,28.27,2.87,23.58,0.552,42.85,9.850139894982943,0.23191288445882183,3.426
C:\Users\Asus\PycharmProjects\AquaVision_v1\datasets\fish\New Dataset\train_split\Bacterial diseases - Aeromoniasis\Bacterial diseases - Aeromoniasis_aug_270.jpg,Bacterial diseases - Aeromoniasis,fish,train,True,0,train,6.89,34.49,2.75,27.16,0.132,56.1,12.541772575372454,0.1413601889173244,1.686
C:\Users\Asus\PycharmProjects\AquaVision_v1\datasets\fish\New Dataset\train_split\Bacterial diseases - Aeromoniasis\Bacterial diseases - Aeromoniasis_aug_271.jpg,Bacterial diseases - Aeromoniasis,fish,train,True,4,train,5.39,27.91,2.73,27.89,0.291,47.8,10.223405775070422,0.00797467176739993,2.778
C:\Users\Asus\PycharmProjects\AquaVision_v1\datasets\fish\New Dataset\train_split\Bacterial diseases - Aeromoniasis\Bacterial diseases - Aeromoniasis_aug_272.jpg,Bacterial diseases - Aeromoniasis,fish,train,True,1,train,5.45,30.96,3.25,28.03,0.121,34.02,9.526124535001431,0.00422324536071426,1.9239999999999997
C:\Users\Asus\PycharmProjects\AquaVision_v1\datasets\fish\New Dataset\train_split\Bacterial diseases - Aeromoniasis\Bacterial diseases - Aeromoniasis_aug_275.jpg,Bacterial diseases - Aeromoniasis,fish,train,True,0,train,7.06,32.4,2.96,30.79,0.231,41.66,10.945908966523762,0.34372963858925054,1.968
C:\Users\Asus\PycharmProjects\AquaVision_v1\datasets\fish\New Dataset\train_split\Bacterial diseases - Aeromoniasis\Bacterial diseases - Aeromoniasis_aug_28.jpg,Bacterial diseases - Aeromoniasis,fish,train,True,4,train,6.04,32.12,1.94,23.49,0.195,46.83,16.556615687548,0.0274707261348929,2.4360000000000004
C:\Users\Asus\PycharmProjects\AquaVision_v1\datasets\fish\New Dataset\train_split\Bacterial diseases - Aeromoniasis\Bacterial diseases - Aeromoniasis_aug_29.jpg,Bacterial diseases - Aeromoniasis,fish,train,True,3,train,5.39,32.6,3.6,20.8,0.075,39.57,9.055530401304441,0.002400705319539958,1.653
C:\Users\Asus\PycharmProjects\AquaVision_v1\datasets\fish\New Dataset\train_split\Bacterial diseases - Aeromoniasis\Bacterial diseases - Aeromoniasis_aug_31.jpg,Bacterial diseases - Aeromoniasis,fish,train,True,0,,,,,,,,,,
C:\Users\Asus\PycharmProjects\AquaVision_v1\datasets\fish\New Dataset\train_split\Bacterial diseases - Aeromoniasis\Bacterial diseases - Aeromoniasis_aug_32.jpg,Bacterial diseases - Aeromoniasis,fish,train,True,1,train,5.44,24.67,2.97,32.4,0.242,64.58,8.306369338823774,0.0065772523803789345,2.4949999999999997
C:\Users\Asus\PycharmProjects\AquaVision_v1\datasets\fish\New Dataset\train_split\Bacterial diseases - Aeromoniasis\Bacterial diseases - Aeromoniasis_aug_35.jpg,Bacterial diseases - Aeromoniasis,fish,train,True,4,train,5.82,30.74,5.32,21.99,0.065,47.66,5.778184627472505,0.005280526313855914,0.9679999999999997
C:\Users\Asus\PycharmProjects\AquaVision_v1\datasets\fish\New Dataset\train_split\Bacterial diseases - Aeromoniasis\Bacterial diseases - Aeromoniasis_aug_36.jpg,Bacterial diseases - Aeromoniasis,fish,train,True,2,,,,,,,,,,
C:\Users\Asus\PycharmProjects\AquaVision_v1\datasets\fish\New Dataset\train_split\Bacterial diseases - Aeromoniasis\Bacterial diseases - Aeromoniasis_aug_38.jpg,Bacterial diseases - Aeromoniasis,fish,train,True,4,train,6.33,30.93,4.1,27.79,0.222,30.52,7.543884039307223,0.058720924676334,1.8090000000000002
C:\Users\Asus\PycharmProjects\AquaVision_v1\datasets\fish\New Dataset\train_split\Bacterial diseases - Aeromoniasis\Bacterial diseases - Aeromoniasis_aug_40.jpg,Bacterial diseases - Aeromoniasis,fish,train,True,2,val,5.59,29.51,4.3,19.46,0.215,76.38,6.86277473773317,0.009873421116751848,1.943
C:\Users\Asus\PycharmProjects\AquaVision_v1\datasets\fish\New Dataset\train_split\Bacterial diseases - Aeromoniasis\Bacterial diseases - Aeromoniasis_aug_41.jpg,Bacterial diseases - Aeromoniasis,fish,train,True,4,train,6.07,31.71,3.62,30.58,0.213,56.66,8.759644310374833,0.031742113249996894,1.9949999999999999
C:\Users\Asus\PycharmProjects\AquaVision_v1\datasets\fish\New Dataset\train_split\Bacterial diseases - Aeromoniasis\Bacterial diseases - Aeromoniasis_aug_43.jpg,Bacterial diseases - Aeromoniasis,fish,train,True,3,train,5.98,32.48,0.85,30.62,0.005,46.95,38.211315160998105,0.0006203631838795254,2.021
C:\Users\Asus\PycharmProjects\AquaVision_v1\datasets\fish\New Dataset\train_split\Bacterial diseases - Aeromoniasis\Bacterial diseases - Aeromoniasis_aug_45.jpg,Bacterial diseases - Aeromoniasis,fish,train,True,0,val,6.77,33.37,2.58,29.63,0.089,56.45,12.934058395122499,0.0699529774940089,1.601
C:\Users\Asus\PycharmProjects\AquaVision_v1\datasets\fish\New Dataset\train_split\Bacterial diseases - Aeromoniasis\Bacterial diseases - Aeromoniasis_aug_46.jpg,Bacterial diseases - Aeromoniasis,fish,train,True,0,train,5.78,33.38,3.61,30.9,0.337,50.16,9.246511782515839,0.027112915749302476,2.581
C:\Users\Asus\PycharmProjects\AquaVision_v1\datasets\fish\New Dataset\train_split\Bacterial diseases - Aeromoniasis\Bacterial diseases - Aeromoniasis_aug_47.jpg,Bacterial diseases - Aeromoniasis,fish,train,True,2,train,6.58,32.89,4.15,30.83,0.468,37.33,7.925282107753957,0.23408291546608664,2.703
C:\Users\Asus\PycharmProjects\AquaVision_v1\datasets\fish\New Dataset\train_split\Bacterial diseases - Aeromoniasis\Bacterial diseases - Aeromoniasis_aug_48.jpg,Bacterial diseases - Aeromoniasis,fish,train,True,3,train,6.23,30.59,2.6,25.3,0.107,43.55,11.765339364079368,0.02223428898472846,1.829
C:\Users\Asus\PycharmProjects\AquaVision_v1\datasets\fish\New Dataset\train_split\Bacterial diseases - Aeromoniasis\Bacterial diseases - Aeromoniasis_aug_50.jpg,Bacterial diseases - Aeromoniasis,fish,train,True,4,train,4.96,31.53,3.2,24.73,0.396,43.21,9.853094209080597,0.004554903159558867,3.186
C:\Users\Asus\PycharmProjects\AquaVision_v1\datasets\fish\New Dataset\train_split\Bacterial diseases - Aeromoniasis\Bacterial diseases - Aeromoniasis_aug_53.jpg,Bacterial diseases - Aeromoniasis,fish,train,True,3,train,6.15,26.98,2.59,24.92,0.407,35.6,10.416948197111209,0.06204350808898491,3.056
C:\Users\Asus\PycharmProjects\AquaVision_v1\datasets\fish\New Dataset\train_split\Bacterial diseases - Aeromoniasis\Bacterial diseases - Aeromoniasis_aug_55.jpg,Bacterial diseases - Aeromoniasis,fish,train,True,2,train,6.6,30.52,2.99,19.98,0.064,45.79,10.207323721325345,0.031104590963949377,1.4289999999999998
C:\Users\Asus\PycharmProjects\AquaVision_v1\datasets\fish\New Dataset\train_split\Bacterial diseases - Aeromoniasis\Bacterial diseases - Aeromoniasis_aug_56.jpg,Bacterial diseases - Aeromoniasis,fish,train,True,0,train,6.11,34.4,2.15,15.92,0.22,46.84,15.99992558174148,0.03899789042885458,2.452
C:\Users\Asus\PycharmProjects\AquaVision_v1\datasets\fish\New Dataset\train_split\Bacterial diseases - Aeromoniasis\Bacterial diseases - Aeromoniasis_aug_59.jpg,Bacterial diseases - Aeromoniasis,fish,train,True,0,val,6.23,29.77,3.85,24.11,0.432,47.37,7.732447448188446,0.08736200098638253,2.754
C:\Users\Asus\PycharmProjects\AquaVision_v1\datasets\fish\New Dataset\train_split\Bacterial diseases - Aeromoniasis\Bacterial diseases - Aeromoniasis_aug_60.jpg,Bacterial diseases - Aeromoniasis,fish,train,True,3,train,6.92,31.98,2.79,27.9,0.084,27.31,11.462324507797463,0.08937534614354108,1.473
C:\Users\Asus\PycharmProjects\AquaVision_v1\datasets\fish\New Dataset\train_split\Bacterial diseases - Aeromoniasis\Bacterial diseases - Aeromoniasis_aug_65.jpg,Bacterial diseases - Aeromoniasis,fish,train,True,4,train,6.11,30.18,3.32,31.3,0.095,36.33,9.09033406525884,0.01477416115863755,1.601
C:\Users\Asus\PycharmProjects\AquaVision_v1\datasets\fish\New Dataset\train_split\Bacterial diseases - Aeromoniasis\Bacterial diseases - Aeromoniasis_aug_68.jpg,Bacterial diseases - Aeromoniasis,fish,train,True,0,train,5.29,28.95,2.82,31.5,0.389,43.4,10.265921042833181,0.008783308980962086,3.173
C:\Users\Asus\PycharmProjects\AquaVision_v1\datasets\fish\New Dataset\train_split\Bacterial diseases - Aeromoniasis\Bacterial diseases - Aeromoniasis_aug_69.jpg,Bacterial diseases - Aeromoniasis,fish,train,True,2,val,6.67,31.98,3.12,29.06,0.17,39.17,10.249967147541193,0.10171555476487926,1.7930000000000001
C:\Users\Asus\PycharmProjects\AquaVision_v1\datasets\fish\New Dataset\train_split\Bacterial diseases - Aeromoniasis\Bacterial diseases - Aeromoniasis_aug_70.jpg,Bacterial diseases - Aeromoniasis,fish,train,True,4,val,6.95,33.32,3.97,32.94,0.846,34.45,8.392925962403117,1.0049289257915794,4.1579999999999995
C:\Users\Asus\PycharmProjects\AquaVision_v1\datasets\fish\New Dataset\train_split\Bacterial diseases - Aeromoniasis\Bacterial diseases - Aeromoniasis_aug_71.jpg,Bacterial diseases - Aeromoniasis,fish,train,True,3,train,6.74,32.54,4.16,27.44,0.785,40.5,7.822096581498602,0.5614966851092713,3.9200000000000004
C:\Users\Asus\PycharmProjects\AquaVision_v1\datasets\fish\New Dataset\train_split\Bacterial diseases - Aeromoniasis\Bacterial diseases - Aeromoniasis_aug_73.jpg,Bacterial diseases - Aeromoniasis,fish,train,True,4,train,5.23,25.26,2.76,23.12,0.115,57.35,9.152140753113214,0.0019732911944144505,2.113
C:\Users\Asus\PycharmProjects\AquaVision_v1\datasets\fish\New Dataset\train_split\Bacterial diseases - Aeromoniasis\Bacterial diseases - Aeromoniasis_aug_74.jpg,Bacterial diseases - Aeromoniasis,fish,train,True,4,train,5.91,32.56,2.29,32.16,0.061,44.24,14.21827852280121,0.006457645831937951,1.8339999999999999
C:\Users\Asus\PycharmProjects\AquaVision_v1\datasets\fish\New Dataset\train_split\Bacterial diseases - Aeromoniasis\Bacterial diseases - Aeromoniasis_aug_77.jpg,Bacterial diseases - Aeromoniasis,fish,train,True,2,train,5.17,33.04,3.5,24.39,0.335,55.75,9.43997302864849,0.006548545313440393,2.789
C:\Users\Asus\PycharmProjects\AquaVision_v1\datasets\fish\New Dataset\train_split\Bacterial diseases - Aeromoniasis\Bacterial diseases - Aeromoniasis_aug_78.jpg,Bacterial diseases - Aeromoniasis,fish,train,True,2,train,5.32,28.75,2.21,26.69,0.115,51.03,13.008990909543396,0.002763094133054469,2.251
C:\Users\Asus\PycharmProjects\AquaVision_v1\datasets\fish\New Dataset\train_split\Bacterial diseases - Aeromoniasis\Bacterial diseases - Aeromoniasis_aug_79.jpg,Bacterial diseases - Aeromoniasis,fish,train,True,2,train,6.54,29.72,3.02,24.02,0.17,52.79,9.841027016466832,0.07007413052905484,1.862
C:\Users\Asus\PycharmProjects\AquaVision_v1\datasets\fish\New Dataset\train_split\Bacterial diseases - Aeromoniasis\Bacterial diseases - Aeromoniasis_aug_82.jpg,Bacterial diseases - Aeromoniasis,fish,train,True,1,train,4.65,30.95,2.99,28.09,0.283,50.47,10.351135949378094,0.0015649738324445865,2.8899999999999997
C:\Users\Asus\PycharmProjects\AquaVision_v1\datasets\fish\New Dataset\train_split\Bacterial diseases - Aeromoniasis\Bacterial diseases - Aeromoniasis_aug_83.jpg,Bacterial diseases - Aeromoniasis,fish,train,True,1,,,,,,,,,,
C:\Users\Asus\PycharmProjects\AquaVision_v1\datasets\fish\New Dataset\train_split\Bacterial diseases - Aeromoniasis\Bacterial diseases - Aeromoniasis_aug_85.jpg,Bacterial diseases - Aeromoniasis,fish,train,True,3,train,6.53,32.8,3.55,28.08,0.034,42.62,9.239410593209596,0.015115160117057555,1.162
C:\Users\Asus\PycharmProjects\AquaVision_v1\datasets\fish\New Dataset\train_split\Bacterial diseases - Aeromoniasis\Bacterial diseases - Aeromoniasis_aug_86.jpg,Bacterial diseases - Aeromoniasis,fish,train,True,1,train,6.22,31.25,4.44,23.04,0.0,30.32,7.038272436323342,0.0,0.8519999999999999
C:\Users\Asus\PycharmProjects\AquaVision_v1\datasets\fish\New Dataset\train_split\Bacterial diseases - Aeromoniasis\Bacterial diseases - Aeromoniasis_aug_91.jpg,Bacterial diseases - Aeromoniasis,fish,train,True,4,train,6.2,31.13,3.34,28.98,0.379,22.27,9.320331376253364,0.07479599122327275,2.7039999999999997
C:\Users\Asus\PycharmProjects\AquaVision_v1\datasets\fish\New Dataset\train_split\Bacterial diseases - Aeromoniasis\Bacterial diseases - Aeromoniasis_aug_92.jpg,Bacterial diseases - Aeromoniasis,fish,train,True,0,train,5.54,30.74,1.89,27.3,0.015,61.61,16.264464209184077,0.0006395214469746493,1.881
C:\Users\Asus\PycharmProjects\AquaVision_v1\datasets\fish\New Dataset\train_split\Bacterial diseases - Aeromoniasis\Bacterial diseases - Aeromoniasis_aug_93.jpg,Bacterial diseases - Aeromoniasis,fish,train,True,3,train,6.11,31.58,2.19,25.53,0.054,48.39,14.42002547933571,0.008787510901973347,1.7759999999999998
C:\Users\Asus\PycharmProjects\AquaVision_v1\datasets\fish\New Dataset\train_split\Bacterial diseases - Aeromoniasis\Bacterial diseases - Aeromoniasis_aug_94.jpg,Bacterial diseases - Aeromoniasis,fish,train,True,1,train,5.5,28.22,3.4,29.99,0.123,56.4,8.299975588307094,0.004390582198041622,1.872
C:\Users\Asus\PycharmProjects\AquaVision_v1\datasets\fish\New Dataset\train_split\Bacterial diseases - Aeromoniasis\Bacterial diseases - Aeromoniasis_aug_95.jpg,Bacterial diseases - Aeromoniasis,fish,train,True,1,train,6.23,27.86,1.76,29.87,0.159,48.3,15.829455514457303,0.030091111348223582,2.2889999999999997
C:\Users\Asus\PycharmProjects\AquaVision_v1\datasets\fish\New Dataset\train_split\Bacterial diseases - Aeromoniasis\Bacterial diseases - Aeromoniasis_aug_97.jpg,Bacterial diseases - Aeromoniasis,fish,train,True,4,train,7.35,26.98,3.35,36.09,0.02,45.07,8.053707302366261,0.048320557054859,0.92
C:\Users\Asus\PycharmProjects\AquaVision_v1\datasets\fish\New Dataset\train_split\Bacterial diseases - Aeromoniasis\Bacterial diseases - Aeromoniasis_aug_99.jpg,Bacterial diseases - Aeromoniasis,fish,train,True,1,train,5.99,34.43,1.43,34.13,0.011,42.99,24.076754708009034,0.0014804362107703774,1.8679999999999999
C:\Users\Asus\PycharmProjects\AquaVision_v1\datasets\fish\New Dataset\train_split\Bacterial gill disease\Bacterial gill disease_100.jpg,Bacterial gill disease,fish,train,False,4,val,5.36,29.93,3.67,21.61,0.144,49.62,8.155291129996922,0.003949382525606755,1.9169999999999998
C:\Users\Asus\PycharmProjects\AquaVision_v1\datasets\fish\New Dataset\train_split\Bacterial gill disease\Bacterial gill disease_101.jpg,Bacterial gill disease,fish,train,False,3,train,6.21,29.35,3.54,28.08,0.354,44.15,8.290937031251325,0.06740177892219817,2.5410000000000004
C:\Users\Asus\PycharmProjects\AquaVision_v1\datasets\fish\New Dataset\train_split\Bacterial gill disease\Bacterial gill disease_103.jpg,Bacterial gill disease,fish,train,False,0,train,5.35,32.8,2.17,24.17,0.208,49.72,15.115137718259362,0.00610938043830745,2.6260000000000003
C:\Users\Asus\PycharmProjects\AquaVision_v1\datasets\fish\New Dataset\train_split\Bacterial gill disease\Bacterial gill disease_11.jpg,Bacterial gill disease,fish,train,False,0,train,5.91,31.0,2.2,30.42,0.097,49.7,14.090845041613445,0.009776725448421788,2.005
C:\Users\Asus\PycharmProjects\AquaVision_v1\datasets\fish\New Dataset\train_split\Bacterial gill disease\Bacterial gill disease_112.jpg,Bacterial gill disease,fish,train,False,2,val,6.53,29.91,3.15,36.4,0.032,42.53,9.495207951720788,0.01297258074895815,1.274
C:\Users\Asus\PycharmProjects\AquaVision_v1\datasets\fish\New Dataset\train_split\Bacterial gill disease\Bacterial gill disease_115.jpg,Bacterial gill disease,fish,train,False,0,train,6.55,30.55,2.68,33.29,0.125,47.48,11.399211196973145,0.054197745205428624,1.781
C:\Users\Asus\PycharmProjects\AquaVision_v1\datasets\fish\New Dataset\train_split\Bacterial gill disease\Bacterial gill disease_116.jpg,Bacterial gill disease,fish,train,False,4,train,6.19,26.33,4.01,25.26,0.208,52.91,6.56606841379448,0.03392924419120343,1.822
C:\Users\Asus\PycharmProjects\AquaVision_v1\datasets\fish\New Dataset\train_split\Bacterial gill disease\Bacterial gill disease_117.jpg,Bacterial gill disease,fish,train,False,1,val,5.37,32.83,3.21,24.18,0.062,47.14,10.227382469213492,0.0019086335937724358,1.7239999999999998
C:\Users\Asus\PycharmProjects\AquaVision_v1\datasets\fish\New Dataset\train_split\Bacterial gill disease\Bacterial gill disease_118.jpg,Bacterial gill disease,fish,train,False,3,train,5.99,31.26,3.67,35.91,0.182,29.36,8.5176879627031,0.02223926106371326,1.88
C:\Users\Asus\PycharmProjects\AquaVision_v1\datasets\fish\New Dataset\train_split\Bacterial gill disease\Bacterial gill disease_119.jpg,Bacterial gill disease,fish,train,False,0,train,5.56,27.67,3.05,31.69,0.379,41.39,9.07210140294622,0.015230296579640862,2.9829999999999997
C:\Users\Asus\PycharmProjects\AquaVision_v1\datasets\fish\New Dataset\train_split\Bacterial gill disease\Bacterial gill disease_12.jpg,Bacterial gill disease,fish,train,False,3,train,4.02,27.87,3.49,31.55,0.058,40.79,7.985650470915556,6.770565651129422e-05,2.029
C:\Users\Asus\PycharmProjects\AquaVision_v1\datasets\fish\New Dataset\train_split\Bacterial gill disease\Bacterial gill disease_120.jpg,Bacterial gill disease,fish,train,False,4,val,4.54,31.5,3.55,29.62,0.101,55.37,8.873214441649461,0.00044125731588589185,2.027
C:\Users\Asus\PycharmProjects\AquaVision_v1\datasets\fish\New Dataset\train_split\Bacterial gill disease\Bacterial gill disease_121.jpg,Bacterial gill disease,fish,train,False,4,train,6.54,26.55,3.46,25.98,0.034,44.18,7.673388227201656,0.012519974196140015,1.186
C:\Users\Asus\PycharmProjects\AquaVision_v1\datasets\fish\New Dataset\train_split\Bacterial gill disease\Bacterial gill disease_122.jpg,Bacterial gill disease,fish,train,False,4,train,5.69,31.09,2.33,23.66,0.065,57.17,13.343290372144324,0.003959078108482902,1.904
C:\Users\Asus\PycharmProjects\AquaVision_v1\datasets\fish\New Dataset\train_split\Bacterial gill disease\Bacterial gill disease_123.jpg,Bacterial gill disease,fish,train,False,0,train,6.59,26.69,2.66,32.78,0.424,35.19,10.033796865425318,0.176106109041459,2.971
C:\Users\Asus\PycharmProjects\AquaVision_v1\datasets\fish\New Dataset\train_split\Bacterial gill disease\Bacterial gill disease_124.jpg,Bacterial gill disease,fish,train,False,4,train,6.57,30.37,2.72,33.69,0.223,39.02,11.165400127205414,0.10064904217651575,2.155
C:\Users\Asus\PycharmProjects\AquaVision_v1\datasets\fish\New Dataset\train_split\Bacterial gill disease\Bacterial gill disease_127.jpg,Bacterial gill disease,fish,train,False,3,train,6.89,28.92,1.36,29.67,0.76,59.02,21.264549525371137,0.6824516250322131,4.615
C:\Users\Asus\PycharmProjects\AquaVision_v1\datasets\fish\New Dataset\train_split\Bacterial gill disease\Bacterial gill disease_129.jpg,Bacterial gill disease,fish,train,False,1,train,6.73,28.5,2.89,29.0,0.18,21.91,9.861557572465147,0.11019892461517596,1.884
C:\Users\Asus\PycharmProjects\AquaVision_v1\datasets\fish\New Dataset\train_split\Bacterial gill disease\Bacterial gill disease_130.jpg,Bacterial gill disease,fish,train,False,3,train,6.19,32.34,3.91,26.72,0.635,62.95,8.27107859059184,0.12722537281729943,3.5599999999999996
C:\Users\Asus\PycharmProjects\AquaVision_v1\datasets\fish\New Dataset\train_split\Bacterial gill disease\Bacterial gill disease_131.jpg,Bacterial gill disease,fish,train,False,3,train,6.5,32.05,3.87,25.53,0.054,32.01,8.281632347203237,0.021891815785813652,1.1549999999999998
C:\Users\Asus\PycharmProjects\AquaVision_v1\datasets\fish\New Dataset\train_split\Bacterial gill disease\Bacterial gill disease_135.jpg,Bacterial gill disease,fish,train,False,0,train,5.37,32.1,3.82,29.83,0.735,61.74,8.403119363561876,0.022123425021700237,4.233
C:\Users\Asus\PycharmProjects\AquaVision_v1\datasets\fish\New Dataset\train_split\Bacterial gill disease\Bacterial gill disease_136.jpg,Bacterial gill disease,fish,train,False,0,val,5.44,30.03,3.76,31.4,0.121,44.4,7.9866808864870045,0.004003139217324268,1.774
C:\Users\Asus\PycharmProjects\AquaVision_v1\datasets\fish\New Dataset\train_split\Bacterial gill disease\Bacterial gill disease_137.jpg,Bacterial gill disease,fish,train,False,4,train,6.37,33.23,3.66,30.0,0.013,45.5,9.079210166092441,0.0040507336237202134,1.093
C:\Users\Asus\PycharmProjects\AquaVision_v1\datasets\fish\New Dataset\train_split\Bacterial gill disease\Bacterial gill disease_138.jpg,Bacterial gill disease,fish,train,False,1,train,6.52,32.05,3.59,25.9,0.201,35.04,8.92755173383918,0.08532652964587695,1.8210000000000002
C:\Users\Asus\PycharmProjects\AquaVision_v1\datasets\fish\New Dataset\train_split\Bacterial gill disease\Bacterial gill disease_139.jpg,Bacterial gill disease,fish,train,False,0,train,5.93,29.8,2.51,30.77,0.279,41.08,11.872462659511317,0.028306127508888775,2.6340000000000003
C:\Users\Asus\PycharmProjects\AquaVision_v1\datasets\fish\New Dataset\train_split\Bacterial gill disease\Bacterial gill disease_14.jpg,Bacterial gill disease,fish,train,False,4,val,6.51,27.59,4.17,29.05,0.591,45.7,6.616291088030964,0.2110567142344347,3.2100000000000004
C:\Users\Asus\PycharmProjects\AquaVision_v1\datasets\fish\New Dataset\train_split\Bacterial gill disease\Bacterial gill disease_140.jpg,Bacterial gill disease,fish,train,False,3,train,5.72,28.43,2.12,21.91,0.33,56.13,13.410314102291968,0.019694764445269356,3.0180000000000002
C:\Users\Asus\PycharmProjects\AquaVision_v1\datasets\fish\New Dataset\train_split\Bacterial gill disease\Bacterial gill disease_141.jpg,Bacterial gill disease,fish,train,False,2,train,5.78,26.73,2.31,32.94,0.015,50.41,11.571378478881043,0.0009663850641460554,1.6829999999999998
C:\Users\Asus\PycharmProjects\AquaVision_v1\datasets\fish\New Dataset\train_split\Bacterial gill disease\Bacterial gill disease_142.jpg,Bacterial gill disease,fish,train,False,1,train,6.01,33.79,4.36,26.56,0.348,31.74,7.7499822248114105,0.04813128173115999,2.331
C:\Users\Asus\PycharmProjects\AquaVision_v1\datasets\fish\New Dataset\train_split\Bacterial gill disease\Bacterial gill disease_143.jpg,Bacterial gill disease,fish,train,False,1,train,5.52,28.61,3.48,27.81,0.017,31.72,8.221240743561081,0.0006442089742219509,1.4180000000000001
C:\Users\Asus\PycharmProjects\AquaVision_v1\datasets\fish\New Dataset\train_split\Bacterial gill disease\Bacterial gill disease_145.jpg,Bacterial gill disease,fish,train,False,3,train,6.15,30.42,2.46,31.56,0.137,55.35,12.365803391043126,0.023547226874868474,2.0149999999999997
C:\Users\Asus\PycharmProjects\AquaVision_v1\datasets\fish\New Dataset\train_split\Bacterial gill disease\Bacterial gill disease_146.jpg,Bacterial gill disease,fish,train,False,4,train,5.2,29.37,3.13,22.2,0.078,54.48,9.38335660269456,0.0014523073675525872,1.863
C:\Users\Asus\PycharmProjects\AquaVision_v1\datasets\fish\New Dataset\train_split\Bacterial gill disease\Bacterial gill disease_151.jpg,Bacterial gill disease,fish,train,False,2,train,5.33,29.2,3.34,25.81,0.228,42.28,8.742488794943728,0.005693478562828025,2.361
C:\Users\Asus\PycharmProjects\AquaVision_v1\datasets\fish\New Dataset\train_split\Bacterial gill disease\Bacterial gill disease_152.jpg,Bacterial gill disease,fish,train,False,1,val,5.32,33.07,3.85,23.41,0.307,29.25,8.589588078992003,0.008484623230213737,2.5269999999999997
C:\Users\Asus\PycharmProjects\AquaVision_v1\datasets\fish\New Dataset\train_split\Bacterial gill disease\Bacterial gill disease_153.jpg,Bacterial gill disease,fish,train,False,1,train,6.66,33.54,3.42,30.21,0.057,48.41,9.806988868453601,0.03495408236567704,1.254
C:\Users\Asus\PycharmProjects\AquaVision_v1\datasets\fish\New Dataset\train_split\Bacterial gill disease\Bacterial gill disease_154.jpg,Bacterial gill disease,fish,train,False,3,train,6.73,33.92,3.02,27.83,0.219,41.73,11.231750888242091,0.15957319834801995,2.001
C:\Users\Asus\PycharmProjects\AquaVision_v1\datasets\fish\New Dataset\train_split\Bacterial gill disease\Bacterial gill disease_155.jpg,Bacterial gill disease,fish,train,False,3,train,5.13,33.81,2.93,30.26,0.943,34.8,11.539209763789202,0.017203501704791856,5.404000000000001
C:\Users\Asus\PycharmProjects\AquaVision_v1\datasets\fish\New Dataset\train_split\Bacterial gill disease\Bacterial gill disease_156.jpg,Bacterial gill disease,fish,train,False,3,train,6.09,30.56,3.38,26.52,0.615,28.95,9.041393368658673,0.09248865354462485,3.6690000000000005
C:\Users\Asus\PycharmProjects\AquaVision_v1\datasets\fish\New Dataset\train_split\Bacterial gill disease\Bacterial gill disease_157.jpg,Bacterial gill disease,fish,train,False,2,train,5.84,35.37,4.31,22.83,0.313,51.9,8.206477479170584,0.030636516924636273,2.257
C:\Users\Asus\PycharmProjects\AquaVision_v1\datasets\fish\New Dataset\train_split\Bacterial gill disease\Bacterial gill disease_159.jpg,Bacterial gill disease,fish,train,False,1,train,6.28,30.41,2.57,25.24,0.079,62.05,11.83263878350668,0.01831063909691091,1.7109999999999999
C:\Users\Asus\PycharmProjects\AquaVision_v1\datasets\fish\New Dataset\train_split\Bacterial gill disease\Bacterial gill disease_16.jpg,Bacterial gill disease,fish,train,False,4,train,5.92,29.55,3.39,30.0,0.675,49.72,8.716788446051781,0.0663622724774266,3.9570000000000003
C:\Users\Asus\PycharmProjects\AquaVision_v1\datasets\fish\New Dataset\train_split\Bacterial gill disease\Bacterial gill disease_160.jpg,Bacterial gill disease,fish,train,False,1,train,6.39,27.91,3.9,31.55,0.184,43.15,7.156391906687419,0.05042404141586209,1.6989999999999998
C:\Users\Asus\PycharmProjects\AquaVision_v1\datasets\fish\New Dataset\train_split\Bacterial gill disease\Bacterial gill disease_162.jpg,Bacterial gill disease,fish,train,False,4,val,5.73,33.68,5.09,24.86,0.564,31.19,6.6168828744933705,0.04080479291434829,3.0599999999999996
C:\Users\Asus\PycharmProjects\AquaVision_v1\datasets\fish\New Dataset\train_split\Bacterial gill disease\Bacterial gill disease_163.jpg,Bacterial gill disease,fish,train,False,1,train,5.96,34.63,2.13,30.77,0.306,28.85,16.258139633147263,0.03865751288907967,2.8470000000000004
C:\Users\Asus\PycharmProjects\AquaVision_v1\datasets\fish\New Dataset\train_split\Bacterial gill disease\Bacterial gill disease_164.jpg,Bacterial gill disease,fish,train,False,2,train,4.88,29.63,3.89,26.45,0.09,44.55,7.616947000136245,0.0008091595277321296,1.779
C:\Users\Asus\PycharmProjects\AquaVision_v1\datasets\fish\New Dataset\train_split\Bacterial gill disease\Bacterial gill disease_165.jpg,Bacterial gill disease,fish,train,False,0,val,6.09,29.28,2.81,33.77,0.266,38.01,10.419891744157495,0.03832769486438726,2.444
C:\Users\Asus\PycharmProjects\AquaVision_v1\datasets\fish\New Dataset\train_split\Bacterial gill disease\Bacterial gill disease_166.jpg,Bacterial gill disease,fish,train,False,1,val,5.8,32.98,3.47,30.28,0.029,54.68,9.504295376670383,0.0024138408936309847,1.3849999999999998
C:\Users\Asus\PycharmProjects\AquaVision_v1\datasets\fish\New Dataset\train_split\Bacterial gill disease\Bacterial gill disease_167.jpg,Bacterial gill disease,fish,train,False,1,val,5.45,28.94,5.56,32.98,0.11,55.49,5.2050266096643725,0.0035888160893549066,1.187
C:\Users\Asus\PycharmProjects\AquaVision_v1\datasets\fish\New Dataset\train_split\Bacterial gill disease\Bacterial gill disease_168.jpg,Bacterial gill disease,fish,train,False,0,train,5.82,32.37,3.0,27.5,0.109,48.28,10.78996403345322,0.00932457805363457,1.8399999999999999
C:\Users\Asus\PycharmProjects\AquaVision_v1\datasets\fish\New Dataset\train_split\Bacterial gill disease\Bacterial gill disease_17.jpg,Bacterial gill disease,fish,train,False,2,train,5.96,28.87,3.34,39.94,0.054,49.18,8.643686695548816,0.005687226633356304,1.476
C:\Users\Asus\PycharmProjects\AquaVision_v1\datasets\fish\New Dataset\train_split\Bacterial gill disease\Bacterial gill disease_170.jpg,Bacterial gill disease,fish,train,False,4,val,6.61,32.05,3.69,36.23,0.044,33.69,8.685613318121089,0.022979506710374402,1.136
C:\Users\Asus\PycharmProjects\AquaVision_v1\datasets\fish\New Dataset\train_split\Bacterial gill disease\Bacterial gill disease_171.jpg,Bacterial gill disease,fish,train,False,0,train,6.43,28.7,2.87,26.82,0.045,46.12,9.99996515691583,0.013904468797086435,1.44
C:\Users\Asus\PycharmProjects\AquaVision_v1\datasets\fish\New Dataset\train_split\Bacterial gill disease\Bacterial gill disease_173.jpg,Bacterial gill disease,fish,train,False,0,train,7.15,29.23,2.19,27.13,0.183,41.92,13.346971018397177,0.30223161818264543,1.98
C:\Users\Asus\PycharmProjects\AquaVision_v1\datasets\fish\New Dataset\train_split\Bacterial gill disease\Bacterial gill disease_174.jpg,Bacterial gill disease,fish,train,False,2,train,5.27,29.59,4.02,36.35,0.134,58.42,7.360678207268142,0.0029533148888385846,1.7990000000000002
C:\Users\Asus\PycharmProjects\AquaVision_v1\datasets\fish\New Dataset\train_split\Bacterial gill disease\Bacterial gill disease_175.jpg,Bacterial gill disease,fish,train,False,2,train,4.7,28.83,3.63,17.46,0.511,45.03,7.942126881193165,0.00295342219205494,3.5949999999999998
C:\Users\Asus\PycharmProjects\AquaVision_v1\datasets\fish\New Dataset\train_split\Bacterial gill disease\Bacterial gill disease_177.jpg,Bacterial gill disease,fish,train,False,4,val,5.49,31.21,2.46,29.02,0.103,49.33,12.686940296990663,0.0039736625624884675,2.077
C:\Users\Asus\PycharmProjects\AquaVision_v1\datasets\fish\New Dataset\train_split\Bacterial gill disease\Bacterial gill disease_179.jpg,Bacterial gill disease,fish,train,False,3,train,8.24,33.15,1.34,28.15,0.136,30.51,24.738621353571986,3.1338805025334753,2.164
C:\Users\Asus\PycharmProjects\AquaVision_v1\datasets\fish\New Dataset\train_split\Bacterial gill disease\Bacterial gill disease_18.jpg,Bacterial gill disease,fish,train,False,1,train,6.98,33.49,3.42,35.03,0.452,48.61,9.792369028160737,0.5782472468419113,2.7380000000000004
C:\Users\Asus\PycharmProjects\AquaVision_v1\datasets\fish\New Dataset\train_split\Bacterial gill disease\Bacterial gill disease_180.jpg,Bacterial gill disease,fish,train,False,3,train,6.3,33.74,2.7,22.72,0.483,42.97,12.496250013888837,0.13006253077962054,3.282
C:\Users\Asus\PycharmProjects\AquaVision_v1\datasets\fish\New Dataset\train_split\Bacterial gill disease\Bacterial gill disease_182.jpg,Bacterial gill disease,fish,train,False,4,train,5.62,30.84,4.19,26.17,0.58,42.24,7.360364295073281,0.029826504144042337,3.4269999999999996
C:\Users\Asus\PycharmProjects\AquaVision_v1\datasets\fish\New Dataset\train_split\Bacterial gill disease\Bacterial gill disease_183.jpg,Bacterial gill disease,fish,train,False,0,val,6.66,29.48,3.37,32.8,0.142,40.08,8.747748523001414,0.07653777183352822,1.6089999999999998
C:\Users\Asus\PycharmProjects\AquaVision_v1\datasets\fish\New Dataset\train_split\Bacterial gill disease\Bacterial gill disease_184.jpg,Bacterial gill disease,fish,train,False,2,train,4.97,32.55,2.69,23.24,0.117,43.13,12.100326764584517,0.0014216636065760874,2.22
C:\Users\Asus\PycharmProjects\AquaVision_v1\datasets\fish\New Dataset\train_split\Bacterial gill disease\Bacterial gill disease_186.jpg,Bacterial gill disease,fish,train,False,3,train,6.33,33.24,5.22,30.61,0.165,33.62,6.367803893095991,0.046903467504335786,1.245
C:\Users\Asus\PycharmProjects\AquaVision_v1\datasets\fish\New Dataset\train_split\Bacterial gill disease\Bacterial gill disease_19.jpg,Bacterial gill disease,fish,train,False,2,train,5.66,31.2,3.57,33.82,0.381,52.51,8.739471318007512,0.021733994910359777,2.805
C:\Users\Asus\PycharmProjects\AquaVision_v1\datasets\fish\New Dataset\train_split\Bacterial gill disease\Bacterial gill disease_192.jpg,Bacterial gill disease,fish,train,False,2,train,6.47,32.02,2.51,33.61,0.047,51.98,12.756921287166188,0.017765571254317235,1.544
C:\Users\Asus\PycharmProjects\AquaVision_v1\datasets\fish\New Dataset\train_split\Bacterial gill disease\Bacterial gill disease_193.jpg,Bacterial gill disease,fish,train,False,4,train,6.28,32.16,3.36,29.25,0.227,52.84,9.571400085118793,0.055641891954245834,2.066
C:\Users\Asus\PycharmProjects\AquaVision_v1\datasets\fish\New Dataset\train_split\Bacterial gill disease\Bacterial gill disease_194.jpg,Bacterial gill disease,fish,train,False,0,train,6.29,28.42,3.52,35.24,0.079,42.82,8.073840699316195,0.017511008393939077,1.423
C:\Users\Asus\PycharmProjects\AquaVision_v1\datasets\fish\New Dataset\train_split\Bacterial gill disease\Bacterial gill disease_195.jpg,Bacterial gill disease,fish,train,False,1,train,5.45,29.04,2.9,22.38,0.596,31.28,10.0137585732463,0.01951204833322247,3.9289999999999994
C:\Users\Asus\PycharmProjects\AquaVision_v1\datasets\fish\New Dataset\train_split\Bacterial gill disease\Bacterial gill disease_196.jpg,Bacterial gill disease,fish,train,False,2,train,6.12,28.73,4.42,30.04,0.398,55.31,6.499985294150919,0.06029463762917113,2.4800000000000004
C:\Users\Asus\PycharmProjects\AquaVision_v1\datasets\fish\New Dataset\train_split\Bacterial gill disease\Bacterial gill disease_198.jpg,Bacterial gill disease,fish,train,False,0,train,5.44,33.23,3.34,30.21,0.098,36.83,9.94907200876644,0.0035877023766275524,1.8079999999999998
C:\Users\Asus\PycharmProjects\AquaVision_v1\datasets\fish\New Dataset\train_split\Bacterial gill disease\Bacterial gill disease_199.jpg,Bacterial gill disease,fish,train,False,1,train,5.73,32.16,2.11,31.39,0.422,32.67,15.241633925905564,0.029153351060299273,3.386
C:\Users\Asus\PycharmProjects\AquaVision_v1\datasets\fish\New Dataset\train_split\Bacterial gill disease\Bacterial gill disease_20.jpeg,Bacterial gill disease,fish,train,False,4,train,5.68,32.46,3.41,25.84,0.115,40.4,9.519033668522965,0.007146713086524702,1.7830000000000001
C:\Users\Asus\PycharmProjects\AquaVision_v1\datasets\fish\New Dataset\train_split\Bacterial gill disease\Bacterial gill disease_200.jpg,Bacterial gill disease,fish,train,False,0,val,6.06,31.87,1.95,28.38,0.098,42.37,16.343505930738818,0.014343929119505402,2.0389999999999997
C:\Users\Asus\PycharmProjects\AquaVision_v1\datasets\fish\New Dataset\train_split\Bacterial gill disease\Bacterial gill disease_201.jpg,Bacterial gill disease,fish,train,False,2,train,5.9,32.83,3.47,29.26,0.072,37.93,9.461067835539378,0.007510405232447477,1.5269999999999997
C:\Users\Asus\PycharmProjects\AquaVision_v1\datasets\fish\New Dataset\train_split\Bacterial gill disease\Bacterial gill disease_202.jpg,Bacterial gill disease,fish,train,False,2,train,6.18,32.89,3.69,23.93,0.006,42.56,8.913254977628787,0.0011947447070656046,1.113
C:\Users\Asus\PycharmProjects\AquaVision_v1\datasets\fish\New Dataset\train_split\Bacterial gill disease\Bacterial gill disease_208.jpg,Bacterial gill disease,fish,train,False,3,train,6.93,34.58,4.65,22.75,0.066,58.35,7.436543147219038,0.07770141287314074,0.8399999999999999
C:\Users\Asus\PycharmProjects\AquaVision_v1\datasets\fish\New Dataset\train_split\Bacterial gill disease\Bacterial gill disease_21.jpg,Bacterial gill disease,fish,train,False,2,train,6.75,36.03,4.02,29.0,0.217,55.45,8.962664271979426,0.17586685097655985,1.687
C:\Users\Asus\PycharmProjects\AquaVision_v1\datasets\fish\New Dataset\train_split\Bacterial gill disease\Bacterial gill disease_210.jpg,Bacterial gill disease,fish,train,False,0,val,5.89,34.91,2.55,34.13,0.065,52.04,13.690142391598464,0.007045684578791979,1.778
C:\Users\Asus\PycharmProjects\AquaVision_v1\datasets\fish\New Dataset\train_split\Bacterial gill disease\Bacterial gill disease_212.jpg,Bacterial gill disease,fish,train,False,2,train,8.15,31.92,0.76,30.5,0.225,53.85,41.99944737569243,4.057937858192252,2.6670000000000003
C:\Users\Asus\PycharmProjects\AquaVision_v1\datasets\fish\New Dataset\train_split\Bacterial gill disease\Bacterial gill disease_213.jpg,Bacterial gill disease,fish,train,False,2,train,5.46,34.7,4.77,28.01,0.299,31.88,7.274617872918507,0.01196907682175579,2.177
C:\Users\Asus\PycharmProjects\AquaVision_v1\datasets\fish\New Dataset\train_split\Bacterial gill disease\Bacterial gill disease_214.jpg,Bacterial gill disease,fish,train,False,2,train,6.62,34.08,4.55,30.25,0.152,36.2,7.490093428366092,0.08637800421910773,1.3070000000000002
C:\Users\Asus\PycharmProjects\AquaVision_v1\datasets\fish\New Dataset\train_split\Bacterial gill disease\Bacterial gill disease_215.jpg,Bacterial gill disease,fish,train,False,4,train,5.9,31.86,4.44,31.42,0.455,35.2,7.175659514280373,0.04605928155613445,2.768
C:\Users\Asus\PycharmProjects\AquaVision_v1\datasets\fish\New Dataset\train_split\Bacterial gill disease\Bacterial gill disease_216.jpg,Bacterial gill disease,fish,train,False,1,train,7.94,31.6,2.28,29.55,0.219,42.96,13.859588335138882,2.410966571172826,2.124
C:\Users\Asus\PycharmProjects\AquaVision_v1\datasets\fish\New Dataset\train_split\Bacterial gill disease\Bacterial gill disease_217.jpg,Bacterial gill disease,fish,train,False,0,train,5.82,30.62,3.14,26.19,0.022,54.32,9.751561300760189,0.001780278137263349,1.4499999999999997
C:\Users\Asus\PycharmProjects\AquaVision_v1\datasets\fish\New Dataset\train_split\Bacterial gill disease\Bacterial gill disease_218.jpg,Bacterial gill disease,fish,train,False,1,train,6.26,28.17,3.7,30.52,0.084,36.96,7.613492936505577,0.017223686990846518,1.3980000000000001
C:\Users\Asus\PycharmProjects\AquaVision_v1\datasets\fish\New Dataset\train_split\Bacterial gill disease\Bacterial gill disease_220.jpg,Bacterial gill disease,fish,train,False,0,train,5.77,33.05,2.86,29.82,0.47,43.18,11.555903650686535,0.03658721168186412,3.341
C:\Users\Asus\PycharmProjects\AquaVision_v1\datasets\fish\New Dataset\train_split\Bacterial gill disease\Bacterial gill disease_222.jpg,Bacterial gill disease,fish,train,False,2,train,5.65,30.56,1.96,26.04,0.046,42.15,15.591757184912321,0.0025117197060085536,1.9509999999999998
C:\Users\Asus\PycharmProjects\AquaVision_v1\datasets\fish\New Dataset\train_split\Bacterial gill disease\Bacterial gill disease_223.jpg,Bacterial gill disease,fish,train,False,4,train,6.06,32.2,3.9,25.4,0.099,34.85,8.256389086181832,0.01464033645843104,1.4580000000000002
C:\Users\Asus\PycharmProjects\AquaVision_v1\datasets\fish\New Dataset\train_split\Bacterial gill disease\Bacterial gill disease_224.jpg,Bacterial gill disease,fish,train,False,0,train,5.64,29.08,2.16,26.18,0.059,46.81,13.462900634719281,0.0029957557747643877,1.946
C:\Users\Asus\PycharmProjects\AquaVision_v1\datasets\fish\New Dataset\train_split\Bacterial gill disease\Bacterial gill disease_225.jpg,Bacterial gill disease,fish,train,False,3,train,5.85,28.68,3.17,24.61,0.09,58.52,9.047290071640152,0.007309398634609341,1.7040000000000002
C:\Users\Asus\PycharmProjects\AquaVision_v1\datasets\fish\New Dataset\train_split\Bacterial gill disease\Bacterial gill disease_226.jpg,Bacterial gill disease,fish,train,False,1,train,6.27,31.46,5.35,29.4,0.08,34.96,5.88036284044329,0.0187460036222124,0.8840000000000002
C:\Users\Asus\PycharmProjects\AquaVision_v1\datasets\fish\New Dataset\train_split\Bacterial gill disease\Bacterial gill disease_227.jpg,Bacterial gill disease,fish,train,False,3,val,6.05,28.92,3.93,25.8,0.015,33.14,7.358759901374297,0.0019469264219047664,1.1159999999999999
C:\Users\Asus\PycharmProjects\AquaVision_v1\datasets\fish\New Dataset\train_split\Bacterial gill disease\Bacterial gill disease_229.jpg,Bacterial gill disease,fish,train,False,0,val,4.71,35.58,3.85,29.93,0.094,48.69,9.241534437572888,0.0006861100623947198,1.858
C:\Users\Asus\PycharmProjects\AquaVision_v1\datasets\fish\New Dataset\train_split\Bacterial gill disease\Bacterial gill disease_230.jpg,Bacterial gill disease,fish,train,False,4,train,5.93,33.11,3.16,22.38,0.338,11.75,10.477814943623596,0.038100955961478666,2.6750000000000003
C:\Users\Asus\PycharmProjects\AquaVision_v1\datasets\fish\New Dataset\train_split\Bacterial gill disease\Bacterial gill disease_235.jpg,Bacterial gill disease,fish,train,False,3,val,5.22,33.38,2.91,21.18,0.151,35.76,11.470750959618696,0.0033459794626040508,2.2150000000000003
C:\Users\Asus\PycharmProjects\AquaVision_v1\datasets\fish\New Dataset\train_split\Bacterial gill disease\Bacterial gill disease_236.jpg,Bacterial gill disease,fish,train,False,1,train,5.95,30.25,4.72,34.5,0.168,32.67,6.408884726939139,0.018117349070382788,1.5210000000000001
C:\Users\Asus\PycharmProjects\AquaVision_v1\datasets\fish\New Dataset\train_split\Bacterial gill disease\Bacterial gill disease_238.jpg,Bacterial gill disease,fish,train,False,2,train,6.5,34.69,2.27,28.87,0.051,34.03,15.281871004973544,0.02237868005437318,1.623
C:\Users\Asus\PycharmProjects\AquaVision_v1\datasets\fish\New Dataset\train_split\Bacterial gill disease\Bacterial gill disease_239.jpg,Bacterial gill disease,fish,train,False,3,train,5.74,29.65,2.76,31.33,0.655,45.67,10.742714700309056,0.04268998370388186,4.120000000000001
C:\Users\Asus\PycharmProjects\AquaVision_v1\datasets\fish\New Dataset\train_split\Bacterial gill disease\Bacterial gill disease_24.jpeg,Bacterial gill disease,fish,train,False,4,train,6.37,34.04,2.79,25.13,0.203,42.69,12.200673115866968,0.06479560968527402,2.1140000000000003
C:\Users\Asus\PycharmProjects\AquaVision_v1\datasets\fish\New Dataset\train_split\Bacterial gill disease\Bacterial gill disease_241.jpg,Bacterial gill disease,fish,train,False,0,train,5.78,32.21,2.32,30.73,0.062,41.39,13.883560846720489,0.004813294178328858,1.8679999999999999
C:\Users\Asus\PycharmProjects\AquaVision_v1\datasets\fish\New Dataset\train_split\Bacterial gill disease\Bacterial gill disease_242.jpg,Bacterial gill disease,fish,train,False,3,train,6.42,32.34,4.18,25.45,0.153,49.58,7.7368235961158005,0.052058474517032736,1.4820000000000002
C:\Users\Asus\PycharmProjects\AquaVision_v1\datasets\fish\New Dataset\train_split\Bacterial gill disease\Bacterial gill disease_243.jpg,Bacterial gill disease,fish,train,False,3,train,6.08,28.73,2.45,25.33,0.068,44.3,11.726482749050003,0.009395167560183852,1.763
C:\Users\Asus\PycharmProjects\AquaVision_v1\datasets\fish\New Dataset\train_split\Bacterial gill disease\Bacterial gill disease_244.jpg,Bacterial gill disease,fish,train,False,1,train,6.63,29.48,3.57,17.01,0.227,40.0,8.25767995047633,0.11418612306558022,1.8980000000000001
C:\Users\Asus\PycharmProjects\AquaVision_v1\datasets\fish\New Dataset\train_split\Bacterial gill disease\Bacterial gill disease_249.jpg,Bacterial gill disease,fish,train,False,4,train,5.78,34.47,2.89,29.53,0.008,39.01,11.927294369223635,0.00066464732582346,1.4809999999999999
C:\Users\Asus\PycharmProjects\AquaVision_v1\datasets\fish\New Dataset\train_split\Bacterial gill disease\Bacterial gill disease_25.jpg,Bacterial gill disease,fish,train,False,3,train,4.0,32.92,5.96,30.03,0.013,84.26,5.523480665300898,1.71184e-05,1.114
C:\Users\Asus\PycharmProjects\AquaVision_v1\datasets\fish\New Dataset\train_split\Bacterial gill disease\Bacterial gill disease_250.jpg,Bacterial gill disease,fish,train,False,3,train,5.93,31.72,3.16,26.3,0.068,47.49,10.037942917902157,0.007343482811523986,1.5950000000000002
C:\Users\Asus\PycharmProjects\AquaVision_v1\datasets\fish\New Dataset\train_split\Bacterial gill disease\Bacterial gill disease_252.jpg,Bacterial gill disease,fish,train,False,4,val,5.56,29.96,2.3,26.2,0.347,57.57,13.026030321607298,0.015098412107026171,3.08
C:\Users\Asus\PycharmProjects\AquaVision_v1\datasets\fish\New Dataset\train_split\Bacterial gill disease\Bacterial gill disease_255.jpg,Bacterial gill disease,fish,train,False,3,train,5.5,32.89,3.9,35.39,0.662,38.6,8.433311709457156,0.027541136281929984,3.878
C:\Users\Asus\PycharmProjects\AquaVision_v1\datasets\fish\New Dataset\train_split\Bacterial gill disease\Bacterial gill disease_256.jpg,Bacterial gill disease,fish,train,False,3,train,6.88,29.2,3.8,27.22,0.814,44.36,7.684190304762356,0.7212191466141462,4.101999999999999
C:\Users\Asus\PycharmProjects\AquaVision_v1\datasets\fish\New Dataset\train_split\Bacterial gill disease\Bacterial gill disease_257.jpg,Bacterial gill disease,fish,train,False,2,train,6.03,31.54,4.46,31.94,0.096,48.31,7.071733023020128,0.012977556052682545,1.287
C:\Users\Asus\PycharmProjects\AquaVision_v1\datasets\fish\New Dataset\train_split\Bacterial gill disease\Bacterial gill disease_258.jpg,Bacterial gill disease,fish,train,False,3,val,6.42,33.19,4.38,25.58,0.146,42.7,7.577608270300753,0.0509823792761885,1.394
C:\Users\Asus\PycharmProjects\AquaVision_v1\datasets\fish\New Dataset\train_split\Bacterial gill disease\Bacterial gill disease_259.jpg,Bacterial gill disease,fish,train,False,2,train,6.7,29.83,3.71,27.24,0.016,34.05,8.040409594583302,0.009568265714624985,0.9909999999999999
C:\Users\Asus\PycharmProjects\AquaVision_v1\datasets\fish\New Dataset\train_split\Bacterial gill disease\Bacterial gill disease_260.jpg,Bacterial gill disease,fish,train,False,4,val,6.28,31.21,0.81,27.25,0.271,28.7,38.53038851372205,0.06446486104427415,3.0069999999999997
C:\Users\Asus\PycharmProjects\AquaVision_v1\datasets\fish\New Dataset\train_split\Bacterial gill disease\Bacterial gill disease_261.jpg,Bacterial gill disease,fish,train,False,1,train,6.38,34.8,2.44,34.99,0.129,42.3,14.262236630177744,0.04307536296024918,1.9200000000000002
C:\Users\Asus\PycharmProjects\AquaVision_v1\datasets\fish\New Dataset\train_split\Bacterial gill disease\Bacterial gill disease_262.jpg,Bacterial gill disease,fish,train,False,1,train,6.46,28.94,2.71,25.88,0.141,34.43,10.678927384031793,0.04707362363907295,1.863
C:\Users\Asus\PycharmProjects\AquaVision_v1\datasets\fish\New Dataset\train_split\Bacterial gill disease\Bacterial gill disease_263.jpg,Bacterial gill disease,fish,train,False,3,train,6.31,29.57,1.74,29.08,0.17,52.8,16.994155206004564,0.041054449896236994,2.3150000000000004
C:\Users\Asus\PycharmProjects\AquaVision_v1\datasets\fish\New Dataset\train_split\Bacterial gill disease\Bacterial gill disease_265.jpg,Bacterial gill disease,fish,train,False,1,train,5.13,33.28,3.28,33.05,0.269,36.54,10.146310529541068,0.004830538957233164,2.6030000000000006
C:\Users\Asus\PycharmProjects\AquaVision_v1\datasets\fish\New Dataset\train_split\Bacterial gill disease\Bacterial gill disease_266.jpg,Bacterial gill disease,fish,train,False,4,train,6.26,34.18,3.79,29.15,0.128,49.67,9.018445861620418,0.031845056177812074,1.5470000000000002
C:\Users\Asus\PycharmProjects\AquaVision_v1\datasets\fish\New Dataset\train_split\Bacterial gill disease\Bacterial gill disease_267.jpg,Bacterial gill disease,fish,train,False,4,train,6.4,28.17,5.13,34.07,0.008,51.02,5.49121736604802,0.002264314904819998,0.6229999999999999
C:\Users\Asus\PycharmProjects\AquaVision_v1\datasets\fish\New Dataset\train_split\Bacterial gill disease\Bacterial gill disease_268.jpg,Bacterial gill disease,fish,train,False,3,train,5.53,31.19,3.41,23.03,0.088,44.34,9.146600743106324,0.0037201293289535705,1.7199999999999998
C:\Users\Asus\PycharmProjects\AquaVision_v1\datasets\fish\New Dataset\train_split\Bacterial gill disease\Bacterial gill disease_27.jpg,Bacterial gill disease,fish,train,False,0,val,6.37,29.97,4.71,30.23,0.073,31.65,6.363043815193599,0.020514908977780317,1.018
C:\Users\Asus\PycharmProjects\AquaVision_v1\datasets\fish\New Dataset\train_split\Bacterial gill disease\Bacterial gill disease_271.jpg,Bacterial gill disease,fish,train,False,2,train,6.75,29.82,3.13,33.3,0.108,56.54,9.527126111418175,0.07244215913020123,1.518
C:\Users\Asus\PycharmProjects\AquaVision_v1\datasets\fish\New Dataset\train_split\Bacterial gill disease\Bacterial gill disease_272.jpg,Bacterial gill disease,fish,train,False,1,train,5.79,27.2,0.93,26.2,0.12,50.52,29.24699734411458,0.008050264344303512,2.5140000000000002
C:\Users\Asus\PycharmProjects\AquaVision_v1\datasets\fish\New Dataset\train_split\Bacterial gill disease\Bacterial gill disease_273.jpg,Bacterial gill disease,fish,train,False,3,train,7.81,33.88,0.5,26.45,0.674,48.36,67.75864482710347,5.897436719405533,4.439
C:\Users\Asus\PycharmProjects\AquaVision_v1\datasets\fish\New Dataset\train_split\Bacterial gill disease\Bacterial gill disease_274.jpg,Bacterial gill disease,fish,train,False,2,train,4.74,32.13,2.1,28.24,0.314,49.47,15.29992714320408,0.002217687583596913,3.254
C:\Users\Asus\PycharmProjects\AquaVision_v1\datasets\fish\New Dataset\train_split\Bacterial gill disease\Bacterial gill disease_277.jpg,Bacterial gill disease,fish,train,False,4,train,6.47,31.39,2.73,28.9,0.109,23.15,11.498126380489449,0.040390367524525204,1.726
C:\Users\Asus\PycharmProjects\AquaVision_v1\datasets\fish\New Dataset\train_split\Bacterial gill disease\Bacterial gill disease_278.jpg,Bacterial gill disease,fish,train,False,1,train,6.79,32.06,4.16,22.51,0.028,37.91,7.706712243480185,0.022140200050840615,0.877
C:\Users\Asus\PycharmProjects\AquaVision_v1\datasets\fish\New Dataset\train_split\Bacterial gill disease\Bacterial gill disease_279.jpg,Bacterial gill disease,fish,train,False,4,train,7.14,28.86,2.76,28.82,0.126,41.23,10.456483853319373,0.20078296497725368,1.584
C:\Users\Asus\PycharmProjects\AquaVision_v1\datasets\fish\New Dataset\train_split\Bacterial gill disease\Bacterial gill disease_280.jpg,Bacterial gill disease,fish,train,False,0,,,,,,,,,,
C:\Users\Asus\PycharmProjects\AquaVision_v1\datasets\fish\New Dataset\train_split\Bacterial gill disease\Bacterial gill disease_298.jpg,Bacterial gill disease,fish,train,False,3,train,5.89,30.77,2.78,21.94,0.175,48.22,11.068305509692411,0.016719586645065378,2.149
C:\Users\Asus\PycharmProjects\AquaVision_v1\datasets\fish\New Dataset\train_split\Bacterial gill disease\Bacterial gill disease_318.jpg,Bacterial gill disease,fish,train,False,1,train,6.24,32.73,2.18,34.81,0.349,64.9,15.013692597740375,0.07940199669045404,2.92
C:\Users\Asus\PycharmProjects\AquaVision_v1\datasets\fish\New Dataset\train_split\Bacterial gill disease\Bacterial gill disease_32.jpg,Bacterial gill disease,fish,train,False,3,val,6.31,32.94,3.64,28.94,0.194,42.51,9.049425688390965,0.05218976196839344,1.841
C:\Users\Asus\PycharmProjects\AquaVision_v1\datasets\fish\New Dataset\train_split\Bacterial gill disease\Bacterial gill disease_34.jpg,Bacterial gill disease,fish,train,False,3,train,4.92,28.21,3.05,29.24,0.465,68.5,9.249150002786877,0.004364314412801981,3.519
C:\Users\Asus\PycharmProjects\AquaVision_v1\datasets\fish\New Dataset\train_split\Bacterial gill disease\Bacterial gill disease_357.jpg,Bacterial gill disease,fish,train,False,1,train,4.5,26.46,3.81,27.62,0.326,49.2,6.944863661775166,0.0010911072242202416,2.861
C:\Users\Asus\PycharmProjects\AquaVision_v1\datasets\fish\New Dataset\train_split\Bacterial gill disease\Bacterial gill disease_358.jpg,Bacterial gill disease,fish,train,False,1,train,6.73,32.46,3.1,30.32,0.382,45.73,10.470933964729145,0.26636175624352626,2.629
C:\Users\Asus\PycharmProjects\AquaVision_v1\datasets\fish\New Dataset\train_split\Bacterial gill disease\Bacterial gill disease_359.jpg,Bacterial gill disease,fish,train,False,2,train,5.9,29.18,3.49,22.83,0.092,50.72,8.361007561582918,0.008529687223245676,1.6009999999999998
C:\Users\Asus\PycharmProjects\AquaVision_v1\datasets\fish\New Dataset\train_split\Bacterial gill disease\Bacterial gill disease_360.jpg,Bacterial gill disease,fish,train,False,2,train,5.18,30.29,4.53,23.16,0.354,36.6,6.686519455806941,0.006491761062462792,2.553
C:\Users\Asus\PycharmProjects\AquaVision_v1\datasets\fish\New Dataset\train_split\Bacterial gill disease\Bacterial gill disease_361.jpg,Bacterial gill disease,fish,train,False,3,train,7.09,29.79,2.71,29.96,0.652,41.42,10.992579363175782,0.9558243502796218,3.718000000000001
C:\Users\Asus\PycharmProjects\AquaVision_v1\datasets\fish\New Dataset\train_split\Bacterial gill disease\Bacterial gill disease_363.jpg,Bacterial gill disease,fish,train,False,4,train,5.96,34.3,0.66,26.35,0.003,38.23,51.96890956197633,0.00037538366147889235,2.0759999999999996
C:\Users\Asus\PycharmProjects\AquaVision_v1\datasets\fish\New Dataset\train_split\Bacterial gill disease\Bacterial gill disease_368.jpg,Bacterial gill disease,fish,train,False,1,train,7.0,31.1,3.55,31.81,0.079,34.79,8.76053870270788,0.098276,1.201
C:\Users\Asus\PycharmProjects\AquaVision_v1\datasets\fish\New Dataset\train_split\Bacterial gill disease\Bacterial gill disease_372.jpg,Bacterial gill disease,fish,train,False,4,train,6.61,25.68,3.12,25.59,0.446,39.09,8.230742850183171,0.18663361552673163,2.915
C:\Users\Asus\PycharmProjects\AquaVision_v1\datasets\fish\New Dataset\train_split\Bacterial gill disease\Bacterial gill disease_373.jpg,Bacterial gill disease,fish,train,False,2,train,6.49,30.72,2.48,31.37,0.022,41.31,12.387046826424086,0.008354181060439943,1.447
C:\Users\Asus\PycharmProjects\AquaVision_v1\datasets\fish\New Dataset\train_split\Bacterial gill disease\Bacterial gill disease_374.jpg,Bacterial gill disease,fish,train,False,4,train,4.36,30.06,2.37,21.47,0.189,47.52,12.683490786958703,0.0005206079212150268,2.787
C:\Users\Asus\PycharmProjects\AquaVision_v1\datasets\fish\New Dataset\train_split\Bacterial gill disease\Bacterial gill disease_375.jpg,Bacterial gill disease,fish,train,False,4,train,5.39,29.48,3.56,26.16,0.112,38.05,8.280875615517933,0.0032419438837808802,1.8130000000000002
C:\Users\Asus\PycharmProjects\AquaVision_v1\datasets\fish\New Dataset\train_split\Bacterial gill disease\Bacterial gill disease_377.jpg,Bacterial gill disease,fish,train,False,4,train,5.87,31.4,3.12,26.34,0.299,50.25,10.064070307466963,0.027839461325911183,2.549
C:\Users\Asus\PycharmProjects\AquaVision_v1\datasets\fish\New Dataset\train_split\Bacterial gill disease\Bacterial gill disease_38.jpg,Bacterial gill disease,fish,train,False,2,train,5.42,28.49,2.6,22.13,0.279,39.99,10.957650162883988,0.008362894995943495,2.7600000000000002
C:\Users\Asus\PycharmProjects\AquaVision_v1\datasets\fish\New Dataset\train_split\Bacterial gill disease\Bacterial gill disease_381.jpg,Bacterial gill disease,fish,train,False,2,train,6.69,32.31,2.32,26.68,0.335,59.01,13.926664109206428,0.21205169896084644,2.6870000000000003
C:\Users\Asus\PycharmProjects\AquaVision_v1\datasets\fish\New Dataset\train_split\Bacterial gill disease\Bacterial gill disease_39.jpg,Bacterial gill disease,fish,train,False,0,train,5.41,33.23,4.66,26.36,0.158,52.12,7.130885985223207,0.005398180717641071,1.6609999999999998
C:\Users\Asus\PycharmProjects\AquaVision_v1\datasets\fish\New Dataset\train_split\Bacterial gill disease\Bacterial gill disease_392.jpg,Bacterial gill disease,fish,train,False,0,train,5.18,26.3,3.77,20.47,0.475,54.28,6.976108816687489,0.007563265558435727,3.265
C:\Users\Asus\PycharmProjects\AquaVision_v1\datasets\fish\New Dataset\train_split\Bacterial gill disease\Bacterial gill disease_393.jpg,Bacterial gill disease,fish,train,False,1,val,6.43,28.62,2.66,24.91,0.502,53.3,10.759358047526137,0.15467970598548367,3.3310000000000004
C:\Users\Asus\PycharmProjects\AquaVision_v1\datasets\fish\New Dataset\train_split\Bacterial gill disease\Bacterial gill disease_403.jpg,Bacterial gill disease,fish,train,False,1,train,6.64,32.13,4.15,23.29,0.225,61.23,7.742150018915618,0.1262272832088887,1.713
C:\Users\Asus\PycharmProjects\AquaVision_v1\datasets\fish\New Dataset\train_split\Bacterial gill disease\Bacterial gill disease_405.jpg,Bacterial gill disease,fish,train,False,1,train,6.65,26.86,2.78,25.06,0.295,52.21,9.66183574879227,0.14157547116506358,2.401
C:\Users\Asus\PycharmProjects\AquaVision_v1\datasets\fish\New Dataset\train_split\Bacterial gill disease\Bacterial gill disease_42.jpg,Bacterial gill disease,fish,train,False,0,train,4.83,29.96,1.58,23.72,0.199,64.11,18.961905304396808,0.0016123334970424047,2.923
C:\Users\Asus\PycharmProjects\AquaVision_v1\datasets\fish\New Dataset\train_split\Bacterial gill disease\Bacterial gill disease_44.jpg,Bacterial gill disease,fish,train,False,2,train,6.7,27.86,3.35,31.75,0.207,37.27,8.316393085393774,0.11561427200292611,1.8629999999999998
C:\Users\Asus\PycharmProjects\AquaVision_v1\datasets\fish\New Dataset\train_split\Bacterial gill disease\Bacterial gill disease_45.jpg,Bacterial gill disease,fish,train,False,2,train,6.1,26.83,4.05,27.31,0.039,52.72,6.624675000802467,0.005269207132556246,1.161
C:\Users\Asus\PycharmProjects\AquaVision_v1\datasets\fish\New Dataset\train_split\Bacterial gill disease\Bacterial gill disease_46.jpg,Bacterial gill disease,fish,train,False,3,val,6.24,26.36,3.68,29.19,0.393,56.82,7.163024013521702,0.07201085171765036,2.646
C:\Users\Asus\PycharmProjects\AquaVision_v1\datasets\fish\New Dataset\train_split\Bacterial gill disease\Bacterial gill disease_47.jpg,Bacterial gill disease,fish,train,False,3,train,5.89,28.8,4.39,32.75,0.225,59.36,6.560349520843917,0.02012032526301568,1.866
C:\Users\Asus\PycharmProjects\AquaVision_v1\datasets\fish\New Dataset\train_split\Bacterial gill disease\Bacterial gill disease_49.jpg,Bacterial gill disease,fish,train,False,2,train,6.5,35.85,2.5,26.49,0.025,37.4,14.33994264022944,0.011336765411703644,1.4500000000000002
C:\Users\Asus\PycharmProjects\AquaVision_v1\datasets\fish\New Dataset\train_split\Bacterial gill disease\Bacterial gill disease_5.jpg,Bacterial gill disease,fish,train,False,1,train,7.44,33.2,3.98,24.33,0.073,58.55,8.341687583699539,0.2670059474164154,0.9159999999999999
C:\Users\Asus\PycharmProjects\AquaVision_v1\datasets\fish\New Dataset\train_split\Bacterial gill disease\Bacterial gill disease_51.png,Bacterial gill disease,fish,train,False,2,train,6.15,32.39,2.51,28.12,0.199,59.18,12.904331058441999,0.03641866449198352,2.248
C:\Users\Asus\PycharmProjects\AquaVision_v1\datasets\fish\New Dataset\train_split\Bacterial gill disease\Bacterial gill disease_52.jpg,Bacterial gill disease,fish,train,False,4,train,5.15,30.17,3.03,25.49,0.049,42.12,9.9570628479774,0.0008352786513368633,1.7919999999999998
C:\Users\Asus\PycharmProjects\AquaVision_v1\datasets\fish\New Dataset\train_split\Bacterial gill disease\Bacterial gill disease_53.jpg,Bacterial gill disease,fish,train,False,0,train,6.95,24.78,4.22,29.35,0.099,36.82,5.87202399994313,0.08745738505793874,1.095
C:\Users\Asus\PycharmProjects\AquaVision_v1\datasets\fish\New Dataset\train_split\Bacterial gill disease\Bacterial gill disease_54.jpg,Bacterial gill disease,fish,train,False,1,train,5.12,28.12,4.11,29.35,0.034,35.62,6.841832501624084,0.0005041435610396041,1.4169999999999998
C:\Users\Asus\PycharmProjects\AquaVision_v1\datasets\fish\New Dataset\train_split\Bacterial gill disease\Bacterial gill disease_55.jpg,Bacterial gill disease,fish,train,False,0,train,6.76,33.65,3.63,29.45,0.173,52.45,9.269946914746791,0.13399579292845556,1.625
C:\Users\Asus\PycharmProjects\AquaVision_v1\datasets\fish\New Dataset\train_split\Bacterial gill disease\Bacterial gill disease_56.jpg,Bacterial gill disease,fish,train,False,3,train,6.96,36.22,2.39,26.55,0.034,49.16,15.15474830649244,0.044924924338000626,1.381
C:\Users\Asus\PycharmProjects\AquaVision_v1\datasets\fish\New Dataset\train_split\Bacterial gill disease\Bacterial gill disease_57.jpg,Bacterial gill disease,fish,train,False,4,val,6.07,28.54,4.1,37.28,0.022,56.8,6.960958631808216,0.002950778707181729,1.087
C:\Users\Asus\PycharmProjects\AquaVision_v1\datasets\fish\New Dataset\train_split\Bacterial gill disease\Bacterial gill disease_58.jpg,Bacterial gill disease,fish,train,False,4,train,7.47,33.76,3.58,27.99,0.292,39.11,9.430141256588668,1.163711378389563,1.903
C:\Users\Asus\PycharmProjects\AquaVision_v1\datasets\fish\New Dataset\train_split\Bacterial gill disease\Bacterial gill disease_60.jpg,Bacterial gill disease,fish,train,False,3,train,6.65,27.14,4.47,30.3,0.113,39.81,6.07157478394903,0.054795926963216716,1.166
C:\Users\Asus\PycharmProjects\AquaVision_v1\datasets\fish\New Dataset\train_split\Bacterial gill disease\Bacterial gill disease_62.png,Bacterial gill disease,fish,train,False,3,train,7.4,32.26,4.64,30.82,0.005,42.57,6.9525712229068475,0.016206691256099828,0.45799999999999996
C:\Users\Asus\PycharmProjects\AquaVision_v1\datasets\fish\New Dataset\train_split\Bacterial gill disease\Bacterial gill disease_63.jpg,Bacterial gill disease,fish,train,False,3,train,5.48,34.08,2.43,34.51,0.353,22.44,14.024633643482947,0.014532297593939675,3.0889999999999995
C:\Users\Asus\PycharmProjects\AquaVision_v1\datasets\fish\New Dataset\train_split\Bacterial gill disease\Bacterial gill disease_64.jpg,Bacterial gill disease,fish,train,False,2,train,5.47,29.7,0.5,29.71,0.119,45.77,59.398812023759525,0.0041721835079228005,2.735
C:\Users\Asus\PycharmProjects\AquaVision_v1\datasets\fish\New Dataset\train_split\Bacterial gill disease\Bacterial gill disease_65.jpg,Bacterial gill disease,fish,train,False,3,train,6.37,28.55,2.28,21.25,0.031,42.87,12.521874904057439,0.008299038851995592,1.5790000000000002
C:\Users\Asus\PycharmProjects\AquaVision_v1\datasets\fish\New Dataset\train_split\Bacterial gill disease\Bacterial gill disease_66.jpg,Bacterial gill disease,fish,train,False,4,train,6.68,29.23,4.76,25.9,0.42,46.78,6.140743401799577,0.23503800765632393,2.298
C:\Users\Asus\PycharmProjects\AquaVision_v1\datasets\fish\New Dataset\train_split\Bacterial gill disease\Bacterial gill disease_68.jpg,Bacterial gill disease,fish,train,False,4,train,6.34,31.33,3.14,23.22,0.23,27.03,9.97767523033366,0.06305916594407229,2.1260000000000003
C:\Users\Asus\PycharmProjects\AquaVision_v1\datasets\fish\New Dataset\train_split\Bacterial gill disease\Bacterial gill disease_70.jpg,Bacterial gill disease,fish,train,False,0,train,9.16,30.3,4.21,30.02,0.059,37.72,7.197132548378746,10.336050712649982,1.271
C:\Users\Asus\PycharmProjects\AquaVision_v1\datasets\fish\New Dataset\train_split\Bacterial gill disease\Bacterial gill disease_71.jpg,Bacterial gill disease,fish,train,False,3,train,6.23,33.57,4.08,25.74,0.194,46.24,8.227921009997525,0.04423979058459728,1.7329999999999997
C:\Users\Asus\PycharmProjects\AquaVision_v1\datasets\fish\New Dataset\train_split\Bacterial gill disease\Bacterial gill disease_74.jpg,Bacterial gill disease,fish,train,False,3,train,5.62,27.06,2.56,27.7,0.142,44.24,10.570271209878085,0.006407315773489733,2.1639999999999997
C:\Users\Asus\PycharmProjects\AquaVision_v1\datasets\fish\New Dataset\train_split\Bacterial gill disease\Bacterial gill disease_77.jpg,Bacterial gill disease,fish,train,False,0,val,6.4,34.72,5.02,26.38,0.441,37.93,6.916320883822942,0.1538431973351504,2.3880000000000003
C:\Users\Asus\PycharmProjects\AquaVision_v1\datasets\fish\New Dataset\train_split\Bacterial gill disease\Bacterial gill disease_78.jpg,Bacterial gill disease,fish,train,False,1,val,6.64,32.09,1.17,30.73,0.279,46.26,27.427116007555494,0.15632697051151,2.8230000000000004
C:\Users\Asus\PycharmProjects\AquaVision_v1\datasets\fish\New Dataset\train_split\Bacterial gill disease\Bacterial gill disease_80.jpg,Bacterial gill disease,fish,train,False,4,train,5.7,29.99,4.79,24.67,0.12,46.32,6.260947263158115,0.007214690465511313,1.383
C:\Users\Asus\PycharmProjects\AquaVision_v1\datasets\fish\New Dataset\train_split\Bacterial gill disease\Bacterial gill disease_81.jpg,Bacterial gill disease,fish,train,False,1,train,5.75,27.77,2.77,25.57,0.429,44.23,10.025234565940195,0.026797431118519767,3.21
C:\Users\Asus\PycharmProjects\AquaVision_v1\datasets\fish\New Dataset\train_split\Bacterial gill disease\Bacterial gill disease_82.jpg,Bacterial gill disease,fish,train,False,4,train,5.03,33.66,3.4,33.54,0.437,57.41,9.89997088243858,0.006304570999539264,3.269
C:\Users\Asus\PycharmProjects\AquaVision_v1\datasets\fish\New Dataset\train_split\Bacterial gill disease\Bacterial gill disease_83.jpg,Bacterial gill disease,fish,train,False,3,train,6.44,32.31,3.12,37.09,0.062,53.89,10.355736039307567,0.02206930409240435,1.4299999999999997
C:\Users\Asus\PycharmProjects\AquaVision_v1\datasets\fish\New Dataset\train_split\Bacterial gill disease\Bacterial gill disease_84.jpg,Bacterial gill disease,fish,train,False,3,train,5.33,31.73,3.32,25.54,0.361,29.56,9.557200128915275,0.009795740357226404,2.899
C:\Users\Asus\PycharmProjects\AquaVision_v1\datasets\fish\New Dataset\train_split\Bacterial gill disease\Bacterial gill disease_85.jpg,Bacterial gill disease,fish,train,False,3,train,6.18,30.72,2.56,26.45,0.057,40.86,11.999953125183104,0.010601225153846944,1.6560000000000001
C:\Users\Asus\PycharmProjects\AquaVision_v1\datasets\fish\New Dataset\train_split\Bacterial gill disease\Bacterial gill disease_86.jpg,Bacterial gill disease,fish,train,False,3,train,6.02,29.6,0.86,36.21,0.121,43.02,34.41820443948327,0.015001582430796395,2.4699999999999998
C:\Users\Asus\PycharmProjects\AquaVision_v1\datasets\fish\New Dataset\train_split\Bacterial gill disease\Bacterial gill disease_9.png,Bacterial gill disease,fish,train,False,0,train,6.39,35.24,2.71,28.63,0.803,55.24,13.003642052981355,0.27785066231023425,4.532000000000001
C:\Users\Asus\PycharmProjects\AquaVision_v1\datasets\fish\New Dataset\train_split\Bacterial gill disease\Bacterial gill disease_92.jpg,Bacterial gill disease,fish,train,False,2,train,5.85,31.33,2.84,27.13,0.047,28.62,11.031651297002474,0.004169828987853943,1.631
C:\Users\Asus\PycharmProjects\AquaVision_v1\datasets\fish\New Dataset\train_split\Bacterial gill disease\Bacterial gill disease_93.jpg,Bacterial gill disease,fish,train,False,1,val,6.17,33.44,1.52,32.61,0.132,58.86,21.999855264110103,0.026115611016182077,2.271
C:\Users\Asus\PycharmProjects\AquaVision_v1\datasets\fish\New Dataset\train_split\Bacterial gill disease\Bacterial gill disease_95.jpg,Bacterial gill disease,fish,train,False,2,train,5.88,30.84,2.39,25.94,0.026,46.1,12.903711699951046,0.0024330313710456022,1.673
C:\Users\Asus\PycharmProjects\AquaVision_v1\datasets\fish\New Dataset\train_split\Bacterial gill disease\Bacterial gill disease_96.jpg,Bacterial gill disease,fish,train,False,3,train,6.4,28.69,1.92,26.69,0.049,42.87,14.942630507132776,0.014124940257121944,1.75
C:\Users\Asus\PycharmProjects\AquaVision_v1\datasets\fish\New Dataset\train_split\Bacterial gill disease\Bacterial gill disease_97.jpg,Bacterial gill disease,fish,train,False,2,train,6.41,35.84,3.85,27.81,0.019,36.03,9.309066729696806,0.007001346848937144,1.0479999999999998
C:\Users\Asus\PycharmProjects\AquaVision_v1\datasets\fish\New Dataset\train_split\Bacterial gill disease\Bacterial gill disease_99.jpg,Bacterial gill disease,fish,train,False,1,train,5.31,31.11,3.24,25.99,0.132,31.28,9.601822216598096,0.003353775081817723,2.013
C:\Users\Asus\PycharmProjects\AquaVision_v1\datasets\fish\New Dataset\train_split\Bacterial gill disease\Bacterial gill disease_aug_0.jpg,Bacterial gill disease,fish,train,True,1,train,6.4,29.67,4.18,24.49,0.136,57.01,7.098069143375256,0.04054305271005179,1.42
C:\Users\Asus\PycharmProjects\AquaVision_v1\datasets\fish\New Dataset\train_split\Bacterial gill disease\Bacterial gill disease_aug_1.jpg,Bacterial gill disease,fish,train,True,0,train,6.27,29.01,3.54,33.12,0.129,22.83,8.194892104824563,0.027873880282648304,1.6230000000000002
C:\Users\Asus\PycharmProjects\AquaVision_v1\datasets\fish\New Dataset\train_split\Bacterial gill disease\Bacterial gill disease_aug_10.jpg,Bacterial gill disease,fish,train,True,1,train,5.52,35.07,2.73,23.3,0.277,18.73,12.846106790817617,0.012866947420877062,2.6830000000000003
C:\Users\Asus\PycharmProjects\AquaVision_v1\datasets\fish\New Dataset\train_split\Bacterial gill disease\Bacterial gill disease_aug_101.jpg,Bacterial gill disease,fish,train,True,4,train,5.79,34.74,4.69,27.59,0.202,32.61,7.40723367327575,0.01730777237465166,1.714
C:\Users\Asus\PycharmProjects\AquaVision_v1\datasets\fish\New Dataset\train_split\Bacterial gill disease\Bacterial gill disease_aug_102.jpg,Bacterial gill disease,fish,train,True,4,train,6.51,28.97,3.16,27.36,0.379,28.79,9.167692507302192,0.1421175449373701,2.665
C:\Users\Asus\PycharmProjects\AquaVision_v1\datasets\fish\New Dataset\train_split\Bacterial gill disease\Bacterial gill disease_aug_104.jpg,Bacterial gill disease,fish,train,True,2,train,5.78,27.08,3.48,38.05,0.085,44.98,7.78158683452059,0.005547886620903829,1.612
C:\Users\Asus\PycharmProjects\AquaVision_v1\datasets\fish\New Dataset\train_split\Bacterial gill disease\Bacterial gill disease_aug_105.jpg,Bacterial gill disease,fish,train,True,0,train,5.96,32.6,3.3,27.55,0.024,32.01,9.87875794315775,0.002854229122848255,1.3679999999999999
C:\Users\Asus\PycharmProjects\AquaVision_v1\datasets\fish\New Dataset\train_split\Bacterial gill disease\Bacterial gill disease_aug_106.jpg,Bacterial gill disease,fish,train,True,3,train,4.79,33.99,3.97,28.21,0.055,54.36,8.561691280374609,0.0004610774104919792,1.642
C:\Users\Asus\PycharmProjects\AquaVision_v1\datasets\fish\New Dataset\train_split\Bacterial gill disease\Bacterial gill disease_aug_108.jpg,Bacterial gill disease,fish,train,True,3,train,6.21,30.26,4.25,29.28,0.212,46.94,7.119983247098243,0.04161642556707688,1.7600000000000002
C:\Users\Asus\PycharmProjects\AquaVision_v1\datasets\fish\New Dataset\train_split\Bacterial gill disease\Bacterial gill disease_aug_110.jpg,Bacterial gill disease,fish,train,True,1,val,5.6,29.4,2.55,23.74,0.202,29.44,11.529366551503719,0.00945711545793243,2.4130000000000003
C:\Users\Asus\PycharmProjects\AquaVision_v1\datasets\fish\New Dataset\train_split\Bacterial gill disease\Bacterial gill disease_aug_114.jpg,Bacterial gill disease,fish,train,True,0,train,7.22,31.18,2.17,25.22,0.128,35.82,14.368597379735577,0.26493910924238395,1.745
C:\Users\Asus\PycharmProjects\AquaVision_v1\datasets\fish\New Dataset\train_split\Bacterial gill disease\Bacterial gill disease_aug_116.jpg,Bacterial gill disease,fish,train,True,1,train,6.74,32.51,5.04,22.08,0.272,49.8,6.4503840270158195,0.19437744304313187,1.604
C:\Users\Asus\PycharmProjects\AquaVision_v1\datasets\fish\New Dataset\train_split\Bacterial gill disease\Bacterial gill disease_aug_117.jpg,Bacterial gill disease,fish,train,True,1,val,6.22,28.57,4.01,29.34,0.074,42.73,7.124670512043612,0.014034661791865358,1.2770000000000001
C:\Users\Asus\PycharmProjects\AquaVision_v1\datasets\fish\New Dataset\train_split\Bacterial gill disease\Bacterial gill disease_aug_121.jpg,Bacterial gill disease,fish,train,True,1,train,7.33,31.0,3.83,24.84,0.357,36.93,8.093973644977428,0.9464330577808483,2.13
C:\Users\Asus\PycharmProjects\AquaVision_v1\datasets\fish\New Dataset\train_split\Bacterial gill disease\Bacterial gill disease_aug_123.jpg,Bacterial gill disease,fish,train,True,0,train,5.08,31.09,3.29,27.28,0.381,48.96,9.449819301461089,0.005696468353891719,3.0629999999999997
C:\Users\Asus\PycharmProjects\AquaVision_v1\datasets\fish\New Dataset\train_split\Bacterial gill disease\Bacterial gill disease_aug_127.jpg,Bacterial gill disease,fish,train,True,0,train,5.51,30.29,4.16,31.58,0.214,45.22,7.281232497037267,0.00839021399934906,2.0050000000000003
C:\Users\Asus\PycharmProjects\AquaVision_v1\datasets\fish\New Dataset\train_split\Bacterial gill disease\Bacterial gill disease_aug_128.jpg,Bacterial gill disease,fish,train,True,1,train,5.22,35.74,2.44,24.66,0.13,52.64,14.647480952946914,0.0030843090757345557,2.2720000000000002
C:\Users\Asus\PycharmProjects\AquaVision_v1\datasets\fish\New Dataset\train_split\Bacterial gill disease\Bacterial gill disease_aug_129.jpg,Bacterial gill disease,fish,train,True,3,train,5.3,29.41,1.53,30.98,0.348,29.92,19.222096587604,0.008168348523906275,3.393
C:\Users\Asus\PycharmProjects\AquaVision_v1\datasets\fish\New Dataset\train_split\Bacterial gill disease\Bacterial gill disease_aug_131.jpg,Bacterial gill disease,fish,train,True,1,train,6.08,28.97,2.31,29.03,0.09,47.13,12.541071250773806,0.012538656241511924,1.893
C:\Users\Asus\PycharmProjects\AquaVision_v1\datasets\fish\New Dataset\train_split\Bacterial gill disease\Bacterial gill disease_aug_132.jpg,Bacterial gill disease,fish,train,True,2,train,6.34,32.38,3.56,24.7,0.725,33.66,9.095480068876212,0.20543519201211083,3.9800000000000004
C:\Users\Asus\PycharmProjects\AquaVision_v1\datasets\fish\New Dataset\train_split\Bacterial gill disease\Bacterial gill disease_aug_134.jpg,Bacterial gill disease,fish,train,True,2,val,6.84,31.4,4.97,26.56,0.405,37.72,6.317894732606172,0.35192057828704454,2.1270000000000002
C:\Users\Asus\PycharmProjects\AquaVision_v1\datasets\fish\New Dataset\train_split\Bacterial gill disease\Bacterial gill disease_aug_136.jpg,Bacterial gill disease,fish,train,True,4,train,6.82,27.86,3.79,30.36,0.729,53.17,7.350904087324308,0.5367457714970961,3.783
C:\Users\Asus\PycharmProjects\AquaVision_v1\datasets\fish\New Dataset\train_split\Bacterial gill disease\Bacterial gill disease_aug_138.jpg,Bacterial gill disease,fish,train,True,0,train,5.84,33.57,3.9,23.43,0.516,53.2,8.607670236742983,0.0479359163918973,3.192
C:\Users\Asus\PycharmProjects\AquaVision_v1\datasets\fish\New Dataset\train_split\Bacterial gill disease\Bacterial gill disease_aug_139.jpg,Bacterial gill disease,fish,train,True,0,train,6.14,30.62,4.15,27.67,0.121,48.39,7.37829547398681,0.02045740523215591,1.447
C:\Users\Asus\PycharmProjects\AquaVision_v1\datasets\fish\New Dataset\train_split\Bacterial gill disease\Bacterial gill disease_aug_14.jpg,Bacterial gill disease,fish,train,True,1,val,5.9,32.51,2.52,37.94,0.154,47.65,12.9007424573712,0.01590734432110603,2.14
C:\Users\Asus\PycharmProjects\AquaVision_v1\datasets\fish\New Dataset\train_split\Bacterial gill disease\Bacterial gill disease_aug_142.jpg,Bacterial gill disease,fish,train,True,3,train,6.42,33.1,4.17,32.23,0.113,48.61,7.9376308450099655,0.03935196548034518,1.3250000000000002
C:\Users\Asus\PycharmProjects\AquaVision_v1\datasets\fish\New Dataset\train_split\Bacterial gill disease\Bacterial gill disease_aug_146.jpg,Bacterial gill disease,fish,train,True,1,train,6.46,33.33,3.02,32.26,0.079,59.53,11.036387296730805,0.030375427319750285,1.5220000000000002
C:\Users\Asus\PycharmProjects\AquaVision_v1\datasets\fish\New Dataset\train_split\Bacterial gill disease\Bacterial gill disease_aug_148.jpg,Bacterial gill disease,fish,train,True,2,train,5.94,27.41,2.15,29.12,0.145,23.67,12.748777912660872,0.013846404960403791,2.203
C:\Users\Asus\PycharmProjects\AquaVision_v1\datasets\fish\New Dataset\train_split\Bacterial gill disease\Bacterial gill disease_aug_149.jpg,Bacterial gill disease,fish,train,True,4,train,8.05,36.77,3.05,27.57,0.272,29.47,12.055698178038762,4.488720099837539,2.1380000000000003
C:\Users\Asus\PycharmProjects\AquaVision_v1\datasets\fish\New Dataset\train_split\Bacterial gill disease\Bacterial gill disease_aug_151.jpg,Bacterial gill disease,fish,train,True,4,,,,,,,,,,
C:\Users\Asus\PycharmProjects\AquaVision_v1\datasets\fish\New Dataset\train_split\Bacterial gill disease\Bacterial gill disease_aug_154.jpg,Bacterial gill disease,fish,train,True,0,train,7.15,29.44,3.67,29.99,0.136,55.7,8.021776507420961,0.22622297290649496,1.3479999999999999
C:\Users\Asus\PycharmProjects\AquaVision_v1\datasets\fish\New Dataset\train_split\Bacterial gill disease\Bacterial gill disease_aug_155.jpg,Bacterial gill disease,fish,train,True,4,train,6.61,28.93,1.59,28.58,0.227,44.97,18.194854120414334,0.10701244384680675,2.4979999999999998
C:\Users\Asus\PycharmProjects\AquaVision_v1\datasets\fish\New Dataset\train_split\Bacterial gill disease\Bacterial gill disease_aug_157.jpg,Bacterial gill disease,fish,train,True,1,train,5.4,29.86,3.85,26.52,0.062,31.52,7.755824010846725,0.0018601222353529278,1.5229999999999997
C:\Users\Asus\PycharmProjects\AquaVision_v1\datasets\fish\New Dataset\train_split\Bacterial gill disease\Bacterial gill disease_aug_16.jpg,Bacterial gill disease,fish,train,True,2,,,,,,,,,,
C:\Users\Asus\PycharmProjects\AquaVision_v1\datasets\fish\New Dataset\train_split\Bacterial gill disease\Bacterial gill disease_aug_160.jpg,Bacterial gill disease,fish,train,True,4,val,5.21,29.54,3.46,33.01,0.104,40.52,8.537547579342256,0.001992984043480884,1.865
C:\Users\Asus\PycharmProjects\AquaVision_v1\datasets\fish\New Dataset\train_split\Bacterial gill disease\Bacterial gill disease_aug_161.jpg,Bacterial gill disease,fish,train,True,4,train,6.16,36.11,3.42,27.91,0.165,47.48,10.558448659506844,0.0344485878802794,1.836
C:\Users\Asus\PycharmProjects\AquaVision_v1\datasets\fish\New Dataset\train_split\Bacterial gill disease\Bacterial gill disease_aug_163.jpg,Bacterial gill disease,fish,train,True,1,train,5.12,28.56,4.24,30.66,0.103,39.47,6.735833170204788,0.001551155793070645,1.654
C:\Users\Asus\PycharmProjects\AquaVision_v1\datasets\fish\New Dataset\train_split\Bacterial gill disease\Bacterial gill disease_aug_165.jpg,Bacterial gill disease,fish,train,True,1,train,5.63,29.1,1.78,29.89,0.135,54.2,16.34822276279347,0.006703270558448227,2.367
C:\Users\Asus\PycharmProjects\AquaVision_v1\datasets\fish\New Dataset\train_split\Bacterial gill disease\Bacterial gill disease_aug_168.jpg,Bacterial gill disease,fish,train,True,4,train,5.92,25.81,3.13,27.4,0.088,41.73,8.245980044792189,0.007556673672120296,1.6869999999999998
C:\Users\Asus\PycharmProjects\AquaVision_v1\datasets\fish\New Dataset\train_split\Bacterial gill disease\Bacterial gill disease_aug_169.jpg,Bacterial gill disease,fish,train,True,4,train,6.38,29.62,3.45,24.46,0.033,49.85,8.585482360920693,0.009379052900099162,1.2329999999999999
C:\Users\Asus\PycharmProjects\AquaVision_v1\datasets\fish\New Dataset\train_split\Bacterial gill disease\Bacterial gill disease_aug_17.jpg,Bacterial gill disease,fish,train,True,2,train,5.82,32.47,2.87,29.03,0.003,42.59,11.313549430141357,0.0002574325950816798,1.4549999999999998
C:\Users\Asus\PycharmProjects\AquaVision_v1\datasets\fish\New Dataset\train_split\Bacterial gill disease\Bacterial gill disease_aug_173.jpg,Bacterial gill disease,fish,train,True,0,train,6.0,31.53,2.41,23.94,0.118,54.33,13.08293326583707,0.01488216,1.9989999999999999
C:\Users\Asus\PycharmProjects\AquaVision_v1\datasets\fish\New Dataset\train_split\Bacterial gill disease\Bacterial gill disease_aug_174.jpg,Bacterial gill disease,fish,train,True,2,train,4.76,28.77,3.61,28.14,0.398,25.31,7.9695070096758736,0.0026356207939526475,3.1310000000000007
C:\Users\Asus\PycharmProjects\AquaVision_v1\datasets\fish\New Dataset\train_split\Bacterial gill disease\Bacterial gill disease_aug_175.jpg,Bacterial gill disease,fish,train,True,0,train,5.5,32.05,2.51,28.39,0.118,39.96,12.768873430783144,0.004783767153196316,2.1189999999999998
C:\Users\Asus\PycharmProjects\AquaVision_v1\datasets\fish\New Dataset\train_split\Bacterial gill disease\Bacterial gill disease_aug_179.jpg,Bacterial gill disease,fish,train,True,4,train,6.04,30.04,3.1,26.41,0.738,33.16,9.690291321640897,0.09723358119584105,4.26
C:\Users\Asus\PycharmProjects\AquaVision_v1\datasets\fish\New Dataset\train_split\Bacterial gill disease\Bacterial gill disease_aug_191.jpg,Bacterial gill disease,fish,train,True,0,train,5.86,31.67,3.16,28.73,0.373,56.97,10.022120183163977,0.03423078718851783,2.836
C:\Users\Asus\PycharmProjects\AquaVision_v1\datasets\fish\New Dataset\train_split\Bacterial gill disease\Bacterial gill disease_aug_192.jpg,Bacterial gill disease,fish,train,True,1,train,5.21,33.95,3.58,27.19,0.094,39.72,9.48321373403985,0.002070273025480621,1.789
C:\Users\Asus\PycharmProjects\AquaVision_v1\datasets\fish\New Dataset\train_split\Bacterial gill disease\Bacterial gill disease_aug_193.jpg,Bacterial gill disease,fish,train,True,4,train,5.52,30.01,4.19,29.52,0.12,42.22,7.162274075718197,0.004769877578732424,1.617
C:\Users\Asus\PycharmProjects\AquaVision_v1\datasets\fish\New Dataset\train_split\Bacterial gill disease\Bacterial gill disease_aug_194.jpg,Bacterial gill disease,fish,train,True,3,val,5.9,33.45,2.1,34.44,0.113,53.28,15.928495578592482,0.012009766312090314,2.102
C:\Users\Asus\PycharmProjects\AquaVision_v1\datasets\fish\New Dataset\train_split\Bacterial gill disease\Bacterial gill disease_aug_197.jpg,Bacterial gill disease,fish,train,True,1,val,6.01,27.42,2.78,29.97,0.029,41.72,9.863273873115565,0.003254808486407239,1.529
C:\Users\Asus\PycharmProjects\AquaVision_v1\datasets\fish\New Dataset\train_split\Bacterial gill disease\Bacterial gill disease_aug_198.jpg,Bacterial gill disease,fish,train,True,4,train,6.58,30.09,3.08,22.42,0.122,50.91,9.769448800490906,0.05582670680419415,1.6400000000000001
C:\Users\Asus\PycharmProjects\AquaVision_v1\datasets\fish\New Dataset\train_split\Bacterial gill disease\Bacterial gill disease_aug_199.jpg,Bacterial gill disease,fish,train,True,3,train,5.83,29.03,3.19,27.14,0.033,49.73,9.10028495208479,0.0025907229183830586,1.476
C:\Users\Asus\PycharmProjects\AquaVision_v1\datasets\fish\New Dataset\train_split\Bacterial gill disease\Bacterial gill disease_aug_20.jpg,Bacterial gill disease,fish,train,True,1,train,5.97,31.8,4.52,28.56,0.191,54.96,7.035382665082601,0.022673599888723046,1.6670000000000005
C:\Users\Asus\PycharmProjects\AquaVision_v1\datasets\fish\New Dataset\train_split\Bacterial gill disease\Bacterial gill disease_aug_200.jpg,Bacterial gill disease,fish,train,True,0,,,,,,,,,,
C:\Users\Asus\PycharmProjects\AquaVision_v1\datasets\fish\New Dataset\train_split\Bacterial gill disease\Bacterial gill disease_aug_206.jpg,Bacterial gill disease,fish,train,True,1,train,5.44,27.31,2.61,32.77,0.759,51.18,10.463561442293324,0.022836180515647012,4.670999999999999
C:\Users\Asus\PycharmProjects\AquaVision_v1\datasets\fish\New Dataset\train_split\Bacterial gill disease\Bacterial gill disease_aug_207.jpg,Bacterial gill disease,fish,train,True,3,val,7.01,27.17,3.04,29.21,0.138,46.76,8.937470600425657,0.15347184571347977,1.5870000000000002
C:\Users\Asus\PycharmProjects\AquaVision_v1\datasets\fish\New Dataset\train_split\Bacterial gill disease\Bacterial gill disease_aug_209.jpg,Bacterial gill disease,fish,train,True,0,,,,,,,,,,
C:\Users\Asus\PycharmProjects\AquaVision_v1\datasets\fish\New Dataset\train_split\Bacterial gill disease\Bacterial gill disease_aug_210.jpg,Bacterial gill disease,fish,train,True,0,train,6.06,32.34,1.44,27.35,0.601,60.13,22.45817737376824,0.0892636166385788,4.204
C:\Users\Asus\PycharmProjects\AquaVision_v1\datasets\fish\New Dataset\train_split\Bacterial gill disease\Bacterial gill disease_aug_212.jpg,Bacterial gill disease,fish,train,True,0,train,6.34,29.0,1.67,26.43,0.395,55.02,17.36516547805103,0.10024323760936846,3.2270000000000003
C:\Users\Asus\PycharmProjects\AquaVision_v1\datasets\fish\New Dataset\train_split\Bacterial gill disease\Bacterial gill disease_aug_213.jpg,Bacterial gill disease,fish,train,True,3,train,6.94,32.78,3.54,29.52,0.126,43.76,9.259860847850712,0.14389293985295218,1.41
C:\Users\Asus\PycharmProjects\AquaVision_v1\datasets\fish\New Dataset\train_split\Bacterial gill disease\Bacterial gill disease_aug_219.jpg,Bacterial gill disease,fish,train,True,1,train,5.76,35.04,2.94,33.3,0.052,30.93,11.918326808412216,0.004193990404093145,1.648
C:\Users\Asus\PycharmProjects\AquaVision_v1\datasets\fish\New Dataset\train_split\Bacterial gill disease\Bacterial gill disease_aug_220.jpg,Bacterial gill disease,fish,train,True,4,val,5.25,31.55,4.01,24.62,0.165,36.16,7.867810803464332,0.0037029112155240493,1.932
C:\Users\Asus\PycharmProjects\AquaVision_v1\datasets\fish\New Dataset\train_split\Bacterial gill disease\Bacterial gill disease_aug_221.jpg,Bacterial gill disease,fish,train,True,3,train,4.55,35.64,3.38,26.61,0.033,28.88,10.544347501930467,0.00016692124933815705,1.803
C:\Users\Asus\PycharmProjects\AquaVision_v1\datasets\fish\New Dataset\train_split\Bacterial gill disease\Bacterial gill disease_aug_222.jpg,Bacterial gill disease,fish,train,True,4,,,,,,,,,,
C:\Users\Asus\PycharmProjects\AquaVision_v1\datasets\fish\New Dataset\train_split\Bacterial gill disease\Bacterial gill disease_aug_225.jpg,Bacterial gill disease,fish,train,True,4,,,,,,,,,,
C:\Users\Asus\PycharmProjects\AquaVision_v1\datasets\fish\New Dataset\train_split\Bacterial gill disease\Bacterial gill disease_aug_226.jpg,Bacterial gill disease,fish,train,True,2,train,6.68,32.16,2.26,28.69,0.326,60.19,14.230025530860482,0.2007213787490123,2.6720000000000006
C:\Users\Asus\PycharmProjects\AquaVision_v1\datasets\fish\New Dataset\train_split\Bacterial gill disease\Bacterial gill disease_aug_227.jpg,Bacterial gill disease,fish,train,True,4,train,6.5,31.15,3.51,33.0,0.018,31.67,8.874618590830226,0.00709235633622564,1.119
C:\Users\Asus\PycharmProjects\AquaVision_v1\datasets\fish\New Dataset\train_split\Bacterial gill disease\Bacterial gill disease_aug_23.jpg,Bacterial gill disease,fish,train,True,2,train,5.89,29.07,3.5,32.92,0.125,56.65,8.305690555169843,0.011282751840198026,1.733
C:\Users\Asus\PycharmProjects\AquaVision_v1\datasets\fish\New Dataset\train_split\Bacterial gill disease\Bacterial gill disease_aug_230.jpg,Bacterial gill disease,fish,train,True,1,train,6.05,32.34,3.54,26.88,0.045,32.21,9.135567413651374,0.006531493826182588,1.353
C:\Users\Asus\PycharmProjects\AquaVision_v1\datasets\fish\New Dataset\train_split\Bacterial gill disease\Bacterial gill disease_aug_231.jpg,Bacterial gill disease,fish,train,True,2,train,7.41,32.43,2.74,25.55,0.011,51.3,11.83572322728749,0.03667749150348548,1.049
C:\Users\Asus\PycharmProjects\AquaVision_v1\datasets\fish\New Dataset\train_split\Bacterial gill disease\Bacterial gill disease_aug_232.jpg,Bacterial gill disease,fish,train,True,0,train,4.37,29.17,5.26,28.2,0.075,52.69,5.545616833428074,0.0002051434636286464,1.4609999999999999
C:\Users\Asus\PycharmProjects\AquaVision_v1\datasets\fish\New Dataset\train_split\Bacterial gill disease\Bacterial gill disease_aug_234.jpg,Bacterial gill disease,fish,train,True,2,train,6.29,26.28,4.81,33.16,0.045,59.58,5.463606104769014,0.009223544894695459,0.9
C:\Users\Asus\PycharmProjects\AquaVision_v1\datasets\fish\New Dataset\train_split\Bacterial gill disease\Bacterial gill disease_aug_235.jpg,Bacterial gill disease,fish,train,True,2,train,5.2,31.89,3.35,30.02,0.053,59.47,9.519374569031138,0.0010714955708408006,1.6969999999999998
C:\Users\Asus\PycharmProjects\AquaVision_v1\datasets\fish\New Dataset\train_split\Bacterial gill disease\Bacterial gill disease_aug_236.jpg,Bacterial gill disease,fish,train,True,0,train,6.92,35.1,5.72,23.51,0.102,30.88,6.136352908473937,0.11911522613207129,0.6660000000000001
C:\Users\Asus\PycharmProjects\AquaVision_v1\datasets\fish\New Dataset\train_split\Bacterial gill disease\Bacterial gill disease_aug_239.jpg,Bacterial gill disease,fish,train,True,3,,,,,,,,,,
C:\Users\Asus\PycharmProjects\AquaVision_v1\datasets\fish\New Dataset\train_split\Bacterial gill disease\Bacterial gill disease_aug_24.jpg,Bacterial gill disease,fish,train,True,1,train,6.15,35.81,2.58,21.24,0.204,40.29,13.87979116360014,0.04127570308991975,2.247
C:\Users\Asus\PycharmProjects\AquaVision_v1\datasets\fish\New Dataset\train_split\Bacterial gill disease\Bacterial gill disease_aug_241.jpg,Bacterial gill disease,fish,train,True,2,train,4.86,31.07,1.54,26.72,0.633,45.29,20.175193667573588,0.005699082640776986,4.662
C:\Users\Asus\PycharmProjects\AquaVision_v1\datasets\fish\New Dataset\train_split\Bacterial gill disease\Bacterial gill disease_aug_242.jpg,Bacterial gill disease,fish,train,True,2,train,5.94,28.84,3.18,28.07,0.238,49.73,9.069153870585312,0.02391289761748538,2.266
C:\Users\Asus\PycharmProjects\AquaVision_v1\datasets\fish\New Dataset\train_split\Bacterial gill disease\Bacterial gill disease_aug_243.jpg,Bacterial gill disease,fish,train,True,4,train,4.51,29.43,1.33,30.53,0.054,60.75,22.127653175540033,0.00020570460458628145,2.5140000000000002
C:\Users\Asus\PycharmProjects\AquaVision_v1\datasets\fish\New Dataset\train_split\Bacterial gill disease\Bacterial gill disease_aug_246.jpg,Bacterial gill disease,fish,train,True,0,train,8.39,30.8,0.6,26.08,0.137,51.96,51.332477792036805,4.143155896249827,2.4350000000000005
C:\Users\Asus\PycharmProjects\AquaVision_v1\datasets\fish\New Dataset\train_split\Bacterial gill disease\Bacterial gill disease_aug_248.jpg,Bacterial gill disease,fish,train,True,2,val,5.9,35.0,3.84,31.45,0.152,30.84,9.114559597501048,0.016903304834932725,1.7360000000000002
C:\Users\Asus\PycharmProjects\AquaVision_v1\datasets\fish\New Dataset\train_split\Bacterial gill disease\Bacterial gill disease_aug_249.jpg,Bacterial gill disease,fish,train,True,0,train,5.61,33.39,3.61,27.11,0.014,53.74,9.249281857944991,0.0007617359386492428,1.3399999999999999
C:\Users\Asus\PycharmProjects\AquaVision_v1\datasets\fish\New Dataset\train_split\Bacterial gill disease\Bacterial gill disease_aug_250.jpg,Bacterial gill disease,fish,train,True,0,train,6.08,26.96,3.44,31.73,0.205,40.85,7.837186519806629,0.026578700308974072,2.0140000000000002
C:\Users\Asus\PycharmProjects\AquaVision_v1\datasets\fish\New Dataset\train_split\Bacterial gill disease\Bacterial gill disease_aug_251.jpg,Bacterial gill disease,fish,train,True,0,train,6.04,31.98,2.61,28.73,0.287,46.24,12.252826617522539,0.040255047874132595,2.6029999999999998
C:\Users\Asus\PycharmProjects\AquaVision_v1\datasets\fish\New Dataset\train_split\Bacterial gill disease\Bacterial gill disease_aug_252.jpg,Bacterial gill disease,fish,train,True,3,train,6.53,34.66,3.56,31.85,0.262,42.63,9.735927708068234,0.12308066697470436,2.0709999999999997
C:\Users\Asus\PycharmProjects\AquaVision_v1\datasets\fish\New Dataset\train_split\Bacterial gill disease\Bacterial gill disease_aug_253.jpg,Bacterial gill disease,fish,train,True,2,train,5.53,31.8,2.41,25.47,0.599,52.64,13.194965995991717,0.025817485019883048,4.064
C:\Users\Asus\PycharmProjects\AquaVision_v1\datasets\fish\New Dataset\train_split\Bacterial gill disease\Bacterial gill disease_aug_255.jpg,Bacterial gill disease,fish,train,True,0,train,6.41,32.43,0.5,21.85,0.24,43.55,64.85870282594348,0.0800236178257865,2.937
C:\Users\Asus\PycharmProjects\AquaVision_v1\datasets\fish\New Dataset\train_split\Bacterial gill disease\Bacterial gill disease_aug_26.jpg,Bacterial gill disease,fish,train,True,2,train,5.92,30.24,5.67,25.21,0.139,41.36,5.333323927118294,0.013984810259608491,1.129
C:\Users\Asus\PycharmProjects\AquaVision_v1\datasets\fish\New Dataset\train_split\Bacterial gill disease\Bacterial gill disease_aug_27.jpg,Bacterial gill disease,fish,train,True,3,train,5.97,33.15,3.26,32.56,0.036,41.13,10.168680464170356,0.004454982730284513,1.4250000000000003
C:\Users\Asus\PycharmProjects\AquaVision_v1\datasets\fish\New Dataset\train_split\Bacterial gill disease\Bacterial gill disease_aug_3.jpg,Bacterial gill disease,fish,train,True,1,val,5.44,34.55,3.11,28.89,0.101,55.18,11.109289037655827,0.0038444075086934825,1.8889999999999998
C:\Users\Asus\PycharmProjects\AquaVision_v1\datasets\fish\New Dataset\train_split\Bacterial gill disease\Bacterial gill disease_aug_30.jpg,Bacterial gill disease,fish,train,True,4,train,6.56,32.49,2.73,27.47,0.122,45.72,11.901055307489717,0.057566461277465245,1.751
C:\Users\Asus\PycharmProjects\AquaVision_v1\datasets\fish\New Dataset\train_split\Bacterial gill disease\Bacterial gill disease_aug_34.jpg,Bacterial gill disease,fish,train,True,2,train,6.91,33.22,3.15,28.97,0.405,55.55,10.54599826667217,0.4374361219009365,2.652
C:\Users\Asus\PycharmProjects\AquaVision_v1\datasets\fish\New Dataset\train_split\Bacterial gill disease\Bacterial gill disease_aug_36.jpg,Bacterial gill disease,fish,train,True,1,train,5.99,33.87,2.58,34.24,0.147,29.7,13.12785609358103,0.019462226508178714,2.067
C:\Users\Asus\PycharmProjects\AquaVision_v1\datasets\fish\New Dataset\train_split\Bacterial gill disease\Bacterial gill disease_aug_37.jpg,Bacterial gill disease,fish,train,True,2,,,,,,,,,,
C:\Users\Asus\PycharmProjects\AquaVision_v1\datasets\fish\New Dataset\train_split\Bacterial gill disease\Bacterial gill disease_aug_38.jpg,Bacterial gill disease,fish,train,True,4,train,5.95,26.27,2.84,23.84,0.128,46.2,9.249967429692148,0.011987539018124034,1.9249999999999998
C:\Users\Asus\PycharmProjects\AquaVision_v1\datasets\fish\New Dataset\train_split\Bacterial gill disease\Bacterial gill disease_aug_39.jpg,Bacterial gill disease,fish,train,True,1,val,5.72,31.77,2.32,24.48,0.302,62.99,13.693906491782363,0.020141144678659403,2.846
C:\Users\Asus\PycharmProjects\AquaVision_v1\datasets\fish\New Dataset\train_split\Bacterial gill disease\Bacterial gill disease_aug_40.jpg,Bacterial gill disease,fish,train,True,4,train,5.95,31.01,4.06,33.09,0.01,46.54,7.637912221891081,0.0011055076636610987,1.087
C:\Users\Asus\PycharmProjects\AquaVision_v1\datasets\fish\New Dataset\train_split\Bacterial gill disease\Bacterial gill disease_aug_41.jpg,Bacterial gill disease,fish,train,True,2,,,,,,,,,,
C:\Users\Asus\PycharmProjects\AquaVision_v1\datasets\fish\New Dataset\train_split\Bacterial gill disease\Bacterial gill disease_aug_42.jpg,Bacterial gill disease,fish,train,True,0,,,,,,,,,,
C:\Users\Asus\PycharmProjects\AquaVision_v1\datasets\fish\New Dataset\train_split\Bacterial gill disease\Bacterial gill disease_aug_43.jpg,Bacterial gill disease,fish,train,True,0,val,6.07,33.23,3.2,30.48,0.4,61.38,10.384342548929533,0.062466953201024945,2.8689999999999998
C:\Users\Asus\PycharmProjects\AquaVision_v1\datasets\fish\New Dataset\train_split\Bacterial gill disease\Bacterial gill disease_aug_45.jpg,Bacterial gill disease,fish,train,True,3,val,5.19,24.42,3.51,27.62,0.299,37.34,6.957245136053745,0.004523523379327603,2.6359999999999997
C:\Users\Asus\PycharmProjects\AquaVision_v1\datasets\fish\New Dataset\train_split\Bacterial gill disease\Bacterial gill disease_aug_46.jpg,Bacterial gill disease,fish,train,True,4,train,6.09,33.48,3.75,30.11,0.204,40.23,8.927976192063486,0.03361054913258759,1.9140000000000001
C:\Users\Asus\PycharmProjects\AquaVision_v1\datasets\fish\New Dataset\train_split\Bacterial gill disease\Bacterial gill disease_aug_47.jpg,Bacterial gill disease,fish,train,True,0,train,5.94,26.41,2.85,31.18,0.054,41.07,9.266634152160869,0.004968464056719864,1.629
C:\Users\Asus\PycharmProjects\AquaVision_v1\datasets\fish\New Dataset\train_split\Bacterial gill disease\Bacterial gill disease_aug_48.jpg,Bacterial gill disease,fish,train,True,1,train,5.67,27.14,3.07,26.06,0.703,35.34,8.84036208351113,0.03569646083751118,4.24
C:\Users\Asus\PycharmProjects\AquaVision_v1\datasets\fish\New Dataset\train_split\Bacterial gill disease\Bacterial gill disease_aug_49.jpg,Bacterial gill disease,fish,train,True,3,train,6.09,31.77,4.65,26.63,1.029,35.28,6.832243371519631,0.16087648950128763,4.944
C:\Users\Asus\PycharmProjects\AquaVision_v1\datasets\fish\New Dataset\train_split\Bacterial gill disease\Bacterial gill disease_aug_5.jpg,Bacterial gill disease,fish,train,True,2,train,7.09,29.8,3.88,37.4,0.14,37.84,7.680392576307793,0.20530725247317017,1.319
C:\Users\Asus\PycharmProjects\AquaVision_v1\datasets\fish\New Dataset\train_split\Bacterial gill disease\Bacterial gill disease_aug_51.jpg,Bacterial gill disease,fish,train,True,3,train,6.87,24.93,1.29,26.02,0.546,41.94,19.32543158580166,0.4036220766534003,3.7860000000000005
C:\Users\Asus\PycharmProjects\AquaVision_v1\datasets\fish\New Dataset\train_split\Bacterial gill disease\Bacterial gill disease_aug_53.jpg,Bacterial gill disease,fish,train,True,2,train,6.54,23.48,3.66,28.97,0.083,34.1,6.415283018352409,0.027029385745436472,1.322
C:\Users\Asus\PycharmProjects\AquaVision_v1\datasets\fish\New Dataset\train_split\Bacterial gill disease\Bacterial gill disease_aug_55.jpg,Bacterial gill disease,fish,train,True,1,train,5.95,32.99,1.71,28.18,0.004,50.58,19.29228484043953,0.00047043789518451645,1.7679999999999998
C:\Users\Asus\PycharmProjects\AquaVision_v1\datasets\fish\New Dataset\train_split\Bacterial gill disease\Bacterial gill disease_aug_56.jpg,Bacterial gill disease,fish,train,True,2,train,7.21,29.8,3.46,20.78,0.191,33.24,8.612691870832743,0.3692407484859022,1.613
C:\Users\Asus\PycharmProjects\AquaVision_v1\datasets\fish\New Dataset\train_split\Bacterial gill disease\Bacterial gill disease_aug_58.jpg,Bacterial gill disease,fish,train,True,4,train,5.9,30.99,4.14,22.51,0.196,50.2,7.485489165485109,0.019299125883378718,1.8219999999999998
C:\Users\Asus\PycharmProjects\AquaVision_v1\datasets\fish\New Dataset\train_split\Bacterial gill disease\Bacterial gill disease_aug_6.jpg,Bacterial gill disease,fish,train,True,1,train,6.27,31.02,1.94,33.42,0.37,41.04,15.98960830098814,0.08548767560933748,3.067
C:\Users\Asus\PycharmProjects\AquaVision_v1\datasets\fish\New Dataset\train_split\Bacterial gill disease\Bacterial gill disease_aug_60.jpg,Bacterial gill disease,fish,train,True,2,train,5.42,34.59,2.92,33.81,0.215,44.22,11.845849842979991,0.007824363406210868,2.408
C:\Users\Asus\PycharmProjects\AquaVision_v1\datasets\fish\New Dataset\train_split\Bacterial gill disease\Bacterial gill disease_aug_62.jpg,Bacterial gill disease,fish,train,True,4,train,5.75,32.75,3.22,21.83,0.076,15.96,10.170775867155692,0.005598670233595116,1.663
C:\Users\Asus\PycharmProjects\AquaVision_v1\datasets\fish\New Dataset\train_split\Bacterial gill disease\Bacterial gill disease_aug_65.jpg,Bacterial gill disease,fish,train,True,4,val,6.45,33.69,3.37,28.84,0.506,34.08,9.997002976252295,0.19218147361150215,3.128
C:\Users\Asus\PycharmProjects\AquaVision_v1\datasets\fish\New Dataset\train_split\Bacterial gill disease\Bacterial gill disease_aug_67.jpg,Bacterial gill disease,fish,train,True,0,train,5.6,34.56,3.13,24.45,0.125,41.19,11.041498269973578,0.006879291907164427,1.931
C:\Users\Asus\PycharmProjects\AquaVision_v1\datasets\fish\New Dataset\train_split\Bacterial gill disease\Bacterial gill disease_aug_72.jpg,Bacterial gill disease,fish,train,True,3,train,6.43,32.9,2.97,27.76,0.097,49.94,11.077403779785252,0.03435798007908784,1.6179999999999999
C:\Users\Asus\PycharmProjects\AquaVision_v1\datasets\fish\New Dataset\train_split\Bacterial gill disease\Bacterial gill disease_aug_73.jpg,Bacterial gill disease,fish,train,True,1,val,5.43,33.32,3.09,25.91,0.109,44.03,10.78313662415332,0.003910132569474432,1.9300000000000002
C:\Users\Asus\PycharmProjects\AquaVision_v1\datasets\fish\New Dataset\train_split\Bacterial gill disease\Bacterial gill disease_aug_77.jpg,Bacterial gill disease,fish,train,True,0,train,4.9,29.5,2.43,27.73,0.147,48.64,12.139867737169805,0.0013778417559527395,2.439
C:\Users\Asus\PycharmProjects\AquaVision_v1\datasets\fish\New Dataset\train_split\Bacterial gill disease\Bacterial gill disease_aug_78.jpg,Bacterial gill disease,fish,train,True,0,train,6.8,33.43,2.58,28.81,0.282,46.45,12.957314118937523,0.23792795741297373,2.364
C:\Users\Asus\PycharmProjects\AquaVision_v1\datasets\fish\New Dataset\train_split\Bacterial gill disease\Bacterial gill disease_aug_81.jpg,Bacterial gill disease,fish,train,True,2,val,5.71,32.27,2.86,22.06,0.036,42.92,11.283177331547794,0.0023832053080417932,1.623
C:\Users\Asus\PycharmProjects\AquaVision_v1\datasets\fish\New Dataset\train_split\Bacterial gill disease\Bacterial gill disease_aug_82.jpg,Bacterial gill disease,fish,train,True,3,train,6.82,27.18,2.36,28.51,0.086,37.55,11.516900352117153,0.06177430883395185,1.64
C:\Users\Asus\PycharmProjects\AquaVision_v1\datasets\fish\New Dataset\train_split\Bacterial gill disease\Bacterial gill disease_aug_83.jpg,Bacterial gill disease,fish,train,True,2,,,,,,,,,,
C:\Users\Asus\PycharmProjects\AquaVision_v1\datasets\fish\New Dataset\train_split\Bacterial gill disease\Bacterial gill disease_aug_85.jpg,Bacterial gill disease,fish,train,True,0,val,5.69,28.56,3.76,22.77,0.937,29.02,7.595724479456171,0.052427335388198305,4.963
C:\Users\Asus\PycharmProjects\AquaVision_v1\datasets\fish\New Dataset\train_split\Bacterial gill disease\Bacterial gill disease_aug_89.jpg,Bacterial gill disease,fish,train,True,0,train,6.12,29.98,4.0,23.49,0.016,56.28,7.494981262546845,0.00252936556940295,1.0779999999999998
C:\Users\Asus\PycharmProjects\AquaVision_v1\datasets\fish\New Dataset\train_split\Bacterial gill disease\Bacterial gill disease_aug_94.jpg,Bacterial gill disease,fish,train,True,2,train,6.09,30.73,4.18,23.69,0.363,54.37,7.351657053452026,0.05489454334289761,2.4210000000000003
C:\Users\Asus\PycharmProjects\AquaVision_v1\datasets\fish\New Dataset\train_split\Bacterial gill disease\Bacterial gill disease_aug_96.jpg,Bacterial gill disease,fish,train,True,0,train,5.75,35.25,2.88,30.73,0.235,33.46,12.239540834927658,0.018633179810182216,2.401
C:\Users\Asus\PycharmProjects\AquaVision_v1\datasets\fish\New Dataset\train_split\Bacterial gill disease\Bacterial gill disease_aug_97.jpg,Bacterial gill disease,fish,train,True,0,train,6.38,29.39,1.87,30.01,0.161,53.61,15.716493494687192,0.04540309447154893,2.2190000000000003
C:\Users\Asus\PycharmProjects\AquaVision_v1\datasets\fish\New Dataset\train_split\Bacterial gill disease\Bacterial gill disease_aug_98.jpg,Bacterial gill disease,fish,train,True,2,train,5.02,35.87,4.02,25.38,0.066,45.27,8.922863375961752,0.0009915972268906633,1.602
C:\Users\Asus\PycharmProjects\AquaVision_v1\datasets\fish\New Dataset\train_split\Bacterial Red disease\Bacterial Red disease_100.jpg,Bacterial Red disease,fish,train,False,3,train,5.54,29.6,1.57,28.19,0.075,34.0,18.853383099470705,0.0030790232320184814,2.217
C:\Users\Asus\PycharmProjects\AquaVision_v1\datasets\fish\New Dataset\train_split\Bacterial Red disease\Bacterial Red disease_101.jpg,Bacterial Red disease,fish,train,False,1,train,6.04,32.01,3.77,28.91,0.413,41.76,8.49069365863751,0.05798233718071362,2.7590000000000003
C:\Users\Asus\PycharmProjects\AquaVision_v1\datasets\fish\New Dataset\train_split\Bacterial Red disease\Bacterial Red disease_102.jpg,Bacterial Red disease,fish,train,False,2,train,4.0,28.94,2.41,32.78,0.26,62.18,12.008248928427683,0.000300976,3.167
C:\Users\Asus\PycharmProjects\AquaVision_v1\datasets\fish\New Dataset\train_split\Bacterial Red disease\Bacterial Red disease_11.jpg,Bacterial Red disease,fish,train,False,2,train,6.23,26.64,2.76,23.63,0.294,46.35,9.652138941525575,0.05320366402025916,2.529
C:\Users\Asus\PycharmProjects\AquaVision_v1\datasets\fish\New Dataset\train_split\Bacterial Red disease\Bacterial Red disease_112.jpg,Bacterial Red disease,fish,train,False,1,train,4.68,36.11,3.44,24.89,0.506,49.26,10.49706250853922,0.003498146525075141,3.638000000000001
C:\Users\Asus\PycharmProjects\AquaVision_v1\datasets\fish\New Dataset\train_split\Bacterial Red disease\Bacterial Red disease_114.jpg,Bacterial Red disease,fish,train,False,4,train,6.76,29.48,2.88,25.25,0.716,30.67,10.236075569182052,0.48584808226131015,4.022
C:\Users\Asus\PycharmProjects\AquaVision_v1\datasets\fish\New Dataset\train_split\Bacterial Red disease\Bacterial Red disease_115.jpg,Bacterial Red disease,fish,train,False,1,train,6.41,33.05,3.46,25.87,0.08,31.03,9.55199551446383,0.027184505798563508,1.409
C:\Users\Asus\PycharmProjects\AquaVision_v1\datasets\fish\New Dataset\train_split\Bacterial Red disease\Bacterial Red disease_116.jpg,Bacterial Red disease,fish,train,False,2,train,6.83,28.75,2.43,32.32,0.453,54.43,11.831227031987522,0.35220542603045296,3.0840000000000005
C:\Users\Asus\PycharmProjects\AquaVision_v1\datasets\fish\New Dataset\train_split\Bacterial Red disease\Bacterial Red disease_119.jpg,Bacterial Red disease,fish,train,False,4,train,6.39,33.68,2.5,29.39,0.263,39.58,13.471946112215551,0.0869736752868459,2.4350000000000005
C:\Users\Asus\PycharmProjects\AquaVision_v1\datasets\fish\New Dataset\train_split\Bacterial Red disease\Bacterial Red disease_122.jpg,Bacterial Red disease,fish,train,False,2,train,6.06,32.35,3.9,25.33,0.139,44.39,8.294850526024293,0.020651379928415817,1.6180000000000003
C:\Users\Asus\PycharmProjects\AquaVision_v1\datasets\fish\New Dataset\train_split\Bacterial Red disease\Bacterial Red disease_123.jpg,Bacterial Red disease,fish,train,False,4,train,6.22,32.52,3.41,20.2,0.017,44.32,9.536628924841862,0.003669944103631123,1.229
C:\Users\Asus\PycharmProjects\AquaVision_v1\datasets\fish\New Dataset\train_split\Bacterial Red disease\Bacterial Red disease_125.jpg,Bacterial Red disease,fish,train,False,1,train,6.24,34.42,2.33,33.02,0.078,54.46,14.772468787687606,0.018662312611972702,1.791
C:\Users\Asus\PycharmProjects\AquaVision_v1\datasets\fish\New Dataset\train_split\Bacterial Red disease\Bacterial Red disease_126.jpg,Bacterial Red disease,fish,train,False,3,train,6.31,28.89,3.28,26.07,0.509,43.74,8.807899975914708,0.12009510757497939,3.2090000000000005
C:\Users\Asus\PycharmProjects\AquaVision_v1\datasets\fish\New Dataset\train_split\Bacterial Red disease\Bacterial Red disease_127.jpg,Bacterial Red disease,fish,train,False,3,val,6.68,31.57,2.75,25.79,0.137,51.96,11.479958254697255,0.08280472904014874,1.7690000000000001
C:\Users\Asus\PycharmProjects\AquaVision_v1\datasets\fish\New Dataset\train_split\Bacterial Red disease\Bacterial Red disease_128.jpg,Bacterial Red disease,fish,train,False,0,train,5.9,32.25,2.11,28.89,0.027,42.87,15.284287752190748,0.002766645241544675,1.755
C:\Users\Asus\PycharmProjects\AquaVision_v1\datasets\fish\New Dataset\train_split\Bacterial Red disease\Bacterial Red disease_13.jpg,Bacterial Red disease,fish,train,False,4,train,6.81,28.8,3.28,29.92,0.052,59.97,8.780461035179771,0.038677270936091974,1.2310000000000003
C:\Users\Asus\PycharmProjects\AquaVision_v1\datasets\fish\New Dataset\train_split\Bacterial Red disease\Bacterial Red disease_134.jpg,Bacterial Red disease,fish,train,False,1,train,5.07,33.97,4.68,31.37,0.058,56.63,7.258531498864319,0.0009259414626380636,1.357
C:\Users\Asus\PycharmProjects\AquaVision_v1\datasets\fish\New Dataset\train_split\Bacterial Red disease\Bacterial Red disease_135.jpg,Bacterial Red disease,fish,train,False,2,train,6.61,32.04,3.29,29.55,0.051,63.67,9.73857222318473,0.026627026765721314,1.2839999999999998
C:\Users\Asus\PycharmProjects\AquaVision_v1\datasets\fish\New Dataset\train_split\Bacterial Red disease\Bacterial Red disease_136.jpg,Bacterial Red disease,fish,train,False,2,train,6.85,33.11,3.61,26.16,0.256,52.57,9.171719745928682,0.240026469590618,1.936
C:\Users\Asus\PycharmProjects\AquaVision_v1\datasets\fish\New Dataset\train_split\Bacterial Red disease\Bacterial Red disease_137.jpg,Bacterial Red disease,fish,train,False,4,val,5.38,31.71,2.52,30.21,0.067,53.64,12.58328339966905,0.0020385953819044953,1.948
C:\Users\Asus\PycharmProjects\AquaVision_v1\datasets\fish\New Dataset\train_split\Bacterial Red disease\Bacterial Red disease_143.jpg,Bacterial Red disease,fish,train,False,1,val,6.09,32.05,2.74,31.52,0.04,45.01,11.697037602052545,0.006308818256725889,1.561
C:\Users\Asus\PycharmProjects\AquaVision_v1\datasets\fish\New Dataset\train_split\Bacterial Red disease\Bacterial Red disease_145.jpg,Bacterial Red disease,fish,train,False,1,train,5.75,29.85,3.89,34.71,0.351,39.92,7.673502124673202,0.023567387533932418,2.562
C:\Users\Asus\PycharmProjects\AquaVision_v1\datasets\fish\New Dataset\train_split\Bacterial Red disease\Bacterial Red disease_146.jpg,Bacterial Red disease,fish,train,False,2,train,4.98,28.6,2.12,21.67,0.617,49.13,13.49050240329055,0.006740796068580593,4.388
C:\Users\Asus\PycharmProjects\AquaVision_v1\datasets\fish\New Dataset\train_split\Bacterial Red disease\Bacterial Red disease_148.jpg,Bacterial Red disease,fish,train,False,4,train,6.51,31.66,3.73,27.72,0.282,35.72,8.487912901037799,0.11556332001226204,2.106
C:\Users\Asus\PycharmProjects\AquaVision_v1\datasets\fish\New Dataset\train_split\Bacterial Red disease\Bacterial Red disease_150.jpg,Bacterial Red disease,fish,train,False,4,train,5.75,30.56,2.47,26.33,0.035,48.44,12.37241954486014,0.00240592112569439,1.724
C:\Users\Asus\PycharmProjects\AquaVision_v1\datasets\fish\New Dataset\train_split\Bacterial Red disease\Bacterial Red disease_151.jpg,Bacterial Red disease,fish,train,False,2,train,5.81,33.69,3.6,36.3,0.283,55.34,9.358307338035171,0.024623366985032952,2.359
C:\Users\Asus\PycharmProjects\AquaVision_v1\datasets\fish\New Dataset\train_split\Bacterial Red disease\Bacterial Red disease_152.jpg,Bacterial Red disease,fish,train,False,1,train,6.98,30.87,2.76,28.67,0.447,54.45,11.184742084267812,0.5271135058130139,2.916
C:\Users\Asus\PycharmProjects\AquaVision_v1\datasets\fish\New Dataset\train_split\Bacterial Red disease\Bacterial Red disease_153.jpg,Bacterial Red disease,fish,train,False,2,train,6.4,28.8,3.79,25.45,0.028,46.27,7.598924541096197,0.008102340873477309,1.105
C:\Users\Asus\PycharmProjects\AquaVision_v1\datasets\fish\New Dataset\train_split\Bacterial Red disease\Bacterial Red disease_154.jpg,Bacterial Red disease,fish,train,False,0,train,6.15,28.4,4.76,20.72,0.359,39.02,5.966374020222647,0.057606671159823056,2.2129999999999996
C:\Users\Asus\PycharmProjects\AquaVision_v1\datasets\fish\New Dataset\train_split\Bacterial Red disease\Bacterial Red disease_156.jpg,Bacterial Red disease,fish,train,False,4,train,6.32,32.46,3.12,27.77,0.078,47.33,10.403812808292281,0.021159388351146915,1.5299999999999998
C:\Users\Asus\PycharmProjects\AquaVision_v1\datasets\fish\New Dataset\train_split\Bacterial Red disease\Bacterial Red disease_157.jpg,Bacterial Red disease,fish,train,False,0,train,6.53,33.18,2.43,27.68,0.246,42.0,13.654264797264208,0.11062963515087566,2.346
C:\Users\Asus\PycharmProjects\AquaVision_v1\datasets\fish\New Dataset\train_split\Bacterial Red disease\Bacterial Red disease_158.jpg,Bacterial Red disease,fish,train,False,0,train,5.78,32.64,2.34,34.88,0.227,42.56,13.948658339066927,0.01785813075963608,2.5220000000000002
C:\Users\Asus\PycharmProjects\AquaVision_v1\datasets\fish\New Dataset\train_split\Bacterial Red disease\Bacterial Red disease_159.jpg,Bacterial Red disease,fish,train,False,4,train,6.36,33.13,2.22,33.81,0.036,45.14,14.923356201098192,0.010929088128412277,1.6199999999999997
C:\Users\Asus\PycharmProjects\AquaVision_v1\datasets\fish\New Dataset\train_split\Bacterial Red disease\Bacterial Red disease_160.jpg,Bacterial Red disease,fish,train,False,3,val,5.74,30.25,3.85,25.66,0.119,42.46,7.8571224490326,0.007912839042675939,1.649
C:\Users\Asus\PycharmProjects\AquaVision_v1\datasets\fish\New Dataset\train_split\Bacterial Red disease\Bacterial Red disease_162.jpg,Bacterial Red disease,fish,train,False,4,train,5.91,28.06,3.18,25.73,0.018,53.32,8.823871623045209,0.001642177748416653,1.395
C:\Users\Asus\PycharmProjects\AquaVision_v1\datasets\fish\New Dataset\train_split\Bacterial Red disease\Bacterial Red disease_163.jpg,Bacterial Red disease,fish,train,False,3,train,6.1,32.96,3.05,32.77,0.308,37.3,10.806521945829687,0.0511208316976104,2.5370000000000004
C:\Users\Asus\PycharmProjects\AquaVision_v1\datasets\fish\New Dataset\train_split\Bacterial Red disease\Bacterial Red disease_173.jpg,Bacterial Red disease,fish,train,False,1,train,6.43,29.47,3.36,30.18,1.395,23.28,8.770807229740388,0.4426029811482318,6.693
C:\Users\Asus\PycharmProjects\AquaVision_v1\datasets\fish\New Dataset\train_split\Bacterial Red disease\Bacterial Red disease_174.jpg,Bacterial Red disease,fish,train,False,4,train,5.93,34.23,3.54,33.24,0.544,62.3,9.669464210553077,0.0633965741837241,3.3850000000000002
C:\Users\Asus\PycharmProjects\AquaVision_v1\datasets\fish\New Dataset\train_split\Bacterial Red disease\Bacterial Red disease_176.jpg,Bacterial Red disease,fish,train,False,2,train,5.21,28.27,3.0,26.62,0.059,49.89,9.423301922326925,0.0010820262862751518,1.823
C:\Users\Asus\PycharmProjects\AquaVision_v1\datasets\fish\New Dataset\train_split\Bacterial Red disease\Bacterial Red disease_178.jpg,Bacterial Red disease,fish,train,False,3,train,6.14,25.95,4.35,25.95,0.039,33.29,5.9655035275780985,0.005588071579965394,1.0590000000000002
C:\Users\Asus\PycharmProjects\AquaVision_v1\datasets\fish\New Dataset\train_split\Bacterial Red disease\Bacterial Red disease_179.jpg,Bacterial Red disease,fish,train,False,4,train,7.46,30.96,3.12,26.19,0.329,62.26,9.923045118445133,1.1750513378322842,2.192
C:\Users\Asus\PycharmProjects\AquaVision_v1\datasets\fish\New Dataset\train_split\Bacterial Red disease\Bacterial Red disease_18.jpg,Bacterial Red disease,fish,train,False,4,train,6.31,34.15,2.67,25.07,0.247,41.93,12.790214268860415,0.06888864660073879,2.3440000000000003
C:\Users\Asus\PycharmProjects\AquaVision_v1\datasets\fish\New Dataset\train_split\Bacterial Red disease\Bacterial Red disease_181.jpg,Bacterial Red disease,fish,train,False,4,train,6.82,31.97,3.87,25.28,0.057,15.86,8.260960565993368,0.04815900253479052,1.0709999999999997
C:\Users\Asus\PycharmProjects\AquaVision_v1\datasets\fish\New Dataset\train_split\Bacterial Red disease\Bacterial Red disease_182.jpg,Bacterial Red disease,fish,train,False,4,train,4.89,23.92,3.85,28.51,0.403,62.49,6.212970875400324,0.002993134361997037,3.04
C:\Users\Asus\PycharmProjects\AquaVision_v1\datasets\fish\New Dataset\train_split\Bacterial Red disease\Bacterial Red disease_183.jpg,Bacterial Red disease,fish,train,False,2,train,5.87,27.52,3.17,21.53,0.616,42.71,8.681360626622629,0.05026771371924149,3.8020000000000005
C:\Users\Asus\PycharmProjects\AquaVision_v1\datasets\fish\New Dataset\train_split\Bacterial Red disease\Bacterial Red disease_184.jpg,Bacterial Red disease,fish,train,False,2,train,6.13,32.56,3.76,36.62,0.035,37.0,8.6595514373632,0.006149112404005793,1.223
C:\Users\Asus\PycharmProjects\AquaVision_v1\datasets\fish\New Dataset\train_split\Bacterial Red disease\Bacterial Red disease_185.jpg,Bacterial Red disease,fish,train,False,0,train,5.95,34.7,2.97,25.74,0.13,40.29,11.683462345244628,0.016081731927685312,1.8939999999999997
C:\Users\Asus\PycharmProjects\AquaVision_v1\datasets\fish\New Dataset\train_split\Bacterial Red disease\Bacterial Red disease_187.jpg,Bacterial Red disease,fish,train,False,1,val,5.71,35.16,2.52,28.14,1.043,32.65,13.952325586009577,0.075230364521461,5.753
C:\Users\Asus\PycharmProjects\AquaVision_v1\datasets\fish\New Dataset\train_split\Bacterial Red disease\Bacterial Red disease_189.jpg,Bacterial Red disease,fish,train,False,2,train,6.67,32.2,2.36,31.29,0.375,35.37,13.644009983008548,0.2259160732417167,2.841
C:\Users\Asus\PycharmProjects\AquaVision_v1\datasets\fish\New Dataset\train_split\Bacterial Red disease\Bacterial Red disease_19.jpg,Bacterial Red disease,fish,train,False,0,val,6.62,31.63,3.01,25.69,0.071,53.98,10.508270736642071,0.03744704322163346,1.4449999999999998
C:\Users\Asus\PycharmProjects\AquaVision_v1\datasets\fish\New Dataset\train_split\Bacterial Red disease\Bacterial Red disease_192.jpg,Bacterial Red disease,fish,train,False,2,train,6.78,29.01,2.44,22.23,0.005,40.17,11.889295535674036,0.0034960507184034263,1.304
C:\Users\Asus\PycharmProjects\AquaVision_v1\datasets\fish\New Dataset\train_split\Bacterial Red disease\Bacterial Red disease_193.jpg,Bacterial Red disease,fish,train,False,1,val,6.05,31.61,3.96,30.11,0.04,49.33,7.982303074992235,0.005674720534477608,1.207
C:\Users\Asus\PycharmProjects\AquaVision_v1\datasets\fish\New Dataset\train_split\Bacterial Red disease\Bacterial Red disease_194.jpg,Bacterial Red disease,fish,train,False,0,train,5.79,31.32,2.82,24.03,0.367,30.55,11.106343594526262,0.02834965701278678,2.9349999999999996
C:\Users\Asus\PycharmProjects\AquaVision_v1\datasets\fish\New Dataset\train_split\Bacterial Red disease\Bacterial Red disease_195.jpg,Bacterial Red disease,fish,train,False,2,val,6.45,30.68,4.33,26.06,0.165,49.9,7.085433982831449,0.0570688722985877,1.476
C:\Users\Asus\PycharmProjects\AquaVision_v1\datasets\fish\New Dataset\train_split\Bacterial Red disease\Bacterial Red disease_196.jpg,Bacterial Red disease,fish,train,False,0,train,6.43,32.02,3.49,28.33,0.013,44.62,9.174758811579336,0.004481513109930469,1.126
C:\Users\Asus\PycharmProjects\AquaVision_v1\datasets\fish\New Dataset\train_split\Bacterial Red disease\Bacterial Red disease_197.jpg,Bacterial Red disease,fish,train,False,1,train,7.53,33.96,3.78,28.45,0.274,24.67,8.984103216658157,1.261183370656611,1.7710000000000004
C:\Users\Asus\PycharmProjects\AquaVision_v1\datasets\fish\New Dataset\train_split\Bacterial Red disease\Bacterial Red disease_198.jpg,Bacterial Red disease,fish,train,False,2,train,7.37,31.53,2.81,34.37,0.166,45.19,11.220600638431891,0.4907858693923269,1.6600000000000001
C:\Users\Asus\PycharmProjects\AquaVision_v1\datasets\fish\New Dataset\train_split\Bacterial Red disease\Bacterial Red disease_199.jpg,Bacterial Red disease,fish,train,False,0,val,5.47,32.18,3.43,31.83,0.043,45.22,9.38189684578179,0.0016334825021229364,1.552
C:\Users\Asus\PycharmProjects\AquaVision_v1\datasets\fish\New Dataset\train_split\Bacterial Red disease\Bacterial Red disease_200.jpg,Bacterial Red disease,fish,train,False,1,train,6.43,27.59,3.76,30.08,0.965,49.96,7.337746442163718,0.28664145862772605,4.853
C:\Users\Asus\PycharmProjects\AquaVision_v1\datasets\fish\New Dataset\train_split\Bacterial Red disease\Bacterial Red disease_201.jpg,Bacterial Red disease,fish,train,False,4,train,7.06,30.29,3.31,23.66,0.198,43.35,9.151029755197113,0.27543837970551316,1.731
C:\Users\Asus\PycharmProjects\AquaVision_v1\datasets\fish\New Dataset\train_split\Bacterial Red disease\Bacterial Red disease_202.jpg,Bacterial Red disease,fish,train,False,4,train,5.6,30.41,2.87,25.86,0.244,47.95,10.595781896230326,0.011815884519175077,2.485
C:\Users\Asus\PycharmProjects\AquaVision_v1\datasets\fish\New Dataset\train_split\Bacterial Red disease\Bacterial Red disease_206.jpg,Bacterial Red disease,fish,train,False,3,train,5.7,32.8,2.18,30.68,0.313,47.61,15.04580254219017,0.020581554461244118,2.9379999999999997
C:\Users\Asus\PycharmProjects\AquaVision_v1\datasets\fish\New Dataset\train_split\Bacterial Red disease\Bacterial Red disease_207.jpg,Bacterial Red disease,fish,train,False,4,train,6.71,28.04,3.0,32.12,0.028,52.97,9.346635511214963,0.016106309191972014,1.2489999999999999
C:\Users\Asus\PycharmProjects\AquaVision_v1\datasets\fish\New Dataset\train_split\Bacterial Red disease\Bacterial Red disease_208.jpg,Bacterial Red disease,fish,train,False,3,train,6.49,31.05,1.34,31.13,0.471,12.25,23.171468869635298,0.18077672027026662,3.585
C:\Users\Asus\PycharmProjects\AquaVision_v1\datasets\fish\New Dataset\train_split\Bacterial Red disease\Bacterial Red disease_209.jpg,Bacterial Red disease,fish,train,False,4,train,5.61,31.7,3.43,21.24,0.169,35.22,9.24195556281177,0.008729833449119899,2.014
C:\Users\Asus\PycharmProjects\AquaVision_v1\datasets\fish\New Dataset\train_split\Bacterial Red disease\Bacterial Red disease_211.jpg,Bacterial Red disease,fish,train,False,2,train,5.79,32.22,1.64,19.8,0.148,52.39,19.646221669380065,0.011761081048306357,2.4130000000000003
C:\Users\Asus\PycharmProjects\AquaVision_v1\datasets\fish\New Dataset\train_split\Bacterial Red disease\Bacterial Red disease_217.jpg,Bacterial Red disease,fish,train,False,0,train,4.33,29.23,5.13,21.62,0.356,51.62,5.697844643577693,0.0008898950779163798,2.636
C:\Users\Asus\PycharmProjects\AquaVision_v1\datasets\fish\New Dataset\train_split\Bacterial Red disease\Bacterial Red disease_218.jpg,Bacterial Red disease,fish,train,False,1,train,5.85,32.89,1.67,30.64,0.013,36.96,19.69449284734822,0.0012107855161165024,1.846
C:\Users\Asus\PycharmProjects\AquaVision_v1\datasets\fish\New Dataset\train_split\Bacterial Red disease\Bacterial Red disease_219.jpg,Bacterial Red disease,fish,train,False,2,train,6.28,30.38,4.26,24.5,0.096,44.71,7.131438658594699,0.02222895229890182,1.272
C:\Users\Asus\PycharmProjects\AquaVision_v1\datasets\fish\New Dataset\train_split\Bacterial Red disease\Bacterial Red disease_22.png,Bacterial Red disease,fish,train,False,0,val,5.3,30.84,3.39,28.34,0.079,52.98,9.097318296996173,0.0019444709174790311,1.759
C:\Users\Asus\PycharmProjects\AquaVision_v1\datasets\fish\New Dataset\train_split\Bacterial Red disease\Bacterial Red disease_222.jpg,Bacterial Red disease,fish,train,False,3,train,6.62,28.03,3.67,30.48,0.178,36.9,7.637581368988096,0.08319612358895534,1.6749999999999998
C:\Users\Asus\PycharmProjects\AquaVision_v1\datasets\fish\New Dataset\train_split\Bacterial Red disease\Bacterial Red disease_223.jpg,Bacterial Red disease,fish,train,False,3,train,5.82,34.38,2.68,24.77,0.005,45.76,12.828310342125588,0.0004542928148500234,1.5199999999999998
C:\Users\Asus\PycharmProjects\AquaVision_v1\datasets\fish\New Dataset\train_split\Bacterial Red disease\Bacterial Red disease_225.jpg,Bacterial Red disease,fish,train,False,3,train,6.51,30.65,4.13,30.12,0.157,36.88,7.421289536829209,0.06228595427312868,1.4860000000000002
C:\Users\Asus\PycharmProjects\AquaVision_v1\datasets\fish\New Dataset\train_split\Bacterial Red disease\Bacterial Red disease_233.jpg,Bacterial Red disease,fish,train,False,2,train,5.93,29.6,3.58,17.5,0.245,70.49,8.26813332923651,0.02468981221217452,2.177
C:\Users\Asus\PycharmProjects\AquaVision_v1\datasets\fish\New Dataset\train_split\Bacterial Red disease\Bacterial Red disease_234.jpg,Bacterial Red disease,fish,train,False,2,train,6.81,36.86,3.9,31.8,0.037,42.24,9.451257817287647,0.03522224602568172,0.9850000000000001
C:\Users\Asus\PycharmProjects\AquaVision_v1\datasets\fish\New Dataset\train_split\Bacterial Red disease\Bacterial Red disease_235.jpg,Bacterial Red disease,fish,train,False,1,train,6.26,29.28,2.12,27.7,0.131,28.15,13.81125560728487,0.02791916075741255,2.06
C:\Users\Asus\PycharmProjects\AquaVision_v1\datasets\fish\New Dataset\train_split\Bacterial Red disease\Bacterial Red disease_236.jpg,Bacterial Red disease,fish,train,False,0,train,6.19,29.69,5.66,33.44,0.206,40.47,5.245573771071077,0.03789111710238157,1.3189999999999997
C:\Users\Asus\PycharmProjects\AquaVision_v1\datasets\fish\New Dataset\train_split\Bacterial Red disease\Bacterial Red disease_237.jpg,Bacterial Red disease,fish,train,False,3,train,5.8,27.65,3.55,25.27,0.036,54.68,7.788710454336748,0.002512219762782336,1.389
C:\Users\Asus\PycharmProjects\AquaVision_v1\datasets\fish\New Dataset\train_split\Bacterial Red disease\Bacterial Red disease_25.jpg,Bacterial Red disease,fish,train,False,0,val,6.7,34.43,2.52,29.9,0.07,40.75,13.662644195856364,0.04831645407060358,1.564
C:\Users\Asus\PycharmProjects\AquaVision_v1\datasets\fish\New Dataset\train_split\Bacterial Red disease\Bacterial Red disease_250.jpg,Bacterial Red disease,fish,train,False,3,train,6.4,29.07,4.49,28.91,0.024,51.36,6.474373108300427,0.007009971702142422,0.8789999999999998
C:\Users\Asus\PycharmProjects\AquaVision_v1\datasets\fish\New Dataset\train_split\Bacterial Red disease\Bacterial Red disease_251.jpg,Bacterial Red disease,fish,train,False,4,train,5.61,27.95,2.74,27.5,0.172,42.46,10.20069269820183,0.00783375979006197,2.2329999999999997
C:\Users\Asus\PycharmProjects\AquaVision_v1\datasets\fish\New Dataset\train_split\Bacterial Red disease\Bacterial Red disease_26.jpg,Bacterial Red disease,fish,train,False,0,train,5.52,32.68,3.68,26.43,0.117,34.82,8.880410651058012,0.0050643988434239,1.7580000000000002
C:\Users\Asus\PycharmProjects\AquaVision_v1\datasets\fish\New Dataset\train_split\Bacterial Red disease\Bacterial Red disease_27.jpg,Bacterial Red disease,fish,train,False,2,train,6.49,33.32,2.8,23.39,0.028,36.04,11.899957500151785,0.011532488106871524,1.375
C:\Users\Asus\PycharmProjects\AquaVision_v1\datasets\fish\New Dataset\train_split\Bacterial Red disease\Bacterial Red disease_28.jpg,Bacterial Red disease,fish,train,False,3,train,6.28,29.7,4.26,31.31,0.202,46.58,6.9718146201534745,0.04572648412539485,1.696
C:\Users\Asus\PycharmProjects\AquaVision_v1\datasets\fish\New Dataset\train_split\Bacterial Red disease\Bacterial Red disease_29.jpg,Bacterial Red disease,fish,train,False,3,train,6.74,30.06,4.28,33.17,0.504,45.98,7.023348076289541,0.33302704515010967,2.76
C:\Users\Asus\PycharmProjects\AquaVision_v1\datasets\fish\New Dataset\train_split\Bacterial Red disease\Bacterial Red disease_3.png,Bacterial Red disease,fish,train,False,1,val,5.56,32.47,4.33,29.79,0.318,39.99,7.498827947279568,0.01499579172562595,2.3550000000000004
C:\Users\Asus\PycharmProjects\AquaVision_v1\datasets\fish\New Dataset\train_split\Bacterial Red disease\Bacterial Red disease_30.jpg,Bacterial Red disease,fish,train,False,0,val,5.33,30.64,4.08,19.23,0.242,54.7,7.509785515231581,0.006341092935283326,2.195
C:\Users\Asus\PycharmProjects\AquaVision_v1\datasets\fish\New Dataset\train_split\Bacterial Red disease\Bacterial Red disease_32.png,Bacterial Red disease,fish,train,False,4,train,6.38,31.01,4.18,31.93,0.108,31.0,7.418642539132683,0.032135533409719176,1.314
C:\Users\Asus\PycharmProjects\AquaVision_v1\datasets\fish\New Dataset\train_split\Bacterial Red disease\Bacterial Red disease_33.jpg,Bacterial Red disease,fish,train,False,1,train,6.15,29.18,4.6,32.16,0.074,55.24,6.343464470729413,0.012200482283419231,1.121
C:\Users\Asus\PycharmProjects\AquaVision_v1\datasets\fish\New Dataset\train_split\Bacterial Red disease\Bacterial Red disease_35.jpg,Bacterial Red disease,fish,train,False,4,train,5.86,31.6,4.2,31.16,0.058,54.7,7.523791610019977,0.0053109849105017716,1.2639999999999998
C:\Users\Asus\PycharmProjects\AquaVision_v1\datasets\fish\New Dataset\train_split\Bacterial Red disease\Bacterial Red disease_37.jpg,Bacterial Red disease,fish,train,False,1,train,5.98,33.65,3.16,30.01,0.039,50.23,10.648700478795952,0.00501313808106093,1.464
C:\Users\Asus\PycharmProjects\AquaVision_v1\datasets\fish\New Dataset\train_split\Bacterial Red disease\Bacterial Red disease_38.jpg,Bacterial Red disease,fish,train,False,4,train,6.02,29.36,3.01,24.24,0.382,56.19,9.754120418204591,0.046976364692943244,2.8690000000000007
C:\Users\Asus\PycharmProjects\AquaVision_v1\datasets\fish\New Dataset\train_split\Bacterial Red disease\Bacterial Red disease_40.jpg,Bacterial Red disease,fish,train,False,1,train,7.02,30.8,2.39,19.66,0.118,49.39,12.886975368303897,0.15222735980144741,1.699
C:\Users\Asus\PycharmProjects\AquaVision_v1\datasets\fish\New Dataset\train_split\Bacterial Red disease\Bacterial Red disease_43.jpg,Bacterial Red disease,fish,train,False,1,train,4.75,31.97,1.42,23.21,0.081,53.87,22.513925958267897,0.0005824888901892689,2.5229999999999997
C:\Users\Asus\PycharmProjects\AquaVision_v1\datasets\fish\New Dataset\train_split\Bacterial Red disease\Bacterial Red disease_44.png,Bacterial Red disease,fish,train,False,4,train,6.44,35.09,3.02,28.28,0.241,75.15,11.619166823950914,0.09316663333293144,2.176
C:\Users\Asus\PycharmProjects\AquaVision_v1\datasets\fish\New Dataset\train_split\Bacterial Red disease\Bacterial Red disease_45.jpg,Bacterial Red disease,fish,train,False,3,val,6.48,30.71,3.65,25.37,0.01,44.51,8.413675578971016,0.00370970869334184,1.0509999999999997
C:\Users\Asus\PycharmProjects\AquaVision_v1\datasets\fish\New Dataset\train_split\Bacterial Red disease\Bacterial Red disease_49.jpg,Bacterial Red disease,fish,train,False,2,train,6.53,38.78,3.85,24.61,0.046,43.28,10.072701109867246,0.024178292530144044,1.1199999999999999
C:\Users\Asus\PycharmProjects\AquaVision_v1\datasets\fish\New Dataset\train_split\Bacterial Red disease\Bacterial Red disease_5.jpg,Bacterial Red disease,fish,train,False,2,train,5.28,32.83,2.18,32.19,0.135,49.88,15.05956394695437,0.003378038870019606,2.352
C:\Users\Asus\PycharmProjects\AquaVision_v1\datasets\fish\New Dataset\train_split\Bacterial Red disease\Bacterial Red disease_52.jpg,Bacterial Red disease,fish,train,False,3,val,7.06,32.83,3.21,27.05,0.01,52.87,10.227382469213492,0.01507755335749705,1.0090000000000001
C:\Users\Asus\PycharmProjects\AquaVision_v1\datasets\fish\New Dataset\train_split\Bacterial Red disease\Bacterial Red disease_56.png,Bacterial Red disease,fish,train,False,0,train,6.18,25.74,4.83,28.62,0.017,48.98,5.329181513081753,0.002649216524362862,0.8150000000000001
C:\Users\Asus\PycharmProjects\AquaVision_v1\datasets\fish\New Dataset\train_split\Bacterial Red disease\Bacterial Red disease_62.jpg,Bacterial Red disease,fish,train,False,3,train,5.99,27.0,5.02,23.06,0.11,45.14,5.378475341682587,0.011609578184955036,1.187
C:\Users\Asus\PycharmProjects\AquaVision_v1\datasets\fish\New Dataset\train_split\Bacterial Red disease\Bacterial Red disease_63.jpg,Bacterial Red disease,fish,train,False,3,train,5.34,27.91,4.2,30.92,0.859,50.38,6.645222273280302,0.020980362691234836,4.624
C:\Users\Asus\PycharmProjects\AquaVision_v1\datasets\fish\New Dataset\train_split\Bacterial Red disease\Bacterial Red disease_64.jpg,Bacterial Red disease,fish,train,False,2,val,6.53,36.99,4.95,25.25,0.204,36.26,7.472712176339038,0.10227617793840713,1.422
C:\Users\Asus\PycharmProjects\AquaVision_v1\datasets\fish\New Dataset\train_split\Bacterial Red disease\Bacterial Red disease_68.png,Bacterial Red disease,fish,train,False,0,train,6.68,30.57,2.55,31.31,1.168,55.71,11.988188281614583,0.6835940482099983,5.953
C:\Users\Asus\PycharmProjects\AquaVision_v1\datasets\fish\New Dataset\train_split\Bacterial Red disease\Bacterial Red disease_69.jpg,Bacterial Red disease,fish,train,False,3,train,4.86,30.94,4.1,27.25,0.288,42.78,7.5463230577486415,0.002582098399263768,2.5140000000000002
C:\Users\Asus\PycharmProjects\AquaVision_v1\datasets\fish\New Dataset\train_split\Bacterial Red disease\Bacterial Red disease_7.jpg,Bacterial Red disease,fish,train,False,1,train,6.27,27.96,2.3,30.84,0.012,45.19,12.156468884917892,0.0024990699043724984,1.5270000000000001
C:\Users\Asus\PycharmProjects\AquaVision_v1\datasets\fish\New Dataset\train_split\Bacterial Red disease\Bacterial Red disease_70.jpg,Bacterial Red disease,fish,train,False,0,train,5.92,33.62,2.93,22.64,0.122,46.43,11.47436356872502,0.013646382216422235,1.883
C:\Users\Asus\PycharmProjects\AquaVision_v1\datasets\fish\New Dataset\train_split\Bacterial Red disease\Bacterial Red disease_71.jpg,Bacterial Red disease,fish,train,False,4,train,6.24,30.95,3.43,23.28,0.737,42.8,9.023297308171113,0.15855799029559034,4.097
C:\Users\Asus\PycharmProjects\AquaVision_v1\datasets\fish\New Dataset\train_split\Bacterial Red disease\Bacterial Red disease_72.jpg,Bacterial Red disease,fish,train,False,3,train,6.47,27.11,3.36,28.4,0.533,60.44,8.068428367772714,0.17057552551166155,3.2330000000000005
C:\Users\Asus\PycharmProjects\AquaVision_v1\datasets\fish\New Dataset\train_split\Bacterial Red disease\Bacterial Red disease_75.jpg,Bacterial Red disease,fish,train,False,4,train,7.11,28.52,6.8,28.34,0.078,34.31,4.194111479247825,0.11463153690857922,0.42899999999999994
C:\Users\Asus\PycharmProjects\AquaVision_v1\datasets\fish\New Dataset\train_split\Bacterial Red disease\Bacterial Red disease_80.jpg,Bacterial Red disease,fish,train,False,1,train,5.93,27.52,4.56,27.54,0.077,41.54,6.03507448448578,0.007214382193889451,1.2110000000000003
C:\Users\Asus\PycharmProjects\AquaVision_v1\datasets\fish\New Dataset\train_split\Bacterial Red disease\Bacterial Red disease_83.jpg,Bacterial Red disease,fish,train,False,3,train,5.64,31.17,4.02,30.01,0.261,45.32,7.75371205544265,0.014204871224526707,2.1960000000000006
C:\Users\Asus\PycharmProjects\AquaVision_v1\datasets\fish\New Dataset\train_split\Bacterial Red disease\Bacterial Red disease_84.jpg,Bacterial Red disease,fish,train,False,0,train,6.54,28.32,1.16,26.08,0.244,70.39,24.413582641528954,0.0958391750230012,2.716
C:\Users\Asus\PycharmProjects\AquaVision_v1\datasets\fish\New Dataset\train_split\Bacterial Red disease\Bacterial Red disease_85.jpg,Bacterial Red disease,fish,train,False,4,train,6.02,32.3,4.54,25.64,0.231,37.65,7.114521774181114,0.031251760942288674,1.806
C:\Users\Asus\PycharmProjects\AquaVision_v1\datasets\fish\New Dataset\train_split\Bacterial Red disease\Bacterial Red disease_88.jpg,Bacterial Red disease,fish,train,False,3,train,5.11,30.36,3.14,30.76,0.056,38.16,9.668759016691029,0.0008760921431226401,1.799
C:\Users\Asus\PycharmProjects\AquaVision_v1\datasets\fish\New Dataset\train_split\Bacterial Red disease\Bacterial Red disease_93.jpg,Bacterial Red disease,fish,train,False,0,val,5.94,30.96,3.32,28.39,0.482,41.63,9.325273116647239,0.051988583132437656,3.2
C:\Users\Asus\PycharmProjects\AquaVision_v1\datasets\fish\New Dataset\train_split\Bacterial Red disease\Bacterial Red disease_95.jpg,Bacterial Red disease,fish,train,False,2,train,6.18,31.98,3.56,21.67,0.467,45.5,8.983120833930242,0.09041809053828115,2.9960000000000004
C:\Users\Asus\PycharmProjects\AquaVision_v1\datasets\fish\New Dataset\train_split\Bacterial Red disease\Bacterial Red disease_97.jpg,Bacterial Red disease,fish,train,False,4,train,5.68,29.35,2.74,30.15,0.017,40.75,10.7116397385411,0.0009552499382575211,1.592
C:\Users\Asus\PycharmProjects\AquaVision_v1\datasets\fish\New Dataset\train_split\Bacterial Red disease\Bacterial Red disease_98.jpg,Bacterial Red disease,fish,train,False,4,train,6.73,33.27,3.3,27.5,0.277,42.89,10.081787630946573,0.19796689034684067,2.149
C:\Users\Asus\PycharmProjects\AquaVision_v1\datasets\fish\New Dataset\train_split\Bacterial Red disease\Bacterial Red disease_aug_0.jpg,Bacterial Red disease,fish,train,True,3,,,,,,,,,,
C:\Users\Asus\PycharmProjects\AquaVision_v1\datasets\fish\New Dataset\train_split\Bacterial Red disease\Bacterial Red disease_aug_1.jpg,Bacterial Red disease,fish,train,True,3,train,7.47,28.87,3.61,25.88,0.855,44.61,7.997207763967413,2.9138882347859605,4.146
C:\Users\Asus\PycharmProjects\AquaVision_v1\datasets\fish\New Dataset\train_split\Bacterial Red disease\Bacterial Red disease_aug_100.jpg,Bacterial Red disease,fish,train,True,2,train,5.05,31.34,5.53,27.26,0.102,33.7,5.667259191213036,0.0014346935809991996,1.284
C:\Users\Asus\PycharmProjects\AquaVision_v1\datasets\fish\New Dataset\train_split\Bacterial Red disease\Bacterial Red disease_aug_102.jpg,Bacterial Red disease,fish,train,True,3,train,6.04,31.04,3.84,31.89,0.114,35.08,8.083312283040929,0.015519815542977718,1.5420000000000003
C:\Users\Asus\PycharmProjects\AquaVision_v1\datasets\fish\New Dataset\train_split\Bacterial Red disease\Bacterial Red disease_aug_103.jpg,Bacterial Red disease,fish,train,True,1,train,5.77,29.96,2.4,30.2,0.122,63.01,12.483281319661168,0.008609176886253275,2.087
C:\Users\Asus\PycharmProjects\AquaVision_v1\datasets\fish\New Dataset\train_split\Bacterial Red disease\Bacterial Red disease_aug_104.jpg,Bacterial Red disease,fish,train,True,2,val,6.03,31.04,3.37,26.21,0.632,37.13,9.210655161260648,0.08408117694500643,3.758
C:\Users\Asus\PycharmProjects\AquaVision_v1\datasets\fish\New Dataset\train_split\Bacterial Red disease\Bacterial Red disease_aug_106.jpg,Bacterial Red disease,fish,train,True,0,train,5.82,30.08,2.48,24.33,0.159,62.31,12.128983350873584,0.012639647070619564,2.196
C:\Users\Asus\PycharmProjects\AquaVision_v1\datasets\fish\New Dataset\train_split\Bacterial Red disease\Bacterial Red disease_aug_107.jpg,Bacterial Red disease,fish,train,True,2,train,4.99,29.93,4.02,26.65,0.346,39.14,7.445255111305695,0.004048021467211908,2.731
C:\Users\Asus\PycharmProjects\AquaVision_v1\datasets\fish\New Dataset\train_split\Bacterial Red disease\Bacterial Red disease_aug_11.jpg,Bacterial Red disease,fish,train,True,0,train,5.89,31.37,3.82,37.53,0.114,53.27,8.212020387381186,0.011103997654180775,1.5930000000000002
C:\Users\Asus\PycharmProjects\AquaVision_v1\datasets\fish\New Dataset\train_split\Bacterial Red disease\Bacterial Red disease_aug_110.jpg,Bacterial Red disease,fish,train,True,3,val,5.48,31.16,3.29,23.69,0.689,52.6,9.471095832535463,0.025934427309489534,4.175
C:\Users\Asus\PycharmProjects\AquaVision_v1\datasets\fish\New Dataset\train_split\Bacterial Red disease\Bacterial Red disease_aug_112.jpg,Bacterial Red disease,fish,train,True,4,train,5.86,31.73,2.79,25.94,0.174,33.01,11.372719094196794,0.015998501697172898,2.151
C:\Users\Asus\PycharmProjects\AquaVision_v1\datasets\fish\New Dataset\train_split\Bacterial Red disease\Bacterial Red disease_aug_114.jpg,Bacterial Red disease,fish,train,True,0,train,5.97,28.68,5.55,23.71,0.426,49.44,5.16755825665179,0.0456088096230455,2.2980000000000005
C:\Users\Asus\PycharmProjects\AquaVision_v1\datasets\fish\New Dataset\train_split\Bacterial Red disease\Bacterial Red disease_aug_117.jpg,Bacterial Red disease,fish,train,True,3,train,5.82,35.52,3.6,23.78,0.274,42.43,9.866639259335392,0.025720743075459893,2.3200000000000003
C:\Users\Asus\PycharmProjects\AquaVision_v1\datasets\fish\New Dataset\train_split\Bacterial Red disease\Bacterial Red disease_aug_119.jpg,Bacterial Red disease,fish,train,True,4,train,5.26,34.01,3.34,31.35,0.022,60.81,10.182604243699869,0.0005446146305716643,1.558
C:\Users\Asus\PycharmProjects\AquaVision_v1\datasets\fish\New Dataset\train_split\Bacterial Red disease\Bacterial Red disease_aug_12.jpg,Bacterial Red disease,fish,train,True,0,train,5.91,33.43,3.19,25.6,0.572,29.41,10.47959097306905,0.062171650467477045,3.6079999999999997
C:\Users\Asus\PycharmProjects\AquaVision_v1\datasets\fish\New Dataset\train_split\Bacterial Red disease\Bacterial Red disease_aug_122.jpg,Bacterial Red disease,fish,train,True,1,train,5.8,29.97,2.61,21.49,0.106,65.23,11.482714625614461,0.008017751644366267,1.951
C:\Users\Asus\PycharmProjects\AquaVision_v1\datasets\fish\New Dataset\train_split\Bacterial Red disease\Bacterial Red disease_aug_123.jpg,Bacterial Red disease,fish,train,True,1,train,6.26,32.04,4.15,24.73,0.041,41.37,7.7204633241847604,0.00956172734361767,1.0909999999999997
C:\Users\Asus\PycharmProjects\AquaVision_v1\datasets\fish\New Dataset\train_split\Bacterial Red disease\Bacterial Red disease_aug_124.jpg,Bacterial Red disease,fish,train,True,0,train,5.58,27.66,3.78,33.16,0.266,70.88,7.317440959150902,0.011189065179169237,2.306
C:\Users\Asus\PycharmProjects\AquaVision_v1\datasets\fish\New Dataset\train_split\Bacterial Red disease\Bacterial Red disease_aug_126.jpg,Bacterial Red disease,fish,train,True,2,train,5.85,32.96,2.02,22.95,0.196,51.77,16.316750907173727,0.018293772153788114,2.473
C:\Users\Asus\PycharmProjects\AquaVision_v1\datasets\fish\New Dataset\train_split\Bacterial Red disease\Bacterial Red disease_aug_127.jpg,Bacterial Red disease,fish,train,True,1,val,5.45,35.05,3.53,23.13,0.414,58.63,9.929150342350304,0.016358683680279647,3.012
C:\Users\Asus\PycharmProjects\AquaVision_v1\datasets\fish\New Dataset\train_split\Bacterial Red disease\Bacterial Red disease_aug_128.jpg,Bacterial Red disease,fish,train,True,2,train,7.04,32.14,2.0,24.33,0.154,65.14,16.069919650401747,0.21708338482009856,1.9540000000000002
C:\Users\Asus\PycharmProjects\AquaVision_v1\datasets\fish\New Dataset\train_split\Bacterial Red disease\Bacterial Red disease_aug_129.jpg,Bacterial Red disease,fish,train,True,4,val,6.44,30.48,2.95,31.43,0.486,50.54,10.332168365530963,0.16319664386634095,3.177
C:\Users\Asus\PycharmProjects\AquaVision_v1\datasets\fish\New Dataset\train_split\Bacterial Red disease\Bacterial Red disease_aug_13.jpg,Bacterial Red disease,fish,train,True,3,train,6.02,28.87,2.59,24.09,0.37,64.07,11.146675109362512,0.04474128974969957,2.947
C:\Users\Asus\PycharmProjects\AquaVision_v1\datasets\fish\New Dataset\train_split\Bacterial Red disease\Bacterial Red disease_aug_130.jpg,Bacterial Red disease,fish,train,True,4,train,5.24,29.36,2.99,21.96,0.677,42.79,9.819365152624906,0.01381671219552772,4.289
C:\Users\Asus\PycharmProjects\AquaVision_v1\datasets\fish\New Dataset\train_split\Bacterial Red disease\Bacterial Red disease_aug_131.jpg,Bacterial Red disease,fish,train,True,4,train,6.23,28.0,4.07,28.84,0.162,28.9,6.879589976437405,0.030812932830265927,1.6079999999999997
C:\Users\Asus\PycharmProjects\AquaVision_v1\datasets\fish\New Dataset\train_split\Bacterial Red disease\Bacterial Red disease_aug_132.jpg,Bacterial Red disease,fish,train,True,1,train,5.68,29.65,3.0,29.02,1.785,56.93,9.883300388998702,0.10132646917479478,8.586
C:\Users\Asus\PycharmProjects\AquaVision_v1\datasets\fish\New Dataset\train_split\Bacterial Red disease\Bacterial Red disease_aug_133.jpg,Bacterial Red disease,fish,train,True,1,train,5.64,29.76,2.79,24.79,0.394,49.35,10.666628435023531,0.020473360799928515,3.0970000000000004
C:\Users\Asus\PycharmProjects\AquaVision_v1\datasets\fish\New Dataset\train_split\Bacterial Red disease\Bacterial Red disease_aug_134.jpg,Bacterial Red disease,fish,train,True,0,train,5.92,28.37,3.54,21.19,0.334,39.39,8.01410165508007,0.031525776616740185,2.548
C:\Users\Asus\PycharmProjects\AquaVision_v1\datasets\fish\New Dataset\train_split\Bacterial Red disease\Bacterial Red disease_aug_136.jpg,Bacterial Red disease,fish,train,True,2,train,5.94,25.5,1.6,28.14,0.327,49.08,15.937400391247554,0.02905011957939514,3.096
C:\Users\Asus\PycharmProjects\AquaVision_v1\datasets\fish\New Dataset\train_split\Bacterial Red disease\Bacterial Red disease_aug_137.jpg,Bacterial Red disease,fish,train,True,4,val,6.31,29.65,3.92,21.47,0.157,35.95,7.563756214907615,0.03801756887733554,1.6090000000000002
C:\Users\Asus\PycharmProjects\AquaVision_v1\datasets\fish\New Dataset\train_split\Bacterial Red disease\Bacterial Red disease_aug_138.jpg,Bacterial Red disease,fish,train,True,4,train,6.07,31.29,3.25,24.29,0.015,42.64,9.627662684114817,0.002205752669643474,1.3139999999999998
C:\Users\Asus\PycharmProjects\AquaVision_v1\datasets\fish\New Dataset\train_split\Bacterial Red disease\Bacterial Red disease_aug_14.jpg,Bacterial Red disease,fish,train,True,3,train,5.44,30.83,3.55,30.96,0.165,49.46,8.684482578922312,0.005604249480978438,2.013
C:\Users\Asus\PycharmProjects\AquaVision_v1\datasets\fish\New Dataset\train_split\Bacterial Red disease\Bacterial Red disease_aug_141.jpg,Bacterial Red disease,fish,train,True,1,train,6.11,32.52,2.75,25.65,0.282,38.8,11.825411543958023,0.04725629147495653,2.5199999999999996
C:\Users\Asus\PycharmProjects\AquaVision_v1\datasets\fish\New Dataset\train_split\Bacterial Red disease\Bacterial Red disease_aug_142.jpg,Bacterial Red disease,fish,train,True,1,val,6.61,31.06,4.28,21.95,0.043,41.45,7.2569923902046956,0.021763558057184686,0.9549999999999998
C:\Users\Asus\PycharmProjects\AquaVision_v1\datasets\fish\New Dataset\train_split\Bacterial Red disease\Bacterial Red disease_aug_144.jpg,Bacterial Red disease,fish,train,True,0,train,5.32,29.25,3.33,28.41,0.005,46.49,8.783757406133915,0.0001222238236549614,1.4749999999999999
C:\Users\Asus\PycharmProjects\AquaVision_v1\datasets\fish\New Dataset\train_split\Bacterial Red disease\Bacterial Red disease_aug_147.jpg,Bacterial Red disease,fish,train,True,1,val,5.25,33.01,3.39,30.93,0.019,45.62,9.737434402848368,0.0004461276252729248,1.5339999999999998
C:\Users\Asus\PycharmProjects\AquaVision_v1\datasets\fish\New Dataset\train_split\Bacterial Red disease\Bacterial Red disease_aug_148.jpg,Bacterial Red disease,fish,train,True,2,train,5.61,28.03,2.88,30.14,0.175,45.91,9.732605095121198,0.0079932084307945,2.203
C:\Users\Asus\PycharmProjects\AquaVision_v1\datasets\fish\New Dataset\train_split\Bacterial Red disease\Bacterial Red disease_aug_150.jpg,Bacterial Red disease,fish,train,True,2,train,5.18,33.88,3.04,32.47,0.054,50.87,11.144700181907297,0.001107636230095604,1.8000000000000003
C:\Users\Asus\PycharmProjects\AquaVision_v1\datasets\fish\New Dataset\train_split\Bacterial Red disease\Bacterial Red disease_aug_151.jpg,Bacterial Red disease,fish,train,True,2,train,5.7,29.23,3.72,26.47,0.717,25.24,7.85750575939312,0.0420153477420374,4.0920000000000005
C:\Users\Asus\PycharmProjects\AquaVision_v1\datasets\fish\New Dataset\train_split\Bacterial Red disease\Bacterial Red disease_aug_152.jpg,Bacterial Red disease,fish,train,True,0,train,5.76,28.05,3.23,23.24,0.154,43.29,8.684183640298327,0.009942911589261264,1.969
C:\Users\Asus\PycharmProjects\AquaVision_v1\datasets\fish\New Dataset\train_split\Bacterial Red disease\Bacterial Red disease_aug_154.jpg,Bacterial Red disease,fish,train,True,3,train,4.66,29.07,1.78,25.26,0.01,38.83,16.33136892489368,5.3150214688417696e-05,2.158
C:\Users\Asus\PycharmProjects\AquaVision_v1\datasets\fish\New Dataset\train_split\Bacterial Red disease\Bacterial Red disease_aug_155.jpg,Bacterial Red disease,fish,train,True,1,train,6.51,29.47,3.15,32.74,0.134,38.02,9.355525855473475,0.05111459517367851,1.6880000000000002
C:\Users\Asus\PycharmProjects\AquaVision_v1\datasets\fish\New Dataset\train_split\Bacterial Red disease\Bacterial Red disease_aug_156.jpg,Bacterial Red disease,fish,train,True,3,train,5.85,32.89,0.91,22.6,0.681,62.68,36.14245997296733,0.06342653357502602,4.746
C:\Users\Asus\PycharmProjects\AquaVision_v1\datasets\fish\New Dataset\train_split\Bacterial Red disease\Bacterial Red disease_aug_157.jpg,Bacterial Red disease,fish,train,True,1,train,5.83,31.28,4.56,23.57,0.299,30.9,6.859634079749826,0.025292859062432387,2.129
C:\Users\Asus\PycharmProjects\AquaVision_v1\datasets\fish\New Dataset\train_split\Bacterial Red disease\Bacterial Red disease_aug_158.jpg,Bacterial Red disease,fish,train,True,2,train,6.75,28.41,3.04,27.85,0.095,51.6,9.345363995513173,0.06070924478489971,1.4929999999999999
C:\Users\Asus\PycharmProjects\AquaVision_v1\datasets\fish\New Dataset\train_split\Bacterial Red disease\Bacterial Red disease_aug_160.jpg,Bacterial Red disease,fish,train,True,2,train,4.92,30.95,3.43,29.0,0.279,45.86,9.023297308171113,0.0028729287006640475,2.661
C:\Users\Asus\PycharmProjects\AquaVision_v1\datasets\fish\New Dataset\train_split\Bacterial Red disease\Bacterial Red disease_aug_163.jpg,Bacterial Red disease,fish,train,True,0,train,5.27,30.07,4.45,27.32,0.148,61.37,6.757288185869245,0.0033147832438075804,1.726
C:\Users\Asus\PycharmProjects\AquaVision_v1\datasets\fish\New Dataset\train_split\Bacterial Red disease\Bacterial Red disease_aug_165.jpg,Bacterial Red disease,fish,train,True,1,train,7.28,32.13,3.27,28.15,0.189,50.29,9.825658025510625,0.4628417436832834,1.641
C:\Users\Asus\PycharmProjects\AquaVision_v1\datasets\fish\New Dataset\train_split\Bacterial Red disease\Bacterial Red disease_aug_166.jpg,Bacterial Red disease,fish,train,True,1,train,6.03,29.22,2.89,26.36,0.27,55.22,10.11069165850637,0.03381457762696631,2.4539999999999997
C:\Users\Asus\PycharmProjects\AquaVision_v1\datasets\fish\New Dataset\train_split\Bacterial Red disease\Bacterial Red disease_aug_168.jpg,Bacterial Red disease,fish,train,True,0,train,6.36,27.81,3.1,25.39,0.198,60.81,8.970938803423214,0.05045755130338968,2.004
C:\Users\Asus\PycharmProjects\AquaVision_v1\datasets\fish\New Dataset\train_split\Bacterial Red disease\Bacterial Red disease_aug_169.jpg,Bacterial Red disease,fish,train,True,4,val,5.86,31.41,2.09,26.07,0.14,53.42,15.028636226620925,0.012742538763335054,2.225
C:\Users\Asus\PycharmProjects\AquaVision_v1\datasets\fish\New Dataset\train_split\Bacterial Red disease\Bacterial Red disease_aug_170.jpg,Bacterial Red disease,fish,train,True,4,val,5.96,30.65,3.31,30.91,0.275,42.48,9.259790755919166,0.030748445448884495,2.3689999999999998
C:\Users\Asus\PycharmProjects\AquaVision_v1\datasets\fish\New Dataset\train_split\Bacterial Red disease\Bacterial Red disease_aug_171.jpg,Bacterial Red disease,fish,train,True,3,,,,,,,,,,
C:\Users\Asus\PycharmProjects\AquaVision_v1\datasets\fish\New Dataset\train_split\Bacterial Red disease\Bacterial Red disease_aug_172.jpg,Bacterial Red disease,fish,train,True,0,train,5.76,32.26,2.71,23.04,0.191,29.97,11.90401511433537,0.014182660977171458,2.273
C:\Users\Asus\PycharmProjects\AquaVision_v1\datasets\fish\New Dataset\train_split\Bacterial Red disease\Bacterial Red disease_aug_173.jpg,Bacterial Red disease,fish,train,True,2,val,6.55,29.46,2.51,25.55,0.175,41.17,11.737005031852464,0.0731696171277479,2.032
C:\Users\Asus\PycharmProjects\AquaVision_v1\datasets\fish\New Dataset\train_split\Bacterial Red disease\Bacterial Red disease_aug_174.jpg,Bacterial Red disease,fish,train,True,1,train,6.43,34.23,2.6,33.26,0.802,47.1,13.165333979484693,0.2955570061736458,4.549
C:\Users\Asus\PycharmProjects\AquaVision_v1\datasets\fish\New Dataset\train_split\Bacterial Red disease\Bacterial Red disease_aug_175.jpg,Bacterial Red disease,fish,train,True,1,train,6.0,37.25,2.36,26.59,0.275,51.47,15.783831424443116,0.040975000000000004,2.6420000000000003
C:\Users\Asus\PycharmProjects\AquaVision_v1\datasets\fish\New Dataset\train_split\Bacterial Red disease\Bacterial Red disease_aug_178.jpg,Bacterial Red disease,fish,train,True,1,train,5.12,34.06,3.04,26.54,0.193,28.29,11.203910513452259,0.0034662664525758518,2.374
C:\Users\Asus\PycharmProjects\AquaVision_v1\datasets\fish\New Dataset\train_split\Bacterial Red disease\Bacterial Red disease_aug_179.jpg,Bacterial Red disease,fish,train,True,2,train,5.07,34.32,2.33,29.63,0.674,59.51,14.729550516950571,0.010870941709457455,4.526
C:\Users\Asus\PycharmProjects\AquaVision_v1\datasets\fish\New Dataset\train_split\Bacterial Red disease\Bacterial Red disease_aug_18.jpg,Bacterial Red disease,fish,train,True,3,train,5.23,31.19,4.04,27.88,0.169,52.75,7.720277920104159,0.003580651639571054,1.9449999999999998
C:\Users\Asus\PycharmProjects\AquaVision_v1\datasets\fish\New Dataset\train_split\Bacterial Red disease\Bacterial Red disease_aug_182.jpg,Bacterial Red disease,fish,train,True,2,train,6.3,30.99,2.77,26.62,0.114,41.25,11.187685243013561,0.028195929688243818,1.7850000000000001
C:\Users\Asus\PycharmProjects\AquaVision_v1\datasets\fish\New Dataset\train_split\Bacterial Red disease\Bacterial Red disease_aug_184.jpg,Bacterial Red disease,fish,train,True,4,train,8.51,33.92,4.93,25.42,0.261,17.61,6.8803105876053,11.459253904147317,1.6680000000000001
C:\Users\Asus\PycharmProjects\AquaVision_v1\datasets\fish\New Dataset\train_split\Bacterial Red disease\Bacterial Red disease_aug_19.jpg,Bacterial Red disease,fish,train,True,1,,,,,,,,,,
C:\Users\Asus\PycharmProjects\AquaVision_v1\datasets\fish\New Dataset\train_split\Bacterial Red disease\Bacterial Red disease_aug_190.jpg,Bacterial Red disease,fish,train,True,4,val,5.93,31.28,3.57,27.25,0.007,43.96,8.761880218822917,0.000745460739379169,1.2280000000000002
C:\Users\Asus\PycharmProjects\AquaVision_v1\datasets\fish\New Dataset\train_split\Bacterial Red disease\Bacterial Red disease_aug_194.jpg,Bacterial Red disease,fish,train,True,0,train,5.97,33.43,3.54,28.88,0.131,45.77,9.443476148372461,0.016348114228437138,1.721
C:\Users\Asus\PycharmProjects\AquaVision_v1\datasets\fish\New Dataset\train_split\Bacterial Red disease\Bacterial Red disease_aug_196.jpg,Bacterial Red disease,fish,train,True,3,train,5.27,32.65,4.61,32.15,0.132,45.93,7.082414137930286,0.0032100892566358473,1.6139999999999999
C:\Users\Asus\PycharmProjects\AquaVision_v1\datasets\fish\New Dataset\train_split\Bacterial Red disease\Bacterial Red disease_aug_197.jpg,Bacterial Red disease,fish,train,True,4,train,6.0,30.18,3.51,27.38,0.083,64.94,8.598266101805978,0.01001976,1.529
C:\Users\Asus\PycharmProjects\AquaVision_v1\datasets\fish\New Dataset\train_split\Bacterial Red disease\Bacterial Red disease_aug_199.jpg,Bacterial Red disease,fish,train,True,4,train,5.83,35.29,3.12,29.31,0.276,54.52,11.310861183137233,0.026340300894547676,2.469
C:\Users\Asus\PycharmProjects\AquaVision_v1\datasets\fish\New Dataset\train_split\Bacterial Red disease\Bacterial Red disease_aug_201.jpg,Bacterial Red disease,fish,train,True,0,train,5.22,30.15,3.39,31.15,0.183,39.4,8.89377907439801,0.003662675112976545,2.199
C:\Users\Asus\PycharmProjects\AquaVision_v1\datasets\fish\New Dataset\train_split\Bacterial Red disease\Bacterial Red disease_aug_202.jpg,Bacterial Red disease,fish,train,True,2,train,7.57,26.64,2.52,34.27,0.248,55.72,10.571386621481661,0.9818516915123494,2.0570000000000004
C:\Users\Asus\PycharmProjects\AquaVision_v1\datasets\fish\New Dataset\train_split\Bacterial Red disease\Bacterial Red disease_aug_203.jpg,Bacterial Red disease,fish,train,True,3,train,6.78,28.81,2.56,32.04,0.119,44.56,11.25386228960043,0.08263237037205873,1.724
C:\Users\Asus\PycharmProjects\AquaVision_v1\datasets\fish\New Dataset\train_split\Bacterial Red disease\Bacterial Red disease_aug_206.jpg,Bacterial Red disease,fish,train,True,4,train,6.07,28.69,3.21,22.09,0.067,58.85,8.937666860850902,0.009033693308125652,1.5339999999999998
C:\Users\Asus\PycharmProjects\AquaVision_v1\datasets\fish\New Dataset\train_split\Bacterial Red disease\Bacterial Red disease_aug_211.jpg,Bacterial Red disease,fish,train,True,2,train,5.83,26.67,4.27,37.99,0.205,45.46,6.2458870119742125,0.014785529022037407,1.84
C:\Users\Asus\PycharmProjects\AquaVision_v1\datasets\fish\New Dataset\train_split\Bacterial Red disease\Bacterial Red disease_aug_212.jpg,Bacterial Red disease,fish,train,True,2,train,5.31,31.05,3.34,33.38,0.035,43.51,9.29637935215763,0.0008875434845478435,1.5950000000000002
C:\Users\Asus\PycharmProjects\AquaVision_v1\datasets\fish\New Dataset\train_split\Bacterial Red disease\Bacterial Red disease_aug_214.jpg,Bacterial Red disease,fish,train,True,2,train,6.41,28.48,3.24,25.74,0.121,30.06,8.790096326863187,0.03543115799633651,1.6389999999999998
C:\Users\Asus\PycharmProjects\AquaVision_v1\datasets\fish\New Dataset\train_split\Bacterial Red disease\Bacterial Red disease_aug_215.jpg,Bacterial Red disease,fish,train,True,0,train,5.34,30.58,3.25,21.01,0.04,56.79,9.40920181784056,0.0010704280073660368,1.633
C:\Users\Asus\PycharmProjects\AquaVision_v1\datasets\fish\New Dataset\train_split\Bacterial Red disease\Bacterial Red disease_aug_216.jpg,Bacterial Red disease,fish,train,True,1,train,7.3,30.0,2.6,27.58,0.002,51.13,11.538417159934,0.004788629555925309,1.088
C:\Users\Asus\PycharmProjects\AquaVision_v1\datasets\fish\New Dataset\train_split\Bacterial Red disease\Bacterial Red disease_aug_217.jpg,Bacterial Red disease,fish,train,True,3,train,6.14,29.49,2.93,19.66,0.237,48.74,10.06481206548783,0.03859074030105581,2.277
C:\Users\Asus\PycharmProjects\AquaVision_v1\datasets\fish\New Dataset\train_split\Bacterial Red disease\Bacterial Red disease_aug_218.jpg,Bacterial Red disease,fish,train,True,1,train,6.61,31.22,2.37,31.43,0.044,48.98,13.17294019856456,0.022384405600558155,1.5319999999999998
C:\Users\Asus\PycharmProjects\AquaVision_v1\datasets\fish\New Dataset\train_split\Bacterial Red disease\Bacterial Red disease_aug_221.jpg,Bacterial Red disease,fish,train,True,0,train,5.88,29.88,2.23,19.17,0.097,42.69,13.399043053618593,0.00879452360144634,2.005
C:\Users\Asus\PycharmProjects\AquaVision_v1\datasets\fish\New Dataset\train_split\Bacterial Red disease\Bacterial Red disease_aug_224.jpg,Bacterial Red disease,fish,train,True,0,train,6.01,31.11,4.02,27.24,0.09,47.13,7.738786719436023,0.011460472196347528,1.4010000000000002
C:\Users\Asus\PycharmProjects\AquaVision_v1\datasets\fish\New Dataset\train_split\Bacterial Red disease\Bacterial Red disease_aug_227.jpg,Bacterial Red disease,fish,train,True,1,val,5.9,29.43,3.28,29.35,0.058,35.07,8.972533620324329,0.005423482547921066,1.528
C:\Users\Asus\PycharmProjects\AquaVision_v1\datasets\fish\New Dataset\train_split\Bacterial Red disease\Bacterial Red disease_aug_228.jpg,Bacterial Red disease,fish,train,True,3,train,5.04,31.92,2.89,28.81,0.028,32.55,11.044944481160965,0.0003919953410339733,1.783
C:\Users\Asus\PycharmProjects\AquaVision_v1\datasets\fish\New Dataset\train_split\Bacterial Red disease\Bacterial Red disease_aug_229.jpg,Bacterial Red disease,fish,train,True,3,train,6.08,30.89,2.21,33.56,0.035,31.44,13.977312319853757,0.005199312773946465,1.703
C:\Users\Asus\PycharmProjects\AquaVision_v1\datasets\fish\New Dataset\train_split\Bacterial Red disease\Bacterial Red disease_aug_231.jpg,Bacterial Red disease,fish,train,True,0,train,6.44,30.17,2.79,31.41,0.389,25.95,10.813581313328626,0.12929594444843276,2.8369999999999997
C:\Users\Asus\PycharmProjects\AquaVision_v1\datasets\fish\New Dataset\train_split\Bacterial Red disease\Bacterial Red disease_aug_237.jpg,Bacterial Red disease,fish,train,True,4,train,6.25,31.27,2.94,30.51,0.071,44.2,10.6360182448359,0.01579233039114446,1.577
C:\Users\Asus\PycharmProjects\AquaVision_v1\datasets\fish\New Dataset\train_split\Bacterial Red disease\Bacterial Red disease_aug_24.jpg,Bacterial Red disease,fish,train,True,0,train,7.23,30.59,3.76,24.66,0.052,30.89,8.135616660593987,0.108054488523914,0.9609999999999999
C:\Users\Asus\PycharmProjects\AquaVision_v1\datasets\fish\New Dataset\train_split\Bacterial Red disease\Bacterial Red disease_aug_241.jpg,Bacterial Red disease,fish,train,True,4,train,6.37,36.25,3.09,30.36,0.296,73.16,11.731353620214822,0.10061430075353109,2.396
C:\Users\Asus\PycharmProjects\AquaVision_v1\datasets\fish\New Dataset\train_split\Bacterial Red disease\Bacterial Red disease_aug_242.jpg,Bacterial Red disease,fish,train,True,1,train,7.76,26.94,0.81,29.19,0.1,46.39,33.25884865618943,0.6200940764745201,2.0349999999999997
C:\Users\Asus\PycharmProjects\AquaVision_v1\datasets\fish\New Dataset\train_split\Bacterial Red disease\Bacterial Red disease_aug_245.jpg,Bacterial Red disease,fish,train,True,4,train,6.41,29.38,3.44,27.05,0.305,64.13,8.54067284688126,0.09213223827925407,2.315
C:\Users\Asus\PycharmProjects\AquaVision_v1\datasets\fish\New Dataset\train_split\Bacterial Red disease\Bacterial Red disease_aug_246.jpg,Bacterial Red disease,fish,train,True,1,train,4.8,25.24,2.91,38.81,0.052,42.69,8.67350971302504,0.0003312475581933454,1.9449999999999998
C:\Users\Asus\PycharmProjects\AquaVision_v1\datasets\fish\New Dataset\train_split\Bacterial Red disease\Bacterial Red disease_aug_247.jpg,Bacterial Red disease,fish,train,True,3,val,6.76,34.6,3.38,24.63,0.032,45.53,10.23665610456774,0.025485083944787996,1.1360000000000001
C:\Users\Asus\PycharmProjects\AquaVision_v1\datasets\fish\New Dataset\train_split\Bacterial Red disease\Bacterial Red disease_aug_249.jpg,Bacterial Red disease,fish,train,True,4,train,5.61,28.96,3.34,23.0,1.088,42.35,8.670632722656519,0.05134373334234136,5.7170000000000005
C:\Users\Asus\PycharmProjects\AquaVision_v1\datasets\fish\New Dataset\train_split\Bacterial Red disease\Bacterial Red disease_aug_25.jpg,Bacterial Red disease,fish,train,True,1,train,5.72,33.99,1.07,21.3,0.262,27.36,31.766058261137744,0.018694439441436474,3.061
C:\Users\Asus\PycharmProjects\AquaVision_v1\datasets\fish\New Dataset\train_split\Bacterial Red disease\Bacterial Red disease_aug_251.jpg,Bacterial Red disease,fish,train,True,3,val,6.59,31.46,2.86,20.38,0.113,59.44,10.99996153859602,0.05532190838207069,1.667
C:\Users\Asus\PycharmProjects\AquaVision_v1\datasets\fish\New Dataset\train_split\Bacterial Red disease\Bacterial Red disease_aug_254.jpg,Bacterial Red disease,fish,train,True,3,train,6.32,28.01,2.01,19.5,0.073,44.41,13.935254053462423,0.01708818591056473,1.843
C:\Users\Asus\PycharmProjects\AquaVision_v1\datasets\fish\New Dataset\train_split\Bacterial Red disease\Bacterial Red disease_aug_255.jpg,Bacterial Red disease,fish,train,True,2,train,6.89,28.7,2.75,28.97,0.055,40.3,10.436325686088415,0.04901224294393556,1.3780000000000001
C:\Users\Asus\PycharmProjects\AquaVision_v1\datasets\fish\New Dataset\train_split\Bacterial Red disease\Bacterial Red disease_aug_26.jpg,Bacterial Red disease,fish,train,True,0,val,5.34,30.16,1.76,25.73,0.006,39.0,17.136266271214367,0.00015835893738796436,1.944
C:\Users\Asus\PycharmProjects\AquaVision_v1\datasets\fish\New Dataset\train_split\Bacterial Red disease\Bacterial Red disease_aug_261.jpg,Bacterial Red disease,fish,train,True,0,val,5.71,29.26,2.68,26.45,0.255,31.4,10.917869709441382,0.015306450577499084,2.553
C:\Users\Asus\PycharmProjects\AquaVision_v1\datasets\fish\New Dataset\train_split\Bacterial Red disease\Bacterial Red disease_aug_267.jpg,Bacterial Red disease,fish,train,True,2,train,6.84,26.96,3.5,24.73,0.192,48.21,7.702835134756758,0.14324553965548434,1.7160000000000002
C:\Users\Asus\PycharmProjects\AquaVision_v1\datasets\fish\New Dataset\train_split\Bacterial Red disease\Bacterial Red disease_aug_268.jpg,Bacterial Red disease,fish,train,True,0,train,6.5,27.25,2.02,34.69,0.064,43.57,13.49003222756323,0.022060048957334617,1.75
C:\Users\Asus\PycharmProjects\AquaVision_v1\datasets\fish\New Dataset\train_split\Bacterial Red disease\Bacterial Red disease_aug_269.jpg,Bacterial Red disease,fish,train,True,1,val,5.09,30.43,3.77,22.4,0.453,29.8,8.071596627064649,0.006783598659682722,3.204
C:\Users\Asus\PycharmProjects\AquaVision_v1\datasets\fish\New Dataset\train_split\Bacterial Red disease\Bacterial Red disease_aug_272.jpg,Bacterial Red disease,fish,train,True,2,train,5.12,33.7,3.0,32.37,0.127,65.92,11.233295889013704,0.0022568028061390275,2.122
C:\Users\Asus\PycharmProjects\AquaVision_v1\datasets\fish\New Dataset\train_split\Bacterial Red disease\Bacterial Red disease_aug_274.jpg,Bacterial Red disease,fish,train,True,1,val,6.74,28.77,2.89,27.3,0.129,16.0,9.954982854730606,0.08158110125496076,1.677
C:\Users\Asus\PycharmProjects\AquaVision_v1\datasets\fish\New Dataset\train_split\Bacterial Red disease\Bacterial Red disease_aug_275.jpg,Bacterial Red disease,fish,train,True,4,train,6.4,30.78,4.21,29.62,0.029,28.48,7.311146529343162,0.008968640265976335,0.983
C:\Users\Asus\PycharmProjects\AquaVision_v1\datasets\fish\New Dataset\train_split\Bacterial Red disease\Bacterial Red disease_aug_276.jpg,Bacterial Red disease,fish,train,True,3,train,5.48,32.61,2.32,33.01,0.033,46.61,14.05597389666424,0.0012999442579504899,1.842
C:\Users\Asus\PycharmProjects\AquaVision_v1\datasets\fish\New Dataset\train_split\Bacterial Red disease\Bacterial Red disease_aug_279.jpg,Bacterial Red disease,fish,train,True,4,train,5.56,28.58,2.56,28.41,0.205,21.86,11.164018890551208,0.00850895206037018,2.434
C:\Users\Asus\PycharmProjects\AquaVision_v1\datasets\fish\New Dataset\train_split\Bacterial Red disease\Bacterial Red disease_aug_281.jpg,Bacterial Red disease,fish,train,True,0,train,6.84,27.05,4.2,36.93,0.256,41.5,6.440460856045581,0.19163164429677804,1.762
C:\Users\Asus\PycharmProjects\AquaVision_v1\datasets\fish\New Dataset\train_split\Bacterial Red disease\Bacterial Red disease_aug_284.jpg,Bacterial Red disease,fish,train,True,0,train,5.98,31.0,1.96,29.97,0.389,53.34,15.816245835480432,0.04606502237933003,3.224
C:\Users\Asus\PycharmProjects\AquaVision_v1\datasets\fish\New Dataset\train_split\Bacterial Red disease\Bacterial Red disease_aug_285.jpg,Bacterial Red disease,fish,train,True,4,train,5.1,27.26,3.31,28.1,0.046,52.03,8.235624665786508,0.000631456843749365,1.711
C:\Users\Asus\PycharmProjects\AquaVision_v1\datasets\fish\New Dataset\train_split\Bacterial Red disease\Bacterial Red disease_aug_286.jpg,Bacterial Red disease,fish,train,True,2,train,5.78,30.69,3.68,26.22,0.249,65.54,8.339651250947687,0.018418583481835563,2.208
C:\Users\Asus\PycharmProjects\AquaVision_v1\datasets\fish\New Dataset\train_split\Bacterial Red disease\Bacterial Red disease_aug_287.jpg,Bacterial Red disease,fish,train,True,1,train,6.12,27.56,4.29,28.5,0.332,37.3,6.424227449353265,0.04824777478900818,2.2550000000000003
C:\Users\Asus\PycharmProjects\AquaVision_v1\datasets\fish\New Dataset\train_split\Bacterial Red disease\Bacterial Red disease_aug_288.jpg,Bacterial Red disease,fish,train,True,1,train,6.3,33.44,3.2,30.74,0.04,23.46,10.449967343852048,0.010675451490009489,1.3599999999999999
C:\Users\Asus\PycharmProjects\AquaVision_v1\datasets\fish\New Dataset\train_split\Bacterial Red disease\Bacterial Red disease_aug_289.jpg,Bacterial Red disease,fish,train,True,1,train,7.09,32.56,3.39,29.95,0.279,45.94,9.604691431588698,0.4470422711425867,2.0220000000000002
C:\Users\Asus\PycharmProjects\AquaVision_v1\datasets\fish\New Dataset\train_split\Bacterial Red disease\Bacterial Red disease_aug_291.jpg,Bacterial Red disease,fish,train,True,2,train,6.42,31.77,2.4,30.08,0.217,42.15,13.237444843979818,0.07253321704098412,2.2720000000000002
C:\Users\Asus\PycharmProjects\AquaVision_v1\datasets\fish\New Dataset\train_split\Bacterial Red disease\Bacterial Red disease_aug_292.jpg,Bacterial Red disease,fish,train,True,3,train,6.48,32.17,2.26,23.54,0.094,38.69,14.234450290042966,0.0365290944138452,1.804
C:\Users\Asus\PycharmProjects\AquaVision_v1\datasets\fish\New Dataset\train_split\Bacterial Red disease\Bacterial Red disease_aug_293.jpg,Bacterial Red disease,fish,train,True,3,train,5.97,33.09,2.94,21.66,0.097,55.99,11.255063758286537,0.0119819773075885,1.7650000000000001
C:\Users\Asus\PycharmProjects\AquaVision_v1\datasets\fish\New Dataset\train_split\Bacterial Red disease\Bacterial Red disease_aug_294.jpg,Bacterial Red disease,fish,train,True,0,train,5.99,32.2,2.51,36.71,0.551,46.94,12.828634148867934,0.06935335288656877,3.7039999999999997
C:\Users\Asus\PycharmProjects\AquaVision_v1\datasets\fish\New Dataset\train_split\Bacterial Red disease\Bacterial Red disease_aug_296.jpg,Bacterial Red disease,fish,train,True,0,train,6.25,32.0,5.19,26.9,0.098,43.89,6.16569139558498,0.022306736919528253,1.0099999999999998
C:\Users\Asus\PycharmProjects\AquaVision_v1\datasets\fish\New Dataset\train_split\Bacterial Red disease\Bacterial Red disease_aug_297.jpg,Bacterial Red disease,fish,train,True,1,val,5.93,26.09,2.73,21.46,0.045,40.75,9.556741550397252,0.003997114455005998,1.6320000000000001
C:\Users\Asus\PycharmProjects\AquaVision_v1\datasets\fish\New Dataset\train_split\Bacterial Red disease\Bacterial Red disease_aug_298.jpg,Bacterial Red disease,fish,train,True,3,train,5.24,31.17,3.89,21.22,0.019,50.89,8.01283287189493,0.0004116711139240972,1.387
C:\Users\Asus\PycharmProjects\AquaVision_v1\datasets\fish\New Dataset\train_split\Bacterial Red disease\Bacterial Red disease_aug_299.jpg,Bacterial Red disease,fish,train,True,1,train,6.54,33.39,4.17,36.81,0.01,41.44,8.007175042745702,0.004631017374644013,0.877
C:\Users\Asus\PycharmProjects\AquaVision_v1\datasets\fish\New Dataset\train_split\Bacterial Red disease\Bacterial Red disease_aug_30.jpg,Bacterial Red disease,fish,train,True,0,train,6.1,34.83,2.12,24.56,0.257,52.51,16.4291677869444,0.04507612651138895,2.612
C:\Users\Asus\PycharmProjects\AquaVision_v1\datasets\fish\New Dataset\train_split\Bacterial Red disease\Bacterial Red disease_aug_300.jpg,Bacterial Red disease,fish,train,True,1,train,6.33,31.85,4.4,28.3,0.182,55.26,7.238619912227472,0.04957249937687036,1.5589999999999997
C:\Users\Asus\PycharmProjects\AquaVision_v1\datasets\fish\New Dataset\train_split\Bacterial Red disease\Bacterial Red disease_aug_301.jpg,Bacterial Red disease,fish,train,True,0,train,6.13,32.81,2.91,37.55,0.025,52.62,11.274875344070983,0.004425947217783215,1.438
C:\Users\Asus\PycharmProjects\AquaVision_v1\datasets\fish\New Dataset\train_split\Bacterial Red disease\Bacterial Red disease_aug_302.jpg,Bacterial Red disease,fish,train,True,2,train,6.6,33.17,2.8,30.31,0.687,29.91,11.846386262906204,0.3628793040026909,3.9780000000000006
C:\Users\Asus\PycharmProjects\AquaVision_v1\datasets\fish\New Dataset\train_split\Bacterial Red disease\Bacterial Red disease_aug_303.jpg,Bacterial Red disease,fish,train,True,3,train,7.12,29.07,2.18,24.42,1.427,52.39,13.334801216508179,2.1874039710917685,6.968
C:\Users\Asus\PycharmProjects\AquaVision_v1\datasets\fish\New Dataset\train_split\Bacterial Red disease\Bacterial Red disease_aug_304.jpg,Bacterial Red disease,fish,train,True,4,,,,,,,,,,
C:\Users\Asus\PycharmProjects\AquaVision_v1\datasets\fish\New Dataset\train_split\Bacterial Red disease\Bacterial Red disease_aug_307.jpg,Bacterial Red disease,fish,train,True,2,train,6.87,34.87,3.46,32.89,0.008,46.34,10.078005554897238,0.00827183619653216,0.983
C:\Users\Asus\PycharmProjects\AquaVision_v1\datasets\fish\New Dataset\train_split\Bacterial Red disease\Bacterial Red disease_aug_308.jpg,Bacterial Red disease,fish,train,True,1,,,,,,,,,,
C:\Users\Asus\PycharmProjects\AquaVision_v1\datasets\fish\New Dataset\train_split\Bacterial Red disease\Bacterial Red disease_aug_314.jpg,Bacterial Red disease,fish,train,True,1,train,5.91,27.13,3.41,27.84,0.202,48.98,7.955988398861,0.01781809025805387,2.062
C:\Users\Asus\PycharmProjects\AquaVision_v1\datasets\fish\New Dataset\train_split\Bacterial Red disease\Bacterial Red disease_aug_315.jpg,Bacterial Red disease,fish,train,True,0,val,6.25,30.59,2.5,28.29,0.187,52.38,12.235951056195775,0.04068938023051181,2.173
C:\Users\Asus\PycharmProjects\AquaVision_v1\datasets\fish\New Dataset\train_split\Bacterial Red disease\Bacterial Red disease_aug_319.jpg,Bacterial Red disease,fish,train,True,4,train,6.24,29.2,2.73,28.92,0.231,50.1,10.69593151673437,0.04688725660032117,2.283
C:\Users\Asus\PycharmProjects\AquaVision_v1\datasets\fish\New Dataset\train_split\Bacterial Red disease\Bacterial Red disease_aug_320.jpg,Bacterial Red disease,fish,train,True,1,,,,,,,,,,
C:\Users\Asus\PycharmProjects\AquaVision_v1\datasets\fish\New Dataset\train_split\Bacterial Red disease\Bacterial Red disease_aug_321.jpg,Bacterial Red disease,fish,train,True,0,val,5.66,36.84,2.51,30.14,0.09,37.73,14.677232361624059,0.006062086405948321,1.9589999999999999
C:\Users\Asus\PycharmProjects\AquaVision_v1\datasets\fish\New Dataset\train_split\Bacterial Red disease\Bacterial Red disease_aug_322.jpg,Bacterial Red disease,fish,train,True,1,train,6.39,28.82,3.03,23.88,0.071,36.54,9.511519763961175,0.020091497909812076,1.508
C:\Users\Asus\PycharmProjects\AquaVision_v1\datasets\fish\New Dataset\train_split\Bacterial Red disease\Bacterial Red disease_aug_323.jpg,Bacterial Red disease,fish,train,True,4,val,6.63,30.71,3.32,24.95,0.124,47.1,9.249972138638137,0.06497727483108866,1.561
C:\Users\Asus\PycharmProjects\AquaVision_v1\datasets\fish\New Dataset\train_split\Bacterial Red disease\Bacterial Red disease_aug_326.jpg,Bacterial Red disease,fish,train,True,3,train,7.19,28.99,2.28,32.36,0.569,39.29,12.71485651378722,1.0219284104845305,3.485
C:\Users\Asus\PycharmProjects\AquaVision_v1\datasets\fish\New Dataset\train_split\Bacterial Red disease\Bacterial Red disease_aug_327.jpg,Bacterial Red disease,fish,train,True,0,train,5.81,30.89,3.19,30.73,0.105,58.28,9.683355224591773,0.008376588836649806,1.77
C:\Users\Asus\PycharmProjects\AquaVision_v1\datasets\fish\New Dataset\train_split\Bacterial Red disease\Bacterial Red disease_aug_328.jpg,Bacterial Red disease,fish,train,True,3,val,7.43,35.73,2.49,24.91,0.01,36.29,14.349339962490108,0.03846741541772345,1.114
C:\Users\Asus\PycharmProjects\AquaVision_v1\datasets\fish\New Dataset\train_split\Bacterial Red disease\Bacterial Red disease_aug_330.jpg,Bacterial Red disease,fish,train,True,4,train,6.53,32.12,3.07,24.33,0.065,28.24,10.462506636786198,0.028297553167497103,1.43
C:\Users\Asus\PycharmProjects\AquaVision_v1\datasets\fish\New Dataset\train_split\Bacterial Red disease\Bacterial Red disease_aug_331.jpg,Bacterial Red disease,fish,train,True,1,train,6.17,31.36,3.9,23.0,0.133,29.67,8.041005023064043,0.024676734376172047,1.561
C:\Users\Asus\PycharmProjects\AquaVision_v1\datasets\fish\New Dataset\train_split\Bacterial Red disease\Bacterial Red disease_aug_332.jpg,Bacterial Red disease,fish,train,True,4,train,6.78,30.62,3.07,29.75,0.206,31.57,9.973908879775637,0.152031086090918,1.919
C:\Users\Asus\PycharmProjects\AquaVision_v1\datasets\fish\New Dataset\train_split\Bacterial Red disease\Bacterial Red disease_aug_333.jpg,Bacterial Red disease,fish,train,True,0,train,5.86,30.61,2.23,34.37,0.121,53.77,13.726395845758539,0.010732692613141403,2.1069999999999998
C:\Users\Asus\PycharmProjects\AquaVision_v1\datasets\fish\New Dataset\train_split\Bacterial Red disease\Bacterial Red disease_aug_334.jpg,Bacterial Red disease,fish,train,True,0,train,5.06,35.88,3.15,25.0,0.43,56.23,11.390440030349112,0.007085669333560996,3.307
C:\Users\Asus\PycharmProjects\AquaVision_v1\datasets\fish\New Dataset\train_split\Bacterial Red disease\Bacterial Red disease_aug_337.jpg,Bacterial Red disease,fish,train,True,3,val,6.33,33.71,2.34,25.3,0.171,54.58,14.405921342216487,0.04929636019339026,2.133
C:\Users\Asus\PycharmProjects\AquaVision_v1\datasets\fish\New Dataset\train_split\Bacterial Red disease\Bacterial Red disease_aug_338.jpg,Bacterial Red disease,fish,train,True,4,train,5.24,29.81,2.96,26.57,0.014,30.25,10.070911922594856,0.00029010151914810587,1.646
C:\Users\Asus\PycharmProjects\AquaVision_v1\datasets\fish\New Dataset\train_split\Bacterial Red disease\Bacterial Red disease_aug_342.jpg,Bacterial Red disease,fish,train,True,3,train,6.71,29.62,2.32,37.17,0.265,63.67,12.767186348334706,0.16102411445453682,2.4010000000000002
C:\Users\Asus\PycharmProjects\AquaVision_v1\datasets\fish\New Dataset\train_split\Bacterial Red disease\Bacterial Red disease_aug_343.jpg,Bacterial Red disease,fish,train,True,3,train,5.86,31.32,3.15,25.36,0.199,39.96,9.942825578331497,0.01806071007856077,2.143
C:\Users\Asus\PycharmProjects\AquaVision_v1\datasets\fish\New Dataset\train_split\Bacterial Red disease\Bacterial Red disease_aug_344.jpg,Bacterial Red disease,fish,train,True,2,train,6.44,28.77,1.89,28.05,0.404,33.03,15.222141681790044,0.12805048222878324,3.167
C:\Users\Asus\PycharmProjects\AquaVision_v1\datasets\fish\New Dataset\train_split\Bacterial Red disease\Bacterial Red disease_aug_345.jpg,Bacterial Red disease,fish,train,True,3,train,6.82,30.92,3.13,35.52,0.074,46.93,9.878562688298121,0.06046877858068885,1.3609999999999998
C:\Users\Asus\PycharmProjects\AquaVision_v1\datasets\fish\New Dataset\train_split\Bacterial Red disease\Bacterial Red disease_aug_35.jpg,Bacterial Red disease,fish,train,True,3,train,6.68,33.07,2.69,29.16,0.126,41.36,12.293634596153918,0.07977461765167258,1.743
C:\Users\Asus\PycharmProjects\AquaVision_v1\datasets\fish\New Dataset\train_split\Bacterial Red disease\Bacterial Red disease_aug_36.jpg,Bacterial Red disease,fish,train,True,0,train,5.97,33.42,2.69,28.21,0.001,52.92,12.423745636633322,0.0001247574349305417,1.456
C:\Users\Asus\PycharmProjects\AquaVision_v1\datasets\fish\New Dataset\train_split\Bacterial Red disease\Bacterial Red disease_aug_37.jpg,Bacterial Red disease,fish,train,True,3,train,5.43,30.46,2.45,33.33,0.049,54.29,12.432602315908914,0.0016068893425012305,1.8820000000000001
C:\Users\Asus\PycharmProjects\AquaVision_v1\datasets\fish\New Dataset\train_split\Bacterial Red disease\Bacterial Red disease_aug_38.jpg,Bacterial Red disease,fish,train,True,0,train,5.74,32.24,3.63,30.57,0.227,32.75,8.881518232732143,0.016087215578038203,2.147
C:\Users\Asus\PycharmProjects\AquaVision_v1\datasets\fish\New Dataset\train_split\Bacterial Red disease\Bacterial Red disease_aug_39.jpg,Bacterial Red disease,fish,train,True,2,train,5.6,37.59,3.44,26.45,0.113,22.95,10.92729381600635,0.006764111540579889,1.7900000000000003
C:\Users\Asus\PycharmProjects\AquaVision_v1\datasets\fish\New Dataset\train_split\Bacterial Red disease\Bacterial Red disease_aug_4.jpg,Bacterial Red disease,fish,train,True,3,train,4.86,30.17,4.44,31.09,0.672,46.51,6.795029740924007,0.005874955407676312,3.9480000000000004
C:\Users\Asus\PycharmProjects\AquaVision_v1\datasets\fish\New Dataset\train_split\Bacterial Red disease\Bacterial Red disease_aug_40.jpg,Bacterial Red disease,fish,train,True,2,,,,,,,,,,
C:\Users\Asus\PycharmProjects\AquaVision_v1\datasets\fish\New Dataset\train_split\Bacterial Red disease\Bacterial Red disease_aug_41.jpg,Bacterial Red disease,fish,train,True,1,train,6.68,33.42,3.6,26.55,0.035,52.42,9.283307546367928,0.02239414475959159,1.106
C:\Users\Asus\PycharmProjects\AquaVision_v1\datasets\fish\New Dataset\train_split\Bacterial Red disease\Bacterial Red disease_aug_44.jpg,Bacterial Red disease,fish,train,True,4,train,5.86,31.21,3.93,27.27,1.014,34.6,7.941455619705802,0.09170472544934248,5.169
C:\Users\Asus\PycharmProjects\AquaVision_v1\datasets\fish\New Dataset\train_split\Bacterial Red disease\Bacterial Red disease_aug_47.jpg,Bacterial Red disease,fish,train,True,1,train,6.35,27.98,3.25,28.45,0.329,46.86,8.609204279371449,0.08243347337359899,2.4859999999999998
C:\Users\Asus\PycharmProjects\AquaVision_v1\datasets\fish\New Dataset\train_split\Bacterial Red disease\Bacterial Red disease_aug_49.jpg,Bacterial Red disease,fish,train,True,0,,,,,,,,,,
C:\Users\Asus\PycharmProjects\AquaVision_v1\datasets\fish\New Dataset\train_split\Bacterial Red disease\Bacterial Red disease_aug_5.jpg,Bacterial Red disease,fish,train,True,2,train,5.74,29.46,2.37,30.8,0.144,51.7,12.430327298197053,0.009325137106855083,2.1929999999999996
C:\Users\Asus\PycharmProjects\AquaVision_v1\datasets\fish\New Dataset\train_split\Bacterial Red disease\Bacterial Red disease_aug_50.jpg,Bacterial Red disease,fish,train,True,4,train,6.5,32.26,3.55,23.24,0.08,51.79,9.087298345638462,0.03264482474145022,1.355
C:\Users\Asus\PycharmProjects\AquaVision_v1\datasets\fish\New Dataset\train_split\Bacterial Red disease\Bacterial Red disease_aug_51.jpg,Bacterial Red disease,fish,train,True,3,train,5.89,29.54,3.02,22.24,0.598,48.07,9.781424564819321,0.05484937286190599,3.769
C:\Users\Asus\PycharmProjects\AquaVision_v1\datasets\fish\New Dataset\train_split\Bacterial Red disease\Bacterial Red disease_aug_52.jpg,Bacterial Red disease,fish,train,True,0,train,5.58,26.13,5.8,24.76,0.296,53.57,4.505164646267851,0.011762269128213815,1.8199999999999998
C:\Users\Asus\PycharmProjects\AquaVision_v1\datasets\fish\New Dataset\train_split\Bacterial Red disease\Bacterial Red disease_aug_53.jpg,Bacterial Red disease,fish,train,True,2,,,,,,,,,,
C:\Users\Asus\PycharmProjects\AquaVision_v1\datasets\fish\New Dataset\train_split\Bacterial Red disease\Bacterial Red disease_aug_58.jpg,Bacterial Red disease,fish,train,True,4,train,5.36,32.52,4.08,30.87,0.16,36.82,7.970568699586522,0.004767937028352515,1.858
C:\Users\Asus\PycharmProjects\AquaVision_v1\datasets\fish\New Dataset\train_split\Bacterial Red disease\Bacterial Red disease_aug_62.jpg,Bacterial Red disease,fish,train,True,0,val,7.42,34.08,3.19,26.45,0.065,58.06,10.68335208980536,0.23306278622586596,1.127
C:\Users\Asus\PycharmProjects\AquaVision_v1\datasets\fish\New Dataset\train_split\Bacterial Red disease\Bacterial Red disease_aug_67.jpg,Bacterial Red disease,fish,train,True,0,train,5.79,32.55,4.31,28.44,0.109,32.17,7.552186653859272,0.008750592947417781,1.4560000000000002
C:\Users\Asus\PycharmProjects\AquaVision_v1\datasets\fish\New Dataset\train_split\Bacterial Red disease\Bacterial Red disease_aug_7.jpg,Bacterial Red disease,fish,train,True,2,train,6.53,30.71,3.27,30.76,0.106,40.55,9.391408588964559,0.04412103310854804,1.5339999999999998
C:\Users\Asus\PycharmProjects\AquaVision_v1\datasets\fish\New Dataset\train_split\Bacterial Red disease\Bacterial Red disease_aug_71.jpg,Bacterial Red disease,fish,train,True,0,train,5.54,30.72,3.09,27.34,0.806,54.73,9.94171539897929,0.03434126149198731,4.6850000000000005
C:\Users\Asus\PycharmProjects\AquaVision_v1\datasets\fish\New Dataset\train_split\Bacterial Red disease\Bacterial Red disease_aug_72.jpg,Bacterial Red disease,fish,train,True,3,train,6.47,28.08,2.62,39.12,0.25,34.62,10.71751634535746,0.08286995508479207,2.3230000000000004
C:\Users\Asus\PycharmProjects\AquaVision_v1\datasets\fish\New Dataset\train_split\Bacterial Red disease\Bacterial Red disease_aug_75.jpg,Bacterial Red disease,fish,train,True,0,train,5.75,29.72,3.75,33.56,0.115,62.87,7.925312199167468,0.0076878807249423,1.6600000000000001
C:\Users\Asus\PycharmProjects\AquaVision_v1\datasets\fish\New Dataset\train_split\Bacterial Red disease\Bacterial Red disease_aug_80.jpg,Bacterial Red disease,fish,train,True,0,val,7.33,27.4,2.79,27.49,0.404,32.33,9.820753330633222,0.9466554058381565,2.63
C:\Users\Asus\PycharmProjects\AquaVision_v1\datasets\fish\New Dataset\train_split\Bacterial Red disease\Bacterial Red disease_aug_83.jpg,Bacterial Red disease,fish,train,True,2,val,6.36,33.11,3.8,20.23,0.91,44.96,8.713134965434302,0.27609628585863333,4.642
C:\Users\Asus\PycharmProjects\AquaVision_v1\datasets\fish\New Dataset\train_split\Bacterial Red disease\Bacterial Red disease_aug_85.jpg,Bacterial Red disease,fish,train,True,3,,,,,,,,,,
C:\Users\Asus\PycharmProjects\AquaVision_v1\datasets\fish\New Dataset\train_split\Bacterial Red disease\Bacterial Red disease_aug_86.jpg,Bacterial Red disease,fish,train,True,2,train,5.15,29.34,2.48,31.24,0.047,26.66,11.830597457268317,0.0007791444093135549,1.9489999999999998
C:\Users\Asus\PycharmProjects\AquaVision_v1\datasets\fish\New Dataset\train_split\Bacterial Red disease\Bacterial Red disease_aug_87.jpg,Bacterial Red disease,fish,train,True,3,train,6.26,31.83,2.55,26.54,0.377,50.04,12.482303990964741,0.08734498612097005,2.915
C:\Users\Asus\PycharmProjects\AquaVision_v1\datasets\fish\New Dataset\train_split\Bacterial Red disease\Bacterial Red disease_aug_89.jpg,Bacterial Red disease,fish,train,True,4,train,6.05,31.77,2.85,28.73,0.126,45.45,11.147329307616463,0.017965849251759373,1.884
C:\Users\Asus\PycharmProjects\AquaVision_v1\datasets\fish\New Dataset\train_split\Bacterial Red disease\Bacterial Red disease_aug_90.jpg,Bacterial Red disease,fish,train,True,3,train,6.91,31.91,2.31,22.86,0.754,59.76,13.813793013883057,0.7822726406072199,4.3
C:\Users\Asus\PycharmProjects\AquaVision_v1\datasets\fish\New Dataset\train_split\Bacterial Red disease\Bacterial Red disease_aug_91.jpg,Bacterial Red disease,fish,train,True,3,,,,,,,,,,
C:\Users\Asus\PycharmProjects\AquaVision_v1\datasets\fish\New Dataset\train_split\Bacterial Red disease\Bacterial Red disease_aug_93.jpg,Bacterial Red disease,fish,train,True,1,val,5.42,28.95,4.24,28.55,0.027,50.72,6.827814085344138,0.00082237959034601,1.2599999999999998
C:\Users\Asus\PycharmProjects\AquaVision_v1\datasets\fish\New Dataset\train_split\Bacterial Red disease\Bacterial Red disease_aug_94.jpg,Bacterial Red disease,fish,train,True,2,train,5.58,34.38,2.83,25.49,0.118,18.82,12.148366966901177,0.006169470202276424,1.999
C:\Users\Asus\PycharmProjects\AquaVision_v1\datasets\fish\New Dataset\train_split\Bacterial Red disease\Bacterial Red disease_aug_95.jpg,Bacterial Red disease,fish,train,True,4,train,6.18,30.18,2.12,26.88,0.423,44.36,14.235781906689118,0.07728933918444561,3.252
C:\Users\Asus\PycharmProjects\AquaVision_v1\datasets\fish\New Dataset\train_split\Bacterial Red disease\Bacterial Red disease_aug_97.jpg,Bacterial Red disease,fish,train,True,4,,,,,,,,,,
C:\Users\Asus\PycharmProjects\AquaVision_v1\datasets\fish\New Dataset\train_split\Bacterial Red disease\Bacterial Red disease_aug_98.jpg,Bacterial Red disease,fish,train,True,2,train,6.95,27.54,3.92,31.14,0.01,36.02,7.025492281907444,0.009818020334481344,0.829
C:\Users\Asus\PycharmProjects\AquaVision_v1\datasets\fish\New Dataset\train_split\Bacterial Red disease\Bacterial Red disease_aug_99.jpg,Bacterial Red disease,fish,train,True,2,val,5.64,29.85,1.4,29.34,0.517,28.65,21.321276276598027,0.026946035021018975,4.006
C:\Users\Asus\PycharmProjects\AquaVision_v1\datasets\fish\New Dataset\train_split\EUS\EUS_1.jpg,EUS,fish,train,False,0,train,5.09,27.23,0.5,23.27,0.215,54.96,54.45891082178357,0.0028810188021130174,3.2329999999999997
C:\Users\Asus\PycharmProjects\AquaVision_v1\datasets\fish\New Dataset\train_split\EUS\EUS_10.jpg,EUS,fish,train,False,3,train,6.0,32.5,2.23,31.24,0.034,43.47,14.573925677463329,0.00442,1.717
C:\Users\Asus\PycharmProjects\AquaVision_v1\datasets\fish\New Dataset\train_split\EUS\EUS_101.jpg,EUS,fish,train,False,0,train,5.89,32.33,2.67,28.15,0.119,41.85,12.108568881764487,0.011945728977568258,1.9580000000000002
C:\Users\Asus\PycharmProjects\AquaVision_v1\datasets\fish\New Dataset\train_split\EUS\EUS_102.jpg,EUS,fish,train,False,0,train,5.0,32.54,4.03,24.36,0.513,42.16,8.074421651559177,0.006677208,3.393
C:\Users\Asus\PycharmProjects\AquaVision_v1\datasets\fish\New Dataset\train_split\EUS\EUS_103.jpg,EUS,fish,train,False,0,train,6.55,28.78,2.93,30.81,0.057,69.98,9.822492073405892,0.023282286900084437,1.4340000000000002
C:\Users\Asus\PycharmProjects\AquaVision_v1\datasets\fish\New Dataset\train_split\EUS\EUS_104.jpg,EUS,fish,train,False,2,train,6.34,34.3,3.29,24.37,0.303,50.39,10.425500226443079,0.09094875112618117,2.373
C:\Users\Asus\PycharmProjects\AquaVision_v1\datasets\fish\New Dataset\train_split\EUS\EUS_106.jpg,EUS,fish,train,False,3,val,6.83,33.49,4.15,27.73,0.101,41.42,8.069860072626332,0.09147375613734501,1.1599999999999997
C:\Users\Asus\PycharmProjects\AquaVision_v1\datasets\fish\New Dataset\train_split\EUS\EUS_108.jpg,EUS,fish,train,False,2,val,6.36,27.57,4.05,26.97,0.073,45.49,6.807390599035559,0.018442492586547805,1.2189999999999999
C:\Users\Asus\PycharmProjects\AquaVision_v1\datasets\fish\New Dataset\train_split\EUS\EUS_109.jpg,EUS,fish,train,False,4,train,6.23,27.94,4.34,34.2,0.105,53.82,6.4377731848544135,0.0199285496129081,1.299
C:\Users\Asus\PycharmProjects\AquaVision_v1\datasets\fish\New Dataset\train_split\EUS\EUS_110.jpg,EUS,fish,train,False,3,train,4.77,29.24,4.0,28.58,0.178,26.43,7.309981725045688,0.001225906539960935,2.1310000000000002
C:\Users\Asus\PycharmProjects\AquaVision_v1\datasets\fish\New Dataset\train_split\EUS\EUS_115.jpg,EUS,fish,train,False,2,train,6.58,33.8,3.43,26.64,0.019,44.59,9.854198675805609,0.009766305212682576,1.1229999999999998
C:\Users\Asus\PycharmProjects\AquaVision_v1\datasets\fish\New Dataset\train_split\EUS\EUS_116.jpg,EUS,fish,train,False,4,train,6.45,32.15,4.43,33.02,0.007,49.84,7.257319960903024,0.0025371083147242624,0.8140000000000001
C:\Users\Asus\PycharmProjects\AquaVision_v1\datasets\fish\New Dataset\train_split\EUS\EUS_117.jpg,EUS,fish,train,False,2,train,6.43,28.62,3.76,25.93,0.136,34.77,7.611681883824778,0.04190525899208322,1.5370000000000001
C:\Users\Asus\PycharmProjects\AquaVision_v1\datasets\fish\New Dataset\train_split\EUS\EUS_118.jpg,EUS,fish,train,False,1,,,,,,,,,,
C:\Users\Asus\PycharmProjects\AquaVision_v1\datasets\fish\New Dataset\train_split\EUS\EUS_119.jpg,EUS,fish,train,False,1,train,5.05,30.56,3.27,26.52,0.126,52.39,9.345537169611102,0.0017281597517587867,2.058
C:\Users\Asus\PycharmProjects\AquaVision_v1\datasets\fish\New Dataset\train_split\EUS\EUS_12.jpg,EUS,fish,train,False,1,train,5.86,30.96,4.13,29.59,0.058,37.53,7.49634988777267,0.0052034206591498365,1.2850000000000001
C:\Users\Asus\PycharmProjects\AquaVision_v1\datasets\fish\New Dataset\train_split\EUS\EUS_120.jpg,EUS,fish,train,False,1,train,6.04,33.78,3.75,33.61,0.406,59.18,9.007975978730723,0.06015139034832408,2.737
C:\Users\Asus\PycharmProjects\AquaVision_v1\datasets\fish\New Dataset\train_split\EUS\EUS_121.jpg,EUS,fish,train,False,3,val,5.9,30.95,3.77,33.9,0.431,43.07,8.209527295683566,0.04238360708277131,2.8729999999999998
C:\Users\Asus\PycharmProjects\AquaVision_v1\datasets\fish\New Dataset\train_split\EUS\EUS_123.jpg,EUS,fish,train,False,1,train,6.02,27.7,4.91,26.12,0.443,31.19,5.641536371616351,0.05139767650394952,2.543
C:\Users\Asus\PycharmProjects\AquaVision_v1\datasets\fish\New Dataset\train_split\EUS\EUS_124.jpg,EUS,fish,train,False,1,train,6.23,31.63,1.77,26.85,0.066,47.45,17.869955536974366,0.014180877936024367,1.914
C:\Users\Asus\PycharmProjects\AquaVision_v1\datasets\fish\New Dataset\train_split\EUS\EUS_125.jpg,EUS,fish,train,False,2,train,7.06,31.26,4.34,26.96,0.241,24.66,7.202748380764101,0.3459919604850479,1.594
C:\Users\Asus\PycharmProjects\AquaVision_v1\datasets\fish\New Dataset\train_split\EUS\EUS_126.jpg,EUS,fish,train,False,1,train,5.35,26.4,4.26,25.98,0.214,38.92,6.1971685512475325,0.005059151577782273,2.0230000000000006
C:\Users\Asus\PycharmProjects\AquaVision_v1\datasets\fish\New Dataset\train_split\EUS\EUS_128.jpg,EUS,fish,train,False,0,train,5.33,31.15,3.93,29.69,0.075,49.47,7.926188482980958,0.0019979255726398364,1.5719999999999998
C:\Users\Asus\PycharmProjects\AquaVision_v1\datasets\fish\New Dataset\train_split\EUS\EUS_129.jpg,EUS,fish,train,False,1,train,6.1,28.98,3.35,24.85,0.8,47.03,8.65072044561061,0.11674770698814381,4.415
C:\Users\Asus\PycharmProjects\AquaVision_v1\datasets\fish\New Dataset\train_split\EUS\EUS_132.jpg,EUS,fish,train,False,3,train,6.51,33.41,2.22,36.79,0.489,44.99,15.049481759091172,0.21146832536604918,3.387
C:\Users\Asus\PycharmProjects\AquaVision_v1\datasets\fish\New Dataset\train_split\EUS\EUS_136.jpg,EUS,fish,train,False,1,train,6.46,33.72,5.09,22.25,0.001,42.75,6.624741405223173,0.0003889981691417166,0.589
C:\Users\Asus\PycharmProjects\AquaVision_v1\datasets\fish\New Dataset\train_split\EUS\EUS_137.jpg,EUS,fish,train,False,4,train,4.53,31.48,4.05,27.84,0.108,34.1,7.772820314023917,0.0004608063663233228,1.908
C:\Users\Asus\PycharmProjects\AquaVision_v1\datasets\fish\New Dataset\train_split\EUS\EUS_138.jpg,EUS,fish,train,False,3,train,6.58,29.52,2.41,21.73,0.065,49.57,12.248911830241367,0.02918029654639572,1.613
C:\Users\Asus\PycharmProjects\AquaVision_v1\datasets\fish\New Dataset\train_split\EUS\EUS_14.jpg,EUS,fish,train,False,2,train,4.05,30.02,1.86,22.75,0.017,41.86,16.13969817366573,2.2904435918738555e-05,2.3449999999999998
C:\Users\Asus\PycharmProjects\AquaVision_v1\datasets\fish\New Dataset\train_split\EUS\EUS_140.jpg,EUS,fish,train,False,3,train,7.18,28.87,2.66,24.09,0.05,62.98,10.853342656606554,0.0873930264847066,1.298
C:\Users\Asus\PycharmProjects\AquaVision_v1\datasets\fish\New Dataset\train_split\EUS\EUS_143.jpg,EUS,fish,train,False,4,train,6.76,31.5,3.41,26.62,0.28,48.47,9.237509567420624,0.20301520989254884,2.1189999999999998
C:\Users\Asus\PycharmProjects\AquaVision_v1\datasets\fish\New Dataset\train_split\EUS\EUS_144.jpg,EUS,fish,train,False,4,train,5.69,27.83,4.43,27.55,0.819,47.99,6.282152861957423,0.044653663922946195,4.289999999999999
C:\Users\Asus\PycharmProjects\AquaVision_v1\datasets\fish\New Dataset\train_split\EUS\EUS_146.jpg,EUS,fish,train,False,0,train,6.6,29.42,3.89,17.17,0.087,40.53,7.562962563078244,0.0407588490927399,1.251
C:\Users\Asus\PycharmProjects\AquaVision_v1\datasets\fish\New Dataset\train_split\EUS\EUS_148.jpg,EUS,fish,train,False,0,train,5.06,31.96,3.76,28.96,0.265,38.34,8.499977393677145,0.003889668912762276,2.4640000000000004
C:\Users\Asus\PycharmProjects\AquaVision_v1\datasets\fish\New Dataset\train_split\EUS\EUS_149.jpg,EUS,fish,train,False,4,train,6.66,32.94,3.22,24.41,0.066,49.77,10.229781895087282,0.03974912031001293,1.35
C:\Users\Asus\PycharmProjects\AquaVision_v1\datasets\fish\New Dataset\train_split\EUS\EUS_150.jpg,EUS,fish,train,False,1,train,5.81,32.79,3.16,28.06,0.047,46.43,10.376549441299236,0.003980148407968711,1.5470000000000002
C:\Users\Asus\PycharmProjects\AquaVision_v1\datasets\fish\New Dataset\train_split\EUS\EUS_152.jpg,EUS,fish,train,False,3,train,5.05,29.26,3.58,25.19,0.0,52.75,8.173161527481767,0.0,1.4609999999999999
C:\Users\Asus\PycharmProjects\AquaVision_v1\datasets\fish\New Dataset\train_split\EUS\EUS_161.jpg,EUS,fish,train,False,2,train,5.93,33.68,4.34,33.74,0.195,47.85,7.7603507826018845,0.022359736718791698,1.7490000000000003
C:\Users\Asus\PycharmProjects\AquaVision_v1\datasets\fish\New Dataset\train_split\EUS\EUS_163.jpg,EUS,fish,train,False,3,train,6.73,30.8,4.6,31.44,0.408,34.36,6.695637618179092,0.269942254636286,2.283
C:\Users\Asus\PycharmProjects\AquaVision_v1\datasets\fish\New Dataset\train_split\EUS\EUS_164.jpg,EUS,fish,train,False,4,train,7.1,29.75,4.16,24.77,0.615,42.77,7.151425116766546,0.9213445626215605,3.1320000000000006
C:\Users\Asus\PycharmProjects\AquaVision_v1\datasets\fish\New Dataset\train_split\EUS\EUS_165.jpg,EUS,fish,train,False,3,train,5.47,35.46,4.55,24.46,0.017,59.06,7.7933894650781,0.000711619178407612,1.112
C:\Users\Asus\PycharmProjects\AquaVision_v1\datasets\fish\New Dataset\train_split\EUS\EUS_166.jpg,EUS,fish,train,False,3,train,6.39,33.03,3.47,39.74,0.628,34.72,9.518704557047386,0.2036705371385122,3.6040000000000005
C:\Users\Asus\PycharmProjects\AquaVision_v1\datasets\fish\New Dataset\train_split\EUS\EUS_169.jpg,EUS,fish,train,False,1,train,4.65,30.02,0.51,22.03,0.085,51.6,58.86159094919708,0.00045592100883664553,2.8419999999999996
C:\Users\Asus\PycharmProjects\AquaVision_v1\datasets\fish\New Dataset\train_split\EUS\EUS_17.jpg,EUS,fish,train,False,2,train,6.41,29.73,3.06,31.58,0.541,37.34,9.715654524004822,0.1653682633693985,3.373
C:\Users\Asus\PycharmProjects\AquaVision_v1\datasets\fish\New Dataset\train_split\EUS\EUS_171.jpg,EUS,fish,train,False,2,train,5.38,25.04,4.71,29.97,0.18,54.08,5.31633690798958,0.0043248078930418574,1.7429999999999999
C:\Users\Asus\PycharmProjects\AquaVision_v1\datasets\fish\New Dataset\train_split\EUS\EUS_175.jpg,EUS,fish,train,False,1,train,5.98,31.74,4.53,19.5,0.184,49.14,7.006607049432562,0.022309238004715817,1.6329999999999996
C:\Users\Asus\PycharmProjects\AquaVision_v1\datasets\fish\New Dataset\train_split\EUS\EUS_177.jpg,EUS,fish,train,False,1,train,7.09,29.43,3.17,28.13,0.15,61.78,9.283882385229068,0.21724085955005026,1.572
C:\Users\Asus\PycharmProjects\AquaVision_v1\datasets\fish\New Dataset\train_split\EUS\EUS_179.jpg,EUS,fish,train,False,3,val,5.61,33.18,3.46,31.3,1.246,43.36,9.589567660209074,0.0673681180458217,6.313000000000001
C:\Users\Asus\PycharmProjects\AquaVision_v1\datasets\fish\New Dataset\train_split\EUS\EUS_180.jpg,EUS,fish,train,False,2,train,6.82,31.02,3.25,26.94,0.081,40.78,9.54458601665841,0.06640286285331387,1.353
C:\Users\Asus\PycharmProjects\AquaVision_v1\datasets\fish\New Dataset\train_split\EUS\EUS_181.jpg,EUS,fish,train,False,1,train,6.52,28.25,3.75,27.65,0.085,40.46,7.533313244498014,0.031805144218402845,1.3090000000000002
C:\Users\Asus\PycharmProjects\AquaVision_v1\datasets\fish\New Dataset\train_split\EUS\EUS_182.jpg,EUS,fish,train,False,1,val,5.98,34.5,4.43,34.29,0.439,28.6,7.787792804079451,0.05785536084635068,2.683
C:\Users\Asus\PycharmProjects\AquaVision_v1\datasets\fish\New Dataset\train_split\EUS\EUS_183.jpg,EUS,fish,train,False,2,val,5.77,25.12,4.54,24.54,0.317,43.73,5.5330274602919385,0.01875594232537106,2.225
C:\Users\Asus\PycharmProjects\AquaVision_v1\datasets\fish\New Dataset\train_split\EUS\EUS_184.jpg,EUS,fish,train,False,3,train,5.87,27.74,3.55,22.27,0.116,61.92,7.814062495598604,0.00954167098747098,1.6880000000000002
C:\Users\Asus\PycharmProjects\AquaVision_v1\datasets\fish\New Dataset\train_split\EUS\EUS_185.jpg,EUS,fish,train,False,3,train,4.7,26.09,2.02,27.99,0.202,39.56,12.915777644665125,0.0010565387739671118,2.842
C:\Users\Asus\PycharmProjects\AquaVision_v1\datasets\fish\New Dataset\train_split\EUS\EUS_186.jpg,EUS,fish,train,False,3,train,5.58,32.39,3.8,25.61,0.735,44.93,8.523661779837422,0.03620414356765956,4.176
C:\Users\Asus\PycharmProjects\AquaVision_v1\datasets\fish\New Dataset\train_split\EUS\EUS_188.jpg,EUS,fish,train,False,4,train,5.42,30.57,2.85,29.77,0.191,37.49,10.726278153409988,0.006143117147935275,2.333
C:\Users\Asus\PycharmProjects\AquaVision_v1\datasets\fish\New Dataset\train_split\EUS\EUS_189.jpg,EUS,fish,train,False,0,train,6.33,28.06,3.94,20.92,0.095,44.19,7.1218093355093,0.022796662167944404,1.349
C:\Users\Asus\PycharmProjects\AquaVision_v1\datasets\fish\New Dataset\train_split\EUS\EUS_191.jpg,EUS,fish,train,False,4,train,6.03,35.68,2.52,37.76,0.823,49.37,14.158673973515977,0.12585911460540977,4.777
C:\Users\Asus\PycharmProjects\AquaVision_v1\datasets\fish\New Dataset\train_split\EUS\EUS_192.jpg,EUS,fish,train,False,4,train,7.62,28.52,2.3,24.98,0.076,61.93,12.399946087190926,0.3614290904238486,1.4500000000000002
C:\Users\Asus\PycharmProjects\AquaVision_v1\datasets\fish\New Dataset\train_split\EUS\EUS_193.jpg,EUS,fish,train,False,0,train,6.12,31.38,2.97,25.53,0.273,53.99,10.565620991175113,0.04517265092984287,2.415
C:\Users\Asus\PycharmProjects\AquaVision_v1\datasets\fish\New Dataset\train_split\EUS\EUS_194.jpg,EUS,fish,train,False,3,train,7.26,31.64,3.19,32.12,0.094,37.15,9.918464205441362,0.21648326022573863,1.291
C:\Users\Asus\PycharmProjects\AquaVision_v1\datasets\fish\New Dataset\train_split\EUS\EUS_195.jpg,EUS,fish,train,False,4,train,6.53,32.02,3.73,22.6,0.11,40.45,8.584427387594136,0.04773907547014001,1.412
C:\Users\Asus\PycharmProjects\AquaVision_v1\datasets\fish\New Dataset\train_split\EUS\EUS_196.jpg,EUS,fish,train,False,1,train,6.43,29.17,2.96,21.49,0.122,44.53,9.854696436836363,0.03831389027250746,1.721
C:\Users\Asus\PycharmProjects\AquaVision_v1\datasets\fish\New Dataset\train_split\EUS\EUS_197.jpg,EUS,fish,train,False,0,val,7.24,31.45,7.84,22.09,0.141,63.06,4.011474475160108,0.3082476354019068,0.6419999999999999
C:\Users\Asus\PycharmProjects\AquaVision_v1\datasets\fish\New Dataset\train_split\EUS\EUS_198.jpg,EUS,fish,train,False,2,train,5.35,32.12,2.63,25.84,0.792,40.89,12.21288131984289,0.022780366637154194,4.824
C:\Users\Asus\PycharmProjects\AquaVision_v1\datasets\fish\New Dataset\train_split\EUS\EUS_199.jpg,EUS,fish,train,False,0,train,6.42,30.9,2.02,31.79,0.045,45.55,15.296953975475368,0.01462955057092211,1.698
C:\Users\Asus\PycharmProjects\AquaVision_v1\datasets\fish\New Dataset\train_split\EUS\EUS_2.jpg,EUS,fish,train,False,1,train,5.88,31.72,2.27,26.57,0.073,48.92,13.973506724639979,0.007026127558538304,1.897
C:\Users\Asus\PycharmProjects\AquaVision_v1\datasets\fish\New Dataset\train_split\EUS\EUS_20.jpg,EUS,fish,train,False,3,train,5.11,29.28,4.13,32.28,0.209,32.14,7.0895712116919825,0.003153387558630869,2.114
C:\Users\Asus\PycharmProjects\AquaVision_v1\datasets\fish\New Dataset\train_split\EUS\EUS_200.jpg,EUS,fish,train,False,2,train,7.15,30.92,3.41,25.48,0.565,40.04,9.067422089671291,0.9870699358820245,3.1419999999999995
C:\Users\Asus\PycharmProjects\AquaVision_v1\datasets\fish\New Dataset\train_split\EUS\EUS_202.jpg,EUS,fish,train,False,4,train,7.13,31.05,2.3,27.73,0.361,34.25,13.499941304603025,0.6048236959645589,2.665
C:\Users\Asus\PycharmProjects\AquaVision_v1\datasets\fish\New Dataset\train_split\EUS\EUS_204.jpg,EUS,fish,train,False,3,train,6.25,30.98,3.9,29.92,0.134,42.5,7.94356937546314,0.02952882752193113,1.541
C:\Users\Asus\PycharmProjects\AquaVision_v1\datasets\fish\New Dataset\train_split\EUS\EUS_205.jpg,EUS,fish,train,False,4,train,5.91,29.93,3.97,33.2,0.221,54.6,7.539023831174228,0.021505967336331686,1.9699999999999998
C:\Users\Asus\PycharmProjects\AquaVision_v1\datasets\fish\New Dataset\train_split\EUS\EUS_206.jpg,EUS,fish,train,False,0,train,5.0,33.25,2.91,30.81,0.263,34.81,11.426077573616585,0.0034979,2.729
C:\Users\Asus\PycharmProjects\AquaVision_v1\datasets\fish\New Dataset\train_split\EUS\EUS_208.jpg,EUS,fish,train,False,0,val,7.8,28.5,1.94,28.38,0.719,63.06,14.690645924505544,5.171704969766349,4.184
C:\Users\Asus\PycharmProjects\AquaVision_v1\datasets\fish\New Dataset\train_split\EUS\EUS_210.jpg,EUS,fish,train,False,2,train,6.77,31.58,3.6,26.63,0.005,47.3,8.772197855005958,0.003719136527225896,0.9590000000000001
C:\Users\Asus\PycharmProjects\AquaVision_v1\datasets\fish\New Dataset\train_split\EUS\EUS_211.jpg,EUS,fish,train,False,0,train,6.17,29.55,3.14,27.77,0.007,53.26,9.410798054783264,0.0012238142803703744,1.2850000000000001
C:\Users\Asus\PycharmProjects\AquaVision_v1\datasets\fish\New Dataset\train_split\EUS\EUS_216.jpg,EUS,fish,train,False,1,train,5.46,30.87,4.73,32.66,0.176,48.0,6.526413263396906,0.00626771569610689,1.6969999999999996
C:\Users\Asus\PycharmProjects\AquaVision_v1\datasets\fish\New Dataset\train_split\EUS\EUS_217.jpg,EUS,fish,train,False,0,train,6.26,34.9,1.64,22.74,0.623,58.09,21.280358046597275,0.15826083943399705,4.172000000000001
C:\Users\Asus\PycharmProjects\AquaVision_v1\datasets\fish\New Dataset\train_split\EUS\EUS_218.jpg,EUS,fish,train,False,4,train,5.93,29.32,2.2,25.78,0.22,40.0,13.327212149035685,0.021960723206482423,2.491
C:\Users\Asus\PycharmProjects\AquaVision_v1\datasets\fish\New Dataset\train_split\EUS\EUS_219.jpg,EUS,fish,train,False,2,train,6.06,32.47,3.97,31.78,0.093,55.74,8.17882070826018,0.013868363889481395,1.4129999999999998
C:\Users\Asus\PycharmProjects\AquaVision_v1\datasets\fish\New Dataset\train_split\EUS\EUS_220.jpg,EUS,fish,train,False,0,train,6.56,29.68,3.2,29.6,0.002,40.85,9.274971015715575,0.0008620925332461279,1.1300000000000001
C:\Users\Asus\PycharmProjects\AquaVision_v1\datasets\fish\New Dataset\train_split\EUS\EUS_222.jpg,EUS,fish,train,False,0,val,5.6,32.79,3.01,30.83,0.233,52.77,10.893651516107921,0.012166266602122621,2.399
C:\Users\Asus\PycharmProjects\AquaVision_v1\datasets\fish\New Dataset\train_split\EUS\EUS_223.jpg,EUS,fish,train,False,4,val,6.91,34.61,3.43,28.13,0.329,49.38,10.09034959081752,0.37021796440402366,2.2640000000000002
C:\Users\Asus\PycharmProjects\AquaVision_v1\datasets\fish\New Dataset\train_split\EUS\EUS_225.jpg,EUS,fish,train,False,1,train,6.3,30.91,2.52,33.16,0.147,45.55,12.265824341966896,0.03626405219554457,1.992
C:\Users\Asus\PycharmProjects\AquaVision_v1\datasets\fish\New Dataset\train_split\EUS\EUS_227.jpg,EUS,fish,train,False,0,train,5.77,31.08,4.11,29.6,0.043,61.22,7.562025396531881,0.0031478168590536896,1.258
C:\Users\Asus\PycharmProjects\AquaVision_v1\datasets\fish\New Dataset\train_split\EUS\EUS_229.jpg,EUS,fish,train,False,2,train,7.08,27.59,2.77,30.0,0.235,35.18,9.96025285107274,0.3118024720602876,2.0349999999999997
C:\Users\Asus\PycharmProjects\AquaVision_v1\datasets\fish\New Dataset\train_split\EUS\EUS_230.jpg,EUS,fish,train,False,1,val,5.16,28.67,1.37,24.87,0.498,43.01,20.926854548506945,0.008254999038875324,4.083
C:\Users\Asus\PycharmProjects\AquaVision_v1\datasets\fish\New Dataset\train_split\EUS\EUS_232.jpg,EUS,fish,train,False,4,train,6.36,32.15,1.98,31.19,0.001,39.45,16.237291730849844,0.0002946055801459358,1.5519999999999996
C:\Users\Asus\PycharmProjects\AquaVision_v1\datasets\fish\New Dataset\train_split\EUS\EUS_238.jpg,EUS,fish,train,False,2,train,5.34,28.12,3.97,29.6,0.235,40.51,7.083105584116916,0.005782866545353371,2.197
C:\Users\Asus\PycharmProjects\AquaVision_v1\datasets\fish\New Dataset\train_split\EUS\EUS_240.jpg,EUS,fish,train,False,2,val,5.67,31.29,3.39,24.24,0.08,43.68,9.230061268255845,0.004683338422680458,1.6520000000000001
C:\Users\Asus\PycharmProjects\AquaVision_v1\datasets\fish\New Dataset\train_split\EUS\EUS_241.jpg,EUS,fish,train,False,3,val,5.63,34.01,2.45,22.51,0.351,56.8,13.88157599356737,0.020369189085956793,3.03
C:\Users\Asus\PycharmProjects\AquaVision_v1\datasets\fish\New Dataset\train_split\EUS\EUS_242.jpg,EUS,fish,train,False,0,train,6.58,36.15,3.65,27.37,0.426,29.88,9.904082454568618,0.23419514737588046,2.685
C:\Users\Asus\PycharmProjects\AquaVision_v1\datasets\fish\New Dataset\train_split\EUS\EUS_244.jpg,EUS,fish,train,False,2,train,6.42,30.23,1.52,28.55,0.045,26.14,19.8880270524536,0.014312340251099528,1.848
C:\Users\Asus\PycharmProjects\AquaVision_v1\datasets\fish\New Dataset\train_split\EUS\EUS_246.jpg,EUS,fish,train,False,3,train,6.13,33.16,2.82,34.71,0.249,32.19,11.758823550271098,0.044552682749992266,2.3609999999999998
C:\Users\Asus\PycharmProjects\AquaVision_v1\datasets\fish\New Dataset\train_split\EUS\EUS_247.jpg,EUS,fish,train,False,3,train,5.26,37.78,2.96,24.49,0.022,30.93,12.763470393681102,0.0006049850262569092,1.672
C:\Users\Asus\PycharmProjects\AquaVision_v1\datasets\fish\New Dataset\train_split\EUS\EUS_248.jpg,EUS,fish,train,False,4,train,6.16,30.26,3.71,26.45,0.166,46.75,8.1563122471368,0.029042700955280467,1.7530000000000001
C:\Users\Asus\PycharmProjects\AquaVision_v1\datasets\fish\New Dataset\train_split\EUS\EUS_249.jpg,EUS,fish,train,False,2,train,4.94,28.55,3.33,33.26,0.113,35.51,8.573547827183702,0.0011239436742947252,2.021
C:\Users\Asus\PycharmProjects\AquaVision_v1\datasets\fish\New Dataset\train_split\EUS\EUS_250.jpg,EUS,fish,train,False,4,train,5.5,30.09,4.54,30.75,0.039,42.02,6.627738705421354,0.001484385782793678,1.194
C:\Users\Asus\PycharmProjects\AquaVision_v1\datasets\fish\New Dataset\train_split\EUS\EUS_253.jpg,EUS,fish,train,False,1,train,4.94,31.06,3.7,28.77,0.01,58.1,8.394571906562414,0.00010820851641614356,1.4979999999999998
C:\Users\Asus\PycharmProjects\AquaVision_v1\datasets\fish\New Dataset\train_split\EUS\EUS_254.jpg,EUS,fish,train,False,4,train,6.46,31.25,2.89,30.06,0.062,49.11,10.813111373317046,0.022351244149231196,1.4929999999999999
C:\Users\Asus\PycharmProjects\AquaVision_v1\datasets\fish\New Dataset\train_split\EUS\EUS_255.jpg,EUS,fish,train,False,3,train,6.42,22.95,3.52,28.14,0.008,28.19,6.519867841284541,0.001931668813247968,1.1
C:\Users\Asus\PycharmProjects\AquaVision_v1\datasets\fish\New Dataset\train_split\EUS\EUS_256.jpg,EUS,fish,train,False,1,train,6.29,32.19,3.67,17.39,0.116,53.28,8.77109326677584,0.02912319091712213,1.526
C:\Users\Asus\PycharmProjects\AquaVision_v1\datasets\fish\New Dataset\train_split\EUS\EUS_257.jpg,EUS,fish,train,False,0,train,6.52,28.81,3.73,26.46,0.1,24.29,7.723839882466803,0.03815955043965376,1.375
C:\Users\Asus\PycharmProjects\AquaVision_v1\datasets\fish\New Dataset\train_split\EUS\EUS_258.jpg,EUS,fish,train,False,3,train,5.59,29.99,3.42,27.77,0.064,33.11,8.768980207660212,0.0029868707579848892,1.6030000000000002
C:\Users\Asus\PycharmProjects\AquaVision_v1\datasets\fish\New Dataset\train_split\EUS\EUS_259.jpg,EUS,fish,train,False,0,val,7.29,35.74,3.11,32.34,0.085,45.39,11.491924463265391,0.23693731638419868,1.27
C:\Users\Asus\PycharmProjects\AquaVision_v1\datasets\fish\New Dataset\train_split\EUS\EUS_26.jpg,EUS,fish,train,False,4,val,6.0,32.51,4.3,29.44,0.098,38.01,7.560447533842945,0.012743920000000002,1.3519999999999999
C:\Users\Asus\PycharmProjects\AquaVision_v1\datasets\fish\New Dataset\train_split\EUS\EUS_260.jpg,EUS,fish,train,False,2,train,6.35,31.79,2.91,30.92,0.717,35.69,10.924361084669812,0.20411253424591086,4.140000000000001
C:\Users\Asus\PycharmProjects\AquaVision_v1\datasets\fish\New Dataset\train_split\EUS\EUS_264.jpg,EUS,fish,train,False,0,train,4.86,36.3,2.97,19.9,0.231,65.88,12.222181070097404,0.002429845142406728,2.625
C:\Users\Asus\PycharmProjects\AquaVision_v1\datasets\fish\New Dataset\train_split\EUS\EUS_265.jpg,EUS,fish,train,False,3,train,5.84,32.13,3.12,35.1,0.309,30.21,10.29804391652591,0.027474461962193025,2.598
C:\Users\Asus\PycharmProjects\AquaVision_v1\datasets\fish\New Dataset\train_split\EUS\EUS_266.jpg,EUS,fish,train,False,1,train,6.59,28.89,1.81,28.63,0.375,64.8,15.961237783216667,0.16859271358327146,3.0300000000000002
C:\Users\Asus\PycharmProjects\AquaVision_v1\datasets\fish\New Dataset\train_split\EUS\EUS_267.jpg,EUS,fish,train,False,1,train,6.49,36.92,2.9,22.84,0.815,40.93,12.730990582791094,0.37194548602099,4.492999999999999
C:\Users\Asus\PycharmProjects\AquaVision_v1\datasets\fish\New Dataset\train_split\EUS\EUS_268.jpg,EUS,fish,train,False,0,val,5.75,34.89,2.31,21.04,0.132,65.27,15.103830719347535,0.010359406905350596,2.16
C:\Users\Asus\PycharmProjects\AquaVision_v1\datasets\fish\New Dataset\train_split\EUS\EUS_269.jpg,EUS,fish,train,False,1,train,7.34,30.97,2.3,27.77,0.674,44.49,13.465158847135447,1.8266741932306267,3.854
C:\Users\Asus\PycharmProjects\AquaVision_v1\datasets\fish\New Dataset\train_split\EUS\EUS_270.jpg,EUS,fish,train,False,2,train,5.48,35.22,3.4,30.91,0.367,49.04,10.358793062373346,0.015614044300187677,2.854
C:\Users\Asus\PycharmProjects\AquaVision_v1\datasets\fish\New Dataset\train_split\EUS\EUS_271.jpg,EUS,fish,train,False,0,train,6.03,30.36,3.42,24.27,0.079,35.03,8.87716702582741,0.010279899049816344,1.531
C:\Users\Asus\PycharmProjects\AquaVision_v1\datasets\fish\New Dataset\train_split\EUS\EUS_274.jpg,EUS,fish,train,False,0,train,5.59,29.39,3.76,25.48,0.207,44.89,7.81646857322188,0.009467382479824215,2.073
C:\Users\Asus\PycharmProjects\AquaVision_v1\datasets\fish\New Dataset\train_split\EUS\EUS_275.jpg,EUS,fish,train,False,2,train,6.77,31.84,5.34,32.23,0.326,54.67,5.962535650682303,0.24448411710424606,1.7210000000000003
C:\Users\Asus\PycharmProjects\AquaVision_v1\datasets\fish\New Dataset\train_split\EUS\EUS_276.jpg,EUS,fish,train,False,1,train,6.05,32.62,2.73,37.81,0.675,45.02,11.948674180680655,0.09882065334419109,4.1160000000000005
C:\Users\Asus\PycharmProjects\AquaVision_v1\datasets\fish\New Dataset\train_split\EUS\EUS_277.jpg,EUS,fish,train,False,0,train,5.61,31.97,4.29,27.41,0.006,38.43,7.452197081125686,0.00031257473955353986,1.1039999999999999
C:\Users\Asus\PycharmProjects\AquaVision_v1\datasets\fish\New Dataset\train_split\EUS\EUS_278.jpg,EUS,fish,train,False,3,train,6.62,31.2,3.35,24.66,0.19,49.8,9.313405034611836,0.09884806820848595,1.819
C:\Users\Asus\PycharmProjects\AquaVision_v1\datasets\fish\New Dataset\train_split\EUS\EUS_280.jpg,EUS,fish,train,False,0,train,6.05,32.92,2.58,33.47,0.005,44.91,12.75964046650982,0.0007387369503124125,1.481
C:\Users\Asus\PycharmProjects\AquaVision_v1\datasets\fish\New Dataset\train_split\EUS\EUS_284.jpg,EUS,fish,train,False,1,val,4.33,29.4,2.7,24.09,0.011,31.75,10.888848559820147,2.765667758980088e-05,1.9849999999999999
C:\Users\Asus\PycharmProjects\AquaVision_v1\datasets\fish\New Dataset\train_split\EUS\EUS_285.jpg,EUS,fish,train,False,0,train,6.52,29.21,4.1,25.36,0.373,39.85,7.124372867383252,0.14431131367291664,2.356
C:\Users\Asus\PycharmProjects\AquaVision_v1\datasets\fish\New Dataset\train_split\EUS\EUS_286.jpg,EUS,fish,train,False,1,train,6.37,23.39,4.02,33.75,0.416,44.58,5.818393486583368,0.09123963595191409,2.5970000000000004
C:\Users\Asus\PycharmProjects\AquaVision_v1\datasets\fish\New Dataset\train_split\EUS\EUS_290.jpg,EUS,fish,train,False,1,train,6.04,29.87,2.6,28.9,0.272,25.53,11.488417352240953,0.035633962446051076,2.5460000000000003
C:\Users\Asus\PycharmProjects\AquaVision_v1\datasets\fish\New Dataset\train_split\EUS\EUS_292.jpg,EUS,fish,train,False,0,train,5.54,34.11,3.48,20.76,0.006,43.49,9.801695972138011,0.0002838526552544605,1.3679999999999999
C:\Users\Asus\PycharmProjects\AquaVision_v1\datasets\fish\New Dataset\train_split\EUS\EUS_294.jpg,EUS,fish,train,False,0,train,5.64,29.86,3.4,29.9,0.236,52.08,8.782327110802616,0.012304438436652628,2.282
C:\Users\Asus\PycharmProjects\AquaVision_v1\datasets\fish\New Dataset\train_split\EUS\EUS_295.jpg,EUS,fish,train,False,2,,,,,,,,,,
C:\Users\Asus\PycharmProjects\AquaVision_v1\datasets\fish\New Dataset\train_split\EUS\EUS_298.jpg,EUS,fish,train,False,1,train,5.27,29.82,5.55,30.9,0.193,51.19,5.372963291958033,0.0042867182456601295,1.5760000000000003
C:\Users\Asus\PycharmProjects\AquaVision_v1\datasets\fish\New Dataset\train_split\EUS\EUS_3.jpg,EUS,fish,train,False,4,train,6.15,31.6,3.44,27.85,0.469,27.62,9.186019808081953,0.08373748570530833,3.0489999999999995
C:\Users\Asus\PycharmProjects\AquaVision_v1\datasets\fish\New Dataset\train_split\EUS\EUS_300.jpg,EUS,fish,train,False,0,train,5.74,32.03,3.88,24.36,0.045,32.06,8.255133363058343,0.0031683229541387505,1.3439999999999999
C:\Users\Asus\PycharmProjects\AquaVision_v1\datasets\fish\New Dataset\train_split\EUS\EUS_301.jpg,EUS,fish,train,False,4,,,,,,,,,,
C:\Users\Asus\PycharmProjects\AquaVision_v1\datasets\fish\New Dataset\train_split\EUS\EUS_302.jpg,EUS,fish,train,False,4,train,5.61,28.75,4.34,24.34,0.409,46.26,6.624408699519126,0.019161131366516454,2.7009999999999996
C:\Users\Asus\PycharmProjects\AquaVision_v1\datasets\fish\New Dataset\train_split\EUS\EUS_303.jpg,EUS,fish,train,False,1,val,6.89,33.16,3.44,27.08,0.239,32.22,9.639506861898656,0.24607778794361468,1.907
C:\Users\Asus\PycharmProjects\AquaVision_v1\datasets\fish\New Dataset\train_split\EUS\EUS_304.jpg,EUS,fish,train,False,4,train,5.93,29.1,3.73,32.24,0.297,39.45,7.801587663303852,0.029424522891086696,2.34
C:\Users\Asus\PycharmProjects\AquaVision_v1\datasets\fish\New Dataset\train_split\EUS\EUS_308.jpg,EUS,fish,train,False,3,train,5.83,32.16,3.69,30.29,0.263,48.97,8.715423535437573,0.022873455570013648,2.246
C:\Users\Asus\PycharmProjects\AquaVision_v1\datasets\fish\New Dataset\train_split\EUS\EUS_309.jpg,EUS,fish,train,False,3,train,5.91,29.01,3.0,29.26,0.02,50.32,9.66996776677411,0.0018864170619136422,1.4569999999999999
C:\Users\Asus\PycharmProjects\AquaVision_v1\datasets\fish\New Dataset\train_split\EUS\EUS_310.jpg,EUS,fish,train,False,0,train,6.37,32.1,3.87,33.13,0.136,45.78,8.294552210459404,0.04093586126464262,1.5219999999999998
C:\Users\Asus\PycharmProjects\AquaVision_v1\datasets\fish\New Dataset\train_split\EUS\EUS_311.jpg,EUS,fish,train,False,4,val,6.13,26.41,4.31,28.57,0.392,59.07,6.127595991656633,0.05586174005545704,2.486
C:\Users\Asus\PycharmProjects\AquaVision_v1\datasets\fish\New Dataset\train_split\EUS\EUS_312.jpg,EUS,fish,train,False,2,train,6.34,30.73,3.05,24.91,0.523,61.66,10.075376802043273,0.14064498156070468,3.325
C:\Users\Asus\PycharmProjects\AquaVision_v1\datasets\fish\New Dataset\train_split\EUS\EUS_313.jpg,EUS,fish,train,False,0,train,4.97,33.95,4.04,28.39,0.609,42.24,8.403444545929343,0.007718218383537287,3.783
C:\Users\Asus\PycharmProjects\AquaVision_v1\datasets\fish\New Dataset\train_split\EUS\EUS_317.jpg,EUS,fish,train,False,1,train,4.0,32.96,4.01,27.92,0.168,42.52,8.219430874237222,0.00022149120000000002,2.3190000000000004
C:\Users\Asus\PycharmProjects\AquaVision_v1\datasets\fish\New Dataset\train_split\EUS\EUS_318.jpg,EUS,fish,train,False,4,train,5.02,32.35,2.94,23.32,0.066,30.95,11.00336393413628,0.0008942896651773894,1.926
C:\Users\Asus\PycharmProjects\AquaVision_v1\datasets\fish\New Dataset\train_split\EUS\EUS_319.jpg,EUS,fish,train,False,4,train,6.2,32.15,2.46,26.2,0.158,47.94,13.069052564826972,0.03220312779897889,2.084
C:\Users\Asus\PycharmProjects\AquaVision_v1\datasets\fish\New Dataset\train_split\EUS\EUS_322.jpg,EUS,fish,train,False,2,train,5.19,32.58,4.61,39.17,0.645,67.09,7.067229789089394,0.01301879492459552,3.6899999999999995
C:\Users\Asus\PycharmProjects\AquaVision_v1\datasets\fish\New Dataset\train_split\EUS\EUS_323.jpg,EUS,fish,train,False,4,train,6.88,32.94,2.81,32.95,0.433,42.46,11.72237821217718,0.4327842849677098,2.875
C:\Users\Asus\PycharmProjects\AquaVision_v1\datasets\fish\New Dataset\train_split\EUS\EUS_324.jpg,EUS,fish,train,False,3,train,5.46,33.55,2.36,23.8,0.323,36.79,14.21604145745145,0.012501295995342773,2.996
C:\Users\Asus\PycharmProjects\AquaVision_v1\datasets\fish\New Dataset\train_split\EUS\EUS_325.jpg,EUS,fish,train,False,0,val,6.42,29.46,2.12,25.58,0.881,44.68,13.89616086716572,0.27306663732532255,5.0120000000000005
C:\Users\Asus\PycharmProjects\AquaVision_v1\datasets\fish\New Dataset\train_split\EUS\EUS_326.jpg,EUS,fish,train,False,0,val,5.39,28.12,4.89,24.56,0.04,48.4,5.75049948773111,0.001104422635345008,1.1260000000000003
C:\Users\Asus\PycharmProjects\AquaVision_v1\datasets\fish\New Dataset\train_split\EUS\EUS_327.jpg,EUS,fish,train,False,0,train,5.83,33.37,5.55,23.05,0.288,57.74,6.012601779095894,0.025990143999932658,1.788
C:\Users\Asus\PycharmProjects\AquaVision_v1\datasets\fish\New Dataset\train_split\EUS\EUS_328.jpg,EUS,fish,train,False,0,train,4.75,31.49,4.73,26.59,0.539,41.4,6.65749121037799,0.0038178724680006265,3.3619999999999997
C:\Users\Asus\PycharmProjects\AquaVision_v1\datasets\fish\New Dataset\train_split\EUS\EUS_329.jpg,EUS,fish,train,False,4,val,6.47,30.16,2.7,32.92,0.574,49.61,11.170328998781486,0.2043634477542887,3.5949999999999998
C:\Users\Asus\PycharmProjects\AquaVision_v1\datasets\fish\New Dataset\train_split\EUS\EUS_331.jpg,EUS,fish,train,False,1,val,5.94,29.06,2.72,28.01,0.107,49.92,10.683784250793193,0.010832766423524952,1.88
C:\Users\Asus\PycharmProjects\AquaVision_v1\datasets\fish\New Dataset\train_split\EUS\EUS_332.jpg,EUS,fish,train,False,0,train,5.46,24.07,3.06,34.9,0.203,46.22,7.865987366054359,0.005636793428356901,2.306
C:\Users\Asus\PycharmProjects\AquaVision_v1\datasets\fish\New Dataset\train_split\EUS\EUS_333.jpg,EUS,fish,train,False,1,train,5.7,25.4,3.36,24.9,0.085,46.6,7.5595013110080025,0.004328252949605126,1.6720000000000002
C:\Users\Asus\PycharmProjects\AquaVision_v1\datasets\fish\New Dataset\train_split\EUS\EUS_335.jpg,EUS,fish,train,False,1,train,5.37,31.54,2.83,23.29,0.158,49.69,11.144836944039065,0.0046728169359840305,2.222
C:\Users\Asus\PycharmProjects\AquaVision_v1\datasets\fish\New Dataset\train_split\EUS\EUS_336.jpg,EUS,fish,train,False,2,train,4.67,32.68,3.99,21.66,0.7,39.55,8.190455663018387,0.004279963636834377,4.252
C:\Users\Asus\PycharmProjects\AquaVision_v1\datasets\fish\New Dataset\train_split\EUS\EUS_341.jpg,EUS,fish,train,False,1,train,6.23,33.54,2.88,22.06,0.251,24.51,11.645792896552443,0.05718692847198122,2.3209999999999997
C:\Users\Asus\PycharmProjects\AquaVision_v1\datasets\fish\New Dataset\train_split\EUS\EUS_344.jpg,EUS,fish,train,False,0,train,6.15,29.9,2.78,23.7,0.107,24.51,10.755356995118722,0.018076525466046323,1.799
C:\Users\Asus\PycharmProjects\AquaVision_v1\datasets\fish\New Dataset\train_split\EUS\EUS_347.jpg,EUS,fish,train,False,1,train,5.87,32.52,3.17,31.18,0.259,58.49,10.258642717215404,0.02497527577280166,2.3739999999999997
C:\Users\Asus\PycharmProjects\AquaVision_v1\datasets\fish\New Dataset\train_split\EUS\EUS_351.jpg,EUS,fish,train,False,2,train,6.11,28.55,3.79,34.72,0.447,47.08,7.532961654454738,0.06576179016510014,2.868
C:\Users\Asus\PycharmProjects\AquaVision_v1\datasets\fish\New Dataset\train_split\EUS\EUS_38.jpg,EUS,fish,train,False,3,val,5.82,27.19,2.28,31.42,0.171,47.64,11.925386292165387,0.012287550318307361,2.3040000000000003
C:\Users\Asus\PycharmProjects\AquaVision_v1\datasets\fish\New Dataset\train_split\EUS\EUS_42.jpg,EUS,fish,train,False,1,train,5.58,30.47,1.97,23.49,0.316,37.75,15.466926563824549,0.0146426448250418,3.0490000000000004
C:\Users\Asus\PycharmProjects\AquaVision_v1\datasets\fish\New Dataset\train_split\EUS\EUS_43.jpg,EUS,fish,train,False,4,train,5.56,30.1,2.22,32.71,0.178,39.16,13.558497484245565,0.007781198407388989,2.428
C:\Users\Asus\PycharmProjects\AquaVision_v1\datasets\fish\New Dataset\train_split\EUS\EUS_47.jpg,EUS,fish,train,False,2,train,5.72,34.71,2.61,22.4,0.172,32.87,13.29879962145739,0.012532654058345482,2.239
C:\Users\Asus\PycharmProjects\AquaVision_v1\datasets\fish\New Dataset\train_split\EUS\EUS_48.jpg,EUS,fish,train,False,3,train,5.66,33.97,3.73,27.89,0.057,58.64,9.10721418977429,0.003540221162677547,1.4609999999999999
C:\Users\Asus\PycharmProjects\AquaVision_v1\datasets\fish\New Dataset\train_split\EUS\EUS_5.jpg,EUS,fish,train,False,2,train,5.48,33.04,3.52,28.68,0.32,42.5,9.386336970633606,0.012771738219786586,2.63
C:\Users\Asus\PycharmProjects\AquaVision_v1\datasets\fish\New Dataset\train_split\EUS\EUS_50.jpg,EUS,fish,train,False,3,val,5.3,34.62,2.67,21.71,0.226,34.47,12.966243572121451,0.006244468713517721,2.563
C:\Users\Asus\PycharmProjects\AquaVision_v1\datasets\fish\New Dataset\train_split\EUS\EUS_51.jpg,EUS,fish,train,False,4,train,6.02,29.73,3.59,24.6,0.028,32.56,8.281313979626798,0.00348668675415796,1.2790000000000001
C:\Users\Asus\PycharmProjects\AquaVision_v1\datasets\fish\New Dataset\train_split\EUS\EUS_55.jpg,EUS,fish,train,False,1,train,6.68,30.06,3.16,28.94,0.097,8.12,9.512628124594542,0.05582396783184777,1.4860000000000002
C:\Users\Asus\PycharmProjects\AquaVision_v1\datasets\fish\New Dataset\train_split\EUS\EUS_56.jpg,EUS,fish,train,False,0,train,7.0,28.3,3.33,33.98,0.223,38.57,8.498472977558626,0.25243600000000005,1.843
C:\Users\Asus\PycharmProjects\AquaVision_v1\datasets\fish\New Dataset\train_split\EUS\EUS_58.jpg,EUS,fish,train,False,4,train,5.56,28.99,2.61,38.89,0.725,53.44,11.107237137022462,0.03052433514257716,4.4990000000000006
C:\Users\Asus\PycharmProjects\AquaVision_v1\datasets\fish\New Dataset\train_split\EUS\EUS_59.jpg,EUS,fish,train,False,3,train,6.76,32.23,1.91,29.58,0.076,52.12,16.874257202841868,0.05638114470834473,1.7530000000000001
C:\Users\Asus\PycharmProjects\AquaVision_v1\datasets\fish\New Dataset\train_split\EUS\EUS_6.jpg,EUS,fish,train,False,4,train,5.52,35.63,2.87,23.61,0.127,41.38,12.414590889927213,0.005993486544079753,2.041
C:\Users\Asus\PycharmProjects\AquaVision_v1\datasets\fish\New Dataset\train_split\EUS\EUS_61.jpg,EUS,fish,train,False,4,train,4.86,31.22,2.85,28.03,0.094,47.19,10.954347528605162,0.0008503950893251494,2.113
C:\Users\Asus\PycharmProjects\AquaVision_v1\datasets\fish\New Dataset\train_split\EUS\EUS_62.jpg,EUS,fish,train,False,3,train,6.88,28.51,2.35,32.41,0.854,41.16,12.131863268666942,0.738779914045042,4.697
C:\Users\Asus\PycharmProjects\AquaVision_v1\datasets\fish\New Dataset\train_split\EUS\EUS_65.jpg,EUS,fish,train,False,3,train,6.75,30.17,4.42,19.46,0.066,47.2,6.825776412270562,0.044789811741821076,0.963
C:\Users\Asus\PycharmProjects\AquaVision_v1\datasets\fish\New Dataset\train_split\EUS\EUS_66.jpg,EUS,fish,train,False,3,val,7.1,29.32,3.73,31.57,0.106,51.42,7.8605687384216125,0.15650557863293302,1.225
C:\Users\Asus\PycharmProjects\AquaVision_v1\datasets\fish\New Dataset\train_split\EUS\EUS_67.jpg,EUS,fish,train,False,0,train,6.1,30.9,3.8,19.94,0.052,40.78,8.131557548532767,0.008091365406683464,1.2880000000000003
C:\Users\Asus\PycharmProjects\AquaVision_v1\datasets\fish\New Dataset\train_split\EUS\EUS_7.jpg,EUS,fish,train,False,2,train,6.48,30.46,0.5,25.19,0.046,36.24,60.91878162436752,0.016925742210233973,2.1399999999999997
C:\Users\Asus\PycharmProjects\AquaVision_v1\datasets\fish\New Dataset\train_split\EUS\EUS_70.jpg,EUS,fish,train,False,4,train,5.97,34.86,4.0,31.61,0.037,39.39,8.714978212554469,0.004814920249015897,1.207
C:\Users\Asus\PycharmProjects\AquaVision_v1\datasets\fish\New Dataset\train_split\EUS\EUS_71.jpg,EUS,fish,train,False,0,train,5.78,32.02,2.72,33.97,0.343,43.4,11.7720155440605,0.026471310302050504,2.872
C:\Users\Asus\PycharmProjects\AquaVision_v1\datasets\fish\New Dataset\train_split\EUS\EUS_75.jpg,EUS,fish,train,False,0,train,6.49,29.1,2.96,34.3,0.063,44.52,9.831047868081527,0.02266175446570868,1.4669999999999999
C:\Users\Asus\PycharmProjects\AquaVision_v1\datasets\fish\New Dataset\train_split\EUS\EUS_76.jpg,EUS,fish,train,False,0,train,6.3,27.67,3.0,29.33,0.251,50.49,9.22330258899137,0.055429743888209634,2.2640000000000002
C:\Users\Asus\PycharmProjects\AquaVision_v1\datasets\fish\New Dataset\train_split\EUS\EUS_77.jpg,EUS,fish,train,False,0,train,5.7,30.25,2.21,27.31,0.193,59.38,13.687720870041312,0.011704225466897695,2.449
C:\Users\Asus\PycharmProjects\AquaVision_v1\datasets\fish\New Dataset\train_split\EUS\EUS_78.jpg,EUS,fish,train,False,3,train,7.08,27.42,2.17,21.54,0.297,45.69,12.635886470569261,0.3916371586708485,2.463
C:\Users\Asus\PycharmProjects\AquaVision_v1\datasets\fish\New Dataset\train_split\EUS\EUS_8.jpg,EUS,fish,train,False,1,train,7.73,32.3,3.37,30.46,0.134,41.53,9.584541292162337,0.929752408419892,1.3940000000000001
C:\Users\Asus\PycharmProjects\AquaVision_v1\datasets\fish\New Dataset\train_split\EUS\EUS_82.jpg,EUS,fish,train,False,4,train,5.93,34.55,3.43,30.92,1.074,58.92,10.072856930446266,0.1263316953686564,5.538
C:\Users\Asus\PycharmProjects\AquaVision_v1\datasets\fish\New Dataset\train_split\EUS\EUS_83.jpg,EUS,fish,train,False,3,train,6.59,29.19,3.24,28.5,0.227,23.42,9.009231452989342,0.10311454826403808,2.009
C:\Users\Asus\PycharmProjects\AquaVision_v1\datasets\fish\New Dataset\train_split\EUS\EUS_84.jpg,EUS,fish,train,False,4,train,5.72,34.29,3.77,23.9,0.17,51.07,9.095466590274295,0.012237040512135991,1.883
C:\Users\Asus\PycharmProjects\AquaVision_v1\datasets\fish\New Dataset\train_split\EUS\EUS_86.jpg,EUS,fish,train,False,2,train,7.66,26.69,3.76,32.67,0.132,53.21,7.098385376634638,0.6441433036273498,1.2480000000000002
C:\Users\Asus\PycharmProjects\AquaVision_v1\datasets\fish\New Dataset\train_split\EUS\EUS_88.jpg,EUS,fish,train,False,4,train,5.55,33.6,2.38,27.09,0.471,35.6,14.117587741227979,0.02246053909061948,3.5550000000000006
C:\Users\Asus\PycharmProjects\AquaVision_v1\datasets\fish\New Dataset\train_split\EUS\EUS_89.jpg,EUS,fish,train,False,1,train,6.16,37.52,3.35,28.24,0.014,55.73,11.199966567263978,0.0030370424111096843,1.253
C:\Users\Asus\PycharmProjects\AquaVision_v1\datasets\fish\New Dataset\train_split\EUS\EUS_90.jpg,EUS,fish,train,False,3,train,6.23,31.28,2.57,24.3,0.473,40.5,12.17115886708612,0.10050504826151446,3.3019999999999996
C:\Users\Asus\PycharmProjects\AquaVision_v1\datasets\fish\New Dataset\train_split\EUS\EUS_91.jpg,EUS,fish,train,False,4,train,5.3,30.2,3.32,20.67,0.076,49.52,9.096358143499568,0.001831810426126628,1.7680000000000002
C:\Users\Asus\PycharmProjects\AquaVision_v1\datasets\fish\New Dataset\train_split\EUS\EUS_92.jpg,EUS,fish,train,False,3,train,5.31,30.6,2.76,29.71,0.137,62.23,11.08691635175235,0.003423749524657437,2.177
C:\Users\Asus\PycharmProjects\AquaVision_v1\datasets\fish\New Dataset\train_split\EUS\EUS_93.jpg,EUS,fish,train,False,2,train,6.45,30.55,3.32,26.41,0.555,39.77,9.201779512712312,0.19114554878128662,3.3390000000000004
C:\Users\Asus\PycharmProjects\AquaVision_v1\datasets\fish\New Dataset\train_split\EUS\EUS_95.jpg,EUS,fish,train,False,3,train,6.4,29.88,3.39,30.4,0.327,53.53,8.814133291642207,0.09817215787814627,2.421
C:\Users\Asus\PycharmProjects\AquaVision_v1\datasets\fish\New Dataset\train_split\EUS\EUS_96.jpg,EUS,fish,train,False,4,train,6.68,33.91,3.15,27.12,0.04,53.19,10.765045190332728,0.025968554289057044,1.2610000000000001
C:\Users\Asus\PycharmProjects\AquaVision_v1\datasets\fish\New Dataset\train_split\EUS\EUS_97.jpg,EUS,fish,train,False,2,train,6.17,32.6,2.98,28.87,0.15,36.75,10.939560605501324,0.028931360072570134,1.905
C:\Users\Asus\PycharmProjects\AquaVision_v1\datasets\fish\New Dataset\train_split\EUS\EUS_aug_1.jpg,EUS,fish,train,True,2,train,5.93,30.1,3.15,26.21,0.081,47.8,9.555525220554856,0.00830063860376485,1.6500000000000001
C:\Users\Asus\PycharmProjects\AquaVision_v1\datasets\fish\New Dataset\train_split\EUS\EUS_aug_101.jpg,EUS,fish,train,True,1,train,6.69,28.77,3.26,25.4,0.16,41.73,8.825126303293548,0.09018199445267334,1.705
C:\Users\Asus\PycharmProjects\AquaVision_v1\datasets\fish\New Dataset\train_split\EUS\EUS_aug_103.jpg,EUS,fish,train,True,4,train,6.32,32.35,2.4,24.58,0.1,45.87,13.479110503706234,0.02703549193325129,1.834
C:\Users\Asus\PycharmProjects\AquaVision_v1\datasets\fish\New Dataset\train_split\EUS\EUS_aug_105.jpg,EUS,fish,train,True,2,train,5.05,36.14,3.32,22.33,0.045,38.57,10.88550938099584,0.0007298954448925131,1.719
C:\Users\Asus\PycharmProjects\AquaVision_v1\datasets\fish\New Dataset\train_split\EUS\EUS_aug_107.jpg,EUS,fish,train,True,2,train,6.62,33.03,2.28,30.9,0.222,38.96,14.486778566760673,0.12227045813590363,2.2680000000000002
C:\Users\Asus\PycharmProjects\AquaVision_v1\datasets\fish\New Dataset\train_split\EUS\EUS_aug_108.jpg,EUS,fish,train,True,3,train,7.73,38.06,2.92,25.63,0.346,48.27,13.034201937664598,2.828817135507495,2.3770000000000002
C:\Users\Asus\PycharmProjects\AquaVision_v1\datasets\fish\New Dataset\train_split\EUS\EUS_aug_11.jpg,EUS,fish,train,True,4,val,5.31,30.4,4.23,27.77,0.752,30.84,7.1867442393753205,0.018670305122200453,4.196
C:\Users\Asus\PycharmProjects\AquaVision_v1\datasets\fish\New Dataset\train_split\EUS\EUS_aug_113.jpg,EUS,fish,train,True,3,train,6.88,32.46,2.99,28.67,0.098,55.6,10.856150982772633,0.09652383809495342,1.4809999999999999
C:\Users\Asus\PycharmProjects\AquaVision_v1\datasets\fish\New Dataset\train_split\EUS\EUS_aug_115.jpg,EUS,fish,train,True,1,train,4.94,29.63,4.26,27.52,0.033,43.68,6.955382733843349,0.0003406477954492628,1.422
C:\Users\Asus\PycharmProjects\AquaVision_v1\datasets\fish\New Dataset\train_split\EUS\EUS_aug_117.jpg,EUS,fish,train,True,1,train,6.45,27.28,2.3,29.56,0.162,33.26,11.860817996443496,0.049821795164451524,2.0730000000000004
C:\Users\Asus\PycharmProjects\AquaVision_v1\datasets\fish\New Dataset\train_split\EUS\EUS_aug_118.jpg,EUS,fish,train,True,4,train,6.15,30.3,3.82,31.13,0.543,48.05,7.931916408595789,0.09296135587169493,3.231
C:\Users\Asus\PycharmProjects\AquaVision_v1\datasets\fish\New Dataset\train_split\EUS\EUS_aug_122.jpg,EUS,fish,train,True,4,train,5.51,30.16,3.9,26.9,0.049,40.43,7.733313504324348,0.0019128785998275264,1.423
C:\Users\Asus\PycharmProjects\AquaVision_v1\datasets\fish\New Dataset\train_split\EUS\EUS_aug_124.jpg,EUS,fish,train,True,1,train,6.89,33.93,2.19,33.16,0.56,50.25,15.493079940274246,0.5899726485455374,3.5660000000000007
C:\Users\Asus\PycharmProjects\AquaVision_v1\datasets\fish\New Dataset\train_split\EUS\EUS_aug_128.jpg,EUS,fish,train,True,1,train,5.99,33.12,1.43,37.68,0.148,46.49,23.16067719806155,0.019160729280769426,2.416
C:\Users\Asus\PycharmProjects\AquaVision_v1\datasets\fish\New Dataset\train_split\EUS\EUS_aug_13.jpg,EUS,fish,train,True,3,train,7.02,27.39,3.56,29.65,0.286,35.59,7.693798612925245,0.32810893465194546,2.02
C:\Users\Asus\PycharmProjects\AquaVision_v1\datasets\fish\New Dataset\train_split\EUS\EUS_aug_131.jpg,EUS,fish,train,True,3,train,6.69,31.02,2.07,31.91,1.018,36.39,14.985434852971725,0.6186564751356711,5.494
C:\Users\Asus\PycharmProjects\AquaVision_v1\datasets\fish\New Dataset\train_split\EUS\EUS_aug_132.jpg,EUS,fish,train,True,2,train,5.71,34.38,4.88,27.84,0.008,66.59,7.045067530599324,0.00056422958021194,0.905
C:\Users\Asus\PycharmProjects\AquaVision_v1\datasets\fish\New Dataset\train_split\EUS\EUS_aug_133.jpg,EUS,fish,train,True,3,train,5.72,35.09,2.58,30.94,0.063,40.98,13.600722477819854,0.004640704432601457,1.812
C:\Users\Asus\PycharmProjects\AquaVision_v1\datasets\fish\New Dataset\train_split\EUS\EUS_aug_134.jpg,EUS,fish,train,True,4,val,5.46,29.99,4.11,34.39,0.069,51.45,7.296819229150294,0.002387182091893967,1.4549999999999998
C:\Users\Asus\PycharmProjects\AquaVision_v1\datasets\fish\New Dataset\train_split\EUS\EUS_aug_136.jpg,EUS,fish,train,True,2,val,6.15,31.8,2.41,30.89,0.076,24.87,13.194965995991717,0.0136552829513771,1.7859999999999998
C:\Users\Asus\PycharmProjects\AquaVision_v1\datasets\fish\New Dataset\train_split\EUS\EUS_aug_137.jpg,EUS,fish,train,True,4,train,6.18,30.82,4.71,28.95,0.025,36.59,6.543510523332223,0.004664795767680391,0.8830000000000001
C:\Users\Asus\PycharmProjects\AquaVision_v1\datasets\fish\New Dataset\train_split\EUS\EUS_aug_139.jpg,EUS,fish,train,True,3,train,6.29,32.45,4.17,27.9,0.23,51.11,7.781755919050555,0.058210660681176696,1.8320000000000003
C:\Users\Asus\PycharmProjects\AquaVision_v1\datasets\fish\New Dataset\train_split\EUS\EUS_aug_14.jpg,EUS,fish,train,True,2,train,5.31,31.82,2.53,34.61,0.008,65.78,12.577025387251435,0.00020789792447802996,1.73
C:\Users\Asus\PycharmProjects\AquaVision_v1\datasets\fish\New Dataset\train_split\EUS\EUS_aug_140.jpg,EUS,fish,train,True,2,train,6.0,32.79,4.22,30.28,0.383,56.52,7.770123767479225,0.05023428,2.516
C:\Users\Asus\PycharmProjects\AquaVision_v1\datasets\fish\New Dataset\train_split\EUS\EUS_aug_141.jpg,EUS,fish,train,True,3,train,6.14,30.28,3.54,27.55,0.397,44.44,8.55364815353629,0.06637528042509441,2.734
C:\Users\Asus\PycharmProjects\AquaVision_v1\datasets\fish\New Dataset\train_split\EUS\EUS_aug_143.jpg,EUS,fish,train,True,0,val,5.66,29.15,4.9,31.91,0.161,52.55,5.948967451086834,0.008580733748364206,1.526
C:\Users\Asus\PycharmProjects\AquaVision_v1\datasets\fish\New Dataset\train_split\EUS\EUS_aug_145.jpg,EUS,fish,train,True,2,val,5.98,26.47,2.44,15.45,0.183,43.63,10.848316195425427,0.0185039745464548,2.2560000000000002
C:\Users\Asus\PycharmProjects\AquaVision_v1\datasets\fish\New Dataset\train_split\EUS\EUS_aug_147.jpg,EUS,fish,train,True,1,train,5.12,31.21,2.87,34.01,0.246,54.14,10.874526569593835,0.004048450812537995,2.637
C:\Users\Asus\PycharmProjects\AquaVision_v1\datasets\fish\New Dataset\train_split\EUS\EUS_aug_149.jpg,EUS,fish,train,True,0,train,6.8,27.12,2.08,27.66,0.473,67.54,13.038398853851664,0.32375077540916963,3.2779999999999996
C:\Users\Asus\PycharmProjects\AquaVision_v1\datasets\fish\New Dataset\train_split\EUS\EUS_aug_15.jpg,EUS,fish,train,True,3,train,5.98,30.54,2.05,31.78,0.005,42.4,14.897488304935099,0.0005833094715418937,1.661
C:\Users\Asus\PycharmProjects\AquaVision_v1\datasets\fish\New Dataset\train_split\EUS\EUS_aug_151.jpg,EUS,fish,train,True,4,val,6.32,33.38,3.83,25.48,0.184,37.93,8.71538194417247,0.05132915876806021,1.7409999999999997
C:\Users\Asus\PycharmProjects\AquaVision_v1\datasets\fish\New Dataset\train_split\EUS\EUS_aug_154.jpg,EUS,fish,train,True,3,val,5.45,28.06,2.86,26.04,0.388,47.25,9.811154506452775,0.012273809647958748,3.109
C:\Users\Asus\PycharmProjects\AquaVision_v1\datasets\fish\New Dataset\train_split\EUS\EUS_aug_156.jpg,EUS,fish,train,True,3,val,5.57,31.23,4.13,31.7,0.838,63.1,7.56172503214278,0.038893407526170175,4.492
C:\Users\Asus\PycharmProjects\AquaVision_v1\datasets\fish\New Dataset\train_split\EUS\EUS_aug_158.jpg,EUS,fish,train,True,2,,,,,,,,,,
C:\Users\Asus\PycharmProjects\AquaVision_v1\datasets\fish\New Dataset\train_split\EUS\EUS_aug_159.jpg,EUS,fish,train,True,1,train,6.34,29.45,2.56,19.71,0.492,46.54,11.503861313041746,0.12679741309621853,3.348
C:\Users\Asus\PycharmProjects\AquaVision_v1\datasets\fish\New Dataset\train_split\EUS\EUS_aug_160.jpg,EUS,fish,train,True,2,train,6.32,34.34,2.64,32.55,0.445,48.53,13.007526486642096,0.12770864385767944,3.1420000000000003
C:\Users\Asus\PycharmProjects\AquaVision_v1\datasets\fish\New Dataset\train_split\EUS\EUS_aug_162.jpg,EUS,fish,train,True,3,train,4.01,26.04,4.26,29.76,1.036,39.79,6.112661707366885,0.0011042330120669796,5.713
C:\Users\Asus\PycharmProjects\AquaVision_v1\datasets\fish\New Dataset\train_split\EUS\EUS_aug_164.jpg,EUS,fish,train,True,3,train,6.04,29.78,3.23,38.55,0.517,47.49,9.219785697257903,0.0675266535686059,3.337
C:\Users\Asus\PycharmProjects\AquaVision_v1\datasets\fish\New Dataset\train_split\EUS\EUS_aug_166.jpg,EUS,fish,train,True,0,train,5.76,32.09,3.33,18.42,0.093,38.21,9.636607697874782,0.006869302743163562,1.6949999999999998
C:\Users\Asus\PycharmProjects\AquaVision_v1\datasets\fish\New Dataset\train_split\EUS\EUS_aug_168.jpg,EUS,fish,train,True,4,train,5.41,26.05,3.17,31.28,0.244,40.51,8.217639691988353,0.006535179869774183,2.452
C:\Users\Asus\PycharmProjects\AquaVision_v1\datasets\fish\New Dataset\train_split\EUS\EUS_aug_169.jpg,EUS,fish,train,True,3,,,,,,,,,,
C:\Users\Asus\PycharmProjects\AquaVision_v1\datasets\fish\New Dataset\train_split\EUS\EUS_aug_17.jpg,EUS,fish,train,True,4,train,6.74,26.61,2.18,24.44,0.241,43.4,12.206366025843916,0.14096844477830747,2.338
C:\Users\Asus\PycharmProjects\AquaVision_v1\datasets\fish\New Dataset\train_split\EUS\EUS_aug_170.jpg,EUS,fish,train,True,0,train,5.96,31.03,4.11,23.28,0.165,40.75,7.549859976009791,0.01867779958784116,1.689
C:\Users\Asus\PycharmProjects\AquaVision_v1\datasets\fish\New Dataset\train_split\EUS\EUS_aug_172.jpg,EUS,fish,train,True,3,train,6.02,33.2,2.44,27.27,0.597,47.81,13.60650161269831,0.08301802669515211,3.9
C:\Users\Asus\PycharmProjects\AquaVision_v1\datasets\fish\New Dataset\train_split\EUS\EUS_aug_173.jpg,EUS,fish,train,True,3,train,6.27,35.58,1.98,27.51,0.306,47.3,17.96960621411003,0.08109374583469686,2.7990000000000004
C:\Users\Asus\PycharmProjects\AquaVision_v1\datasets\fish\New Dataset\train_split\EUS\EUS_aug_175.jpg,EUS,fish,train,True,3,train,5.29,29.42,2.61,22.21,0.169,40.35,11.271987463649566,0.0038778353412420035,2.356
C:\Users\Asus\PycharmProjects\AquaVision_v1\datasets\fish\New Dataset\train_split\EUS\EUS_aug_176.jpg,EUS,fish,train,True,4,train,6.48,35.16,3.41,25.76,0.046,38.11,10.310820202873304,0.019537396458037638,1.267
C:\Users\Asus\PycharmProjects\AquaVision_v1\datasets\fish\New Dataset\train_split\EUS\EUS_aug_18.jpg,EUS,fish,train,True,2,train,6.57,33.32,2.89,28.73,0.038,34.64,11.529371870685567,0.018816921826947053,1.3639999999999999
C:\Users\Asus\PycharmProjects\AquaVision_v1\datasets\fish\New Dataset\train_split\EUS\EUS_aug_185.jpg,EUS,fish,train,True,2,val,5.82,33.8,4.48,34.11,0.114,45.07,7.544626016459784,0.010183135975451481,1.416
C:\Users\Asus\PycharmProjects\AquaVision_v1\datasets\fish\New Dataset\train_split\EUS\EUS_aug_19.jpg,EUS,fish,train,True,4,train,6.51,33.37,3.68,26.36,0.56,41.86,9.067910141548527,0.24188237543101387,3.2330000000000005
C:\Users\Asus\PycharmProjects\AquaVision_v1\datasets\fish\New Dataset\train_split\EUS\EUS_aug_192.jpg,EUS,fish,train,True,2,train,5.94,31.27,4.0,30.57,0.013,65.77,7.81748045629886,0.0014162216358121864,1.1199999999999999
C:\Users\Asus\PycharmProjects\AquaVision_v1\datasets\fish\New Dataset\train_split\EUS\EUS_aug_193.jpg,EUS,fish,train,True,1,train,7.42,31.2,0.5,32.95,0.047,37.37,62.39875202495951,0.1542809993326155,1.8619999999999999
C:\Users\Asus\PycharmProjects\AquaVision_v1\datasets\fish\New Dataset\train_split\EUS\EUS_aug_195.jpg,EUS,fish,train,True,0,train,5.8,32.53,1.95,23.69,0.395,48.43,16.68196573350906,0.03242956701718628,3.3049999999999997
C:\Users\Asus\PycharmProjects\AquaVision_v1\datasets\fish\New Dataset\train_split\EUS\EUS_aug_198.jpg,EUS,fish,train,True,1,,,,,,,,,,
C:\Users\Asus\PycharmProjects\AquaVision_v1\datasets\fish\New Dataset\train_split\EUS\EUS_aug_199.jpg,EUS,fish,train,True,2,val,5.63,28.55,2.79,28.96,0.135,31.79,10.232938233196297,0.006576576441364153,2.064
C:\Users\Asus\PycharmProjects\AquaVision_v1\datasets\fish\New Dataset\train_split\EUS\EUS_aug_203.jpg,EUS,fish,train,True,2,train,6.13,33.64,3.83,31.66,0.125,35.13,8.783266884420668,0.022689555685191612,1.5619999999999998
C:\Users\Asus\PycharmProjects\AquaVision_v1\datasets\fish\New Dataset\train_split\EUS\EUS_aug_205.jpg,EUS,fish,train,True,2,train,6.23,30.97,3.06,33.35,0.073,43.5,10.120881957902098,0.01535762492768816,1.5549999999999997
C:\Users\Asus\PycharmProjects\AquaVision_v1\datasets\fish\New Dataset\train_split\EUS\EUS_aug_206.jpg,EUS,fish,train,True,0,train,6.08,39.44,3.74,26.36,0.138,34.44,10.545426349127407,0.02617435473432355,1.656
C:\Users\Asus\PycharmProjects\AquaVision_v1\datasets\fish\New Dataset\train_split\EUS\EUS_aug_207.jpg,EUS,fish,train,True,1,val,6.17,34.57,4.1,28.92,0.41,49.04,8.431686751983534,0.08385775424551886,2.609
C:\Users\Asus\PycharmProjects\AquaVision_v1\datasets\fish\New Dataset\train_split\EUS\EUS_aug_208.jpg,EUS,fish,train,True,4,train,5.68,30.53,3.13,19.14,0.072,43.05,9.753962447404321,0.00420842209495972,1.695
C:\Users\Asus\PycharmProjects\AquaVision_v1\datasets\fish\New Dataset\train_split\EUS\EUS_aug_209.jpg,EUS,fish,train,True,0,val,5.65,32.98,2.02,32.23,0.071,48.11,16.326651848258173,0.004183781462835412,2.0329999999999995
C:\Users\Asus\PycharmProjects\AquaVision_v1\datasets\fish\New Dataset\train_split\EUS\EUS_aug_21.jpg,EUS,fish,train,True,3,train,5.5,37.15,3.83,24.54,0.398,56.36,9.699713577771337,0.01870259551998064,2.843
C:\Users\Asus\PycharmProjects\AquaVision_v1\datasets\fish\New Dataset\train_split\EUS\EUS_aug_211.jpg,EUS,fish,train,True,1,train,6.47,30.78,4.97,31.22,0.337,66.9,6.1931464926629936,0.12244992055567469,1.9660000000000002
C:\Users\Asus\PycharmProjects\AquaVision_v1\datasets\fish\New Dataset\train_split\EUS\EUS_aug_212.jpg,EUS,fish,train,True,2,,,,,,,,,,
C:\Users\Asus\PycharmProjects\AquaVision_v1\datasets\fish\New Dataset\train_split\EUS\EUS_aug_213.jpg,EUS,fish,train,True,0,train,7.28,31.94,3.05,32.13,0.133,49.59,10.472096812797336,0.3237774095648896,1.483
C:\Users\Asus\PycharmProjects\AquaVision_v1\datasets\fish\New Dataset\train_split\EUS\EUS_aug_215.jpg,EUS,fish,train,True,1,train,6.98,33.08,3.84,22.3,0.1,64.12,8.61456089958099,0.12636461898235654,1.2039999999999997
C:\Users\Asus\PycharmProjects\AquaVision_v1\datasets\fish\New Dataset\train_split\EUS\EUS_aug_218.jpg,EUS,fish,train,True,0,train,5.56,37.75,3.39,24.6,0.335,47.86,11.135660366783577,0.018366303400545562,2.705
C:\Users\Asus\PycharmProjects\AquaVision_v1\datasets\fish\New Dataset\train_split\EUS\EUS_aug_22.jpg,EUS,fish,train,True,2,,,,,,,,,,
C:\Users\Asus\PycharmProjects\AquaVision_v1\datasets\fish\New Dataset\train_split\EUS\EUS_aug_220.jpg,EUS,fish,train,True,3,train,6.21,28.94,2.81,19.96,0.214,31.76,10.298895733467141,0.04017651769023771,2.2
C:\Users\Asus\PycharmProjects\AquaVision_v1\datasets\fish\New Dataset\train_split\EUS\EUS_aug_223.jpg,EUS,fish,train,True,3,val,6.38,31.38,3.77,32.13,0.088,48.88,8.323585348579977,0.02649693270358872,1.3569999999999998
C:\Users\Asus\PycharmProjects\AquaVision_v1\datasets\fish\New Dataset\train_split\EUS\EUS_aug_23.jpg,EUS,fish,train,True,4,train,6.19,30.57,3.27,27.94,0.16,59.01,9.348595264234666,0.030302287385698946,1.8519999999999999
C:\Users\Asus\PycharmProjects\AquaVision_v1\datasets\fish\New Dataset\train_split\EUS\EUS_aug_24.jpg,EUS,fish,train,True,0,,,,,,,,,,
C:\Users\Asus\PycharmProjects\AquaVision_v1\datasets\fish\New Dataset\train_split\EUS\EUS_aug_26.jpg,EUS,fish,train,True,4,,,,,,,,,,
C:\Users\Asus\PycharmProjects\AquaVision_v1\datasets\fish\New Dataset\train_split\EUS\EUS_aug_28.jpg,EUS,fish,train,True,0,train,7.62,30.06,3.45,30.34,0.132,57.84,8.713018223135585,0.6616417456238454,1.329
C:\Users\Asus\PycharmProjects\AquaVision_v1\datasets\fish\New Dataset\train_split\EUS\EUS_aug_34.jpg,EUS,fish,train,True,1,,,,,,,,,,
C:\Users\Asus\PycharmProjects\AquaVision_v1\datasets\fish\New Dataset\train_split\EUS\EUS_aug_35.jpg,EUS,fish,train,True,2,train,6.36,32.93,4.95,31.82,0.024,31.1,6.6525118131074485,0.0072420740933417105,0.7529999999999999
C:\Users\Asus\PycharmProjects\AquaVision_v1\datasets\fish\New Dataset\train_split\EUS\EUS_aug_36.jpg,EUS,fish,train,True,3,train,6.03,32.64,3.41,22.71,0.262,40.64,9.571819437479656,0.036653160848857363,2.266
C:\Users\Asus\PycharmProjects\AquaVision_v1\datasets\fish\New Dataset\train_split\EUS\EUS_aug_37.jpg,EUS,fish,train,True,1,train,6.44,31.96,4.5,28.94,0.038,33.35,7.102206439541246,0.013379822702520557,0.9199999999999999
C:\Users\Asus\PycharmProjects\AquaVision_v1\datasets\fish\New Dataset\train_split\EUS\EUS_aug_38.jpg,EUS,fish,train,True,1,train,5.14,30.54,3.04,22.54,0.238,35.72,10.04601958546189,0.004013340253980541,2.548
C:\Users\Asus\PycharmProjects\AquaVision_v1\datasets\fish\New Dataset\train_split\EUS\EUS_aug_39.jpg,EUS,fish,train,True,1,train,6.16,31.77,3.27,32.97,0.058,71.54,9.715566619062326,0.010653816191850766,1.4529999999999998
C:\Users\Asus\PycharmProjects\AquaVision_v1\datasets\fish\New Dataset\train_split\EUS\EUS_aug_4.jpg,EUS,fish,train,True,4,train,6.81,29.53,2.2,29.58,0.147,43.83,13.422666260607905,0.11210907597435296,1.935
C:\Users\Asus\PycharmProjects\AquaVision_v1\datasets\fish\New Dataset\train_split\EUS\EUS_aug_43.jpg,EUS,fish,train,True,4,train,5.6,33.24,3.94,28.67,0.161,49.43,8.436526810845658,0.008522105032883667,1.8320000000000003
C:\Users\Asus\PycharmProjects\AquaVision_v1\datasets\fish\New Dataset\train_split\EUS\EUS_aug_44.jpg,EUS,fish,train,True,4,train,6.21,31.58,4.13,30.5,0.141,43.31,7.6464705896595895,0.028886254261271574,1.512
C:\Users\Asus\PycharmProjects\AquaVision_v1\datasets\fish\New Dataset\train_split\EUS\EUS_aug_45.jpg,EUS,fish,train,True,1,train,7.33,26.74,2.7,27.84,0.534,66.19,9.903667023455467,1.221132109997468,3.177
C:\Users\Asus\PycharmProjects\AquaVision_v1\datasets\fish\New Dataset\train_split\EUS\EUS_aug_47.jpg,EUS,fish,train,True,1,val,6.27,33.36,2.72,24.52,0.162,40.66,12.264660791688264,0.04025325901763943,2.0010000000000003
C:\Users\Asus\PycharmProjects\AquaVision_v1\datasets\fish\New Dataset\train_split\EUS\EUS_aug_5.jpg,EUS,fish,train,True,2,train,7.25,29.08,3.43,25.45,0.323,52.41,8.478109393267074,0.6681237589515998,2.138
C:\Users\Asus\PycharmProjects\AquaVision_v1\datasets\fish\New Dataset\train_split\EUS\EUS_aug_50.jpg,EUS,fish,train,True,2,train,6.09,32.28,2.56,33.6,0.051,32.71,12.609325744821309,0.008101467488052027,1.659
C:\Users\Asus\PycharmProjects\AquaVision_v1\datasets\fish\New Dataset\train_split\EUS\EUS_aug_52.jpg,EUS,fish,train,True,0,train,5.97,31.47,2.52,30.66,0.271,67.1,12.488045682358402,0.03183655192515212,2.587
C:\Users\Asus\PycharmProjects\AquaVision_v1\datasets\fish\New Dataset\train_split\EUS\EUS_aug_55.jpg,EUS,fish,train,True,2,train,5.05,32.13,2.49,25.5,0.003,52.79,12.903562636294632,4.326054352406649e-05,1.7999999999999998
C:\Users\Asus\PycharmProjects\AquaVision_v1\datasets\fish\New Dataset\train_split\EUS\EUS_aug_56.jpg,EUS,fish,train,True,2,train,5.43,33.52,3.22,24.54,0.116,60.9,10.409905559299505,0.00418621944352204,1.919
C:\Users\Asus\PycharmProjects\AquaVision_v1\datasets\fish\New Dataset\train_split\EUS\EUS_aug_59.jpg,EUS,fish,train,True,4,train,6.38,28.24,3.99,26.48,0.353,29.11,7.077676497051385,0.09565317478595187,2.351
C:\Users\Asus\PycharmProjects\AquaVision_v1\datasets\fish\New Dataset\train_split\EUS\EUS_aug_61.jpg,EUS,fish,train,True,0,train,6.88,30.81,4.43,25.37,0.045,39.05,6.9548375737300825,0.04206919515596846,0.8370000000000001
C:\Users\Asus\PycharmProjects\AquaVision_v1\datasets\fish\New Dataset\train_split\EUS\EUS_aug_62.jpg,EUS,fish,train,True,2,val,7.27,27.12,7.84,22.61,0.524,43.56,3.4591792612509424,1.0584758739463833,2.165
C:\Users\Asus\PycharmProjects\AquaVision_v1\datasets\fish\New Dataset\train_split\EUS\EUS_aug_64.jpg,EUS,fish,train,True,2,train,5.31,35.96,3.81,29.67,0.05,35.15,9.438295437544783,0.0014684179298063245,1.5140000000000002
C:\Users\Asus\PycharmProjects\AquaVision_v1\datasets\fish\New Dataset\train_split\EUS\EUS_aug_7.jpg,EUS,fish,train,True,4,train,6.86,28.57,3.11,25.78,0.305,51.85,9.186465638374154,0.25250505162797826,2.279
C:\Users\Asus\PycharmProjects\AquaVision_v1\datasets\fish\New Dataset\train_split\EUS\EUS_aug_71.jpg,EUS,fish,train,True,2,train,5.72,26.55,4.05,38.02,0.16,40.48,6.555539369038596,0.008917528364564132,1.7590000000000003
C:\Users\Asus\PycharmProjects\AquaVision_v1\datasets\fish\New Dataset\train_split\EUS\EUS_aug_72.jpg,EUS,fish,train,True,4,val,5.28,30.24,4.04,24.65,0.395,53.52,7.485129987302012,0.009104138873570965,2.834
C:\Users\Asus\PycharmProjects\AquaVision_v1\datasets\fish\New Dataset\train_split\EUS\EUS_aug_74.jpg,EUS,fish,train,True,0,val,6.1,29.92,3.39,24.29,0.386,57.88,8.82593266686529,0.058157922607440966,2.7470000000000003
C:\Users\Asus\PycharmProjects\AquaVision_v1\datasets\fish\New Dataset\train_split\EUS\EUS_aug_76.jpg,EUS,fish,train,True,2,train,5.96,31.5,2.8,23.94,0.131,57.24,11.249959821572066,0.015053650914408646,1.946
C:\Users\Asus\PycharmProjects\AquaVision_v1\datasets\fish\New Dataset\train_split\EUS\EUS_aug_80.jpg,EUS,fish,train,True,1,train,5.68,33.53,2.84,24.47,0.374,30.57,11.806296456702619,0.024008506625384767,2.99
C:\Users\Asus\PycharmProjects\AquaVision_v1\datasets\fish\New Dataset\train_split\EUS\EUS_aug_82.jpg,EUS,fish,train,True,0,train,6.86,32.77,3.71,34.79,0.551,35.46,8.832860288786284,0.5232244517129301,3.0829999999999997
C:\Users\Asus\PycharmProjects\AquaVision_v1\datasets\fish\New Dataset\train_split\EUS\EUS_aug_83.jpg,EUS,fish,train,True,0,train,6.48,29.29,3.19,28.24,0.006,64.26,9.181789398779314,0.0021229052613738033,1.1729999999999998
C:\Users\Asus\PycharmProjects\AquaVision_v1\datasets\fish\New Dataset\train_split\EUS\EUS_aug_84.jpg,EUS,fish,train,True,2,val,6.15,33.95,2.85,26.75,0.113,45.46,11.912238904424898,0.021675953637254032,1.802
C:\Users\Asus\PycharmProjects\AquaVision_v1\datasets\fish\New Dataset\train_split\EUS\EUS_aug_87.jpg,EUS,fish,train,True,1,train,5.86,32.77,3.94,28.83,0.694,45.01,8.31723777350819,0.06590159155876106,3.8859999999999997
C:\Users\Asus\PycharmProjects\AquaVision_v1\datasets\fish\New Dataset\train_split\EUS\EUS_aug_88.jpg,EUS,fish,train,True,0,train,5.7,34.08,3.62,29.78,0.308,27.78,9.414338634423661,0.021043127855925492,2.486
C:\Users\Asus\PycharmProjects\AquaVision_v1\datasets\fish\New Dataset\train_split\EUS\EUS_aug_9.jpg,EUS,fish,train,True,3,train,6.35,34.04,3.08,29.62,0.029,36.33,11.051912169116333,0.008839903836596481,1.3370000000000002
C:\Users\Asus\PycharmProjects\AquaVision_v1\datasets\fish\New Dataset\train_split\EUS\EUS_aug_90.jpg,EUS,fish,train,True,3,train,6.11,25.36,3.54,28.7,0.22,38.82,7.163821571125505,0.028749607595225355,2.035
C:\Users\Asus\PycharmProjects\AquaVision_v1\datasets\fish\New Dataset\train_split\EUS\EUS_aug_94.jpg,EUS,fish,train,True,4,val,6.47,34.64,1.89,35.74,0.014,46.36,18.327945354786483,0.005724873706256519,1.598
C:\Users\Asus\PycharmProjects\AquaVision_v1\datasets\fish\New Dataset\train_split\EUS\EUS_aug_95.jpg,EUS,fish,train,True,1,train,5.84,33.62,2.35,29.38,0.017,40.92,14.306322100757017,0.0015816362924760356,1.661
C:\Users\Asus\PycharmProjects\AquaVision_v1\datasets\fish\New Dataset\train_split\Fungal diseases Saprolegniasis\Fungal diseases Saprolegniasis_11.jpg,Fungal diseases Saprolegniasis,fish,train,False,1,train,4.59,29.08,2.83,30.33,0.001,33.67,10.275582065081041,4.525373126573471e-06,1.8279999999999998
C:\Users\Asus\PycharmProjects\AquaVision_v1\datasets\fish\New Dataset\train_split\Fungal diseases Saprolegniasis\Fungal diseases Saprolegniasis_117.jpg,Fungal diseases Saprolegniasis,fish,train,False,3,train,6.45,30.97,2.42,22.01,0.315,52.27,12.797467779058763,0.1099795024203878,2.649
C:\Users\Asus\PycharmProjects\AquaVision_v1\datasets\fish\New Dataset\train_split\Fungal diseases Saprolegniasis\Fungal diseases Saprolegniasis_119.jpg,Fungal diseases Saprolegniasis,fish,train,False,3,train,5.63,32.73,2.97,32.76,0.215,32.7,11.020164915269644,0.012007274979323466,2.33
C:\Users\Asus\PycharmProjects\AquaVision_v1\datasets\fish\New Dataset\train_split\Fungal diseases Saprolegniasis\Fungal diseases Saprolegniasis_12.jpg,Fungal diseases Saprolegniasis,fish,train,False,1,train,5.77,27.68,2.97,34.06,0.093,56.46,9.319833939953064,0.00606329956545028,1.8
C:\Users\Asus\PycharmProjects\AquaVision_v1\datasets\fish\New Dataset\train_split\Fungal diseases Saprolegniasis\Fungal diseases Saprolegniasis_120.jpg,Fungal diseases Saprolegniasis,fish,train,False,4,train,6.86,28.16,3.61,25.54,0.063,42.17,7.800532408497483,0.05140829392199357,1.1609999999999998
C:\Users\Asus\PycharmProjects\AquaVision_v1\datasets\fish\New Dataset\train_split\Fungal diseases Saprolegniasis\Fungal diseases Saprolegniasis_121.jpg,Fungal diseases Saprolegniasis,fish,train,False,4,train,6.73,33.86,3.35,29.01,0.166,25.3,10.10743251512682,0.1207410735906426,1.69
C:\Users\Asus\PycharmProjects\AquaVision_v1\datasets\fish\New Dataset\train_split\Fungal diseases Saprolegniasis\Fungal diseases Saprolegniasis_122.jpg,Fungal diseases Saprolegniasis,fish,train,False,0,val,6.25,28.19,2.33,30.25,0.124,56.96,12.098660520770297,0.024864329498222634,1.972
C:\Users\Asus\PycharmProjects\AquaVision_v1\datasets\fish\New Dataset\train_split\Fungal diseases Saprolegniasis\Fungal diseases Saprolegniasis_129.jpg,Fungal diseases Saprolegniasis,fish,train,False,4,train,6.6,31.17,3.3,37.22,0.295,31.01,9.445425922951749,0.14642620597259948,2.26
C:\Users\Asus\PycharmProjects\AquaVision_v1\datasets\fish\New Dataset\train_split\Fungal diseases Saprolegniasis\Fungal diseases Saprolegniasis_130.jpg,Fungal diseases Saprolegniasis,fish,train,False,4,train,5.91,33.15,2.41,25.25,0.01,56.46,13.75512964676495,0.0010778132644335958,1.5939999999999999
C:\Users\Asus\PycharmProjects\AquaVision_v1\datasets\fish\New Dataset\train_split\Fungal diseases Saprolegniasis\Fungal diseases Saprolegniasis_131.jpg,Fungal diseases Saprolegniasis,fish,train,False,0,train,6.86,30.83,4.15,26.63,0.653,54.02,7.4288977616921406,0.5833735001548044,3.3589999999999995
C:\Users\Asus\PycharmProjects\AquaVision_v1\datasets\fish\New Dataset\train_split\Fungal diseases Saprolegniasis\Fungal diseases Saprolegniasis_133.jpg,Fungal diseases Saprolegniasis,fish,train,False,3,train,6.35,26.99,2.3,28.41,0.224,41.72,11.73473158812353,0.054139082842843654,2.351
C:\Users\Asus\PycharmProjects\AquaVision_v1\datasets\fish\New Dataset\train_split\Fungal diseases Saprolegniasis\Fungal diseases Saprolegniasis_135.jpg,Fungal diseases Saprolegniasis,fish,train,False,4,val,6.02,33.18,3.46,23.52,0.18,58.8,9.589567660209074,0.025015482161516743,1.9260000000000002
C:\Users\Asus\PycharmProjects\AquaVision_v1\datasets\fish\New Dataset\train_split\Fungal diseases Saprolegniasis\Fungal diseases Saprolegniasis_139.jpg,Fungal diseases Saprolegniasis,fish,train,False,0,val,6.41,31.5,3.62,27.52,0.303,15.77,8.701633420902152,0.0981325701945497,2.253
C:\Users\Asus\PycharmProjects\AquaVision_v1\datasets\fish\New Dataset\train_split\Fungal diseases Saprolegniasis\Fungal diseases Saprolegniasis_14.jpg,Fungal diseases Saprolegniasis,fish,train,False,4,train,5.41,30.74,2.26,34.37,0.401,39.12,13.60170972694811,0.01267384020451531,3.3529999999999998
C:\Users\Asus\PycharmProjects\AquaVision_v1\datasets\fish\New Dataset\train_split\Fungal diseases Saprolegniasis\Fungal diseases Saprolegniasis_140.jpg,Fungal diseases Saprolegniasis,fish,train,False,0,train,5.23,32.6,4.6,30.65,0.645,36.23,7.086941115345403,0.014283587712125253,3.681
C:\Users\Asus\PycharmProjects\AquaVision_v1\datasets\fish\New Dataset\train_split\Fungal diseases Saprolegniasis\Fungal diseases Saprolegniasis_142.jpg,Fungal diseases Saprolegniasis,fish,train,False,4,train,6.95,30.72,2.84,23.33,0.006,41.72,10.8168633209038,0.006571014916672481,1.137
C:\Users\Asus\PycharmProjects\AquaVision_v1\datasets\fish\New Dataset\train_split\Fungal diseases Saprolegniasis\Fungal diseases Saprolegniasis_143.jpg,Fungal diseases Saprolegniasis,fish,train,False,2,val,6.76,32.42,3.72,28.59,0.046,54.62,8.715030335939957,0.03432660349398594,1.0899999999999999
C:\Users\Asus\PycharmProjects\AquaVision_v1\datasets\fish\New Dataset\train_split\Fungal diseases Saprolegniasis\Fungal diseases Saprolegniasis_16.jpg,Fungal diseases Saprolegniasis,fish,train,False,2,train,6.59,31.69,3.46,27.45,0.178,41.23,9.158933066667437,0.0877813453914655,1.7469999999999999
C:\Users\Asus\PycharmProjects\AquaVision_v1\datasets\fish\New Dataset\train_split\Fungal diseases Saprolegniasis\Fungal diseases Saprolegniasis_164.jpg,Fungal diseases Saprolegniasis,fish,train,False,3,train,6.35,30.42,2.84,27.48,0.089,20.74,10.7112298900356,0.024244275344548587,1.649
C:\Users\Asus\PycharmProjects\AquaVision_v1\datasets\fish\New Dataset\train_split\Fungal diseases Saprolegniasis\Fungal diseases Saprolegniasis_165.jpg,Fungal diseases Saprolegniasis,fish,train,False,0,train,6.59,31.52,3.01,33.91,0.317,30.18,10.471726007554793,0.15549107366238604,2.4379999999999997
C:\Users\Asus\PycharmProjects\AquaVision_v1\datasets\fish\New Dataset\train_split\Fungal diseases Saprolegniasis\Fungal diseases Saprolegniasis_170.jpg,Fungal diseases Saprolegniasis,fish,train,False,4,train,6.18,33.21,4.84,25.22,0.763,41.41,6.861556071165143,0.15340990637284876,3.796
C:\Users\Asus\PycharmProjects\AquaVision_v1\datasets\fish\New Dataset\train_split\Fungal diseases Saprolegniasis\Fungal diseases Saprolegniasis_175.jpg,Fungal diseases Saprolegniasis,fish,train,False,3,train,4.87,33.2,3.63,30.48,0.364,41.24,9.145980314103818,0.003583434401629332,2.956
C:\Users\Asus\PycharmProjects\AquaVision_v1\datasets\fish\New Dataset\train_split\Fungal diseases Saprolegniasis\Fungal diseases Saprolegniasis_179.jpg,Fungal diseases Saprolegniasis,fish,train,False,1,val,5.8,31.74,3.33,33.85,0.086,57.51,9.531502908399673,0.006889145623147655,1.6549999999999998
C:\Users\Asus\PycharmProjects\AquaVision_v1\datasets\fish\New Dataset\train_split\Fungal diseases Saprolegniasis\Fungal diseases Saprolegniasis_18.jpg,Fungal diseases Saprolegniasis,fish,train,False,3,train,6.93,30.84,2.84,32.06,0.659,46.87,10.85911669325108,0.6919261995075312,3.7550000000000003
C:\Users\Asus\PycharmProjects\AquaVision_v1\datasets\fish\New Dataset\train_split\Fungal diseases Saprolegniasis\Fungal diseases Saprolegniasis_180.jpg,Fungal diseases Saprolegniasis,fish,train,False,3,train,5.87,34.92,2.57,30.63,0.116,52.76,13.587495768498956,0.012011360882569816,1.982
C:\Users\Asus\PycharmProjects\AquaVision_v1\datasets\fish\New Dataset\train_split\Fungal diseases Saprolegniasis\Fungal diseases Saprolegniasis_181.jpg,Fungal diseases Saprolegniasis,fish,train,False,0,train,6.41,33.89,3.06,25.06,0.098,54.56,11.075127205466648,0.03414739952659043,1.601
C:\Users\Asus\PycharmProjects\AquaVision_v1\datasets\fish\New Dataset\train_split\Fungal diseases Saprolegniasis\Fungal diseases Saprolegniasis_183.jpg,Fungal diseases Saprolegniasis,fish,train,False,3,train,5.38,31.56,3.7,26.8,0.291,41.36,8.529706676468441,0.008812314229983293,2.4899999999999998
C:\Users\Asus\PycharmProjects\AquaVision_v1\datasets\fish\New Dataset\train_split\Fungal diseases Saprolegniasis\Fungal diseases Saprolegniasis_2.jpg,Fungal diseases Saprolegniasis,fish,train,False,3,train,7.32,31.16,2.98,23.37,0.446,26.84,10.456340750534395,1.1614280190834285,2.7439999999999998
C:\Users\Asus\PycharmProjects\AquaVision_v1\datasets\fish\New Dataset\train_split\Fungal diseases Saprolegniasis\Fungal diseases Saprolegniasis_203.jpg,Fungal diseases Saprolegniasis,fish,train,False,1,train,6.85,33.97,2.55,23.39,0.45,37.51,13.32151638621025,0.43288052931952464,3.0300000000000002
C:\Users\Asus\PycharmProjects\AquaVision_v1\datasets\fish\New Dataset\train_split\Fungal diseases Saprolegniasis\Fungal diseases Saprolegniasis_204.jpg,Fungal diseases Saprolegniasis,fish,train,False,4,train,6.79,28.83,3.18,29.95,0.719,52.67,9.066009226386079,0.5112502390694494,3.935
C:\Users\Asus\PycharmProjects\AquaVision_v1\datasets\fish\New Dataset\train_split\Fungal diseases Saprolegniasis\Fungal diseases Saprolegniasis_205.jpg,Fungal diseases Saprolegniasis,fish,train,False,3,val,6.15,32.71,3.45,28.26,0.257,62.64,9.481131938748003,0.04749781797097941,2.198
C:\Users\Asus\PycharmProjects\AquaVision_v1\datasets\fish\New Dataset\train_split\Fungal diseases Saprolegniasis\Fungal diseases Saprolegniasis_206.jpg,Fungal diseases Saprolegniasis,fish,train,False,4,train,6.62,31.66,2.68,31.53,0.234,31.34,11.813388756012104,0.12353407261107892,2.196
C:\Users\Asus\PycharmProjects\AquaVision_v1\datasets\fish\New Dataset\train_split\Fungal diseases Saprolegniasis\Fungal diseases Saprolegniasis_207.jpg,Fungal diseases Saprolegniasis,fish,train,False,2,train,6.41,27.89,2.89,25.58,0.451,43.58,9.650485638457997,0.12932576244008823,3.064
C:\Users\Asus\PycharmProjects\AquaVision_v1\datasets\fish\New Dataset\train_split\Fungal diseases Saprolegniasis\Fungal diseases Saprolegniasis_213.jpg,Fungal diseases Saprolegniasis,fish,train,False,1,train,4.87,29.64,2.12,33.68,0.58,50.92,13.981066127046569,0.0050976050481009345,4.273
C:\Users\Asus\PycharmProjects\AquaVision_v1\datasets\fish\New Dataset\train_split\Fungal diseases Saprolegniasis\Fungal diseases Saprolegniasis_218.jpg,Fungal diseases Saprolegniasis,fish,train,False,2,train,6.94,32.8,2.39,26.85,0.038,54.69,13.723791950661292,0.04342276074085039,1.4029999999999998
C:\Users\Asus\PycharmProjects\AquaVision_v1\datasets\fish\New Dataset\train_split\Fungal diseases Saprolegniasis\Fungal diseases Saprolegniasis_223.jpg,Fungal diseases Saprolegniasis,fish,train,False,3,train,6.5,35.67,2.6,21.34,0.017,24.98,13.719178003161526,0.007670294201398015,1.388
C:\Users\Asus\PycharmProjects\AquaVision_v1\datasets\fish\New Dataset\train_split\Fungal diseases Saprolegniasis\Fungal diseases Saprolegniasis_238.jpg,Fungal diseases Saprolegniasis,fish,train,False,3,train,5.93,31.69,2.52,28.18,0.188,31.34,12.575346923226496,0.020283368451836235,2.2670000000000003
C:\Users\Asus\PycharmProjects\AquaVision_v1\datasets\fish\New Dataset\train_split\Fungal diseases Saprolegniasis\Fungal diseases Saprolegniasis_239.jpg,Fungal diseases Saprolegniasis,fish,train,False,3,val,5.04,30.25,3.57,26.67,0.047,32.07,8.473365620824591,0.0006235671501466293,1.6549999999999998
C:\Users\Asus\PycharmProjects\AquaVision_v1\datasets\fish\New Dataset\train_split\Fungal diseases Saprolegniasis\Fungal diseases Saprolegniasis_24.jpg,Fungal diseases Saprolegniasis,fish,train,False,0,train,5.92,25.61,2.9,31.92,0.202,41.13,8.831004031020582,0.017211587903775038,2.2119999999999997
C:\Users\Asus\PycharmProjects\AquaVision_v1\datasets\fish\New Dataset\train_split\Fungal diseases Saprolegniasis\Fungal diseases Saprolegniasis_240.jpg,Fungal diseases Saprolegniasis,fish,train,False,1,train,6.3,30.68,3.15,26.95,0.565,35.51,9.739651620153587,0.13834510408053416,3.4749999999999996
C:\Users\Asus\PycharmProjects\AquaVision_v1\datasets\fish\New Dataset\train_split\Fungal diseases Saprolegniasis\Fungal diseases Saprolegniasis_245.jpg,Fungal diseases Saprolegniasis,fish,train,False,3,train,5.53,28.19,4.84,30.12,0.28,48.04,5.824368131470804,0.010698258772951823,2.0589999999999997
C:\Users\Asus\PycharmProjects\AquaVision_v1\datasets\fish\New Dataset\train_split\Fungal diseases Saprolegniasis\Fungal diseases Saprolegniasis_246.jpg,Fungal diseases Saprolegniasis,fish,train,False,3,train,6.03,31.54,2.42,28.64,0.037,34.32,13.033003995851256,0.00500176639530473,1.6629999999999998
C:\Users\Asus\PycharmProjects\AquaVision_v1\datasets\fish\New Dataset\train_split\Fungal diseases Saprolegniasis\Fungal diseases Saprolegniasis_247.jpg,Fungal diseases Saprolegniasis,fish,train,False,4,train,5.29,32.41,4.17,24.48,0.844,36.8,7.77216361591459,0.021334450870226222,4.588
C:\Users\Asus\PycharmProjects\AquaVision_v1\datasets\fish\New Dataset\train_split\Fungal diseases Saprolegniasis\Fungal diseases Saprolegniasis_26.jpg,Fungal diseases Saprolegniasis,fish,train,False,1,val,6.01,32.08,4.61,25.97,0.221,50.58,6.958770154511595,0.029019279446052048,1.7479999999999998
C:\Users\Asus\PycharmProjects\AquaVision_v1\datasets\fish\New Dataset\train_split\Fungal diseases Saprolegniasis\Fungal diseases Saprolegniasis_27.jpg,Fungal diseases Saprolegniasis,fish,train,False,1,val,4.97,28.28,3.1,23.53,0.142,51.43,9.122551217576717,0.0014990901163874088,2.197
C:\Users\Asus\PycharmProjects\AquaVision_v1\datasets\fish\New Dataset\train_split\Fungal diseases Saprolegniasis\Fungal diseases Saprolegniasis_31.png,Fungal diseases Saprolegniasis,fish,train,False,4,train,5.5,31.32,2.91,28.71,0.029,13.59,10.762849612200645,0.0011488934212710942,1.6429999999999998
C:\Users\Asus\PycharmProjects\AquaVision_v1\datasets\fish\New Dataset\train_split\Fungal diseases Saprolegniasis\Fungal diseases Saprolegniasis_33.jpg,Fungal diseases Saprolegniasis,fish,train,False,2,train,6.58,28.53,4.99,29.91,0.231,43.47,5.717423411977131,0.10022446412771666,1.503
C:\Users\Asus\PycharmProjects\AquaVision_v1\datasets\fish\New Dataset\train_split\Fungal diseases Saprolegniasis\Fungal diseases Saprolegniasis_34.jpg,Fungal diseases Saprolegniasis,fish,train,False,0,train,6.01,31.87,2.41,27.41,0.453,37.49,13.224011518624403,0.05909357396714556,3.3360000000000003
C:\Users\Asus\PycharmProjects\AquaVision_v1\datasets\fish\New Dataset\train_split\Fungal diseases Saprolegniasis\Fungal diseases Saprolegniasis_35.jpg,Fungal diseases Saprolegniasis,fish,train,False,0,train,6.41,28.65,2.76,26.87,0.127,55.51,10.380397172474012,0.037410054301574604,1.807
C:\Users\Asus\PycharmProjects\AquaVision_v1\datasets\fish\New Dataset\train_split\Fungal diseases Saprolegniasis\Fungal diseases Saprolegniasis_36.jpg,Fungal diseases Saprolegniasis,fish,train,False,4,train,6.67,30.25,3.57,27.44,0.731,42.27,8.473365620824591,0.4137164098199396,3.902
C:\Users\Asus\PycharmProjects\AquaVision_v1\datasets\fish\New Dataset\train_split\Fungal diseases Saprolegniasis\Fungal diseases Saprolegniasis_37.jpg,Fungal diseases Saprolegniasis,fish,train,False,1,train,5.92,32.67,1.96,26.55,0.029,47.97,16.66828230468212,0.0031521517986232137,1.802
C:\Users\Asus\PycharmProjects\AquaVision_v1\datasets\fish\New Dataset\train_split\Fungal diseases Saprolegniasis\Fungal diseases Saprolegniasis_39.jpg,Fungal diseases Saprolegniasis,fish,train,False,2,train,6.42,34.73,2.89,33.92,0.355,31.64,12.017259455849631,0.12971587444910776,2.677
C:\Users\Asus\PycharmProjects\AquaVision_v1\datasets\fish\New Dataset\train_split\Fungal diseases Saprolegniasis\Fungal diseases Saprolegniasis_41.jpg,Fungal diseases Saprolegniasis,fish,train,False,2,train,5.7,31.77,3.16,30.5,0.676,42.77,10.053765652640339,0.04305503058696316,4.096000000000001
C:\Users\Asus\PycharmProjects\AquaVision_v1\datasets\fish\New Dataset\train_split\Fungal diseases Saprolegniasis\Fungal diseases Saprolegniasis_43.jpg,Fungal diseases Saprolegniasis,fish,train,False,4,train,5.92,34.42,3.12,31.31,0.341,29.61,11.032015923025888,0.039050377477846766,2.702
C:\Users\Asus\PycharmProjects\AquaVision_v1\datasets\fish\New Dataset\train_split\Fungal diseases Saprolegniasis\Fungal diseases Saprolegniasis_5.jpg,Fungal diseases Saprolegniasis,fish,train,False,2,train,6.09,31.25,4.13,34.35,0.388,53.36,7.566567635429455,0.059668035384400485,2.536
C:\Users\Asus\PycharmProjects\AquaVision_v1\datasets\fish\New Dataset\train_split\Fungal diseases Saprolegniasis\Fungal diseases Saprolegniasis_54.png,Fungal diseases Saprolegniasis,fish,train,False,1,train,5.63,32.25,1.65,27.38,0.533,33.44,19.54533608887219,0.029330327974241104,3.998
C:\Users\Asus\PycharmProjects\AquaVision_v1\datasets\fish\New Dataset\train_split\Fungal diseases Saprolegniasis\Fungal diseases Saprolegniasis_55.jpg,Fungal diseases Saprolegniasis,fish,train,False,3,val,6.28,33.87,3.47,22.81,0.176,35.55,9.760778787381014,0.04543471998026031,1.8289999999999997
C:\Users\Asus\PycharmProjects\AquaVision_v1\datasets\fish\New Dataset\train_split\Fungal diseases Saprolegniasis\Fungal diseases Saprolegniasis_56.jpg,Fungal diseases Saprolegniasis,fish,train,False,1,val,5.95,26.75,2.61,27.22,0.355,51.66,10.249002877383612,0.03385416688501034,2.9019999999999997
C:\Users\Asus\PycharmProjects\AquaVision_v1\datasets\fish\New Dataset\train_split\Fungal diseases Saprolegniasis\Fungal diseases Saprolegniasis_58.jpg,Fungal diseases Saprolegniasis,fish,train,False,2,train,5.48,33.2,3.24,30.78,0.445,37.19,10.246881954068042,0.017846706686887773,3.214
C:\Users\Asus\PycharmProjects\AquaVision_v1\datasets\fish\New Dataset\train_split\Fungal diseases Saprolegniasis\Fungal diseases Saprolegniasis_59.jpg,Fungal diseases Saprolegniasis,fish,train,False,2,train,5.94,30.97,3.01,29.96,0.971,33.2,10.2890023621184,0.10476601540757033,5.249
C:\Users\Asus\PycharmProjects\AquaVision_v1\datasets\fish\New Dataset\train_split\Fungal diseases Saprolegniasis\Fungal diseases Saprolegniasis_6.jpg,Fungal diseases Saprolegniasis,fish,train,False,4,train,6.12,34.37,3.82,27.97,0.552,38.09,8.997358645657995,0.10004113290203764,3.2760000000000002
C:\Users\Asus\PycharmProjects\AquaVision_v1\datasets\fish\New Dataset\train_split\Fungal diseases Saprolegniasis\Fungal diseases Saprolegniasis_60.jpg,Fungal diseases Saprolegniasis,fish,train,False,1,train,6.68,30.25,2.01,33.11,0.566,44.39,15.049676369769307,0.32779460502808183,3.707
C:\Users\Asus\PycharmProjects\AquaVision_v1\datasets\fish\New Dataset\train_split\Fungal diseases Saprolegniasis\Fungal diseases Saprolegniasis_63.jpg,Fungal diseases Saprolegniasis,fish,train,False,2,train,6.35,28.18,3.14,26.66,1.066,43.29,8.974493711803465,0.26900365742422494,5.467
C:\Users\Asus\PycharmProjects\AquaVision_v1\datasets\fish\New Dataset\train_split\Fungal diseases Saprolegniasis\Fungal diseases Saprolegniasis_64.jpg,Fungal diseases Saprolegniasis,fish,train,False,2,train,5.96,30.54,1.93,22.07,0.279,56.52,15.82375220853778,0.031083737113865306,2.7990000000000004
C:\Users\Asus\PycharmProjects\AquaVision_v1\datasets\fish\New Dataset\train_split\Fungal diseases Saprolegniasis\Fungal diseases Saprolegniasis_66.jpg,Fungal diseases Saprolegniasis,fish,train,False,3,train,6.37,30.08,2.48,30.29,0.235,35.71,12.128983350873584,0.06628353859893386,2.335
C:\Users\Asus\PycharmProjects\AquaVision_v1\datasets\fish\New Dataset\train_split\Fungal diseases Saprolegniasis\Fungal diseases Saprolegniasis_67.jpg,Fungal diseases Saprolegniasis,fish,train,False,3,train,6.78,27.01,4.39,36.22,0.045,60.43,6.152605574930354,0.029295241955763142,0.879
C:\Users\Asus\PycharmProjects\AquaVision_v1\datasets\fish\New Dataset\train_split\Fungal diseases Saprolegniasis\Fungal diseases Saprolegniasis_68.jpg,Fungal diseases Saprolegniasis,fish,train,False,1,train,5.46,26.79,3.11,34.42,0.705,38.2,8.614120211832116,0.021788223519190814,4.299
C:\Users\Asus\PycharmProjects\AquaVision_v1\datasets\fish\New Dataset\train_split\Fungal diseases Saprolegniasis\Fungal diseases Saprolegniasis_69.jpg,Fungal diseases Saprolegniasis,fish,train,False,4,train,5.1,36.09,4.79,27.48,0.079,39.22,7.534431034590743,0.0014357339323281862,1.399
C:\Users\Asus\PycharmProjects\AquaVision_v1\datasets\fish\New Dataset\train_split\Fungal diseases Saprolegniasis\Fungal diseases Saprolegniasis_70.jpg,Fungal diseases Saprolegniasis,fish,train,False,1,train,6.52,30.13,2.27,33.12,0.196,40.43,13.27306928163312,0.07821952861172042,2.197
C:\Users\Asus\PycharmProjects\AquaVision_v1\datasets\fish\New Dataset\train_split\Fungal diseases Saprolegniasis\Fungal diseases Saprolegniasis_71.jpg,Fungal diseases Saprolegniasis,fish,train,False,3,train,5.52,31.27,2.8,26.64,0.337,55.22,11.167817257795509,0.013957825787489308,2.902
C:\Users\Asus\PycharmProjects\AquaVision_v1\datasets\fish\New Dataset\train_split\Fungal diseases Saprolegniasis\Fungal diseases Saprolegniasis_72.jpg,Fungal diseases Saprolegniasis,fish,train,False,2,train,5.51,30.14,3.81,29.79,0.289,46.19,7.910740391757502,0.011274598419756993,2.41
C:\Users\Asus\PycharmProjects\AquaVision_v1\datasets\fish\New Dataset\train_split\Fungal diseases Saprolegniasis\Fungal diseases Saprolegniasis_73.jpg,Fungal diseases Saprolegniasis,fish,train,False,0,val,5.66,35.62,3.63,32.25,0.592,41.76,9.812645144228252,0.03855454775174582,3.631
C:\Users\Asus\PycharmProjects\AquaVision_v1\datasets\fish\New Dataset\train_split\Fungal diseases Saprolegniasis\Fungal diseases Saprolegniasis_74.jpg,Fungal diseases Saprolegniasis,fish,train,False,4,train,7.07,32.82,3.13,33.51,0.15,48.29,10.485589502908937,0.2313608265186923,1.5899999999999999
C:\Users\Asus\PycharmProjects\AquaVision_v1\datasets\fish\New Dataset\train_split\Fungal diseases Saprolegniasis\Fungal diseases Saprolegniasis_76.jpg,Fungal diseases Saprolegniasis,fish,train,False,1,train,4.47,32.51,3.25,30.28,0.418,36.86,10.003046144473402,0.001604180535953212,3.4059999999999997
C:\Users\Asus\PycharmProjects\AquaVision_v1\datasets\fish\New Dataset\train_split\Fungal diseases Saprolegniasis\Fungal diseases Saprolegniasis_77.jpg,Fungal diseases Saprolegniasis,fish,train,False,3,val,6.83,36.03,3.4,29.1,0.033,42.25,10.597027655801012,0.032154235876452504,1.113
C:\Users\Asus\PycharmProjects\AquaVision_v1\datasets\fish\New Dataset\train_split\Fungal diseases Saprolegniasis\Fungal diseases Saprolegniasis_78.jpg,Fungal diseases Saprolegniasis,fish,train,False,1,train,6.77,30.52,4.04,25.56,0.001,52.96,7.554436746443698,0.0007188603344581023,0.811
C:\Users\Asus\PycharmProjects\AquaVision_v1\datasets\fish\New Dataset\train_split\Fungal diseases Saprolegniasis\Fungal diseases Saprolegniasis_8.jpg,Fungal diseases Saprolegniasis,fish,train,False,2,train,6.25,30.02,2.86,21.18,0.023,54.4,10.496466795570646,0.0049113232058219,1.4089999999999998
C:\Users\Asus\PycharmProjects\AquaVision_v1\datasets\fish\New Dataset\train_split\Fungal diseases Saprolegniasis\Fungal diseases Saprolegniasis_81.jpg,Fungal diseases Saprolegniasis,fish,train,False,2,train,5.67,32.65,3.39,31.98,0.029,50.76,9.631240025840631,0.0017715000741111344,1.448
C:\Users\Asus\PycharmProjects\AquaVision_v1\datasets\fish\New Dataset\train_split\Fungal diseases Saprolegniasis\Fungal diseases Saprolegniasis_83.jpg,Fungal diseases Saprolegniasis,fish,train,False,3,val,6.29,32.43,4.32,32.76,0.134,41.97,7.506927067298456,0.03389313475840223,1.403
C:\Users\Asus\PycharmProjects\AquaVision_v1\datasets\fish\New Dataset\train_split\Fungal diseases Saprolegniasis\Fungal diseases Saprolegniasis_87.jpg,Fungal diseases Saprolegniasis,fish,train,False,0,train,7.3,27.86,2.4,29.09,0.181,48.42,11.60828496547931,0.4024571786080387,1.8640000000000003
C:\Users\Asus\PycharmProjects\AquaVision_v1\datasets\fish\New Dataset\train_split\Fungal diseases Saprolegniasis\Fungal diseases Saprolegniasis_88.jpg,Fungal diseases Saprolegniasis,fish,train,False,3,train,6.48,28.12,4.08,26.49,0.749,40.19,6.8921399702451716,0.25442344296360353,3.8780000000000006
C:\Users\Asus\PycharmProjects\AquaVision_v1\datasets\fish\New Dataset\train_split\Fungal diseases Saprolegniasis\Fungal diseases Saprolegniasis_90.jpg,Fungal diseases Saprolegniasis,fish,train,False,4,train,6.82,28.43,2.83,27.62,0.585,41.12,10.045900897876685,0.4395342446084296,3.4949999999999997
C:\Users\Asus\PycharmProjects\AquaVision_v1\datasets\fish\New Dataset\train_split\Fungal diseases Saprolegniasis\Fungal diseases Saprolegniasis_93.jpg,Fungal diseases Saprolegniasis,fish,train,False,2,train,6.0,30.83,1.83,29.57,0.017,23.61,16.846902475942752,0.0020964399999999998,1.769
C:\Users\Asus\PycharmProjects\AquaVision_v1\datasets\fish\New Dataset\train_split\Fungal diseases Saprolegniasis\Fungal diseases Saprolegniasis_95.jpg,Fungal diseases Saprolegniasis,fish,train,False,4,train,5.98,32.55,3.48,23.97,0.238,29.7,9.353421398214373,0.02959292825859787,2.1639999999999997
C:\Users\Asus\PycharmProjects\AquaVision_v1\datasets\fish\New Dataset\train_split\Fungal diseases Saprolegniasis\Fungal diseases Saprolegniasis_97.jpg,Fungal diseases Saprolegniasis,fish,train,False,2,train,4.61,29.85,4.53,26.1,0.079,42.23,6.589389427396408,0.0003842655208415077,1.6239999999999997
C:\Users\Asus\PycharmProjects\AquaVision_v1\datasets\fish\New Dataset\train_split\Fungal diseases Saprolegniasis\Fungal diseases Saprolegniasis_98.jpg,Fungal diseases Saprolegniasis,fish,train,False,3,train,5.65,33.63,1.73,28.99,0.75,53.87,19.439193993098307,0.04506590761211071,4.835999999999999
C:\Users\Asus\PycharmProjects\AquaVision_v1\datasets\fish\New Dataset\train_split\Fungal diseases Saprolegniasis\Fungal diseases Saprolegniasis_aug_0.jpg,Fungal diseases Saprolegniasis,fish,train,True,0,train,5.23,28.69,4.17,30.13,0.381,54.68,6.880079424269967,0.00742532582330303,2.754
C:\Users\Asus\PycharmProjects\AquaVision_v1\datasets\fish\New Dataset\train_split\Fungal diseases Saprolegniasis\Fungal diseases Saprolegniasis_aug_1.jpg,Fungal diseases Saprolegniasis,fish,train,True,4,,,,,,,,,,
C:\Users\Asus\PycharmProjects\AquaVision_v1\datasets\fish\New Dataset\train_split\Fungal diseases Saprolegniasis\Fungal diseases Saprolegniasis_aug_10.jpg,Fungal diseases Saprolegniasis,fish,train,True,0,val,4.97,28.75,2.87,29.15,0.009,43.11,10.017386699001047,9.659182013248849e-05,1.734
C:\Users\Asus\PycharmProjects\AquaVision_v1\datasets\fish\New Dataset\train_split\Fungal diseases Saprolegniasis\Fungal diseases Saprolegniasis_aug_100.jpg,Fungal diseases Saprolegniasis,fish,train,True,0,train,6.66,27.18,2.0,28.72,0.045,45.15,13.589932050339748,0.022362582588718153,1.632
C:\Users\Asus\PycharmProjects\AquaVision_v1\datasets\fish\New Dataset\train_split\Fungal diseases Saprolegniasis\Fungal diseases Saprolegniasis_aug_101.jpg,Fungal diseases Saprolegniasis,fish,train,True,1,train,5.14,30.87,3.72,28.28,0.1,43.67,8.298364789341964,0.0017044984899316413,1.792
C:\Users\Asus\PycharmProjects\AquaVision_v1\datasets\fish\New Dataset\train_split\Fungal diseases Saprolegniasis\Fungal diseases Saprolegniasis_aug_103.jpg,Fungal diseases Saprolegniasis,fish,train,True,0,train,6.42,26.82,2.53,23.15,0.156,35.21,10.600748613641844,0.044019323426603696,1.989
C:\Users\Asus\PycharmProjects\AquaVision_v1\datasets\fish\New Dataset\train_split\Fungal diseases Saprolegniasis\Fungal diseases Saprolegniasis_aug_105.jpg,Fungal diseases Saprolegniasis,fish,train,True,3,train,6.09,31.96,2.41,33.32,0.485,28.24,13.261355762009286,0.07627961643541757,3.44
C:\Users\Asus\PycharmProjects\AquaVision_v1\datasets\fish\New Dataset\train_split\Fungal diseases Saprolegniasis\Fungal diseases Saprolegniasis_aug_107.jpg,Fungal diseases Saprolegniasis,fish,train,True,2,train,5.62,35.19,2.85,22.74,0.02,34.34,12.347325097104921,0.0011735706883456885,1.589
C:\Users\Asus\PycharmProjects\AquaVision_v1\datasets\fish\New Dataset\train_split\Fungal diseases Saprolegniasis\Fungal diseases Saprolegniasis_aug_108.jpg,Fungal diseases Saprolegniasis,fish,train,True,2,train,6.61,37.92,3.0,20.3,0.053,59.94,12.63995786680711,0.03274946348478377,1.3789999999999998
C:\Users\Asus\PycharmProjects\AquaVision_v1\datasets\fish\New Dataset\train_split\Fungal diseases Saprolegniasis\Fungal diseases Saprolegniasis_aug_109.jpg,Fungal diseases Saprolegniasis,fish,train,True,2,train,5.54,32.68,3.0,20.3,0.149,53.67,10.893297022343258,0.006753490722582085,2.0839999999999996
C:\Users\Asus\PycharmProjects\AquaVision_v1\datasets\fish\New Dataset\train_split\Fungal diseases Saprolegniasis\Fungal diseases Saprolegniasis_aug_112.jpg,Fungal diseases Saprolegniasis,fish,train,True,0,train,6.98,28.5,4.03,25.39,0.092,26.33,7.071942749521714,0.1001596224219283,1.1149999999999998
C:\Users\Asus\PycharmProjects\AquaVision_v1\datasets\fish\New Dataset\train_split\Fungal diseases Saprolegniasis\Fungal diseases Saprolegniasis_aug_114.jpg,Fungal diseases Saprolegniasis,fish,train,True,4,train,5.85,31.99,2.83,26.77,0.191,49.31,11.303846982872852,0.017302449830830693,2.2100000000000004
C:\Users\Asus\PycharmProjects\AquaVision_v1\datasets\fish\New Dataset\train_split\Fungal diseases Saprolegniasis\Fungal diseases Saprolegniasis_aug_115.jpg,Fungal diseases Saprolegniasis,fish,train,True,1,train,6.49,31.49,1.18,29.71,0.601,48.92,26.68621452360573,0.23394142122032663,4.153
C:\Users\Asus\PycharmProjects\AquaVision_v1\datasets\fish\New Dataset\train_split\Fungal diseases Saprolegniasis\Fungal diseases Saprolegniasis_aug_116.jpg,Fungal diseases Saprolegniasis,fish,train,True,1,train,6.44,31.84,0.81,29.63,0.141,31.56,39.30815668942358,0.04945977803965804,2.4389999999999996
C:\Users\Asus\PycharmProjects\AquaVision_v1\datasets\fish\New Dataset\train_split\Fungal diseases Saprolegniasis\Fungal diseases Saprolegniasis_aug_118.jpg,Fungal diseases Saprolegniasis,fish,train,True,1,train,5.67,31.32,2.35,29.68,0.088,53.47,13.327602861264419,0.005156611548040496,1.996
C:\Users\Asus\PycharmProjects\AquaVision_v1\datasets\fish\New Dataset\train_split\Fungal diseases Saprolegniasis\Fungal diseases Saprolegniasis_aug_122.jpg,Fungal diseases Saprolegniasis,fish,train,True,1,train,7.22,33.7,3.13,27.48,0.036,29.63,10.766738764412894,0.0805364334441299,1.089
C:\Users\Asus\PycharmProjects\AquaVision_v1\datasets\fish\New Dataset\train_split\Fungal diseases Saprolegniasis\Fungal diseases Saprolegniasis_aug_125.jpg,Fungal diseases Saprolegniasis,fish,train,True,3,train,5.82,28.25,2.84,26.38,0.069,72.23,9.947148073422277,0.005151426814115229,1.7279999999999998
C:\Users\Asus\PycharmProjects\AquaVision_v1\datasets\fish\New Dataset\train_split\Fungal diseases Saprolegniasis\Fungal diseases Saprolegniasis_aug_126.jpg,Fungal diseases Saprolegniasis,fish,train,True,2,train,6.46,29.01,4.06,28.9,0.143,51.07,7.145302597776855,0.04785681123406202,1.466
C:\Users\Asus\PycharmProjects\AquaVision_v1\datasets\fish\New Dataset\train_split\Fungal diseases Saprolegniasis\Fungal diseases Saprolegniasis_aug_127.jpg,Fungal diseases Saprolegniasis,fish,train,True,1,train,5.76,33.18,3.61,27.25,0.045,44.42,9.19111027393276,0.003436757481752434,1.419
C:\Users\Asus\PycharmProjects\AquaVision_v1\datasets\fish\New Dataset\train_split\Fungal diseases Saprolegniasis\Fungal diseases Saprolegniasis_aug_129.jpg,Fungal diseases Saprolegniasis,fish,train,True,0,train,5.76,31.08,3.22,24.26,0.222,45.78,9.652143937441187,0.015881589848165678,2.244
C:\Users\Asus\PycharmProjects\AquaVision_v1\datasets\fish\New Dataset\train_split\Fungal diseases Saprolegniasis\Fungal diseases Saprolegniasis_aug_13.jpg,Fungal diseases Saprolegniasis,fish,train,True,4,train,6.12,30.6,3.46,31.0,1.005,39.29,8.843905075418858,0.16216139792330075,5.196
C:\Users\Asus\PycharmProjects\AquaVision_v1\datasets\fish\New Dataset\train_split\Fungal diseases Saprolegniasis\Fungal diseases Saprolegniasis_aug_130.jpg,Fungal diseases Saprolegniasis,fish,train,True,3,train,6.68,32.52,2.93,29.3,0.207,49.8,11.098938228879765,0.12887861898731054,1.995
C:\Users\Asus\PycharmProjects\AquaVision_v1\datasets\fish\New Dataset\train_split\Fungal diseases Saprolegniasis\Fungal diseases Saprolegniasis_aug_132.jpg,Fungal diseases Saprolegniasis,fish,train,True,1,train,4.8,32.21,3.73,30.99,0.604,45.46,8.635365588832201,0.004910069673474815,3.9070000000000005
C:\Users\Asus\PycharmProjects\AquaVision_v1\datasets\fish\New Dataset\train_split\Fungal diseases Saprolegniasis\Fungal diseases Saprolegniasis_aug_133.jpg,Fungal diseases Saprolegniasis,fish,train,True,4,train,6.0,30.93,3.31,32.44,0.437,29.99,9.34438264536965,0.054065640000000005,3.0050000000000003
C:\Users\Asus\PycharmProjects\AquaVision_v1\datasets\fish\New Dataset\train_split\Fungal diseases Saprolegniasis\Fungal diseases Saprolegniasis_aug_134.jpg,Fungal diseases Saprolegniasis,fish,train,True,0,train,5.42,34.34,3.1,29.48,0.169,39.34,11.077383621343158,0.006105862032098069,2.1700000000000004
C:\Users\Asus\PycharmProjects\AquaVision_v1\datasets\fish\New Dataset\train_split\Fungal diseases Saprolegniasis\Fungal diseases Saprolegniasis_aug_137.jpg,Fungal diseases Saprolegniasis,fish,train,True,4,train,6.3,28.98,0.78,19.74,0.281,57.22,37.15336982859194,0.06499271692188509,3.0500000000000003
C:\Users\Asus\PycharmProjects\AquaVision_v1\datasets\fish\New Dataset\train_split\Fungal diseases Saprolegniasis\Fungal diseases Saprolegniasis_aug_14.jpg,Fungal diseases Saprolegniasis,fish,train,True,4,train,5.69,30.7,4.41,27.13,0.653,44.69,6.961435461597593,0.03927457987904475,3.6319999999999997
C:\Users\Asus\PycharmProjects\AquaVision_v1\datasets\fish\New Dataset\train_split\Fungal diseases Saprolegniasis\Fungal diseases Saprolegniasis_aug_144.jpg,Fungal diseases Saprolegniasis,fish,train,True,4,train,6.48,29.81,2.77,30.56,0.026,44.71,10.761694001104688,0.009362575121659156,1.379
C:\Users\Asus\PycharmProjects\AquaVision_v1\datasets\fish\New Dataset\train_split\Fungal diseases Saprolegniasis\Fungal diseases Saprolegniasis_aug_147.jpg,Fungal diseases Saprolegniasis,fish,train,True,0,train,5.86,32.56,4.64,23.21,0.393,40.73,7.017226255977898,0.03707976199998554,2.472
C:\Users\Asus\PycharmProjects\AquaVision_v1\datasets\fish\New Dataset\train_split\Fungal diseases Saprolegniasis\Fungal diseases Saprolegniasis_aug_148.jpg,Fungal diseases Saprolegniasis,fish,train,True,2,train,6.08,28.73,3.65,26.38,0.646,39.94,7.871211311749831,0.0892540918217466,3.7150000000000003
C:\Users\Asus\PycharmProjects\AquaVision_v1\datasets\fish\New Dataset\train_split\Fungal diseases Saprolegniasis\Fungal diseases Saprolegniasis_aug_149.jpg,Fungal diseases Saprolegniasis,fish,train,True,1,train,6.7,35.34,3.51,28.43,0.446,42.5,10.068347383625689,0.31598130996115853,2.771
C:\Users\Asus\PycharmProjects\AquaVision_v1\datasets\fish\New Dataset\train_split\Fungal diseases Saprolegniasis\Fungal diseases Saprolegniasis_aug_15.jpg,Fungal diseases Saprolegniasis,fish,train,True,0,train,6.28,31.29,3.9,28.09,0.859,40.36,8.02305635113756,0.20486073111238065,4.432
C:\Users\Asus\PycharmProjects\AquaVision_v1\datasets\fish\New Dataset\train_split\Fungal diseases Saprolegniasis\Fungal diseases Saprolegniasis_aug_151.jpg,Fungal diseases Saprolegniasis,fish,train,True,0,train,6.61,26.05,4.82,31.45,0.025,36.7,5.404553102586925,0.010612256236797145,0.7209999999999999
C:\Users\Asus\PycharmProjects\AquaVision_v1\datasets\fish\New Dataset\train_split\Fungal diseases Saprolegniasis\Fungal diseases Saprolegniasis_aug_152.jpg,Fungal diseases Saprolegniasis,fish,train,True,0,train,7.03,27.45,3.29,27.57,0.148,44.35,8.34343968559366,0.1741261731783321,1.5459999999999998
C:\Users\Asus\PycharmProjects\AquaVision_v1\datasets\fish\New Dataset\train_split\Fungal diseases Saprolegniasis\Fungal diseases Saprolegniasis_aug_155.jpg,Fungal diseases Saprolegniasis,fish,train,True,3,train,6.61,28.57,3.26,33.74,0.081,27.61,8.763776798230682,0.03770988869943777,1.413
C:\Users\Asus\PycharmProjects\AquaVision_v1\datasets\fish\New Dataset\train_split\Fungal diseases Saprolegniasis\Fungal diseases Saprolegniasis_aug_158.jpg,Fungal diseases Saprolegniasis,fish,train,True,2,val,5.87,32.85,3.06,29.66,0.266,43.73,10.735259035101192,0.0259105720780462,2.435
C:\Users\Asus\PycharmProjects\AquaVision_v1\datasets\fish\New Dataset\train_split\Fungal diseases Saprolegniasis\Fungal diseases Saprolegniasis_aug_159.jpg,Fungal diseases Saprolegniasis,fish,train,True,3,,,,,,,,,,
C:\Users\Asus\PycharmProjects\AquaVision_v1\datasets\fish\New Dataset\train_split\Fungal diseases Saprolegniasis\Fungal diseases Saprolegniasis_aug_160.jpg,Fungal diseases Saprolegniasis,fish,train,True,1,train,5.98,32.95,3.24,32.18,0.149,42.99,10.16972169838982,0.01875433540280618,1.88
C:\Users\Asus\PycharmProjects\AquaVision_v1\datasets\fish\New Dataset\train_split\Fungal diseases Saprolegniasis\Fungal diseases Saprolegniasis_aug_161.jpg,Fungal diseases Saprolegniasis,fish,train,True,3,,,,,,,,,,
C:\Users\Asus\PycharmProjects\AquaVision_v1\datasets\fish\New Dataset\train_split\Fungal diseases Saprolegniasis\Fungal diseases Saprolegniasis_aug_162.jpg,Fungal diseases Saprolegniasis,fish,train,True,4,train,6.04,31.65,3.63,23.0,0.019,41.44,8.718984245222465,0.002637468653002817,1.225
C:\Users\Asus\PycharmProjects\AquaVision_v1\datasets\fish\New Dataset\train_split\Fungal diseases Saprolegniasis\Fungal diseases Saprolegniasis_aug_164.jpg,Fungal diseases Saprolegniasis,fish,train,True,0,train,6.32,34.58,1.71,25.26,0.346,44.06,20.2221039643043,0.09999103852362688,3.025
C:\Users\Asus\PycharmProjects\AquaVision_v1\datasets\fish\New Dataset\train_split\Fungal diseases Saprolegniasis\Fungal diseases Saprolegniasis_aug_169.jpg,Fungal diseases Saprolegniasis,fish,train,True,2,val,4.99,29.73,1.5,28.13,0.354,55.44,19.81986786754755,0.0041139419811887035,3.519
C:\Users\Asus\PycharmProjects\AquaVision_v1\datasets\fish\New Dataset\train_split\Fungal diseases Saprolegniasis\Fungal diseases Saprolegniasis_aug_17.jpg,Fungal diseases Saprolegniasis,fish,train,True,1,train,6.17,32.46,2.85,22.36,0.244,47.75,11.389433721285188,0.04685957368122145,2.32
C:\Users\Asus\PycharmProjects\AquaVision_v1\datasets\fish\New Dataset\train_split\Fungal diseases Saprolegniasis\Fungal diseases Saprolegniasis_aug_171.jpg,Fungal diseases Saprolegniasis,fish,train,True,3,,,,,,,,,,
C:\Users\Asus\PycharmProjects\AquaVision_v1\datasets\fish\New Dataset\train_split\Fungal diseases Saprolegniasis\Fungal diseases Saprolegniasis_aug_174.jpg,Fungal diseases Saprolegniasis,fish,train,True,2,train,5.64,34.11,3.78,28.26,0.416,61.65,9.023785651360711,0.02477621958275285,2.8880000000000003
C:\Users\Asus\PycharmProjects\AquaVision_v1\datasets\fish\New Dataset\train_split\Fungal diseases Saprolegniasis\Fungal diseases Saprolegniasis_aug_175.jpg,Fungal diseases Saprolegniasis,fish,train,True,3,val,6.21,28.44,4.68,31.96,0.667,26.56,6.076910092072454,0.12305957682259308,3.451
C:\Users\Asus\PycharmProjects\AquaVision_v1\datasets\fish\New Dataset\train_split\Fungal diseases Saprolegniasis\Fungal diseases Saprolegniasis_aug_177.jpg,Fungal diseases Saprolegniasis,fish,train,True,0,train,5.63,29.99,3.86,18.44,0.04,34.8,7.769409923808487,0.0020468991630175617,1.363
C:\Users\Asus\PycharmProjects\AquaVision_v1\datasets\fish\New Dataset\train_split\Fungal diseases Saprolegniasis\Fungal diseases Saprolegniasis_aug_178.jpg,Fungal diseases Saprolegniasis,fish,train,True,1,val,6.69,30.38,3.37,22.61,0.006,49.51,9.01481004507405,0.0035710753277792186,1.0559999999999998
C:\Users\Asus\PycharmProjects\AquaVision_v1\datasets\fish\New Dataset\train_split\Fungal diseases Saprolegniasis\Fungal diseases Saprolegniasis_aug_181.jpg,Fungal diseases Saprolegniasis,fish,train,True,1,train,6.98,30.5,2.88,32.12,0.237,64.82,10.590241006107618,0.27612655632223826,2.04
C:\Users\Asus\PycharmProjects\AquaVision_v1\datasets\fish\New Dataset\train_split\Fungal diseases Saprolegniasis\Fungal diseases Saprolegniasis_aug_185.jpg,Fungal diseases Saprolegniasis,fish,train,True,1,val,5.55,28.95,2.25,29.77,0.049,48.72,12.866609481735637,0.002013282133189153,1.9060000000000001
C:\Users\Asus\PycharmProjects\AquaVision_v1\datasets\fish\New Dataset\train_split\Fungal diseases Saprolegniasis\Fungal diseases Saprolegniasis_aug_186.jpg,Fungal diseases Saprolegniasis,fish,train,True,2,val,6.44,27.19,2.72,31.28,0.356,40.32,9.996286778357431,0.1066397693039211,2.7259999999999995
C:\Users\Asus\PycharmProjects\AquaVision_v1\datasets\fish\New Dataset\train_split\Fungal diseases Saprolegniasis\Fungal diseases Saprolegniasis_aug_188.jpg,Fungal diseases Saprolegniasis,fish,train,True,0,train,5.33,30.25,3.46,25.7,0.078,44.48,8.742749298412432,0.002017808620072207,1.725
C:\Users\Asus\PycharmProjects\AquaVision_v1\datasets\fish\New Dataset\train_split\Fungal diseases Saprolegniasis\Fungal diseases Saprolegniasis_aug_189.jpg,Fungal diseases Saprolegniasis,fish,train,True,3,train,5.61,32.68,3.8,25.49,0.226,24.47,8.599977368480609,0.012035121480689125,2.1310000000000002
C:\Users\Asus\PycharmProjects\AquaVision_v1\datasets\fish\New Dataset\train_split\Fungal diseases Saprolegniasis\Fungal diseases Saprolegniasis_aug_190.jpg,Fungal diseases Saprolegniasis,fish,train,True,3,train,6.43,30.43,2.86,36.03,0.238,35.6,10.639822937682036,0.07797204068748817,2.215
C:\Users\Asus\PycharmProjects\AquaVision_v1\datasets\fish\New Dataset\train_split\Fungal diseases Saprolegniasis\Fungal diseases Saprolegniasis_aug_191.jpg,Fungal diseases Saprolegniasis,fish,train,True,1,train,5.53,30.21,2.56,30.28,0.027,58.91,11.800735153378307,0.0011055400513522542,1.7309999999999999
C:\Users\Asus\PycharmProjects\AquaVision_v1\datasets\fish\New Dataset\train_split\Fungal diseases Saprolegniasis\Fungal diseases Saprolegniasis_aug_192.jpg,Fungal diseases Saprolegniasis,fish,train,True,2,train,6.44,31.26,1.85,30.07,0.161,43.0,16.897205961048858,0.055446589887530144,2.207
C:\Users\Asus\PycharmProjects\AquaVision_v1\datasets\fish\New Dataset\train_split\Fungal diseases Saprolegniasis\Fungal diseases Saprolegniasis_aug_195.jpg,Fungal diseases Saprolegniasis,fish,train,True,0,train,5.76,29.78,1.0,29.62,0.227,36.54,29.77970220297797,0.015560034011181677,2.93
C:\Users\Asus\PycharmProjects\AquaVision_v1\datasets\fish\New Dataset\train_split\Fungal diseases Saprolegniasis\Fungal diseases Saprolegniasis_aug_197.jpg,Fungal diseases Saprolegniasis,fish,train,True,0,train,5.45,30.15,4.37,22.36,0.198,38.07,6.899297713277544,0.0067299602339077665,1.896
C:\Users\Asus\PycharmProjects\AquaVision_v1\datasets\fish\New Dataset\train_split\Fungal diseases Saprolegniasis\Fungal diseases Saprolegniasis_aug_201.jpg,Fungal diseases Saprolegniasis,fish,train,True,1,train,5.38,32.02,3.66,19.76,0.114,52.99,8.748609976475475,0.003502564731055386,1.794
C:\Users\Asus\PycharmProjects\AquaVision_v1\datasets\fish\New Dataset\train_split\Fungal diseases Saprolegniasis\Fungal diseases Saprolegniasis_aug_202.jpg,Fungal diseases Saprolegniasis,fish,train,True,0,train,6.85,33.84,3.28,26.19,0.166,41.9,10.317041716336233,0.15907371868123316,1.6750000000000003
C:\Users\Asus\PycharmProjects\AquaVision_v1\datasets\fish\New Dataset\train_split\Fungal diseases Saprolegniasis\Fungal diseases Saprolegniasis_aug_204.jpg,Fungal diseases Saprolegniasis,fish,train,True,4,train,5.77,25.51,4.21,28.76,0.303,41.2,6.059368030004681,0.018205938797522726,2.2680000000000002
C:\Users\Asus\PycharmProjects\AquaVision_v1\datasets\fish\New Dataset\train_split\Fungal diseases Saprolegniasis\Fungal diseases Saprolegniasis_aug_205.jpg,Fungal diseases Saprolegniasis,fish,train,True,3,val,4.42,32.09,2.06,30.0,0.709,28.08,15.577594283522897,0.0023937343040274102,4.942
C:\Users\Asus\PycharmProjects\AquaVision_v1\datasets\fish\New Dataset\train_split\Fungal diseases Saprolegniasis\Fungal diseases Saprolegniasis_aug_206.jpg,Fungal diseases Saprolegniasis,fish,train,True,1,train,6.58,29.87,3.53,32.06,0.095,33.28,8.461732403024355,0.04315377761876163,1.3969999999999998
C:\Users\Asus\PycharmProjects\AquaVision_v1\datasets\fish\New Dataset\train_split\Fungal diseases Saprolegniasis\Fungal diseases Saprolegniasis_aug_207.jpg,Fungal diseases Saprolegniasis,fish,train,True,2,train,6.32,29.73,3.35,31.57,0.108,50.88,8.87460037432724,0.02683358235516555,1.581
C:\Users\Asus\PycharmProjects\AquaVision_v1\datasets\fish\New Dataset\train_split\Fungal diseases Saprolegniasis\Fungal diseases Saprolegniasis_aug_208.jpg,Fungal diseases Saprolegniasis,fish,train,True,2,val,5.29,28.84,4.83,36.02,0.027,44.03,5.971002130430372,0.0006073219971758379,1.1219999999999999
C:\Users\Asus\PycharmProjects\AquaVision_v1\datasets\fish\New Dataset\train_split\Fungal diseases Saprolegniasis\Fungal diseases Saprolegniasis_aug_209.jpg,Fungal diseases Saprolegniasis,fish,train,True,0,train,6.06,27.48,3.14,33.99,0.102,45.99,8.751564485463422,0.012872914699643597,1.698
C:\Users\Asus\PycharmProjects\AquaVision_v1\datasets\fish\New Dataset\train_split\Fungal diseases Saprolegniasis\Fungal diseases Saprolegniasis_aug_21.jpg,Fungal diseases Saprolegniasis,fish,train,True,3,train,5.6,31.66,3.25,27.13,0.16,42.07,9.741508487666191,0.008066606732623176,2.035
C:\Users\Asus\PycharmProjects\AquaVision_v1\datasets\fish\New Dataset\train_split\Fungal diseases Saprolegniasis\Fungal diseases Saprolegniasis_aug_210.jpg,Fungal diseases Saprolegniasis,fish,train,True,4,,,,,,,,,,
C:\Users\Asus\PycharmProjects\AquaVision_v1\datasets\fish\New Dataset\train_split\Fungal diseases Saprolegniasis\Fungal diseases Saprolegniasis_aug_212.jpg,Fungal diseases Saprolegniasis,fish,train,True,4,train,6.29,31.54,4.1,30.71,0.374,59.22,7.692664164233747,0.09200115561984766,2.4290000000000003
C:\Users\Asus\PycharmProjects\AquaVision_v1\datasets\fish\New Dataset\train_split\Fungal diseases Saprolegniasis\Fungal diseases Saprolegniasis_aug_216.jpg,Fungal diseases Saprolegniasis,fish,train,True,1,train,6.2,32.52,1.73,33.22,1.001,46.35,18.797579204744483,0.20636906938181707,5.674999999999999
C:\Users\Asus\PycharmProjects\AquaVision_v1\datasets\fish\New Dataset\train_split\Fungal diseases Saprolegniasis\Fungal diseases Saprolegniasis_aug_218.jpg,Fungal diseases Saprolegniasis,fish,train,True,1,train,5.89,31.57,2.73,33.1,0.01,57.86,11.564060204907674,0.0009802448588787111,1.504
C:\Users\Asus\PycharmProjects\AquaVision_v1\datasets\fish\New Dataset\train_split\Fungal diseases Saprolegniasis\Fungal diseases Saprolegniasis_aug_219.jpg,Fungal diseases Saprolegniasis,fish,train,True,2,train,5.15,31.47,3.51,23.89,0.338,28.99,8.965786422260905,0.0060099856427584,2.8040000000000003
C:\Users\Asus\PycharmProjects\AquaVision_v1\datasets\fish\New Dataset\train_split\Fungal diseases Saprolegniasis\Fungal diseases Saprolegniasis_aug_22.jpg,Fungal diseases Saprolegniasis,fish,train,True,4,train,5.48,34.97,3.43,27.97,0.06,28.32,10.195305553045033,0.0025345850798990065,1.6169999999999998
C:\Users\Asus\PycharmProjects\AquaVision_v1\datasets\fish\New Dataset\train_split\Fungal diseases Saprolegniasis\Fungal diseases Saprolegniasis_aug_224.jpg,Fungal diseases Saprolegniasis,fish,train,True,3,train,5.71,29.05,3.99,20.47,1.114,29.76,7.280683507058879,0.06638826500125342,5.596
C:\Users\Asus\PycharmProjects\AquaVision_v1\datasets\fish\New Dataset\train_split\Fungal diseases Saprolegniasis\Fungal diseases Saprolegniasis_aug_225.jpg,Fungal diseases Saprolegniasis,fish,train,True,1,train,6.39,30.25,5.22,27.09,0.025,50.63,5.795008055540124,0.007425494469947212,0.6670000000000001
C:\Users\Asus\PycharmProjects\AquaVision_v1\datasets\fish\New Dataset\train_split\Fungal diseases Saprolegniasis\Fungal diseases Saprolegniasis_aug_226.jpg,Fungal diseases Saprolegniasis,fish,train,True,3,train,6.01,34.01,2.01,27.02,0.176,49.47,16.92031382928443,0.024500745045897773,2.348
C:\Users\Asus\PycharmProjects\AquaVision_v1\datasets\fish\New Dataset\train_split\Fungal diseases Saprolegniasis\Fungal diseases Saprolegniasis_aug_227.jpg,Fungal diseases Saprolegniasis,fish,train,True,4,val,6.43,28.98,4.45,31.97,0.108,56.31,6.512344916078841,0.033696293162890446,1.218
C:\Users\Asus\PycharmProjects\AquaVision_v1\datasets\fish\New Dataset\train_split\Fungal diseases Saprolegniasis\Fungal diseases Saprolegniasis_aug_229.jpg,Fungal diseases Saprolegniasis,fish,train,True,4,train,5.41,27.79,2.94,29.82,0.038,44.34,9.452348801534688,0.0010857557418078305,1.6969999999999998
C:\Users\Asus\PycharmProjects\AquaVision_v1\datasets\fish\New Dataset\train_split\Fungal diseases Saprolegniasis\Fungal diseases Saprolegniasis_aug_231.jpg,Fungal diseases Saprolegniasis,fish,train,True,2,train,6.46,29.47,2.94,28.95,0.608,49.55,10.023775429335274,0.20670153722184706,3.662
C:\Users\Asus\PycharmProjects\AquaVision_v1\datasets\fish\New Dataset\train_split\Fungal diseases Saprolegniasis\Fungal diseases Saprolegniasis_aug_232.jpg,Fungal diseases Saprolegniasis,fish,train,True,4,train,5.36,29.12,2.96,28.01,0.394,31.25,9.837804602011479,0.010513506409258981,3.13
C:\Users\Asus\PycharmProjects\AquaVision_v1\datasets\fish\New Dataset\train_split\Fungal diseases Saprolegniasis\Fungal diseases Saprolegniasis_aug_233.jpg,Fungal diseases Saprolegniasis,fish,train,True,0,train,5.33,33.89,4.22,23.02,0.157,40.98,8.030786656903658,0.0045502076113908855,1.813
C:\Users\Asus\PycharmProjects\AquaVision_v1\datasets\fish\New Dataset\train_split\Fungal diseases Saprolegniasis\Fungal diseases Saprolegniasis_aug_235.jpg,Fungal diseases Saprolegniasis,fish,train,True,1,train,6.32,33.31,3.52,24.74,0.193,33.35,9.46304129817813,0.05372691857967354,1.87
C:\Users\Asus\PycharmProjects\AquaVision_v1\datasets\fish\New Dataset\train_split\Fungal diseases Saprolegniasis\Fungal diseases Saprolegniasis_aug_236.jpg,Fungal diseases Saprolegniasis,fish,train,True,1,train,5.0,32.63,1.49,23.37,0.373,56.79,21.899181884685337,0.0048683960000000005,3.5949999999999998
C:\Users\Asus\PycharmProjects\AquaVision_v1\datasets\fish\New Dataset\train_split\Fungal diseases Saprolegniasis\Fungal diseases Saprolegniasis_aug_239.jpg,Fungal diseases Saprolegniasis,fish,train,True,2,val,6.3,29.86,4.04,31.09,0.013,40.04,7.391070814181154,0.0030980837016984773,1.0
C:\Users\Asus\PycharmProjects\AquaVision_v1\datasets\fish\New Dataset\train_split\Fungal diseases Saprolegniasis\Fungal diseases Saprolegniasis_aug_240.jpg,Fungal diseases Saprolegniasis,fish,train,True,2,train,5.25,28.86,3.36,29.3,0.017,47.31,8.589260151011455,0.00034898377766131856,1.535
C:\Users\Asus\PycharmProjects\AquaVision_v1\datasets\fish\New Dataset\train_split\Fungal diseases Saprolegniasis\Fungal diseases Saprolegniasis_aug_241.jpg,Fungal diseases Saprolegniasis,fish,train,True,2,train,7.19,32.76,1.78,12.31,0.152,47.84,18.40439098656749,0.3084945332082834,1.9669999999999996
C:\Users\Asus\PycharmProjects\AquaVision_v1\datasets\fish\New Dataset\train_split\Fungal diseases Saprolegniasis\Fungal diseases Saprolegniasis_aug_244.jpg,Fungal diseases Saprolegniasis,fish,train,True,1,train,5.92,34.97,3.52,28.66,0.272,46.32,9.934630867525945,0.031646415634100915,2.306
C:\Users\Asus\PycharmProjects\AquaVision_v1\datasets\fish\New Dataset\train_split\Fungal diseases Saprolegniasis\Fungal diseases Saprolegniasis_aug_249.jpg,Fungal diseases Saprolegniasis,fish,train,True,3,val,6.19,28.23,3.46,21.81,0.34,47.04,8.158935956832496,0.05946340668658317,2.515
C:\Users\Asus\PycharmProjects\AquaVision_v1\datasets\fish\New Dataset\train_split\Fungal diseases Saprolegniasis\Fungal diseases Saprolegniasis_aug_250.jpg,Fungal diseases Saprolegniasis,fish,train,True,4,train,5.16,29.5,3.86,29.34,0.06,59.27,7.642467247494178,0.0010233713576881169,1.584
C:\Users\Asus\PycharmProjects\AquaVision_v1\datasets\fish\New Dataset\train_split\Fungal diseases Saprolegniasis\Fungal diseases Saprolegniasis_aug_254.jpg,Fungal diseases Saprolegniasis,fish,train,True,0,train,6.32,30.87,3.5,27.54,0.284,33.17,8.819974800072,0.07326810529155138,2.2399999999999998
C:\Users\Asus\PycharmProjects\AquaVision_v1\datasets\fish\New Dataset\train_split\Fungal diseases Saprolegniasis\Fungal diseases Saprolegniasis_aug_255.jpg,Fungal diseases Saprolegniasis,fish,train,True,2,train,7.48,28.46,3.86,22.75,1.067,29.11,7.373037893684214,3.6682532120855376,4.916
C:\Users\Asus\PycharmProjects\AquaVision_v1\datasets\fish\New Dataset\train_split\Fungal diseases Saprolegniasis\Fungal diseases Saprolegniasis_aug_259.jpg,Fungal diseases Saprolegniasis,fish,train,True,3,train,6.34,25.82,3.04,25.75,0.447,37.98,8.493393113838442,0.10100055317311483,3.024
C:\Users\Asus\PycharmProjects\AquaVision_v1\datasets\fish\New Dataset\train_split\Fungal diseases Saprolegniasis\Fungal diseases Saprolegniasis_aug_26.jpg,Fungal diseases Saprolegniasis,fish,train,True,3,train,6.02,31.51,3.29,28.01,0.297,52.3,9.577478487907332,0.03919808441231157,2.4450000000000003
C:\Users\Asus\PycharmProjects\AquaVision_v1\datasets\fish\New Dataset\train_split\Fungal diseases Saprolegniasis\Fungal diseases Saprolegniasis_aug_260.jpg,Fungal diseases Saprolegniasis,fish,train,True,4,val,5.88,28.98,2.83,27.3,0.138,29.66,10.240246500895756,0.012134935124638849,1.9889999999999999
C:\Users\Asus\PycharmProjects\AquaVision_v1\datasets\fish\New Dataset\train_split\Fungal diseases Saprolegniasis\Fungal diseases Saprolegniasis_aug_261.jpg,Fungal diseases Saprolegniasis,fish,train,True,0,train,6.41,29.37,2.38,24.74,0.061,46.56,12.340284284519814,0.018420175890140857,1.657
C:\Users\Asus\PycharmProjects\AquaVision_v1\datasets\fish\New Dataset\train_split\Fungal diseases Saprolegniasis\Fungal diseases Saprolegniasis_aug_263.jpg,Fungal diseases Saprolegniasis,fish,train,True,2,train,5.44,33.56,4.13,24.0,0.286,32.78,8.1258883150404,0.01057421110849291,2.323
C:\Users\Asus\PycharmProjects\AquaVision_v1\datasets\fish\New Dataset\train_split\Fungal diseases Saprolegniasis\Fungal diseases Saprolegniasis_aug_267.jpg,Fungal diseases Saprolegniasis,fish,train,True,4,,,,,,,,,,
C:\Users\Asus\PycharmProjects\AquaVision_v1\datasets\fish\New Dataset\train_split\Fungal diseases Saprolegniasis\Fungal diseases Saprolegniasis_aug_270.jpg,Fungal diseases Saprolegniasis,fish,train,True,0,train,6.28,27.87,1.61,27.05,0.443,41.0,17.310451487878957,0.09410239705147451,3.455
C:\Users\Asus\PycharmProjects\AquaVision_v1\datasets\fish\New Dataset\train_split\Fungal diseases Saprolegniasis\Fungal diseases Saprolegniasis_aug_271.jpg,Fungal diseases Saprolegniasis,fish,train,True,4,train,6.51,29.4,3.07,30.75,0.408,38.58,9.576516037407044,0.15526282534409097,2.8080000000000003
C:\Users\Asus\PycharmProjects\AquaVision_v1\datasets\fish\New Dataset\train_split\Fungal diseases Saprolegniasis\Fungal diseases Saprolegniasis_aug_272.jpg,Fungal diseases Saprolegniasis,fish,train,True,0,train,6.03,30.04,4.44,36.22,0.363,48.97,6.765750527588902,0.046737614777398365,2.3609999999999998
C:\Users\Asus\PycharmProjects\AquaVision_v1\datasets\fish\New Dataset\train_split\Fungal diseases Saprolegniasis\Fungal diseases Saprolegniasis_aug_273.jpg,Fungal diseases Saprolegniasis,fish,train,True,3,train,5.46,31.29,3.18,29.29,0.056,46.17,9.83959169939717,0.0020214061444154257,1.682
C:\Users\Asus\PycharmProjects\AquaVision_v1\datasets\fish\New Dataset\train_split\Fungal diseases Saprolegniasis\Fungal diseases Saprolegniasis_aug_274.jpg,Fungal diseases Saprolegniasis,fish,train,True,0,,,,,,,,,,
C:\Users\Asus\PycharmProjects\AquaVision_v1\datasets\fish\New Dataset\train_split\Fungal diseases Saprolegniasis\Fungal diseases Saprolegniasis_aug_278.jpg,Fungal diseases Saprolegniasis,fish,train,True,2,train,6.14,27.93,2.94,33.56,0.158,44.62,9.499967687184737,0.0243662117465466,1.9580000000000002
C:\Users\Asus\PycharmProjects\AquaVision_v1\datasets\fish\New Dataset\train_split\Fungal diseases Saprolegniasis\Fungal diseases Saprolegniasis_aug_279.jpg,Fungal diseases Saprolegniasis,fish,train,True,1,train,5.05,28.23,5.24,28.18,0.003,42.57,5.387394298865842,3.80094971579333e-05,0.9749999999999999
C:\Users\Asus\PycharmProjects\AquaVision_v1\datasets\fish\New Dataset\train_split\Fungal diseases Saprolegniasis\Fungal diseases Saprolegniasis_aug_28.jpg,Fungal diseases Saprolegniasis,fish,train,True,2,train,6.43,28.26,3.09,26.66,0.04,63.09,9.145601470545403,0.012170043769435935,1.354
C:\Users\Asus\PycharmProjects\AquaVision_v1\datasets\fish\New Dataset\train_split\Fungal diseases Saprolegniasis\Fungal diseases Saprolegniasis_aug_280.jpg,Fungal diseases Saprolegniasis,fish,train,True,1,val,6.64,30.09,3.03,27.45,0.729,37.22,9.930660294850512,0.383009642193828,4.065
C:\Users\Asus\PycharmProjects\AquaVision_v1\datasets\fish\New Dataset\train_split\Fungal diseases Saprolegniasis\Fungal diseases Saprolegniasis_aug_281.jpg,Fungal diseases Saprolegniasis,fish,train,True,0,train,5.83,30.32,4.49,31.79,0.257,44.57,6.752768924790813,0.02107280321667367,1.9820000000000002
C:\Users\Asus\PycharmProjects\AquaVision_v1\datasets\fish\New Dataset\train_split\Fungal diseases Saprolegniasis\Fungal diseases Saprolegniasis_aug_285.jpg,Fungal diseases Saprolegniasis,fish,train,True,4,,,,,,,,,,
C:\Users\Asus\PycharmProjects\AquaVision_v1\datasets\fish\New Dataset\train_split\Fungal diseases Saprolegniasis\Fungal diseases Saprolegniasis_aug_286.jpg,Fungal diseases Saprolegniasis,fish,train,True,3,train,6.78,33.43,2.19,30.55,0.287,68.23,15.264770480500088,0.23124814872910723,2.5069999999999997
C:\Users\Asus\PycharmProjects\AquaVision_v1\datasets\fish\New Dataset\train_split\Fungal diseases Saprolegniasis\Fungal diseases Saprolegniasis_aug_287.jpg,Fungal diseases Saprolegniasis,fish,train,True,4,train,6.23,33.42,2.63,31.18,0.283,42.69,12.707176018342137,0.06424700284348739,2.5239999999999996
C:\Users\Asus\PycharmProjects\AquaVision_v1\datasets\fish\New Dataset\train_split\Fungal diseases Saprolegniasis\Fungal diseases Saprolegniasis_aug_293.jpg,Fungal diseases Saprolegniasis,fish,train,True,2,val,5.07,33.62,3.24,25.92,0.123,46.64,10.376511183607457,0.001943402745215697,2.049
C:\Users\Asus\PycharmProjects\AquaVision_v1\datasets\fish\New Dataset\train_split\Fungal diseases Saprolegniasis\Fungal diseases Saprolegniasis_aug_295.jpg,Fungal diseases Saprolegniasis,fish,train,True,3,train,6.26,29.24,2.52,30.63,0.739,37.78,11.603128559013653,0.1572830049806144,4.372
C:\Users\Asus\PycharmProjects\AquaVision_v1\datasets\fish\New Dataset\train_split\Fungal diseases Saprolegniasis\Fungal diseases Saprolegniasis_aug_3.jpg,Fungal diseases Saprolegniasis,fish,train,True,2,train,6.29,33.15,2.19,20.36,0.02,62.47,15.136917183026561,0.0051709878785583365,1.586
C:\Users\Asus\PycharmProjects\AquaVision_v1\datasets\fish\New Dataset\train_split\Fungal diseases Saprolegniasis\Fungal diseases Saprolegniasis_aug_30.jpg,Fungal diseases Saprolegniasis,fish,train,True,3,train,4.86,30.52,1.77,18.63,0.43,38.86,17.24284043592974,0.003802883106256058,3.781
C:\Users\Asus\PycharmProjects\AquaVision_v1\datasets\fish\New Dataset\train_split\Fungal diseases Saprolegniasis\Fungal diseases Saprolegniasis_aug_302.jpg,Fungal diseases Saprolegniasis,fish,train,True,4,train,6.62,31.57,2.49,24.16,0.6,38.52,12.678663941108669,0.31585359446780376,3.717
C:\Users\Asus\PycharmProjects\AquaVision_v1\datasets\fish\New Dataset\train_split\Fungal diseases Saprolegniasis\Fungal diseases Saprolegniasis_aug_306.jpg,Fungal diseases Saprolegniasis,fish,train,True,0,val,6.24,31.98,2.37,30.6,0.706,49.26,13.493613950995986,0.15694343430161586,4.291
C:\Users\Asus\PycharmProjects\AquaVision_v1\datasets\fish\New Dataset\train_split\Fungal diseases Saprolegniasis\Fungal diseases Saprolegniasis_aug_313.jpg,Fungal diseases Saprolegniasis,fish,train,True,4,train,7.1,28.75,2.39,20.96,0.045,51.44,12.029238371387567,0.06514939006034809,1.383
C:\Users\Asus\PycharmProjects\AquaVision_v1\datasets\fish\New Dataset\train_split\Fungal diseases Saprolegniasis\Fungal diseases Saprolegniasis_aug_314.jpg,Fungal diseases Saprolegniasis,fish,train,True,3,train,5.51,28.02,2.89,26.51,0.086,27.24,9.695468181770996,0.0031190804279058537,1.874
C:\Users\Asus\PycharmProjects\AquaVision_v1\datasets\fish\New Dataset\train_split\Fungal diseases Saprolegniasis\Fungal diseases Saprolegniasis_aug_315.jpg,Fungal diseases Saprolegniasis,fish,train,True,2,train,6.96,31.48,3.73,22.01,0.276,38.04,8.43965565775963,0.3169595175010814,1.947
C:\Users\Asus\PycharmProjects\AquaVision_v1\datasets\fish\New Dataset\train_split\Fungal diseases Saprolegniasis\Fungal diseases Saprolegniasis_aug_318.jpg,Fungal diseases Saprolegniasis,fish,train,True,0,val,7.3,32.24,3.72,25.29,0.019,41.95,8.666643369238255,0.04888871534629346,0.8200000000000001
C:\Users\Asus\PycharmProjects\AquaVision_v1\datasets\fish\New Dataset\train_split\Fungal diseases Saprolegniasis\Fungal diseases Saprolegniasis_aug_319.jpg,Fungal diseases Saprolegniasis,fish,train,True,1,train,5.74,31.28,4.16,24.92,0.087,52.82,7.519212694200255,0.005981994209924743,1.428
C:\Users\Asus\PycharmProjects\AquaVision_v1\datasets\fish\New Dataset\train_split\Fungal diseases Saprolegniasis\Fungal diseases Saprolegniasis_aug_320.jpg,Fungal diseases Saprolegniasis,fish,train,True,0,train,6.6,33.3,3.88,22.74,0.184,40.34,8.582452107082197,0.09757129021661545,1.642
C:\Users\Asus\PycharmProjects\AquaVision_v1\datasets\fish\New Dataset\train_split\Fungal diseases Saprolegniasis\Fungal diseases Saprolegniasis_aug_323.jpg,Fungal diseases Saprolegniasis,fish,train,True,1,train,5.46,32.15,2.63,35.18,0.224,46.11,12.224288120577487,0.008307856509166626,2.519
C:\Users\Asus\PycharmProjects\AquaVision_v1\datasets\fish\New Dataset\train_split\Fungal diseases Saprolegniasis\Fungal diseases Saprolegniasis_aug_326.jpg,Fungal diseases Saprolegniasis,fish,train,True,1,,,,,,,,,,
C:\Users\Asus\PycharmProjects\AquaVision_v1\datasets\fish\New Dataset\train_split\Fungal diseases Saprolegniasis\Fungal diseases Saprolegniasis_aug_328.jpg,Fungal diseases Saprolegniasis,fish,train,True,2,train,7.14,32.91,4.38,28.98,0.687,42.45,7.51368147561307,1.2483737001492634,3.3420000000000005
C:\Users\Asus\PycharmProjects\AquaVision_v1\datasets\fish\New Dataset\train_split\Fungal diseases Saprolegniasis\Fungal diseases Saprolegniasis_aug_329.jpg,Fungal diseases Saprolegniasis,fish,train,True,1,train,5.08,30.79,3.86,31.78,0.038,43.57,7.9766632728930755,0.0005626693735164264,1.52
C:\Users\Asus\PycharmProjects\AquaVision_v1\datasets\fish\New Dataset\train_split\Fungal diseases Saprolegniasis\Fungal diseases Saprolegniasis_aug_335.jpg,Fungal diseases Saprolegniasis,fish,train,True,1,,,,,,,,,,
C:\Users\Asus\PycharmProjects\AquaVision_v1\datasets\fish\New Dataset\train_split\Fungal diseases Saprolegniasis\Fungal diseases Saprolegniasis_aug_337.jpg,Fungal diseases Saprolegniasis,fish,train,True,2,train,6.17,30.46,2.99,28.5,0.205,47.76,10.187256898806357,0.03694398603295494,2.122
C:\Users\Asus\PycharmProjects\AquaVision_v1\datasets\fish\New Dataset\train_split\Fungal diseases Saprolegniasis\Fungal diseases Saprolegniasis_aug_342.jpg,Fungal diseases Saprolegniasis,fish,train,True,2,train,6.44,32.14,3.55,20.91,0.061,51.37,9.053495623955989,0.02159910216817046,1.2969999999999997
C:\Users\Asus\PycharmProjects\AquaVision_v1\datasets\fish\New Dataset\train_split\Fungal diseases Saprolegniasis\Fungal diseases Saprolegniasis_aug_343.jpg,Fungal diseases Saprolegniasis,fish,train,True,3,train,5.44,32.08,3.02,21.27,0.066,52.46,10.622481382511978,0.002332589339601535,1.7759999999999998
C:\Users\Asus\PycharmProjects\AquaVision_v1\datasets\fish\New Dataset\train_split\Fungal diseases Saprolegniasis\Fungal diseases Saprolegniasis_aug_344.jpg,Fungal diseases Saprolegniasis,fish,train,True,0,train,6.19,33.21,4.63,22.54,0.563,44.48,7.172770685160508,0.11583432220651615,3.0559999999999996
C:\Users\Asus\PycharmProjects\AquaVision_v1\datasets\fish\New Dataset\train_split\Fungal diseases Saprolegniasis\Fungal diseases Saprolegniasis_aug_353.jpg,Fungal diseases Saprolegniasis,fish,train,True,0,val,6.0,30.12,4.33,23.53,0.007,42.95,6.956104027473378,0.0008433600000000001,0.979
C:\Users\Asus\PycharmProjects\AquaVision_v1\datasets\fish\New Dataset\train_split\Fungal diseases Saprolegniasis\Fungal diseases Saprolegniasis_aug_354.jpg,Fungal diseases Saprolegniasis,fish,train,True,3,train,6.38,33.29,2.95,25.37,0.041,34.22,11.284707509466068,0.013096572251362045,1.415
C:\Users\Asus\PycharmProjects\AquaVision_v1\datasets\fish\New Dataset\train_split\Fungal diseases Saprolegniasis\Fungal diseases Saprolegniasis_aug_355.jpg,Fungal diseases Saprolegniasis,fish,train,True,0,train,7.21,27.73,3.42,34.27,0.247,43.28,8.10816342642273,0.44433120471765963,1.849
C:\Users\Asus\PycharmProjects\AquaVision_v1\datasets\fish\New Dataset\train_split\Fungal diseases Saprolegniasis\Fungal diseases Saprolegniasis_aug_356.jpg,Fungal diseases Saprolegniasis,fish,train,True,1,train,6.32,32.93,4.4,26.24,0.158,33.61,7.484073899832046,0.043481929644262896,1.4659999999999997
C:\Users\Asus\PycharmProjects\AquaVision_v1\datasets\fish\New Dataset\train_split\Fungal diseases Saprolegniasis\Fungal diseases Saprolegniasis_aug_358.jpg,Fungal diseases Saprolegniasis,fish,train,True,0,train,6.03,35.0,3.74,29.22,0.037,47.78,9.358263747957892,0.005550470001130804,1.267
C:\Users\Asus\PycharmProjects\AquaVision_v1\datasets\fish\New Dataset\train_split\Fungal diseases Saprolegniasis\Fungal diseases Saprolegniasis_aug_360.jpg,Fungal diseases Saprolegniasis,fish,train,True,1,,,,,,,,,,
C:\Users\Asus\PycharmProjects\AquaVision_v1\datasets\fish\New Dataset\train_split\Fungal diseases Saprolegniasis\Fungal diseases Saprolegniasis_aug_361.jpg,Fungal diseases Saprolegniasis,fish,train,True,4,train,5.12,25.74,2.66,24.57,0.392,39.54,9.676655350919733,0.005320526381029294,3.284
C:\Users\Asus\PycharmProjects\AquaVision_v1\datasets\fish\New Dataset\train_split\Fungal diseases Saprolegniasis\Fungal diseases Saprolegniasis_aug_362.jpg,Fungal diseases Saprolegniasis,fish,train,True,2,train,4.48,30.73,2.72,33.25,0.28,62.69,11.297752581791977,0.0010393949033210854,3.01
C:\Users\Asus\PycharmProjects\AquaVision_v1\datasets\fish\New Dataset\train_split\Fungal diseases Saprolegniasis\Fungal diseases Saprolegniasis_aug_369.jpg,Fungal diseases Saprolegniasis,fish,train,True,1,val,6.17,32.11,3.55,24.99,0.164,33.77,9.04504494353537,0.031156175745717222,1.79
C:\Users\Asus\PycharmProjects\AquaVision_v1\datasets\fish\New Dataset\train_split\Fungal diseases Saprolegniasis\Fungal diseases Saprolegniasis_aug_373.jpg,Fungal diseases Saprolegniasis,fish,train,True,1,train,6.52,26.98,2.98,27.49,0.001,46.25,9.05366089375539,0.00035735670630401194,1.204
C:\Users\Asus\PycharmProjects\AquaVision_v1\datasets\fish\New Dataset\train_split\Fungal diseases Saprolegniasis\Fungal diseases Saprolegniasis_aug_379.jpg,Fungal diseases Saprolegniasis,fish,train,True,0,train,6.0,32.18,1.02,28.66,0.039,33.5,31.548710306761695,0.00502008,2.1
C:\Users\Asus\PycharmProjects\AquaVision_v1\datasets\fish\New Dataset\train_split\Fungal diseases Saprolegniasis\Fungal diseases Saprolegniasis_aug_381.jpg,Fungal diseases Saprolegniasis,fish,train,True,4,train,5.59,30.32,2.36,26.1,0.117,28.06,12.847403188969539,0.005520457236634042,2.133
C:\Users\Asus\PycharmProjects\AquaVision_v1\datasets\fish\New Dataset\train_split\Fungal diseases Saprolegniasis\Fungal diseases Saprolegniasis_aug_382.jpg,Fungal diseases Saprolegniasis,fish,train,True,1,train,5.68,30.55,3.8,25.54,0.481,36.75,8.039452527756506,0.02813301529255848,3.13
C:\Users\Asus\PycharmProjects\AquaVision_v1\datasets\fish\New Dataset\train_split\Fungal diseases Saprolegniasis\Fungal diseases Saprolegniasis_aug_383.jpg,Fungal diseases Saprolegniasis,fish,train,True,2,val,5.4,30.62,1.81,26.43,0.717,29.59,16.91703360754913,0.022058924454413754,4.755
C:\Users\Asus\PycharmProjects\AquaVision_v1\datasets\fish\New Dataset\train_split\Fungal diseases Saprolegniasis\Fungal diseases Saprolegniasis_aug_385.jpg,Fungal diseases Saprolegniasis,fish,train,True,0,train,6.16,31.19,4.04,23.61,0.403,38.77,7.720277920104159,0.07267422551669958,2.6020000000000003
C:\Users\Asus\PycharmProjects\AquaVision_v1\datasets\fish\New Dataset\train_split\Fungal diseases Saprolegniasis\Fungal diseases Saprolegniasis_aug_386.jpg,Fungal diseases Saprolegniasis,fish,train,True,3,train,5.2,30.58,3.43,27.59,0.184,50.32,8.915425902548389,0.0035671000895539195,2.197
C:\Users\Asus\PycharmProjects\AquaVision_v1\datasets\fish\New Dataset\train_split\Fungal diseases Saprolegniasis\Fungal diseases Saprolegniasis_aug_388.jpg,Fungal diseases Saprolegniasis,fish,train,True,2,,,,,,,,,,
C:\Users\Asus\PycharmProjects\AquaVision_v1\datasets\fish\New Dataset\train_split\Fungal diseases Saprolegniasis\Fungal diseases Saprolegniasis_aug_389.jpg,Fungal diseases Saprolegniasis,fish,train,True,0,train,4.62,28.42,2.79,35.08,0.312,54.1,10.18634341812395,0.0014785589992027217,3.075
C:\Users\Asus\PycharmProjects\AquaVision_v1\datasets\fish\New Dataset\train_split\Fungal diseases Saprolegniasis\Fungal diseases Saprolegniasis_aug_391.jpg,Fungal diseases Saprolegniasis,fish,train,True,4,,,,,,,,,,
C:\Users\Asus\PycharmProjects\AquaVision_v1\datasets\fish\New Dataset\train_split\Fungal diseases Saprolegniasis\Fungal diseases Saprolegniasis_aug_40.jpg,Fungal diseases Saprolegniasis,fish,train,True,0,train,5.7,30.5,3.14,30.2,0.244,50.55,9.713344861959039,0.014919341570616645,2.374
C:\Users\Asus\PycharmProjects\AquaVision_v1\datasets\fish\New Dataset\train_split\Fungal diseases Saprolegniasis\Fungal diseases Saprolegniasis_aug_42.jpg,Fungal diseases Saprolegniasis,fish,train,True,3,val,7.29,32.84,3.7,25.48,0.03,74.14,8.875651687427872,0.07683947598726507,0.873
C:\Users\Asus\PycharmProjects\AquaVision_v1\datasets\fish\New Dataset\train_split\Fungal diseases Saprolegniasis\Fungal diseases Saprolegniasis_aug_44.jpg,Fungal diseases Saprolegniasis,fish,train,True,1,train,5.33,28.29,3.39,36.47,0.046,44.47,8.3451081265247,0.001112886234221134,1.6179999999999999
C:\Users\Asus\PycharmProjects\AquaVision_v1\datasets\fish\New Dataset\train_split\Fungal diseases Saprolegniasis\Fungal diseases Saprolegniasis_aug_45.jpg,Fungal diseases Saprolegniasis,fish,train,True,0,val,6.22,33.69,3.19,26.66,0.01,50.66,10.561095419763573,0.0022364593164628556,1.267
C:\Users\Asus\PycharmProjects\AquaVision_v1\datasets\fish\New Dataset\train_split\Fungal diseases Saprolegniasis\Fungal diseases Saprolegniasis_aug_47.jpg,Fungal diseases Saprolegniasis,fish,train,True,4,train,6.26,33.58,4.23,29.23,0.386,46.31,7.93851551178366,0.09434697666079823,2.447
C:\Users\Asus\PycharmProjects\AquaVision_v1\datasets\fish\New Dataset\train_split\Fungal diseases Saprolegniasis\Fungal diseases Saprolegniasis_aug_48.jpg,Fungal diseases Saprolegniasis,fish,train,True,3,train,6.68,31.0,4.16,34.06,0.014,29.92,7.451905163689511,0.008309018402720997,0.8540000000000001
C:\Users\Asus\PycharmProjects\AquaVision_v1\datasets\fish\New Dataset\train_split\Fungal diseases Saprolegniasis\Fungal diseases Saprolegniasis_aug_49.jpg,Fungal diseases Saprolegniasis,fish,train,True,0,train,5.91,32.01,3.74,27.55,0.14,36.59,8.55880064491806,0.014570474700551183,1.7149999999999999
C:\Users\Asus\PycharmProjects\AquaVision_v1\datasets\fish\New Dataset\train_split\Fungal diseases Saprolegniasis\Fungal diseases Saprolegniasis_aug_5.jpg,Fungal diseases Saprolegniasis,fish,train,True,0,val,4.9,33.97,3.62,33.26,0.191,43.01,9.38395197803321,0.002061526422205807,2.258
C:\Users\Asus\PycharmProjects\AquaVision_v1\datasets\fish\New Dataset\train_split\Fungal diseases Saprolegniasis\Fungal diseases Saprolegniasis_aug_50.jpg,Fungal diseases Saprolegniasis,fish,train,True,0,val,6.86,33.31,2.67,28.35,0.047,35.01,12.475608705585373,0.04536620824058413,1.379
C:\Users\Asus\PycharmProjects\AquaVision_v1\datasets\fish\New Dataset\train_split\Fungal diseases Saprolegniasis\Fungal diseases Saprolegniasis_aug_52.jpg,Fungal diseases Saprolegniasis,fish,train,True,4,train,5.51,28.77,2.32,22.04,0.54,46.46,12.400808617204236,0.020109145341309267,3.861
C:\Users\Asus\PycharmProjects\AquaVision_v1\datasets\fish\New Dataset\train_split\Fungal diseases Saprolegniasis\Fungal diseases Saprolegniasis_aug_54.jpg,Fungal diseases Saprolegniasis,fish,train,True,2,train,6.8,30.54,2.0,31.36,0.137,41.97,15.269923650381747,0.10559651640632953,1.9580000000000002
C:\Users\Asus\PycharmProjects\AquaVision_v1\datasets\fish\New Dataset\train_split\Fungal diseases Saprolegniasis\Fungal diseases Saprolegniasis_aug_56.jpg,Fungal diseases Saprolegniasis,fish,train,True,2,train,6.55,29.8,3.61,34.49,0.245,39.8,8.25482477887873,0.10361970219177331,1.9820000000000002
C:\Users\Asus\PycharmProjects\AquaVision_v1\datasets\fish\New Dataset\train_split\Fungal diseases Saprolegniasis\Fungal diseases Saprolegniasis_aug_60.jpg,Fungal diseases Saprolegniasis,fish,train,True,3,,,,,,,,,,
C:\Users\Asus\PycharmProjects\AquaVision_v1\datasets\fish\New Dataset\train_split\Fungal diseases Saprolegniasis\Fungal diseases Saprolegniasis_aug_61.jpg,Fungal diseases Saprolegniasis,fish,train,True,4,train,7.06,33.24,3.45,27.37,0.295,41.62,9.634754681870488,0.4503425912669649,2.077
C:\Users\Asus\PycharmProjects\AquaVision_v1\datasets\fish\New Dataset\train_split\Fungal diseases Saprolegniasis\Fungal diseases Saprolegniasis_aug_62.jpg,Fungal diseases Saprolegniasis,fish,train,True,2,train,6.4,30.08,2.89,35.88,0.336,54.4,10.408268483500056,0.10154933894758225,2.607
C:\Users\Asus\PycharmProjects\AquaVision_v1\datasets\fish\New Dataset\train_split\Fungal diseases Saprolegniasis\Fungal diseases Saprolegniasis_aug_63.jpg,Fungal diseases Saprolegniasis,fish,train,True,4,val,6.17,31.98,3.31,32.76,0.134,45.61,9.66160223080897,0.025353811031939927,1.742
C:\Users\Asus\PycharmProjects\AquaVision_v1\datasets\fish\New Dataset\train_split\Fungal diseases Saprolegniasis\Fungal diseases Saprolegniasis_aug_64.jpg,Fungal diseases Saprolegniasis,fish,train,True,4,train,6.31,31.3,3.45,27.63,0.01,45.09,9.072437471195736,0.0025562559067262487,1.162
C:\Users\Asus\PycharmProjects\AquaVision_v1\datasets\fish\New Dataset\train_split\Fungal diseases Saprolegniasis\Fungal diseases Saprolegniasis_aug_70.jpg,Fungal diseases Saprolegniasis,fish,train,True,1,train,5.75,29.12,2.4,22.43,0.136,49.27,12.133282777988425,0.008908206387911375,2.149
C:\Users\Asus\PycharmProjects\AquaVision_v1\datasets\fish\New Dataset\train_split\Fungal diseases Saprolegniasis\Fungal diseases Saprolegniasis_aug_71.jpg,Fungal diseases Saprolegniasis,fish,train,True,2,val,7.29,33.72,3.56,35.63,0.767,35.23,9.471883505945208,2.017171953849851,3.8630000000000004
C:\Users\Asus\PycharmProjects\AquaVision_v1\datasets\fish\New Dataset\train_split\Fungal diseases Saprolegniasis\Fungal diseases Saprolegniasis_aug_72.jpg,Fungal diseases Saprolegniasis,fish,train,True,2,val,7.23,28.59,3.39,22.9,0.995,52.88,8.433603440697814,1.9324008837504763,4.843999999999999
C:\Users\Asus\PycharmProjects\AquaVision_v1\datasets\fish\New Dataset\train_split\Fungal diseases Saprolegniasis\Fungal diseases Saprolegniasis_aug_73.jpg,Fungal diseases Saprolegniasis,fish,train,True,3,train,6.12,31.25,2.78,25.73,0.398,53.11,11.240966759112379,0.06558327274318126,2.9720000000000004
C:\Users\Asus\PycharmProjects\AquaVision_v1\datasets\fish\New Dataset\train_split\Fungal diseases Saprolegniasis\Fungal diseases Saprolegniasis_aug_75.jpg,Fungal diseases Saprolegniasis,fish,train,True,1,train,6.83,26.83,4.11,36.24,0.615,35.73,6.527964652154131,0.4462269332522651,3.228
C:\Users\Asus\PycharmProjects\AquaVision_v1\datasets\fish\New Dataset\train_split\Fungal diseases Saprolegniasis\Fungal diseases Saprolegniasis_aug_78.jpg,Fungal diseases Saprolegniasis,fish,train,True,0,train,7.11,31.46,2.15,28.55,0.425,49.98,14.632490081441482,0.6889816252365224,2.9720000000000004
C:\Users\Asus\PycharmProjects\AquaVision_v1\datasets\fish\New Dataset\train_split\Fungal diseases Saprolegniasis\Fungal diseases Saprolegniasis_aug_84.jpg,Fungal diseases Saprolegniasis,fish,train,True,4,train,5.86,29.87,1.6,25.39,0.056,35.32,18.668633321041742,0.004847114076546553,2.036
C:\Users\Asus\PycharmProjects\AquaVision_v1\datasets\fish\New Dataset\train_split\Fungal diseases Saprolegniasis\Fungal diseases Saprolegniasis_aug_88.jpg,Fungal diseases Saprolegniasis,fish,train,True,4,train,6.63,34.5,3.82,27.14,0.873,39.9,9.031389970183325,0.5139174094810306,4.407000000000001
C:\Users\Asus\PycharmProjects\AquaVision_v1\datasets\fish\New Dataset\train_split\Fungal diseases Saprolegniasis\Fungal diseases Saprolegniasis_aug_9.jpg,Fungal diseases Saprolegniasis,fish,train,True,4,train,5.74,30.67,2.51,30.78,0.1,70.73,12.21907482440309,0.006741767440485343,1.9749999999999999
C:\Users\Asus\PycharmProjects\AquaVision_v1\datasets\fish\New Dataset\train_split\Fungal diseases Saprolegniasis\Fungal diseases Saprolegniasis_aug_91.jpg,Fungal diseases Saprolegniasis,fish,train,True,4,val,5.88,31.31,3.27,25.08,0.028,62.58,9.57489426637839,0.0026601191539063385,1.4169999999999998
C:\Users\Asus\PycharmProjects\AquaVision_v1\datasets\fish\New Dataset\train_split\Fungal diseases Saprolegniasis\Fungal diseases Saprolegniasis_aug_97.jpg,Fungal diseases Saprolegniasis,fish,train,True,0,train,6.44,28.46,3.63,22.52,0.265,62.65,7.840198787331165,0.08308846983082456,2.089
C:\Users\Asus\PycharmProjects\AquaVision_v1\datasets\fish\New Dataset\train_split\Fungal diseases Saprolegniasis\Fungal diseases Saprolegniasis_aug_98.jpg,Fungal diseases Saprolegniasis,fish,train,True,2,train,5.64,30.44,3.46,25.74,0.722,60.13,8.797662434501635,0.03837442110363218,4.208
C:\Users\Asus\PycharmProjects\AquaVision_v1\datasets\fish\New Dataset\train_split\Fungal diseases Saprolegniasis\Fungal diseases Saprolegniasis_aug_99.jpg,Fungal diseases Saprolegniasis,fish,train,True,3,train,6.57,30.57,3.08,37.4,0.196,54.5,9.925292450349186,0.08904540251544449,1.939
C:\Users\Asus\PycharmProjects\AquaVision_v1\datasets\fish\New Dataset\train_split\Healthy Fish\Healthy Fish_1.jpg,Healthy Fish,fish,train,False,3,val,7.1,25.8,5.89,14.18,0.016,12.96,4.380298165877478,0.02078737639954527,0.2170000000000002
C:\Users\Asus\PycharmProjects\AquaVision_v1\datasets\fish\New Dataset\train_split\Healthy Fish\Healthy Fish_10.jpg,Healthy Fish,fish,train,False,4,train,7.77,27.63,6.32,16.43,0.028,9.42,4.371828525587776,0.18222120221171897,0.1929999999999999
C:\Users\Asus\PycharmProjects\AquaVision_v1\datasets\fish\New Dataset\train_split\Healthy Fish\Healthy Fish_119.jpg,Healthy Fish,fish,train,False,2,train,7.12,23.2,6.47,14.84,0.014,10.68,3.5857749833462393,0.017126791547324844,0.16999999999999998
C:\Users\Asus\PycharmProjects\AquaVision_v1\datasets\fish\New Dataset\train_split\Healthy Fish\Healthy Fish_12.jpg,Healthy Fish,fish,train,False,3,train,7.37,25.37,7.02,15.24,0.016,9.75,3.6139549658761174,0.03806277442858653,0.10299999999999997
C:\Users\Asus\PycharmProjects\AquaVision_v1\datasets\fish\New Dataset\train_split\Healthy Fish\Healthy Fish_120.jpg,Healthy Fish,fish,train,False,4,val,7.2,26.27,5.96,13.94,0.0,20.75,4.407710725317576,0.0,0.10199999999999995
C:\Users\Asus\PycharmProjects\AquaVision_v1\datasets\fish\New Dataset\train_split\Healthy Fish\Healthy Fish_14.jpg,Healthy Fish,fish,train,False,2,train,7.34,27.28,6.5,17.11,0.003,13.19,4.1969166201282775,0.0071618564521612514,0.06000000000000004
C:\Users\Asus\PycharmProjects\AquaVision_v1\datasets\fish\New Dataset\train_split\Healthy Fish\Healthy Fish_142.jpg,Healthy Fish,fish,train,False,1,train,6.91,26.76,6.48,14.0,0.008,14.86,4.1296232567542335,0.006960430276016416,0.20899999999999996
C:\Users\Asus\PycharmProjects\AquaVision_v1\datasets\fish\New Dataset\train_split\Healthy Fish\Healthy Fish_143.jpg,Healthy Fish,fish,train,False,0,val,7.34,26.47,6.48,15.5,0.012,12.54,4.0848702393977785,0.027796824089253422,0.09600000000000004
C:\Users\Asus\PycharmProjects\AquaVision_v1\datasets\fish\New Dataset\train_split\Healthy Fish\Healthy Fish_144.jpg,Healthy Fish,fish,train,False,1,train,7.43,25.01,7.07,13.92,0.001,15.73,3.5374773161565547,0.0026926114178484847,0.025000000000000085
C:\Users\Asus\PycharmProjects\AquaVision_v1\datasets\fish\New Dataset\train_split\Healthy Fish\Healthy Fish_145.jpg,Healthy Fish,fish,train,False,3,train,7.26,27.16,5.97,14.32,0.003,11.32,4.54940611489763,0.005930769038381655,0.09300000000000014
C:\Users\Asus\PycharmProjects\AquaVision_v1\datasets\fish\New Dataset\train_split\Healthy Fish\Healthy Fish_146.jpg,Healthy Fish,fish,train,False,3,,,,,,,,,,
C:\Users\Asus\PycharmProjects\AquaVision_v1\datasets\fish\New Dataset\train_split\Healthy Fish\Healthy Fish_152.jpg,Healthy Fish,fish,train,False,0,val,7.47,27.78,6.01,14.02,0.017,17.28,4.6222884820491155,0.05574952277541866,0.07700000000000008
C:\Users\Asus\PycharmProjects\AquaVision_v1\datasets\fish\New Dataset\train_split\Healthy Fish\Healthy Fish_153.jpg,Healthy Fish,fish,train,False,4,train,7.16,24.1,6.01,13.63,0.002,9.46,4.009976688890701,0.0027868078779981495,0.10999999999999996
C:\Users\Asus\PycharmProjects\AquaVision_v1\datasets\fish\New Dataset\train_split\Healthy Fish\Healthy Fish_154.jpg,Healthy Fish,fish,train,False,3,train,6.95,27.74,7.11,16.9,0.017,11.47,3.9015416293366676,0.016811844696204475,0.23299999999999996
C:\Users\Asus\PycharmProjects\AquaVision_v1\datasets\fish\New Dataset\train_split\Healthy Fish\Healthy Fish_159.jpg,Healthy Fish,fish,train,False,0,train,7.26,26.54,5.91,13.01,0.016,15.46,4.490686140970997,0.030908710904005716,0.16300000000000003
C:\Users\Asus\PycharmProjects\AquaVision_v1\datasets\fish\New Dataset\train_split\Healthy Fish\Healthy Fish_160.jpg,Healthy Fish,fish,train,False,1,train,7.53,25.63,5.83,16.22,0.016,7.18,4.396218874410164,0.0555812846198257,0.12400000000000005
C:\Users\Asus\PycharmProjects\AquaVision_v1\datasets\fish\New Dataset\train_split\Healthy Fish\Healthy Fish_161.jpg,Healthy Fish,fish,train,False,0,train,6.98,24.49,6.54,12.82,0.071,9.95,3.744642592289614,0.06642126234592856,0.43999999999999984
C:\Users\Asus\PycharmProjects\AquaVision_v1\datasets\fish\New Dataset\train_split\Healthy Fish\Healthy Fish_162.jpg,Healthy Fish,fish,train,False,2,train,6.99,25.61,5.76,15.17,0.015,13.15,4.446172836505492,0.015016227137206992,0.28500000000000003
C:\Users\Asus\PycharmProjects\AquaVision_v1\datasets\fish\New Dataset\train_split\Healthy Fish\Healthy Fish_166.jpg,Healthy Fish,fish,train,False,0,train,7.53,27.17,6.54,15.05,0.007,14.29,4.15442789842829,0.025777908022445988,0.037000000000000074
C:\Users\Asus\PycharmProjects\AquaVision_v1\datasets\fish\New Dataset\train_split\Healthy Fish\Healthy Fish_167.jpg,Healthy Fish,fish,train,False,1,train,7.35,24.3,6.02,15.0,0.004,15.02,4.036538145285474,0.008704147786753698,0.0610000000000001
C:\Users\Asus\PycharmProjects\AquaVision_v1\datasets\fish\New Dataset\train_split\Healthy Fish\Healthy Fish_169.jpg,Healthy Fish,fish,train,False,4,train,5.29,24.31,7.04,11.88,0.022,18.35,3.453120094999865,0.0004171263555370391,0.7509999999999999
C:\Users\Asus\PycharmProjects\AquaVision_v1\datasets\fish\New Dataset\train_split\Healthy Fish\Healthy Fish_17.jpg,Healthy Fish,fish,train,False,3,train,7.27,25.87,6.22,13.11,0.014,11.27,4.159157300390193,0.026976428766262266,0.12500000000000014
C:\Users\Asus\PycharmProjects\AquaVision_v1\datasets\fish\New Dataset\train_split\Healthy Fish\Healthy Fish_170.jpg,Healthy Fish,fish,train,False,1,val,8.61,25.35,5.15,11.75,0.036,8.36,4.92232053918342,1.4871009660961312,0.7319999999999997
C:\Users\Asus\PycharmProjects\AquaVision_v1\datasets\fish\New Dataset\train_split\Healthy Fish\Healthy Fish_172.jpg,Healthy Fish,fish,train,False,4,train,6.65,28.8,5.8,15.37,0.011,14.82,4.965508680157448,0.00566037447973701,0.35899999999999993
C:\Users\Asus\PycharmProjects\AquaVision_v1\datasets\fish\New Dataset\train_split\Healthy Fish\Healthy Fish_177.jpg,Healthy Fish,fish,train,False,3,train,7.2,26.53,6.95,14.23,0.006,14.14,3.817260694588929,0.010091331935038406,0.11399999999999993
C:\Users\Asus\PycharmProjects\AquaVision_v1\datasets\fish\New Dataset\train_split\Healthy Fish\Healthy Fish_179.jpg,Healthy Fish,fish,train,False,0,train,6.81,23.81,7.0,11.97,0.004,13.06,3.4014237122518396,0.0024596843509304216,0.2230000000000001
C:\Users\Asus\PycharmProjects\AquaVision_v1\datasets\fish\New Dataset\train_split\Healthy Fish\Healthy Fish_182.jpg,Healthy Fish,fish,train,False,2,train,7.32,25.34,6.81,15.08,0.012,11.54,3.720993067557904,0.02541252669880387,0.10199999999999992
C:\Users\Asus\PycharmProjects\AquaVision_v1\datasets\fish\New Dataset\train_split\Healthy Fish\Healthy Fish_185.jpg,Healthy Fish,fish,train,False,0,train,7.59,26.98,6.26,18.26,0.012,14.66,4.309897268534716,0.0503829024573393,0.07499999999999996
C:\Users\Asus\PycharmProjects\AquaVision_v1\datasets\fish\New Dataset\train_split\Healthy Fish\Healthy Fish_188.jpg,Healthy Fish,fish,train,False,3,train,6.73,24.33,6.72,14.63,0.005,10.56,3.620530326591776,0.002613196721137652,0.2509999999999999
C:\Users\Asus\PycharmProjects\AquaVision_v1\datasets\fish\New Dataset\train_split\Healthy Fish\Healthy Fish_190.jpg,Healthy Fish,fish,train,False,1,train,6.87,30.2,6.26,10.56,0.006,15.82,4.824273443652646,0.005373016628949051,0.21299999999999997
C:\Users\Asus\PycharmProjects\AquaVision_v1\datasets\fish\New Dataset\train_split\Healthy Fish\Healthy Fish_192.jpg,Healthy Fish,fish,train,False,1,train,6.8,26.6,6.31,14.44,0.001,10.89,4.215524222624054,0.0006713386145269255,0.21400000000000005
C:\Users\Asus\PycharmProjects\AquaVision_v1\datasets\fish\New Dataset\train_split\Healthy Fish\Healthy Fish_193.jpg,Healthy Fish,fish,train,False,4,val,7.18,27.25,6.67,16.0,0.054,13.68,4.085451146250156,0.08908821508295516,0.3120000000000001
C:\Users\Asus\PycharmProjects\AquaVision_v1\datasets\fish\New Dataset\train_split\Healthy Fish\Healthy Fish_194.jpg,Healthy Fish,fish,train,False,1,train,7.06,26.43,6.68,17.38,0.006,10.0,3.9565809033220014,0.007282968051879019,0.1560000000000001
C:\Users\Asus\PycharmProjects\AquaVision_v1\datasets\fish\New Dataset\train_split\Healthy Fish\Healthy Fish_196.jpg,Healthy Fish,fish,train,False,3,train,7.25,23.22,6.73,14.78,0.008,13.51,3.450217755991447,0.013213327328353211,0.107
C:\Users\Asus\PycharmProjects\AquaVision_v1\datasets\fish\New Dataset\train_split\Healthy Fish\Healthy Fish_199.jpg,Healthy Fish,fish,train,False,1,train,7.32,28.07,6.16,15.36,0.005,12.88,4.556810784398078,0.011729308478614586,0.07399999999999993
C:\Users\Asus\PycharmProjects\AquaVision_v1\datasets\fish\New Dataset\train_split\Healthy Fish\Healthy Fish_204.jpg,Healthy Fish,fish,train,False,4,val,7.58,23.17,6.29,15.9,0.031,14.68,3.6836189449619323,0.10923145507806782,0.14800000000000002
C:\Users\Asus\PycharmProjects\AquaVision_v1\datasets\fish\New Dataset\train_split\Healthy Fish\Healthy Fish_205.jpg,Healthy Fish,fish,train,False,0,train,7.27,27.8,6.36,17.6,0.021,9.86,4.371062309650457,0.04348345881535124,0.15300000000000014
C:\Users\Asus\PycharmProjects\AquaVision_v1\datasets\fish\New Dataset\train_split\Healthy Fish\Healthy Fish_206.jpg,Healthy Fish,fish,train,False,0,train,7.56,26.16,6.33,11.94,0.003,7.57,4.1326948930570415,0.01139774629534301,0.02999999999999988
C:\Users\Asus\PycharmProjects\AquaVision_v1\datasets\fish\New Dataset\train_split\Healthy Fish\Healthy Fish_207.jpg,Healthy Fish,fish,train,False,4,train,7.37,25.31,6.49,15.55,0.011,10.2,3.899839907796752,0.026106269778928787,0.08299999999999996
C:\Users\Asus\PycharmProjects\AquaVision_v1\datasets\fish\New Dataset\train_split\Healthy Fish\Healthy Fish_208.jpg,Healthy Fish,fish,train,False,2,train,6.96,26.34,7.48,15.67,0.005,15.37,3.5213856665967023,0.0048044731017269325,0.182
C:\Users\Asus\PycharmProjects\AquaVision_v1\datasets\fish\New Dataset\train_split\Healthy Fish\Healthy Fish_210.jpg,Healthy Fish,fish,train,False,1,train,7.14,25.42,5.67,13.3,0.053,16.36,4.483237242967826,0.07438946017315526,0.41900000000000015
C:\Users\Asus\PycharmProjects\AquaVision_v1\datasets\fish\New Dataset\train_split\Healthy Fish\Healthy Fish_211.jpg,Healthy Fish,fish,train,False,0,train,7.63,24.67,6.84,12.64,0.004,12.27,3.60671987321656,0.016837946766136463,0.054999999999999966
C:\Users\Asus\PycharmProjects\AquaVision_v1\datasets\fish\New Dataset\train_split\Healthy Fish\Healthy Fish_212.jpg,Healthy Fish,fish,train,False,4,train,7.43,27.42,5.64,16.36,0.028,11.98,4.861693507635626,0.0826581104425171,0.2410000000000002
C:\Users\Asus\PycharmProjects\AquaVision_v1\datasets\fish\New Dataset\train_split\Healthy Fish\Healthy Fish_214.jpg,Healthy Fish,fish,train,False,2,train,7.22,25.1,6.89,14.88,0.006,10.19,3.642955525463679,0.009997351530403861,0.10800000000000007
C:\Users\Asus\PycharmProjects\AquaVision_v1\datasets\fish\New Dataset\train_split\Healthy Fish\Healthy Fish_215.jpg,Healthy Fish,fish,train,False,3,train,6.73,27.65,6.59,13.94,0.016,14.41,4.195744771252244,0.009503314668568,0.2949999999999999
C:\Users\Asus\PycharmProjects\AquaVision_v1\datasets\fish\New Dataset\train_split\Healthy Fish\Healthy Fish_216.jpg,Healthy Fish,fish,train,False,1,train,7.15,27.17,5.71,13.3,0.012,9.93,4.758310405761112,0.018421749641952128,0.23999999999999988
C:\Users\Asus\PycharmProjects\AquaVision_v1\datasets\fish\New Dataset\train_split\Healthy Fish\Healthy Fish_217.jpg,Healthy Fish,fish,train,False,1,train,6.79,25.23,6.94,17.14,0.001,11.73,3.6354414474907095,0.0006222676758786079,0.217
C:\Users\Asus\PycharmProjects\AquaVision_v1\datasets\fish\New Dataset\train_split\Healthy Fish\Healthy Fish_218.jpg,Healthy Fish,fish,train,False,3,train,7.41,24.38,7.19,19.3,0.039,11.14,3.3908158681281386,0.09775934872689168,0.183
C:\Users\Asus\PycharmProjects\AquaVision_v1\datasets\fish\New Dataset\train_split\Healthy Fish\Healthy Fish_219.jpg,Healthy Fish,fish,train,False,2,train,6.98,25.16,6.81,14.16,0.004,15.82,3.6945613883092685,0.0038444181542878963,0.17199999999999988
C:\Users\Asus\PycharmProjects\AquaVision_v1\datasets\fish\New Dataset\train_split\Healthy Fish\Healthy Fish_221.jpg,Healthy Fish,fish,train,False,0,train,7.21,24.66,6.41,13.89,0.018,5.65,3.847107882827016,0.02879556264062727,0.159
C:\Users\Asus\PycharmProjects\AquaVision_v1\datasets\fish\New Dataset\train_split\Healthy Fish\Healthy Fish_223.jpg,Healthy Fish,fish,train,False,3,train,7.57,25.63,5.74,15.09,0.015,14.25,4.465149015419834,0.05713468753056322,0.15900000000000003
C:\Users\Asus\PycharmProjects\AquaVision_v1\datasets\fish\New Dataset\train_split\Healthy Fish\Healthy Fish_224.jpg,Healthy Fish,fish,train,False,4,train,7.14,23.03,6.51,15.14,0.003,11.08,3.537628974456261,0.00381482995365653,0.12000000000000009
C:\Users\Asus\PycharmProjects\AquaVision_v1\datasets\fish\New Dataset\train_split\Healthy Fish\Healthy Fish_225.jpg,Healthy Fish,fish,train,False,3,train,7.09,25.35,5.76,10.42,0.016,8.67,4.401034025982595,0.019959880537660072,0.2590000000000001
C:\Users\Asus\PycharmProjects\AquaVision_v1\datasets\fish\New Dataset\train_split\Healthy Fish\Healthy Fish_226.jpg,Healthy Fish,fish,train,False,1,train,7.04,25.19,6.01,8.53,0.0,10.94,4.191340779799036,0.0,0.13799999999999998
C:\Users\Asus\PycharmProjects\AquaVision_v1\datasets\fish\New Dataset\train_split\Healthy Fish\Healthy Fish_227.jpg,Healthy Fish,fish,train,False,3,train,6.89,25.38,5.77,16.94,0.008,12.43,4.398605894963787,0.006304368582411578,0.2840000000000002
C:\Users\Asus\PycharmProjects\AquaVision_v1\datasets\fish\New Dataset\train_split\Healthy Fish\Healthy Fish_229.jpg,Healthy Fish,fish,train,False,4,val,7.7,25.89,6.41,13.12,0.0,11.94,4.038995258977756,0.0,0.06000000000000005
C:\Users\Asus\PycharmProjects\AquaVision_v1\datasets\fish\New Dataset\train_split\Healthy Fish\Healthy Fish_230.jpg,Healthy Fish,fish,train,False,0,train,6.9,26.49,6.87,10.5,0.014,8.62,3.8558895838579565,0.011783382765193891,0.23599999999999988
C:\Users\Asus\PycharmProjects\AquaVision_v1\datasets\fish\New Dataset\train_split\Healthy Fish\Healthy Fish_231.jpg,Healthy Fish,fish,train,False,0,train,7.32,24.65,6.97,15.87,0.028,18.48,3.5365802918503704,0.057681287580618364,0.16599999999999993
C:\Users\Asus\PycharmProjects\AquaVision_v1\datasets\fish\New Dataset\train_split\Healthy Fish\Healthy Fish_236.jpg,Healthy Fish,fish,train,False,0,train,6.91,21.47,7.29,16.59,0.021,18.02,2.945126275546947,0.014659235792916303,0.261
C:\Users\Asus\PycharmProjects\AquaVision_v1\datasets\fish\New Dataset\train_split\Healthy Fish\Healthy Fish_237.jpg,Healthy Fish,fish,train,False,0,train,7.46,28.02,7.5,15.43,0.012,18.18,3.7359950186733086,0.038789070104451595,0.06000000000000001
C:\Users\Asus\PycharmProjects\AquaVision_v1\datasets\fish\New Dataset\train_split\Healthy Fish\Healthy Fish_241.jpg,Healthy Fish,fish,train,False,0,train,7.61,24.13,5.68,13.52,0.019,14.42,4.2482319573381035,0.07470865438594067,0.20500000000000018
C:\Users\Asus\PycharmProjects\AquaVision_v1\datasets\fish\New Dataset\train_split\Healthy Fish\Healthy Fish_242.jpg,Healthy Fish,fish,train,False,4,train,7.68,25.88,5.24,14.09,0.045,11.53,4.938921872286503,0.22296504220757768,0.46199999999999986
C:\Users\Asus\PycharmProjects\AquaVision_v1\datasets\fish\New Dataset\train_split\Healthy Fish\Healthy Fish_245.jpg,Healthy Fish,fish,train,False,4,train,7.05,26.08,6.72,16.71,0.012,11.17,3.8809466057342177,0.014045875818333692,0.18300000000000005
C:\Users\Asus\PycharmProjects\AquaVision_v1\datasets\fish\New Dataset\train_split\Healthy Fish\Healthy Fish_247.jpg,Healthy Fish,fish,train,False,2,train,8.67,27.83,5.26,16.03,0.017,11.86,5.290864466037137,0.8851606907775452,0.641
C:\Users\Asus\PycharmProjects\AquaVision_v1\datasets\fish\New Dataset\train_split\Healthy Fish\Healthy Fish_248.jpg,Healthy Fish,fish,train,False,3,train,7.35,24.93,6.61,14.8,0.005,12.64,3.7715525392548575,0.011162263596901732,0.06500000000000011
C:\Users\Asus\PycharmProjects\AquaVision_v1\datasets\fish\New Dataset\train_split\Healthy Fish\Healthy Fish_251.jpg,Healthy Fish,fish,train,False,3,train,7.23,26.3,6.5,18.41,0.013,12.44,4.046147621311352,0.023225180191066837,0.13299999999999987
C:\Users\Asus\PycharmProjects\AquaVision_v1\datasets\fish\New Dataset\train_split\Healthy Fish\Healthy Fish_253.jpg,Healthy Fish,fish,train,False,0,train,6.91,24.33,6.36,14.26,0.004,12.84,3.8254656832300578,0.0031641866333236065,0.19299999999999995
C:\Users\Asus\PycharmProjects\AquaVision_v1\datasets\fish\New Dataset\train_split\Healthy Fish\Healthy Fish_258.jpg,Healthy Fish,fish,train,False,3,train,7.63,26.43,6.22,14.5,0.012,9.57,4.249189309985033,0.05411758407324523,0.08699999999999997
C:\Users\Asus\PycharmProjects\AquaVision_v1\datasets\fish\New Dataset\train_split\Healthy Fish\Healthy Fish_259.jpg,Healthy Fish,fish,train,False,3,train,7.42,25.18,6.2,12.44,0.063,8.63,4.061283772122948,0.16689997305053278,0.276
C:\Users\Asus\PycharmProjects\AquaVision_v1\datasets\fish\New Dataset\train_split\Healthy Fish\Healthy Fish_260.jpg,Healthy Fish,fish,train,False,1,train,6.95,26.89,6.31,14.59,0.021,9.88,4.26148294535191,0.020131219690189803,0.24899999999999997
C:\Users\Asus\PycharmProjects\AquaVision_v1\datasets\fish\New Dataset\train_split\Healthy Fish\Healthy Fish_262.jpg,Healthy Fish,fish,train,False,0,train,7.28,24.7,6.85,14.59,0.006,10.84,3.6058341520669317,0.011295571136086136,0.08999999999999991
C:\Users\Asus\PycharmProjects\AquaVision_v1\datasets\fish\New Dataset\train_split\Healthy Fish\Healthy Fish_263.jpg,Healthy Fish,fish,train,False,4,train,7.3,24.03,7.0,13.93,0.004,11.05,3.4328522387825164,0.007671384548592346,0.07600000000000005
C:\Users\Asus\PycharmProjects\AquaVision_v1\datasets\fish\New Dataset\train_split\Healthy Fish\Healthy Fish_265.jpg,Healthy Fish,fish,train,False,1,val,7.19,25.92,7.24,15.36,0.028,9.62,3.5801055523403975,0.044962765973676946,0.2049999999999999
C:\Users\Asus\PycharmProjects\AquaVision_v1\datasets\fish\New Dataset\train_split\Healthy Fish\Healthy Fish_271.jpg,Healthy Fish,fish,train,False,3,train,7.59,26.42,6.84,16.22,0.042,11.58,3.862567452386766,0.17268002187658135,0.195
C:\Users\Asus\PycharmProjects\AquaVision_v1\datasets\fish\New Dataset\train_split\Healthy Fish\Healthy Fish_274.jpg,Healthy Fish,fish,train,False,4,train,7.39,27.0,6.99,12.32,0.006,9.34,3.862655418232592,0.015906513773638983,0.05700000000000009
C:\Users\Asus\PycharmProjects\AquaVision_v1\datasets\fish\New Dataset\train_split\Healthy Fish\Healthy Fish_275.jpg,Healthy Fish,fish,train,False,3,train,7.06,26.36,6.93,17.16,0.006,14.12,3.803746314940383,0.007263679071037873,0.1560000000000001
C:\Users\Asus\PycharmProjects\AquaVision_v1\datasets\fish\New Dataset\train_split\Healthy Fish\Healthy Fish_277.jpg,Healthy Fish,fish,train,False,1,train,6.79,26.12,6.74,14.94,0.032,13.57,3.8753651700813503,0.02061499065423605,0.34099999999999997
C:\Users\Asus\PycharmProjects\AquaVision_v1\datasets\fish\New Dataset\train_split\Healthy Fish\Healthy Fish_279.jpg,Healthy Fish,fish,train,False,1,train,6.75,24.97,6.16,14.25,0.033,12.99,4.053564848109013,0.01853499501480398,0.357
C:\Users\Asus\PycharmProjects\AquaVision_v1\datasets\fish\New Dataset\train_split\Healthy Fish\Healthy Fish_280.jpg,Healthy Fish,fish,train,False,4,train,6.84,25.88,5.65,13.33,0.004,13.01,4.58052286633121,0.002864733684381131,0.3189999999999999
C:\Users\Asus\PycharmProjects\AquaVision_v1\datasets\fish\New Dataset\train_split\Healthy Fish\Healthy Fish_281.jpg,Healthy Fish,fish,train,False,2,train,7.18,26.52,5.78,16.1,0.013,4.86,4.588227356008034,0.02087261504043467,0.214
C:\Users\Asus\PycharmProjects\AquaVision_v1\datasets\fish\New Dataset\train_split\Healthy Fish\Healthy Fish_282.jpg,Healthy Fish,fish,train,False,1,train,6.98,28.44,5.82,18.38,0.003,11.22,4.886589541942368,0.00325919869757396,0.22199999999999978
C:\Users\Asus\PycharmProjects\AquaVision_v1\datasets\fish\New Dataset\train_split\Healthy Fish\Healthy Fish_283.jpg,Healthy Fish,fish,train,False,2,train,6.97,25.25,5.98,14.58,0.024,17.2,4.222400965884672,0.02262208425131905,0.26099999999999995
C:\Users\Asus\PycharmProjects\AquaVision_v1\datasets\fish\New Dataset\train_split\Healthy Fish\Healthy Fish_284.jpg,Healthy Fish,fish,train,False,1,val,6.47,26.37,5.96,16.37,0.002,10.81,4.42448922065567,0.0006225870984575404,0.32900000000000007
C:\Users\Asus\PycharmProjects\AquaVision_v1\datasets\fish\New Dataset\train_split\Healthy Fish\Healthy Fish_290.jpg,Healthy Fish,fish,train,False,3,train,6.45,26.99,5.94,12.9,0.007,13.03,4.54376339433772,0.002129908348815174,0.3609999999999999
C:\Users\Asus\PycharmProjects\AquaVision_v1\datasets\fish\New Dataset\train_split\Healthy Fish\Healthy Fish_291.jpg,Healthy Fish,fish,train,False,4,train,7.38,25.03,6.9,13.49,0.031,18.7,3.6275309745927906,0.07445305707419173,0.16000000000000003
C:\Users\Asus\PycharmProjects\AquaVision_v1\datasets\fish\New Dataset\train_split\Healthy Fish\Healthy Fish_293.jpg,Healthy Fish,fish,train,False,0,train,7.45,26.47,6.16,14.7,0.015,15.93,4.297070946313399,0.044761557714342065,0.07499999999999994
C:\Users\Asus\PycharmProjects\AquaVision_v1\datasets\fish\New Dataset\train_split\Healthy Fish\Healthy Fish_298.jpg,Healthy Fish,fish,train,False,2,train,6.85,21.54,5.87,13.5,0.006,12.87,3.6694997112441037,0.0036597965269522365,0.25800000000000006
C:\Users\Asus\PycharmProjects\AquaVision_v1\datasets\fish\New Dataset\train_split\Healthy Fish\Healthy Fish_299.jpg,Healthy Fish,fish,train,False,1,train,7.39,24.46,6.81,15.95,0.007,12.27,3.5917715245645754,0.016811810421743623,0.061000000000000096
C:\Users\Asus\PycharmProjects\AquaVision_v1\datasets\fish\New Dataset\train_split\Healthy Fish\Healthy Fish_300.jpg,Healthy Fish,fish,train,False,4,train,7.42,24.55,6.62,16.5,0.019,10.24,3.708453612607836,0.049075540192784026,0.10000000000000003
C:\Users\Asus\PycharmProjects\AquaVision_v1\datasets\fish\New Dataset\train_split\Healthy Fish\Healthy Fish_301.jpg,Healthy Fish,fish,train,False,0,train,6.5,26.45,6.3,16.07,0.038,12.72,4.198406034276136,0.012713621104940953,0.452
C:\Users\Asus\PycharmProjects\AquaVision_v1\datasets\fish\New Dataset\train_split\Healthy Fish\Healthy Fish_306.jpg,Healthy Fish,fish,train,False,2,train,6.88,28.5,6.41,16.25,0.052,14.41,4.446170910809812,0.044968478647729994,0.394
C:\Users\Asus\PycharmProjects\AquaVision_v1\datasets\fish\New Dataset\train_split\Healthy Fish\Healthy Fish_308.jpg,Healthy Fish,fish,train,False,4,train,7.02,25.37,5.84,15.48,0.001,6.74,4.3441706435434195,0.001062626050562052,0.19600000000000017
C:\Users\Asus\PycharmProjects\AquaVision_v1\datasets\fish\New Dataset\train_split\Healthy Fish\Healthy Fish_309.jpg,Healthy Fish,fish,train,False,3,train,7.54,24.23,6.72,17.22,0.011,14.27,3.6056493963550653,0.03696630910044531,0.05600000000000001
C:\Users\Asus\PycharmProjects\AquaVision_v1\datasets\fish\New Dataset\train_split\Healthy Fish\Healthy Fish_311.jpg,Healthy Fish,fish,train,False,3,train,7.06,24.89,6.47,14.84,0.005,15.32,3.84698014377103,0.005715508727811478,0.15200000000000014
C:\Users\Asus\PycharmProjects\AquaVision_v1\datasets\fish\New Dataset\train_split\Healthy Fish\Healthy Fish_312.jpg,Healthy Fish,fish,train,False,2,train,6.46,25.74,6.13,12.34,0.006,15.92,4.199014357235959,0.0017816393013714918,0.336
C:\Users\Asus\PycharmProjects\AquaVision_v1\datasets\fish\New Dataset\train_split\Healthy Fish\Healthy Fish_313.jpg,Healthy Fish,fish,train,False,4,train,7.43,27.38,6.56,18.2,0.005,16.65,4.1737741253443215,0.014738844586303779,0.04100000000000009
C:\Users\Asus\PycharmProjects\AquaVision_v1\datasets\fish\New Dataset\train_split\Healthy Fish\Healthy Fish_316.jpg,Healthy Fish,fish,train,False,1,train,7.28,25.1,6.79,11.66,0.0,14.97,3.696607221491574,0.0,0.06599999999999992
C:\Users\Asus\PycharmProjects\AquaVision_v1\datasets\fish\New Dataset\train_split\Healthy Fish\Healthy Fish_318.jpg,Healthy Fish,fish,train,False,3,train,6.94,24.52,6.44,15.87,0.0,10.1,3.807447503963503,0.0,0.16799999999999987
C:\Users\Asus\PycharmProjects\AquaVision_v1\datasets\fish\New Dataset\train_split\Healthy Fish\Healthy Fish_320.jpg,Healthy Fish,fish,train,False,1,train,7.09,26.25,6.13,13.99,0.04,8.6,4.282211611400308,0.051671288374120015,0.2830000000000001
C:\Users\Asus\PycharmProjects\AquaVision_v1\datasets\fish\New Dataset\train_split\Healthy Fish\Healthy Fish_321.jpg,Healthy Fish,fish,train,False,4,train,7.2,27.29,7.23,13.82,0.002,12.76,3.774545263422872,0.003460138817781104,0.09799999999999995
C:\Users\Asus\PycharmProjects\AquaVision_v1\datasets\fish\New Dataset\train_split\Healthy Fish\Healthy Fish_325.jpg,Healthy Fish,fish,train,False,2,train,6.99,28.17,5.66,15.77,0.036,12.0,4.977023008793271,0.03964143242062828,0.3989999999999999
C:\Users\Asus\PycharmProjects\AquaVision_v1\datasets\fish\New Dataset\train_split\Healthy Fish\Healthy Fish_326.jpg,Healthy Fish,fish,train,False,3,train,7.45,24.88,6.08,13.65,0.058,12.93,4.092098532732677,0.16268157220527438,0.247
C:\Users\Asus\PycharmProjects\AquaVision_v1\datasets\fish\New Dataset\train_split\Healthy Fish\Healthy Fish_327.jpg,Healthy Fish,fish,train,False,2,train,8.37,24.23,5.7,11.42,0.021,15.02,4.250869735316254,0.47712557923969356,0.4349999999999997
C:\Users\Asus\PycharmProjects\AquaVision_v1\datasets\fish\New Dataset\train_split\Healthy Fish\Healthy Fish_328.jpg,Healthy Fish,fish,train,False,2,train,7.11,26.68,7.24,15.82,0.007,13.98,3.685077783041736,0.009623739450968394,0.1449999999999999
C:\Users\Asus\PycharmProjects\AquaVision_v1\datasets\fish\New Dataset\train_split\Healthy Fish\Healthy Fish_330.jpg,Healthy Fish,fish,train,False,3,train,6.45,25.02,6.6,13.89,0.002,8.83,3.7909033471161413,0.0005641275275218932,0.32299999999999995
C:\Users\Asus\PycharmProjects\AquaVision_v1\datasets\fish\New Dataset\train_split\Healthy Fish\Healthy Fish_333.jpg,Healthy Fish,fish,train,False,3,train,6.85,28.34,6.94,18.46,0.005,11.92,4.083567602928526,0.004012636705889291,0.21500000000000008
C:\Users\Asus\PycharmProjects\AquaVision_v1\datasets\fish\New Dataset\train_split\Healthy Fish\Healthy Fish_335.jpg,Healthy Fish,fish,train,False,0,train,7.56,26.33,6.48,9.11,0.028,16.81,4.063265334467076,0.1070702660394837,0.1299999999999999
C:\Users\Asus\PycharmProjects\AquaVision_v1\datasets\fish\New Dataset\train_split\Healthy Fish\Healthy Fish_336.jpg,Healthy Fish,fish,train,False,4,train,7.18,26.25,6.2,16.23,0.016,10.49,4.2338641389288085,0.02542782897372828,0.1600000000000001
C:\Users\Asus\PycharmProjects\AquaVision_v1\datasets\fish\New Dataset\train_split\Healthy Fish\Healthy Fish_337.jpg,Healthy Fish,fish,train,False,4,val,6.88,26.56,6.0,13.07,0.008,12.71,4.4266592889011855,0.006447302525688037,0.21800000000000003
C:\Users\Asus\PycharmProjects\AquaVision_v1\datasets\fish\New Dataset\train_split\Healthy Fish\Healthy Fish_338.jpg,Healthy Fish,fish,train,False,3,train,7.36,25.19,6.4,12.32,0.028,13.76,3.9359313501072655,0.06463179091400668,0.15399999999999991
C:\Users\Asus\PycharmProjects\AquaVision_v1\datasets\fish\New Dataset\train_split\Healthy Fish\Healthy Fish_341.jpg,Healthy Fish,fish,train,False,1,train,7.22,26.66,6.46,17.19,0.017,14.91,4.126928596085765,0.030086319127554034,0.15200000000000008
C:\Users\Asus\PycharmProjects\AquaVision_v1\datasets\fish\New Dataset\train_split\Healthy Fish\Healthy Fish_343.jpg,Healthy Fish,fish,train,False,3,train,7.4,26.47,7.03,16.8,0.007,15.01,3.765286251370908,0.01861709747577642,0.0579999999999999
C:\Users\Asus\PycharmProjects\AquaVision_v1\datasets\fish\New Dataset\train_split\Healthy Fish\Healthy Fish_346.jpg,Healthy Fish,fish,train,False,2,val,6.99,23.64,6.7,15.73,0.004,15.49,3.528352942756802,0.00369630206454326,0.16899999999999993
C:\Users\Asus\PycharmProjects\AquaVision_v1\datasets\fish\New Dataset\train_split\Healthy Fish\Healthy Fish_353.jpg,Healthy Fish,fish,train,False,0,train,6.91,24.23,6.23,14.63,0.085,12.18,3.889239343115019,0.06696260358263086,0.517
C:\Users\Asus\PycharmProjects\AquaVision_v1\datasets\fish\New Dataset\train_split\Healthy Fish\Healthy Fish_355.jpg,Healthy Fish,fish,train,False,4,train,7.15,24.01,7.17,17.37,0.023,14.69,3.3486703644764795,0.031201824330680968,0.1969999999999999
C:\Users\Asus\PycharmProjects\AquaVision_v1\datasets\fish\New Dataset\train_split\Healthy Fish\Healthy Fish_357.jpg,Healthy Fish,fish,train,False,4,train,6.82,27.37,6.46,14.18,0.011,17.56,4.2368355466942,0.007956599055665882,0.2479999999999999
C:\Users\Asus\PycharmProjects\AquaVision_v1\datasets\fish\New Dataset\train_split\Healthy Fish\Healthy Fish_364.jpg,Healthy Fish,fish,train,False,3,train,7.11,25.4,6.42,16.31,0.009,17.42,3.9563801302490185,0.011779753900682026,0.15299999999999989
C:\Users\Asus\PycharmProjects\AquaVision_v1\datasets\fish\New Dataset\train_split\Healthy Fish\Healthy Fish_368.jpg,Healthy Fish,fish,train,False,3,val,6.62,29.54,7.63,15.38,0.022,9.79,3.871554558906214,0.010836602997188065,0.352
C:\Users\Asus\PycharmProjects\AquaVision_v1\datasets\fish\New Dataset\train_split\Healthy Fish\Healthy Fish_369.jpg,Healthy Fish,fish,train,False,1,train,7.07,27.34,6.67,12.63,0.028,11.03,4.098944379393735,0.03597630305029237,0.24099999999999994
C:\Users\Asus\PycharmProjects\AquaVision_v1\datasets\fish\New Dataset\train_split\Healthy Fish\Healthy Fish_37.jpg,Healthy Fish,fish,train,False,3,train,7.28,27.4,6.32,15.36,0.014,6.18,4.3354361781073125,0.02923738925642808,0.12199999999999993
C:\Users\Asus\PycharmProjects\AquaVision_v1\datasets\fish\New Dataset\train_split\Healthy Fish\Healthy Fish_372.jpg,Healthy Fish,fish,train,False,1,val,7.12,25.3,5.98,17.01,0.054,13.65,4.2307621559161275,0.07204009424863056,0.33599999999999985
C:\Users\Asus\PycharmProjects\AquaVision_v1\datasets\fish\New Dataset\train_split\Healthy Fish\Healthy Fish_373.jpg,Healthy Fish,fish,train,False,1,train,7.45,23.41,6.42,14.44,0.002,14.27,3.646411765713761,0.005278267553672071,0.022999999999999944
C:\Users\Asus\PycharmProjects\AquaVision_v1\datasets\fish\New Dataset\train_split\Healthy Fish\Healthy Fish_374.jpg,Healthy Fish,fish,train,False,1,train,7.09,23.13,7.39,15.97,0.007,11.87,3.129901042082487,0.007967712667289305,0.15100000000000005
C:\Users\Asus\PycharmProjects\AquaVision_v1\datasets\fish\New Dataset\train_split\Healthy Fish\Healthy Fish_375.jpg,Healthy Fish,fish,train,False,2,train,7.0,25.82,7.18,14.91,0.002,14.35,3.5960952700622983,0.0020656,0.158
C:\Users\Asus\PycharmProjects\AquaVision_v1\datasets\fish\New Dataset\train_split\Healthy Fish\Healthy Fish_376.jpg,Healthy Fish,fish,train,False,2,train,7.48,27.49,6.46,16.35,0.034,13.73,4.255411369332245,0.11290512299963805,0.14199999999999988
C:\Users\Asus\PycharmProjects\AquaVision_v1\datasets\fish\New Dataset\train_split\Healthy Fish\Healthy Fish_377.jpg,Healthy Fish,fish,train,False,3,train,7.53,25.81,6.82,14.23,0.01,10.58,3.784451928956116,0.03498227067981129,0.049000000000000085
C:\Users\Asus\PycharmProjects\AquaVision_v1\datasets\fish\New Dataset\train_split\Healthy Fish\Healthy Fish_378.jpg,Healthy Fish,fish,train,False,4,train,7.31,27.29,4.23,20.43,0.015,16.51,6.451521391202385,0.03343141710601884,0.6479999999999999
C:\Users\Asus\PycharmProjects\AquaVision_v1\datasets\fish\New Dataset\train_split\Healthy Fish\Healthy Fish_380.jpg,Healthy Fish,fish,train,False,4,val,7.26,25.78,6.45,15.36,0.014,13.39,3.996893028072825,0.0262706573555806,0.12800000000000006
C:\Users\Asus\PycharmProjects\AquaVision_v1\datasets\fish\New Dataset\train_split\Healthy Fish\Healthy Fish_382.jpg,Healthy Fish,fish,train,False,1,train,7.05,25.68,7.07,14.29,0.001,12.68,3.6322438016353584,0.001152537356258976,0.13900000000000004
C:\Users\Asus\PycharmProjects\AquaVision_v1\datasets\fish\New Dataset\train_split\Healthy Fish\Healthy Fish_383.jpg,Healthy Fish,fish,train,False,2,train,7.59,25.88,6.61,14.81,0.003,11.61,3.9152739557126237,0.012082186022942374,0.03899999999999996
C:\Users\Asus\PycharmProjects\AquaVision_v1\datasets\fish\New Dataset\train_split\Healthy Fish\Healthy Fish_384.jpg,Healthy Fish,fish,train,False,2,train,6.65,27.93,7.38,13.28,0.059,14.04,3.784547717415017,0.02944305963991233,0.4909999999999999
C:\Users\Asus\PycharmProjects\AquaVision_v1\datasets\fish\New Dataset\train_split\Healthy Fish\Healthy Fish_386.jpg,Healthy Fish,fish,train,False,3,train,6.38,26.01,6.27,12.87,0.004,10.32,4.14831874271333,0.0009982983075791508,0.35200000000000004
C:\Users\Asus\PycharmProjects\AquaVision_v1\datasets\fish\New Dataset\train_split\Healthy Fish\Healthy Fish_387.jpg,Healthy Fish,fish,train,False,2,train,7.04,26.47,7.18,15.56,0.023,14.43,3.6866243918880337,0.0267018756237573,0.22999999999999998
C:\Users\Asus\PycharmProjects\AquaVision_v1\datasets\fish\New Dataset\train_split\Healthy Fish\Healthy Fish_390.jpg,Healthy Fish,fish,train,False,2,train,8.34,25.25,8.97,16.57,0.029,14.14,2.8149355463371837,0.6407953796548238,0.368
C:\Users\Asus\PycharmProjects\AquaVision_v1\datasets\fish\New Dataset\train_split\Healthy Fish\Healthy Fish_391.jpg,Healthy Fish,fish,train,False,2,train,7.2,26.64,6.01,19.27,0.003,10.99,4.432604937429389,0.00506658655765969,0.10199999999999994
C:\Users\Asus\PycharmProjects\AquaVision_v1\datasets\fish\New Dataset\train_split\Healthy Fish\Healthy Fish_392.jpg,Healthy Fish,fish,train,False,2,train,7.01,24.91,6.24,12.27,0.021,16.42,3.9919807820820803,0.0214117918876794,0.23100000000000007
C:\Users\Asus\PycharmProjects\AquaVision_v1\datasets\fish\New Dataset\train_split\Healthy Fish\Healthy Fish_393.jpg,Healthy Fish,fish,train,False,0,val,7.1,27.77,7.42,11.46,0.007,8.31,3.742582557166365,0.00978890043194672,0.1480000000000001
C:\Users\Asus\PycharmProjects\AquaVision_v1\datasets\fish\New Dataset\train_split\Healthy Fish\Healthy Fish_395.jpg,Healthy Fish,fish,train,False,0,train,7.11,25.33,6.61,15.07,0.009,6.11,3.8320668198686536,0.011747290011979357,0.15299999999999989
C:\Users\Asus\PycharmProjects\AquaVision_v1\datasets\fish\New Dataset\train_split\Healthy Fish\Healthy Fish_396.jpg,Healthy Fish,fish,train,False,1,val,7.06,25.63,5.94,14.02,0.003,8.61,4.314807550829038,0.003531261278275809,0.162
C:\Users\Asus\PycharmProjects\AquaVision_v1\datasets\fish\New Dataset\train_split\Healthy Fish\Healthy Fish_402.jpg,Healthy Fish,fish,train,False,4,train,6.95,24.04,6.42,13.27,0.082,14.38,3.744542453983717,0.07027620597297163,0.493
C:\Users\Asus\PycharmProjects\AquaVision_v1\datasets\fish\New Dataset\train_split\Healthy Fish\Healthy Fish_403.jpg,Healthy Fish,fish,train,False,1,train,7.09,27.36,6.7,14.86,0.091,9.61,4.083575994662694,0.12252295899271337,0.48700000000000004
C:\Users\Asus\PycharmProjects\AquaVision_v1\datasets\fish\New Dataset\train_split\Healthy Fish\Healthy Fish_406.jpg,Healthy Fish,fish,train,False,3,train,7.31,27.04,6.57,18.21,0.052,13.02,4.115671056817265,0.11483387556963714,0.2650000000000001
C:\Users\Asus\PycharmProjects\AquaVision_v1\datasets\fish\New Dataset\train_split\Healthy Fish\Healthy Fish_407.jpg,Healthy Fish,fish,train,False,2,val,7.3,26.2,6.84,13.41,0.035,10.62,3.830403756719654,0.0731862217130585,0.20000000000000007
C:\Users\Asus\PycharmProjects\AquaVision_v1\datasets\fish\New Dataset\train_split\Healthy Fish\Healthy Fish_408.jpg,Healthy Fish,fish,train,False,0,train,7.35,27.65,5.79,13.05,0.0,12.22,4.775466709038499,0.0,0.1080000000000001
C:\Users\Asus\PycharmProjects\AquaVision_v1\datasets\fish\New Dataset\train_split\Healthy Fish\Healthy Fish_409.jpg,Healthy Fish,fish,train,False,3,train,7.89,25.88,6.24,14.04,0.001,12.09,4.147429250914662,0.008035710151340211,0.1209999999999999
C:\Users\Asus\PycharmProjects\AquaVision_v1\datasets\fish\New Dataset\train_split\Healthy Fish\Healthy Fish_412.jpg,Healthy Fish,fish,train,False,0,train,7.12,28.02,7.19,15.5,0.019,13.64,3.8970738566427583,0.028072540898906408,0.18999999999999997
C:\Users\Asus\PycharmProjects\AquaVision_v1\datasets\fish\New Dataset\train_split\Healthy Fish\Healthy Fish_413.jpg,Healthy Fish,fish,train,False,4,train,6.8,27.1,7.21,15.11,0.022,13.88,3.7586633028248233,0.015047070751163643,0.29800000000000004
C:\Users\Asus\PycharmProjects\AquaVision_v1\datasets\fish\New Dataset\train_split\Healthy Fish\Healthy Fish_415.jpg,Healthy Fish,fish,train,False,0,train,7.6,25.12,6.07,15.19,0.11,15.99,4.138378684713864,0.4400198934693691,0.47
C:\Users\Asus\PycharmProjects\AquaVision_v1\datasets\fish\New Dataset\train_split\Healthy Fish\Healthy Fish_416.jpg,Healthy Fish,fish,train,False,2,val,6.93,24.07,7.13,13.47,0.003,6.61,3.3758718430969945,0.0024584271095437426,0.18300000000000008
C:\Users\Asus\PycharmProjects\AquaVision_v1\datasets\fish\New Dataset\train_split\Healthy Fish\Healthy Fish_417.jpg,Healthy Fish,fish,train,False,4,train,6.87,23.48,6.5,16.95,0.016,11.69,3.612302134919793,0.011139817258077151,0.253
C:\Users\Asus\PycharmProjects\AquaVision_v1\datasets\fish\New Dataset\train_split\Healthy Fish\Healthy Fish_418.jpg,Healthy Fish,fish,train,False,4,train,6.82,23.86,5.79,14.59,0.027,11.52,4.120890982917128,0.017025277323018152,0.37499999999999994
C:\Users\Asus\PycharmProjects\AquaVision_v1\datasets\fish\New Dataset\train_split\Healthy Fish\Healthy Fish_420.jpg,Healthy Fish,fish,train,False,0,train,7.38,25.58,5.81,15.82,0.044,11.08,4.402746294756808,0.10799737708059262,0.26900000000000013
C:\Users\Asus\PycharmProjects\AquaVision_v1\datasets\fish\New Dataset\train_split\Healthy Fish\Healthy Fish_422.jpg,Healthy Fish,fish,train,False,1,val,7.5,24.75,6.15,15.24,0.0,9.59,4.024383700189105,0.0,0.0
C:\Users\Asus\PycharmProjects\AquaVision_v1\datasets\fish\New Dataset\train_split\Healthy Fish\Healthy Fish_423.jpg,Healthy Fish,fish,train,False,4,train,7.15,24.93,6.18,12.84,0.041,9.56,4.033974055058164,0.057751880019410284,0.2689999999999999
C:\Users\Asus\PycharmProjects\AquaVision_v1\datasets\fish\New Dataset\train_split\Healthy Fish\Healthy Fish_426.jpg,Healthy Fish,fish,train,False,0,train,7.41,24.84,7.26,14.37,0.008,16.59,3.4214828905194348,0.020431561998073156,0.058999999999999955
C:\Users\Asus\PycharmProjects\AquaVision_v1\datasets\fish\New Dataset\train_split\Healthy Fish\Healthy Fish_428.jpg,Healthy Fish,fish,train,False,2,train,7.32,26.37,6.52,13.72,0.001,15.03,4.044472324428951,0.0022037895588248426,0.05799999999999991
C:\Users\Asus\PycharmProjects\AquaVision_v1\datasets\fish\New Dataset\train_split\Healthy Fish\Healthy Fish_43.jpg,Healthy Fish,fish,train,False,1,train,7.18,26.28,6.8,14.54,0.01,10.97,3.8647001989702963,0.01591055584356141,0.1360000000000001
C:\Users\Asus\PycharmProjects\AquaVision_v1\datasets\fish\New Dataset\train_split\Healthy Fish\Healthy Fish_430.jpg,Healthy Fish,fish,train,False,4,train,6.2,25.11,6.46,16.13,0.031,11.94,3.886990887011011,0.004934786839774624,0.514
C:\Users\Asus\PycharmProjects\AquaVision_v1\datasets\fish\New Dataset\train_split\Healthy Fish\Healthy Fish_433.jpg,Healthy Fish,fish,train,False,0,train,6.76,23.48,5.9,14.63,0.015,15.83,3.9796542717724206,0.008106797837205863,0.31199999999999994
C:\Users\Asus\PycharmProjects\AquaVision_v1\datasets\fish\New Dataset\train_split\Healthy Fish\Healthy Fish_434.jpg,Healthy Fish,fish,train,False,4,train,7.19,24.93,6.23,15.85,0.019,13.58,4.0015987133246975,0.029345118715211026,0.16899999999999987
C:\Users\Asus\PycharmProjects\AquaVision_v1\datasets\fish\New Dataset\train_split\Healthy Fish\Healthy Fish_435.jpg,Healthy Fish,fish,train,False,1,train,7.09,27.44,5.66,13.84,0.011,9.43,4.848047971646694,0.014853773031280366,0.269
C:\Users\Asus\PycharmProjects\AquaVision_v1\datasets\fish\New Dataset\train_split\Healthy Fish\Healthy Fish_436.jpg,Healthy Fish,fish,train,False,4,train,7.93,26.91,7.46,16.66,0.007,13.05,3.607233770464115,0.06413154890247262,0.15699999999999992
C:\Users\Asus\PycharmProjects\AquaVision_v1\datasets\fish\New Dataset\train_split\Healthy Fish\Healthy Fish_437.jpg,Healthy Fish,fish,train,False,0,train,6.81,25.13,5.93,21.58,0.022,11.58,4.237766884035609,0.014278255882563972,0.31600000000000017
C:\Users\Asus\PycharmProjects\AquaVision_v1\datasets\fish\New Dataset\train_split\Healthy Fish\Healthy Fish_438.jpg,Healthy Fish,fish,train,False,3,train,7.59,25.81,5.92,14.68,0.084,12.78,4.359789932787276,0.33738617446135993,0.38700000000000007
C:\Users\Asus\PycharmProjects\AquaVision_v1\datasets\fish\New Dataset\train_split\Healthy Fish\Healthy Fish_439.jpg,Healthy Fish,fish,train,False,1,train,7.31,27.76,6.55,12.44,0.085,8.32,4.238161468455774,0.1927073941696887,0.3970000000000002
C:\Users\Asus\PycharmProjects\AquaVision_v1\datasets\fish\New Dataset\train_split\Healthy Fish\Healthy Fish_441.jpg,Healthy Fish,fish,train,False,1,val,7.09,25.28,6.2,14.95,0.012,16.24,4.077412778366487,0.014928573372545759,0.17100000000000004
C:\Users\Asus\PycharmProjects\AquaVision_v1\datasets\fish\New Dataset\train_split\Healthy Fish\Healthy Fish_442.jpg,Healthy Fish,fish,train,False,0,train,7.08,24.78,6.59,15.45,0.013,15.89,3.760237086134923,0.015491898598706139,0.178
C:\Users\Asus\PycharmProjects\AquaVision_v1\datasets\fish\New Dataset\train_split\Healthy Fish\Healthy Fish_444.jpg,Healthy Fish,fish,train,False,1,train,7.06,25.0,6.38,14.13,0.029,13.21,3.91848915597311,0.03329645502340957,0.24800000000000014
C:\Users\Asus\PycharmProjects\AquaVision_v1\datasets\fish\New Dataset\train_split\Healthy Fish\Healthy Fish_445.jpg,Healthy Fish,fish,train,False,1,val,7.35,28.79,6.56,17.2,0.023,10.95,4.388712822084113,0.05929655905303184,0.1370000000000001
C:\Users\Asus\PycharmProjects\AquaVision_v1\datasets\fish\New Dataset\train_split\Healthy Fish\Healthy Fish_446.jpg,Healthy Fish,fish,train,False,2,val,7.5,26.14,6.17,12.21,0.03,15.0,4.236621982784469,0.09919432564416174,0.12
C:\Users\Asus\PycharmProjects\AquaVision_v1\datasets\fish\New Dataset\train_split\Healthy Fish\Healthy Fish_447.jpg,Healthy Fish,fish,train,False,4,train,7.19,27.27,6.36,17.63,0.008,3.27,4.287729107344171,0.01351559334327789,0.12499999999999988
C:\Users\Asus\PycharmProjects\AquaVision_v1\datasets\fish\New Dataset\train_split\Healthy Fish\Healthy Fish_448.jpg,Healthy Fish,fish,train,False,1,val,6.95,26.5,6.65,15.79,0.004,14.55,3.9849564135993782,0.003778903977687083,0.18099999999999994
C:\Users\Asus\PycharmProjects\AquaVision_v1\datasets\fish\New Dataset\train_split\Healthy Fish\Healthy Fish_449.jpg,Healthy Fish,fish,train,False,0,train,7.68,25.05,5.71,16.94,0.015,16.19,4.387032597140811,0.0719381028760925,0.2009999999999999
C:\Users\Asus\PycharmProjects\AquaVision_v1\datasets\fish\New Dataset\train_split\Healthy Fish\Healthy Fish_450.jpg,Healthy Fish,fish,train,False,3,train,7.39,28.05,6.18,17.22,0.043,15.48,4.53882760707507,0.11842988634613988,0.20500000000000007
C:\Users\Asus\PycharmProjects\AquaVision_v1\datasets\fish\New Dataset\train_split\Healthy Fish\Healthy Fish_451.jpg,Healthy Fish,fish,train,False,2,val,7.32,26.34,5.76,17.9,0.013,9.16,4.572908727589015,0.02861667124508163,0.178
C:\Users\Asus\PycharmProjects\AquaVision_v1\datasets\fish\New Dataset\train_split\Healthy Fish\Healthy Fish_452.jpg,Healthy Fish,fish,train,False,4,val,7.55,27.7,6.72,16.02,0.008,8.64,4.1220176755689355,0.03145065882166411,0.046999999999999945
C:\Users\Asus\PycharmProjects\AquaVision_v1\datasets\fish\New Dataset\train_split\Healthy Fish\Healthy Fish_453.jpg,Healthy Fish,fish,train,False,0,train,7.23,26.26,5.93,12.63,0.014,16.81,4.428323055104461,0.02497369185564145,0.15799999999999995
C:\Users\Asus\PycharmProjects\AquaVision_v1\datasets\fish\New Dataset\train_split\Healthy Fish\Healthy Fish_455.jpg,Healthy Fish,fish,train,False,2,train,8.33,25.63,5.9,13.65,0.01,12.21,4.344060433795875,0.21918387341576884,0.31899999999999995
C:\Users\Asus\PycharmProjects\AquaVision_v1\datasets\fish\New Dataset\train_split\Healthy Fish\Healthy Fish_457.jpg,Healthy Fish,fish,train,False,2,train,7.3,25.19,6.73,17.43,0.062,9.84,3.7429364889502397,0.12464643113088383,0.30800000000000005
C:\Users\Asus\PycharmProjects\AquaVision_v1\datasets\fish\New Dataset\train_split\Healthy Fish\Healthy Fish_458.jpg,Healthy Fish,fish,train,False,0,train,7.07,26.7,6.78,17.17,0.004,9.76,3.938047289015798,0.005019162354701674,0.1449999999999999
C:\Users\Asus\PycharmProjects\AquaVision_v1\datasets\fish\New Dataset\train_split\Healthy Fish\Healthy Fish_459.jpg,Healthy Fish,fish,train,False,0,train,7.08,26.85,5.92,19.67,0.049,15.89,4.535465311714001,0.063270368136176,0.346
C:\Users\Asus\PycharmProjects\AquaVision_v1\datasets\fish\New Dataset\train_split\Healthy Fish\Healthy Fish_460.jpg,Healthy Fish,fish,train,False,2,train,6.71,29.79,6.2,14.76,0.016,13.0,4.804830959950064,0.009778010002625766,0.301
C:\Users\Asus\PycharmProjects\AquaVision_v1\datasets\fish\New Dataset\train_split\Healthy Fish\Healthy Fish_461.jpg,Healthy Fish,fish,train,False,3,train,6.63,25.18,5.96,13.39,0.009,12.68,4.224825126132339,0.0038668580220326764,0.309
C:\Users\Asus\PycharmProjects\AquaVision_v1\datasets\fish\New Dataset\train_split\Healthy Fish\Healthy Fish_462.jpg,Healthy Fish,fish,train,False,4,val,7.4,29.9,6.74,13.17,0.016,14.41,4.4361951985234445,0.04806745875336737,0.09399999999999989
C:\Users\Asus\PycharmProjects\AquaVision_v1\datasets\fish\New Dataset\train_split\Healthy Fish\Healthy Fish_463.jpg,Healthy Fish,fish,train,False,1,train,7.11,25.53,7.16,14.67,0.012,9.09,3.565637478159947,0.015786725306268352,0.1649999999999999
C:\Users\Asus\PycharmProjects\AquaVision_v1\datasets\fish\New Dataset\train_split\Healthy Fish\Healthy Fish_465.jpg,Healthy Fish,fish,train,False,2,train,6.98,25.06,7.75,18.61,0.012,12.29,3.2335442147816584,0.01148741481873466,0.20399999999999985
C:\Users\Asus\PycharmProjects\AquaVision_v1\datasets\fish\New Dataset\train_split\Healthy Fish\Healthy Fish_467.jpg,Healthy Fish,fish,train,False,0,train,7.67,27.47,6.59,14.9,0.052,11.24,4.168430700408649,0.26725263408811406,0.259
C:\Users\Asus\PycharmProjects\AquaVision_v1\datasets\fish\New Dataset\train_split\Healthy Fish\Healthy Fish_468.jpg,Healthy Fish,fish,train,False,2,train,8.21,25.95,8.98,9.07,0.036,9.33,2.8897517931494505,0.6060379971810862,0.3570000000000002
C:\Users\Asus\PycharmProjects\AquaVision_v1\datasets\fish\New Dataset\train_split\Healthy Fish\Healthy Fish_469.jpg,Healthy Fish,fish,train,False,3,val,7.18,26.31,6.99,17.98,0.027,11.1,3.763943113099981,0.043007540162065136,0.2040000000000001
C:\Users\Asus\PycharmProjects\AquaVision_v1\datasets\fish\New Dataset\train_split\Healthy Fish\Healthy Fish_470.jpg,Healthy Fish,fish,train,False,4,train,6.56,24.96,7.23,17.19,0.005,10.48,3.4522773827422095,0.0018124856494123444,0.3020000000000001
C:\Users\Asus\PycharmProjects\AquaVision_v1\datasets\fish\New Dataset\train_split\Healthy Fish\Healthy Fish_473.jpg,Healthy Fish,fish,train,False,1,train,7.44,28.32,6.19,15.2,0.007,9.74,4.5751137720294475,0.021839931925990343,0.04599999999999989
C:\Users\Asus\PycharmProjects\AquaVision_v1\datasets\fish\New Dataset\train_split\Healthy Fish\Healthy Fish_475.jpg,Healthy Fish,fish,train,False,2,train,7.17,23.47,5.69,15.02,0.018,6.4,4.124773067182659,0.02499456518662163,0.2639999999999999
C:\Users\Asus\PycharmProjects\AquaVision_v1\datasets\fish\New Dataset\train_split\Healthy Fish\Healthy Fish_476.jpg,Healthy Fish,fish,train,False,2,train,6.6,26.03,6.32,12.79,0.01,9.13,4.118664369201948,0.00414509185980301,0.31000000000000005
C:\Users\Asus\PycharmProjects\AquaVision_v1\datasets\fish\New Dataset\train_split\Healthy Fish\Healthy Fish_479.jpg,Healthy Fish,fish,train,False,4,train,7.79,26.12,7.09,16.01,0.012,16.13,3.684056863107387,0.0773062149533852,0.135
C:\Users\Asus\PycharmProjects\AquaVision_v1\datasets\fish\New Dataset\train_split\Healthy Fish\Healthy Fish_480.jpg,Healthy Fish,fish,train,False,2,train,7.23,25.14,7.38,17.97,0.004,10.59,3.4064994491877387,0.006831015267662127,0.09699999999999986
C:\Users\Asus\PycharmProjects\AquaVision_v1\datasets\fish\New Dataset\train_split\Healthy Fish\Healthy Fish_481.jpg,Healthy Fish,fish,train,False,3,train,7.01,24.15,6.71,12.09,0.032,10.27,3.5991004484345033,0.03163203297738266,0.275
C:\Users\Asus\PycharmProjects\AquaVision_v1\datasets\fish\New Dataset\train_split\Healthy Fish\Healthy Fish_483.jpg,Healthy Fish,fish,train,False,0,val,7.57,23.51,7.27,16.03,0.028,14.25,3.2338332409446484,0.09782968424403476,0.1330000000000001
C:\Users\Asus\PycharmProjects\AquaVision_v1\datasets\fish\New Dataset\train_split\Healthy Fish\Healthy Fish_484.jpg,Healthy Fish,fish,train,False,0,train,7.54,25.85,7.5,15.09,0.018,10.53,3.4466620711172387,0.06453466260622519,0.084
C:\Users\Asus\PycharmProjects\AquaVision_v1\datasets\fish\New Dataset\train_split\Healthy Fish\Healthy Fish_485.jpg,Healthy Fish,fish,train,False,4,train,7.43,26.56,6.13,13.31,0.003,17.23,4.332782491382559,0.008578459727075861,0.033000000000000085
C:\Users\Asus\PycharmProjects\AquaVision_v1\datasets\fish\New Dataset\train_split\Healthy Fish\Healthy Fish_51.jpg,Healthy Fish,fish,train,False,3,train,7.09,24.05,7.22,13.61,0.03,11.13,3.3310203171463755,0.03550555672564532,0.24300000000000005
C:\Users\Asus\PycharmProjects\AquaVision_v1\datasets\fish\New Dataset\train_split\Healthy Fish\Healthy Fish_54.jpg,Healthy Fish,fish,train,False,2,train,7.22,25.25,6.77,12.94,0.011,19.34,3.7296842988415086,0.018438010541631286,0.12800000000000006
C:\Users\Asus\PycharmProjects\AquaVision_v1\datasets\fish\New Dataset\train_split\Healthy Fish\Healthy Fish_56.jpg,Healthy Fish,fish,train,False,1,train,6.97,25.83,6.33,18.91,0.002,12.2,4.080562273993248,0.001928476687166901,0.16700000000000007
C:\Users\Asus\PycharmProjects\AquaVision_v1\datasets\fish\New Dataset\train_split\Healthy Fish\Healthy Fish_57.jpg,Healthy Fish,fish,train,False,3,train,6.97,25.97,6.44,14.78,0.002,11.65,4.032602433847153,0.0019389291353358274,0.16700000000000007
C:\Users\Asus\PycharmProjects\AquaVision_v1\datasets\fish\New Dataset\train_split\Healthy Fish\Healthy Fish_58.jpg,Healthy Fish,fish,train,False,4,train,7.46,26.91,6.71,8.93,0.001,11.68,4.010426213969875,0.003104371509965478,0.01600000000000001
C:\Users\Asus\PycharmProjects\AquaVision_v1\datasets\fish\New Dataset\train_split\Healthy Fish\Healthy Fish_59.jpg,Healthy Fish,fish,train,False,2,train,7.14,26.97,7.24,13.15,0.03,11.21,3.7251329763356678,0.044674756339607734,0.2280000000000001
C:\Users\Asus\PycharmProjects\AquaVision_v1\datasets\fish\New Dataset\train_split\Healthy Fish\Healthy Fish_60.jpg,Healthy Fish,fish,train,False,4,train,7.23,28.59,6.71,15.48,0.051,15.02,4.2607984190783625,0.09904768348871787,0.28499999999999986
C:\Users\Asus\PycharmProjects\AquaVision_v1\datasets\fish\New Dataset\train_split\Healthy Fish\Healthy Fish_7.jpg,Healthy Fish,fish,train,False,3,val,8.12,25.89,6.86,14.62,0.003,8.88,3.774046976607906,0.04095560035347039,0.19799999999999976
C:\Users\Asus\PycharmProjects\AquaVision_v1\datasets\fish\New Dataset\train_split\Healthy Fish\Healthy Fish_aug_0.jpg,Healthy Fish,fish,train,True,4,val,6.62,27.09,6.79,15.93,0.009,11.73,3.9896848458249696,0.0040654769753561,0.29999999999999993
C:\Users\Asus\PycharmProjects\AquaVision_v1\datasets\fish\New Dataset\train_split\Healthy Fish\Healthy Fish_aug_100.jpg,Healthy Fish,fish,train,True,4,train,7.68,25.48,6.08,14.84,0.012,10.17,4.190782580949703,0.05853837481142793,0.10199999999999992
C:\Users\Asus\PycharmProjects\AquaVision_v1\datasets\fish\New Dataset\train_split\Healthy Fish\Healthy Fish_aug_104.jpg,Healthy Fish,fish,train,True,1,train,6.86,26.35,6.17,17.22,0.018,13.79,4.270657584023366,0.013743999034542721,0.2639999999999999
C:\Users\Asus\PycharmProjects\AquaVision_v1\datasets\fish\New Dataset\train_split\Healthy Fish\Healthy Fish_aug_105.jpg,Healthy Fish,fish,train,True,2,val,7.3,23.67,7.25,18.15,0.042,12.06,3.2648230830026446,0.07934280311212646,0.2280000000000001
C:\Users\Asus\PycharmProjects\AquaVision_v1\datasets\fish\New Dataset\train_split\Healthy Fish\Healthy Fish_aug_107.jpg,Healthy Fish,fish,train,True,2,train,7.6,25.17,5.57,13.48,0.011,7.6,4.518842874608843,0.044089572924458684,0.2029999999999998
C:\Users\Asus\PycharmProjects\AquaVision_v1\datasets\fish\New Dataset\train_split\Healthy Fish\Healthy Fish_aug_11.jpg,Healthy Fish,fish,train,True,0,train,7.19,26.11,6.22,12.16,0.024,12.65,4.19774244735941,0.03882201784301273,0.1889999999999999
C:\Users\Asus\PycharmProjects\AquaVision_v1\datasets\fish\New Dataset\train_split\Healthy Fish\Healthy Fish_aug_110.jpg,Healthy Fish,fish,train,True,4,train,6.96,24.12,6.36,18.14,0.032,14.14,3.792446867221907,0.028157057849938612,0.29000000000000004
C:\Users\Asus\PycharmProjects\AquaVision_v1\datasets\fish\New Dataset\train_split\Healthy Fish\Healthy Fish_aug_114.jpg,Healthy Fish,fish,train,True,1,train,7.54,26.18,6.83,13.91,0.028,7.76,3.83308369973104,0.10166879234228952,0.12400000000000003
C:\Users\Asus\PycharmProjects\AquaVision_v1\datasets\fish\New Dataset\train_split\Healthy Fish\Healthy Fish_aug_115.jpg,Healthy Fish,fish,train,True,0,train,6.86,27.23,7.34,15.0,0.017,9.86,3.7098042100760082,0.013413946011132554,0.2599999999999999
C:\Users\Asus\PycharmProjects\AquaVision_v1\datasets\fish\New Dataset\train_split\Healthy Fish\Healthy Fish_aug_116.jpg,Healthy Fish,fish,train,True,2,train,6.95,23.83,6.51,14.96,0.04,13.03,3.6605166505120574,0.03398161576916346,0.32499999999999996
C:\Users\Asus\PycharmProjects\AquaVision_v1\datasets\fish\New Dataset\train_split\Healthy Fish\Healthy Fish_aug_120.jpg,Healthy Fish,fish,train,True,0,train,7.76,26.16,6.8,13.05,0.006,11.12,3.8470531660982856,0.03612842102577604,0.10199999999999992
C:\Users\Asus\PycharmProjects\AquaVision_v1\datasets\fish\New Dataset\train_split\Healthy Fish\Healthy Fish_aug_121.jpg,Healthy Fish,fish,train,True,1,val,7.26,27.55,5.85,10.43,0.021,11.36,4.709393659156139,0.04211151726995222,0.20100000000000018
C:\Users\Asus\PycharmProjects\AquaVision_v1\datasets\fish\New Dataset\train_split\Healthy Fish\Healthy Fish_aug_123.jpg,Healthy Fish,fish,train,True,3,train,6.9,26.93,7.32,14.65,0.009,8.61,3.6789567227367175,0.007700853370004969,0.2159999999999999
C:\Users\Asus\PycharmProjects\AquaVision_v1\datasets\fish\New Dataset\train_split\Healthy Fish\Healthy Fish_aug_127.jpg,Healthy Fish,fish,train,True,3,train,7.3,26.68,7.34,14.61,0.003,8.57,3.6348724320539074,0.0063880318276043615,0.07200000000000005
C:\Users\Asus\PycharmProjects\AquaVision_v1\datasets\fish\New Dataset\train_split\Healthy Fish\Healthy Fish_aug_128.jpg,Healthy Fish,fish,train,True,3,train,7.42,25.71,6.35,15.6,0.001,10.13,4.048812521555085,0.00270496760286521,0.02800000000000002
C:\Users\Asus\PycharmProjects\AquaVision_v1\datasets\fish\New Dataset\train_split\Healthy Fish\Healthy Fish_aug_13.jpg,Healthy Fish,fish,train,True,1,train,7.13,25.46,7.52,13.17,0.006,11.16,3.38563379569974,0.008242702797788038,0.13500000000000004
C:\Users\Asus\PycharmProjects\AquaVision_v1\datasets\fish\New Dataset\train_split\Healthy Fish\Healthy Fish_aug_131.jpg,Healthy Fish,fish,train,True,2,train,7.1,26.42,5.64,17.07,0.005,10.04,4.6843888574665655,0.006652161875920375,0.24800000000000022
C:\Users\Asus\PycharmProjects\AquaVision_v1\datasets\fish\New Dataset\train_split\Healthy Fish\Healthy Fish_aug_133.jpg,Healthy Fish,fish,train,True,1,val,7.15,25.64,7.71,16.09,0.022,6.58,3.3255469188755917,0.031871367126832154,0.1929999999999999
C:\Users\Asus\PycharmProjects\AquaVision_v1\datasets\fish\New Dataset\train_split\Healthy Fish\Healthy Fish_aug_134.jpg,Healthy Fish,fish,train,True,1,train,7.28,24.03,6.43,13.56,0.017,13.27,3.7371637058107225,0.03113599031580667,0.13399999999999992
C:\Users\Asus\PycharmProjects\AquaVision_v1\datasets\fish\New Dataset\train_split\Healthy Fish\Healthy Fish_aug_137.jpg,Healthy Fish,fish,train,True,2,train,7.03,26.86,6.25,16.43,0.001,12.93,4.297593123851002,0.001151240341547285,0.14499999999999993
C:\Users\Asus\PycharmProjects\AquaVision_v1\datasets\fish\New Dataset\train_split\Healthy Fish\Healthy Fish_aug_138.jpg,Healthy Fish,fish,train,True,3,train,7.05,26.11,7.72,15.6,0.004,14.5,3.3821199713471874,0.00468734429469188,0.15100000000000002
C:\Users\Asus\PycharmProjects\AquaVision_v1\datasets\fish\New Dataset\train_split\Healthy Fish\Healthy Fish_aug_139.jpg,Healthy Fish,fish,train,True,4,val,6.8,25.4,6.95,14.25,0.001,12.78,3.6546710004733804,0.0006410526619918762,0.21400000000000005
C:\Users\Asus\PycharmProjects\AquaVision_v1\datasets\fish\New Dataset\train_split\Healthy Fish\Healthy Fish_aug_14.jpg,Healthy Fish,fish,train,True,3,train,7.44,25.14,6.18,18.32,0.024,13.03,4.067954582597763,0.0664716572178447,0.11399999999999988
C:\Users\Asus\PycharmProjects\AquaVision_v1\datasets\fish\New Dataset\train_split\Healthy Fish\Healthy Fish_aug_140.jpg,Healthy Fish,fish,train,True,1,train,7.01,29.03,6.52,16.15,0.006,7.65,4.452447158823377,0.007129486935818467,0.17100000000000004
C:\Users\Asus\PycharmProjects\AquaVision_v1\datasets\fish\New Dataset\train_split\Healthy Fish\Healthy Fish_aug_141.jpg,Healthy Fish,fish,train,True,0,train,7.58,22.17,6.3,9.01,0.007,13.06,3.5190420332666146,0.023600636965995164,0.052000000000000025
C:\Users\Asus\PycharmProjects\AquaVision_v1\datasets\fish\New Dataset\train_split\Healthy Fish\Healthy Fish_aug_144.jpg,Healthy Fish,fish,train,True,3,train,6.81,24.75,7.03,15.04,0.008,12.11,3.520620881051378,0.0051135814939544675,0.2390000000000001
C:\Users\Asus\PycharmProjects\AquaVision_v1\datasets\fish\New Dataset\train_split\Healthy Fish\Healthy Fish_aug_147.jpg,Healthy Fish,fish,train,True,1,train,6.95,26.07,6.54,18.09,0.0,9.62,3.9862324369534607,0.0,0.16499999999999995
C:\Users\Asus\PycharmProjects\AquaVision_v1\datasets\fish\New Dataset\train_split\Healthy Fish\Healthy Fish_aug_148.jpg,Healthy Fish,fish,train,True,3,train,7.74,26.39,5.77,13.07,0.006,9.56,4.573648919152654,0.03480572078664653,0.1650000000000002
C:\Users\Asus\PycharmProjects\AquaVision_v1\datasets\fish\New Dataset\train_split\Healthy Fish\Healthy Fish_aug_149.jpg,Healthy Fish,fish,train,True,0,train,7.26,23.88,6.68,19.47,0.011,11.84,3.5748449478369047,0.019119960861586807,0.11600000000000006
C:\Users\Asus\PycharmProjects\AquaVision_v1\datasets\fish\New Dataset\train_split\Healthy Fish\Healthy Fish_aug_15.jpg,Healthy Fish,fish,train,True,0,train,9.33,26.96,9.43,15.15,0.039,14.67,2.8589577317521404,8.991755437544908,0.7050000000000001
C:\Users\Asus\PycharmProjects\AquaVision_v1\datasets\fish\New Dataset\train_split\Healthy Fish\Healthy Fish_aug_151.jpg,Healthy Fish,fish,train,True,4,train,7.04,23.82,6.3,13.11,0.035,14.17,3.780946379450192,0.036565354884982935,0.278
C:\Users\Asus\PycharmProjects\AquaVision_v1\datasets\fish\New Dataset\train_split\Healthy Fish\Healthy Fish_aug_152.jpg,Healthy Fish,fish,train,True,2,train,7.28,25.85,6.3,17.35,0.012,6.36,4.1031680902093814,0.023642956588487987,0.11399999999999992
C:\Users\Asus\PycharmProjects\AquaVision_v1\datasets\fish\New Dataset\train_split\Healthy Fish\Healthy Fish_aug_153.jpg,Healthy Fish,fish,train,True,3,val,7.38,25.95,6.32,14.18,0.033,14.42,4.106006161382656,0.0821696228080936,0.16800000000000004
C:\Users\Asus\PycharmProjects\AquaVision_v1\datasets\fish\New Dataset\train_split\Healthy Fish\Healthy Fish_aug_154.jpg,Healthy Fish,fish,train,True,0,train,7.01,26.03,6.24,16.24,0.02,9.82,4.17146767393001,0.021309053271254416,0.22700000000000006
C:\Users\Asus\PycharmProjects\AquaVision_v1\datasets\fish\New Dataset\train_split\Healthy Fish\Healthy Fish_aug_156.jpg,Healthy Fish,fish,train,True,3,train,7.56,23.89,6.97,15.86,0.005,8.48,3.427541710844031,0.017347869456915428,0.03799999999999988
C:\Users\Asus\PycharmProjects\AquaVision_v1\datasets\fish\New Dataset\train_split\Healthy Fish\Healthy Fish_aug_157.jpg,Healthy Fish,fish,train,True,1,train,7.59,24.93,6.37,10.33,0.01,8.12,3.913651626920523,0.03879558185882965,0.06699999999999996
C:\Users\Asus\PycharmProjects\AquaVision_v1\datasets\fish\New Dataset\train_split\Healthy Fish\Healthy Fish_aug_159.jpg,Healthy Fish,fish,train,True,3,train,7.61,25.85,6.9,18.34,0.024,12.75,3.746371382070461,0.10109548973986869,0.1290000000000001
C:\Users\Asus\PycharmProjects\AquaVision_v1\datasets\fish\New Dataset\train_split\Healthy Fish\Healthy Fish_aug_16.jpg,Healthy Fish,fish,train,True,0,train,7.51,25.31,7.04,17.22,0.008,12.63,3.5951653477764944,0.026208497462044438,0.034999999999999934
C:\Users\Asus\PycharmProjects\AquaVision_v1\datasets\fish\New Dataset\train_split\Healthy Fish\Healthy Fish_aug_160.jpg,Healthy Fish,fish,train,True,1,train,7.24,23.94,7.3,14.98,0.005,12.85,3.2794475624006,0.008320590368052013,0.09799999999999993
C:\Users\Asus\PycharmProjects\AquaVision_v1\datasets\fish\New Dataset\train_split\Healthy Fish\Healthy Fish_aug_161.jpg,Healthy Fish,fish,train,True,1,train,7.52,26.33,7.36,15.32,0.038,9.45,3.5774407915206634,0.1325239729152765,0.1579999999999999
C:\Users\Asus\PycharmProjects\AquaVision_v1\datasets\fish\New Dataset\train_split\Healthy Fish\Healthy Fish_aug_162.jpg,Healthy Fish,fish,train,True,2,train,7.1,26.74,7.24,16.41,0.001,14.43,3.693365064412894,0.00134654662045504,0.12400000000000011
C:\Users\Asus\PycharmProjects\AquaVision_v1\datasets\fish\New Dataset\train_split\Healthy Fish\Healthy Fish_aug_164.jpg,Healthy Fish,fish,train,True,0,train,7.29,23.75,5.98,15.91,0.075,9.9,3.9715652649410287,0.13892642773276076,0.36899999999999994
C:\Users\Asus\PycharmProjects\AquaVision_v1\datasets\fish\New Dataset\train_split\Healthy Fish\Healthy Fish_aug_165.jpg,Healthy Fish,fish,train,True,2,train,7.19,28.51,6.86,17.52,0.001,12.28,4.155970618118633,0.0017662704722077956,0.09699999999999988
C:\Users\Asus\PycharmProjects\AquaVision_v1\datasets\fish\New Dataset\train_split\Healthy Fish\Healthy Fish_aug_166.jpg,Healthy Fish,fish,train,True,4,val,6.96,25.91,6.1,18.12,0.006,10.92,4.247534020436032,0.005671248203450789,0.186
C:\Users\Asus\PycharmProjects\AquaVision_v1\datasets\fish\New Dataset\train_split\Healthy Fish\Healthy Fish_aug_168.jpg,Healthy Fish,fish,train,True,1,train,7.54,26.88,5.84,14.99,0.021,11.06,4.602731844637253,0.07829040693737803,0.14400000000000007
C:\Users\Asus\PycharmProjects\AquaVision_v1\datasets\fish\New Dataset\train_split\Healthy Fish\Healthy Fish_aug_169.jpg,Healthy Fish,fish,train,True,4,train,7.27,25.1,6.63,15.32,0.01,14.15,3.7858163109859566,0.01869535485209517,0.10900000000000014
C:\Users\Asus\PycharmProjects\AquaVision_v1\datasets\fish\New Dataset\train_split\Healthy Fish\Healthy Fish_aug_17.jpg,Healthy Fish,fish,train,True,2,train,7.53,26.7,5.92,14.72,0.001,18.05,4.5101275166764925,0.0036188555875666852,0.037000000000000095
C:\Users\Asus\PycharmProjects\AquaVision_v1\datasets\fish\New Dataset\train_split\Healthy Fish\Healthy Fish_aug_170.jpg,Healthy Fish,fish,train,True,4,train,7.35,27.15,6.27,16.01,0.044,8.41,4.330136634550822,0.10697505088534942,0.22100000000000009
C:\Users\Asus\PycharmProjects\AquaVision_v1\datasets\fish\New Dataset\train_split\Healthy Fish\Healthy Fish_aug_171.jpg,Healthy Fish,fish,train,True,0,train,7.41,27.42,6.46,15.57,0.007,11.08,4.244575472793386,0.019734470661786237,0.054999999999999966
C:\Users\Asus\PycharmProjects\AquaVision_v1\datasets\fish\New Dataset\train_split\Healthy Fish\Healthy Fish_aug_172.jpg,Healthy Fish,fish,train,True,0,train,7.16,27.18,7.09,13.95,0.015,15.0,3.8335629992059252,0.02357223178132459,0.16199999999999995
C:\Users\Asus\PycharmProjects\AquaVision_v1\datasets\fish\New Dataset\train_split\Healthy Fish\Healthy Fish_aug_176.jpg,Healthy Fish,fish,train,True,3,train,7.65,25.43,6.72,14.91,0.026,12.22,3.784220559195597,0.11813530298334958,0.1490000000000001
C:\Users\Asus\PycharmProjects\AquaVision_v1\datasets\fish\New Dataset\train_split\Healthy Fish\Healthy Fish_aug_177.jpg,Healthy Fish,fish,train,True,4,val,6.85,24.34,6.68,18.21,0.043,15.31,3.6437071201989224,0.02963800867408503,0.3670000000000001
C:\Users\Asus\PycharmProjects\AquaVision_v1\datasets\fish\New Dataset\train_split\Healthy Fish\Healthy Fish_aug_178.jpg,Healthy Fish,fish,train,True,3,train,6.87,25.53,5.95,10.58,0.008,11.21,4.290749091177998,0.006056208147331978,0.23599999999999993
C:\Users\Asus\PycharmProjects\AquaVision_v1\datasets\fish\New Dataset\train_split\Healthy Fish\Healthy Fish_aug_181.jpg,Healthy Fish,fish,train,True,2,train,7.41,24.57,6.55,16.42,0.019,14.41,3.751139311237693,0.04799751453079957,0.10299999999999997
C:\Users\Asus\PycharmProjects\AquaVision_v1\datasets\fish\New Dataset\train_split\Healthy Fish\Healthy Fish_aug_183.jpg,Healthy Fish,fish,train,True,0,val,6.68,28.34,6.95,13.62,0.032,11.74,4.077691974543922,0.017362402325022157,0.3740000000000001
C:\Users\Asus\PycharmProjects\AquaVision_v1\datasets\fish\New Dataset\train_split\Healthy Fish\Healthy Fish_aug_192.jpg,Healthy Fish,fish,train,True,2,val,7.96,26.56,5.48,13.91,0.013,10.2,4.846706484112255,0.1259596410451234,0.34599999999999986
C:\Users\Asus\PycharmProjects\AquaVision_v1\datasets\fish\New Dataset\train_split\Healthy Fish\Healthy Fish_aug_193.jpg,Healthy Fish,fish,train,True,2,train,6.65,23.72,6.69,15.0,0.004,12.91,3.545585133654509,0.0016952535689313366,0.2709999999999999
C:\Users\Asus\PycharmProjects\AquaVision_v1\datasets\fish\New Dataset\train_split\Healthy Fish\Healthy Fish_aug_195.jpg,Healthy Fish,fish,train,True,2,train,7.35,28.88,6.7,14.15,0.009,14.56,4.310441327699511,0.023275535933467293,0.0810000000000001
C:\Users\Asus\PycharmProjects\AquaVision_v1\datasets\fish\New Dataset\train_split\Healthy Fish\Healthy Fish_aug_198.jpg,Healthy Fish,fish,train,True,4,train,7.04,26.39,6.9,16.42,0.001,13.52,3.8246321382142927,0.0011574423838487463,0.142
C:\Users\Asus\PycharmProjects\AquaVision_v1\datasets\fish\New Dataset\train_split\Healthy Fish\Healthy Fish_aug_199.jpg,Healthy Fish,fish,train,True,2,val,7.0,26.26,6.08,15.03,0.027,13.81,4.3190718436318365,0.0283608,0.258
C:\Users\Asus\PycharmProjects\AquaVision_v1\datasets\fish\New Dataset\train_split\Healthy Fish\Healthy Fish_aug_2.jpg,Healthy Fish,fish,train,True,0,train,7.22,24.04,6.74,17.96,0.026,14.28,3.566760286705806,0.04149232802499089,0.18800000000000008
C:\Users\Asus\PycharmProjects\AquaVision_v1\datasets\fish\New Dataset\train_split\Healthy Fish\Healthy Fish_aug_200.jpg,Healthy Fish,fish,train,True,2,val,7.59,24.37,5.81,14.99,0.016,6.87,4.194485035309751,0.060678593174467936,0.14800000000000008
C:\Users\Asus\PycharmProjects\AquaVision_v1\datasets\fish\New Dataset\train_split\Healthy Fish\Healthy Fish_aug_202.jpg,Healthy Fish,fish,train,True,4,val,6.77,25.44,6.46,15.1,0.009,12.38,3.9380743992656364,0.005392865733208621,0.2550000000000001
C:\Users\Asus\PycharmProjects\AquaVision_v1\datasets\fish\New Dataset\train_split\Healthy Fish\Healthy Fish_aug_204.jpg,Healthy Fish,fish,train,True,0,train,7.48,26.67,6.2,17.67,0.013,10.23,4.301605965151669,0.04188189843922336,0.05799999999999988
C:\Users\Asus\PycharmProjects\AquaVision_v1\datasets\fish\New Dataset\train_split\Healthy Fish\Healthy Fish_aug_209.jpg,Healthy Fish,fish,train,True,1,val,6.93,26.46,6.77,13.28,0.001,11.78,3.9084137246473794,0.0009008444996333947,0.17500000000000007
C:\Users\Asus\PycharmProjects\AquaVision_v1\datasets\fish\New Dataset\train_split\Healthy Fish\Healthy Fish_aug_21.jpg,Healthy Fish,fish,train,True,2,train,7.89,24.86,7.0,14.21,0.015,12.86,3.5514234979664314,0.11578501991633557,0.17699999999999988
C:\Users\Asus\PycharmProjects\AquaVision_v1\datasets\fish\New Dataset\train_split\Healthy Fish\Healthy Fish_aug_210.jpg,Healthy Fish,fish,train,True,2,train,7.09,28.34,7.97,15.5,0.048,10.01,3.555829917402864,0.06694236857245993,0.31500000000000006
C:\Users\Asus\PycharmProjects\AquaVision_v1\datasets\fish\New Dataset\train_split\Healthy Fish\Healthy Fish_aug_213.jpg,Healthy Fish,fish,train,True,4,train,7.73,27.22,7.09,12.46,0.0,14.14,3.8392047401907754,0.0,0.06900000000000013
C:\Users\Asus\PycharmProjects\AquaVision_v1\datasets\fish\New Dataset\train_split\Healthy Fish\Healthy Fish_aug_214.jpg,Healthy Fish,fish,train,True,3,train,6.62,25.87,7.06,13.9,0.05,12.18,3.6643007587807954,0.02156882190075516,0.46399999999999997
C:\Users\Asus\PycharmProjects\AquaVision_v1\datasets\fish\New Dataset\train_split\Healthy Fish\Healthy Fish_aug_219.jpg,Healthy Fish,fish,train,True,3,train,7.15,24.22,6.6,17.05,0.042,10.58,3.6696914095584705,0.057475587675682074,0.2729999999999999
C:\Users\Asus\PycharmProjects\AquaVision_v1\datasets\fish\New Dataset\train_split\Healthy Fish\Healthy Fish_aug_22.jpg,Healthy Fish,fish,train,True,4,train,7.07,29.08,6.26,16.31,0.057,14.31,4.645359991437713,0.07789852764662272,0.357
C:\Users\Asus\PycharmProjects\AquaVision_v1\datasets\fish\New Dataset\train_split\Healthy Fish\Healthy Fish_aug_220.jpg,Healthy Fish,fish,train,True,4,train,7.03,23.87,8.02,13.77,0.005,9.3,2.976305515828534,0.005115433163204337,0.16099999999999992
C:\Users\Asus\PycharmProjects\AquaVision_v1\datasets\fish\New Dataset\train_split\Healthy Fish\Healthy Fish_aug_223.jpg,Healthy Fish,fish,train,True,0,train,7.68,27.47,7.14,14.31,0.003,10.09,3.847333547151895,0.01577756236332344,0.06599999999999992
C:\Users\Asus\PycharmProjects\AquaVision_v1\datasets\fish\New Dataset\train_split\Healthy Fish\Healthy Fish_aug_224.jpg,Healthy Fish,fish,train,True,2,train,6.97,26.97,6.61,14.85,0.018,10.09,4.080175370385219,0.018122305314596278,0.23100000000000004
C:\Users\Asus\PycharmProjects\AquaVision_v1\datasets\fish\New Dataset\train_split\Healthy Fish\Healthy Fish_aug_225.jpg,Healthy Fish,fish,train,True,1,train,7.44,27.02,7.02,16.1,0.017,17.69,3.8489973661006185,0.05060509650365418,0.08599999999999988
C:\Users\Asus\PycharmProjects\AquaVision_v1\datasets\fish\New Dataset\train_split\Healthy Fish\Healthy Fish_aug_226.jpg,Healthy Fish,fish,train,True,3,train,6.95,24.04,6.31,16.51,0.016,6.28,3.8098196357850465,0.013712430433750561,0.22899999999999995
C:\Users\Asus\PycharmProjects\AquaVision_v1\datasets\fish\New Dataset\train_split\Healthy Fish\Healthy Fish_aug_227.jpg,Healthy Fish,fish,train,True,4,,,,,,,,,,
C:\Users\Asus\PycharmProjects\AquaVision_v1\datasets\fish\New Dataset\train_split\Healthy Fish\Healthy Fish_aug_229.jpg,Healthy Fish,fish,train,True,1,,,,,,,,,,
C:\Users\Asus\PycharmProjects\AquaVision_v1\datasets\fish\New Dataset\train_split\Healthy Fish\Healthy Fish_aug_232.jpg,Healthy Fish,fish,train,True,1,train,6.69,26.93,6.91,11.04,0.019,10.76,3.8972447217876676,0.010024205140250124,0.3189999999999999
C:\Users\Asus\PycharmProjects\AquaVision_v1\datasets\fish\New Dataset\train_split\Healthy Fish\Healthy Fish_aug_233.jpg,Healthy Fish,fish,train,True,4,train,6.84,22.35,6.32,14.86,0.017,11.24,3.5363868095145423,0.010514447096025994,0.266
C:\Users\Asus\PycharmProjects\AquaVision_v1\datasets\fish\New Dataset\train_split\Healthy Fish\Healthy Fish_aug_234.jpg,Healthy Fish,fish,train,True,4,train,7.69,25.54,6.79,15.98,0.004,13.42,3.7614083042587567,0.020014321674672205,0.07300000000000012
C:\Users\Asus\PycharmProjects\AquaVision_v1\datasets\fish\New Dataset\train_split\Healthy Fish\Healthy Fish_aug_235.jpg,Healthy Fish,fish,train,True,0,train,6.98,27.15,6.04,16.7,0.01,7.56,4.4950256704873,0.010371219484192803,0.19599999999999987
C:\Users\Asus\PycharmProjects\AquaVision_v1\datasets\fish\New Dataset\train_split\Healthy Fish\Healthy Fish_aug_236.jpg,Healthy Fish,fish,train,True,1,train,6.37,22.45,6.62,16.85,0.016,13.7,3.391233547985577,0.003368187961851665,0.40299999999999997
C:\Users\Asus\PycharmProjects\AquaVision_v1\datasets\fish\New Dataset\train_split\Healthy Fish\Healthy Fish_aug_25.jpg,Healthy Fish,fish,train,True,2,train,7.66,27.45,6.76,14.01,0.048,10.25,4.0606448807028395,0.24090375945462378,0.24000000000000005
C:\Users\Asus\PycharmProjects\AquaVision_v1\datasets\fish\New Dataset\train_split\Healthy Fish\Healthy Fish_aug_27.jpg,Healthy Fish,fish,train,True,3,val,7.48,25.62,6.79,16.48,0.053,14.01,3.7731903193073357,0.16402686572260342,0.2179999999999999
C:\Users\Asus\PycharmProjects\AquaVision_v1\datasets\fish\New Dataset\train_split\Healthy Fish\Healthy Fish_aug_28.jpg,Healthy Fish,fish,train,True,0,train,7.29,25.71,6.77,13.09,0.015,11.3,3.7976310227015917,0.03007830279586761,0.12299999999999998
C:\Users\Asus\PycharmProjects\AquaVision_v1\datasets\fish\New Dataset\train_split\Healthy Fish\Healthy Fish_aug_29.jpg,Healthy Fish,fish,train,True,1,train,7.06,26.68,6.89,14.85,0.007,19.12,3.872273044596452,0.008577166814030304,0.16000000000000011
C:\Users\Asus\PycharmProjects\AquaVision_v1\datasets\fish\New Dataset\train_split\Healthy Fish\Healthy Fish_aug_30.jpg,Healthy Fish,fish,train,True,4,val,7.08,25.89,6.34,12.19,0.011,12.31,4.083589773517708,0.013695715533387725,0.16999999999999998
C:\Users\Asus\PycharmProjects\AquaVision_v1\datasets\fish\New Dataset\train_split\Healthy Fish\Healthy Fish_aug_31.jpg,Healthy Fish,fish,train,True,4,val,7.04,28.0,6.11,13.61,0.029,11.52,4.582643890926529,0.03561361181073066,0.254
C:\Users\Asus\PycharmProjects\AquaVision_v1\datasets\fish\New Dataset\train_split\Healthy Fish\Healthy Fish_aug_35.jpg,Healthy Fish,fish,train,True,0,train,7.27,26.91,7.26,14.69,0.02,11.85,3.7066064647293877,0.04008701187807817,0.14900000000000013
C:\Users\Asus\PycharmProjects\AquaVision_v1\datasets\fish\New Dataset\train_split\Healthy Fish\Healthy Fish_aug_36.jpg,Healthy Fish,fish,train,True,0,train,6.72,24.57,4.82,12.56,0.002,14.59,5.097499797718262,0.0010315615438669524,0.596
C:\Users\Asus\PycharmProjects\AquaVision_v1\datasets\fish\New Dataset\train_split\Healthy Fish\Healthy Fish_aug_41.jpg,Healthy Fish,fish,train,True,4,train,6.99,26.13,6.38,14.45,0.02,14.82,4.095604865823095,0.020428166866860276,0.23299999999999996
C:\Users\Asus\PycharmProjects\AquaVision_v1\datasets\fish\New Dataset\train_split\Healthy Fish\Healthy Fish_aug_42.jpg,Healthy Fish,fish,train,True,2,train,7.84,24.83,6.38,15.62,0.078,11.36,3.891843429712493,0.5359586858470162,0.41400000000000003
C:\Users\Asus\PycharmProjects\AquaVision_v1\datasets\fish\New Dataset\train_split\Healthy Fish\Healthy Fish_aug_45.jpg,Healthy Fish,fish,train,True,3,val,7.27,27.01,6.65,13.71,0.006,16.85,4.061648027596951,0.012070793654703359,0.09300000000000014
C:\Users\Asus\PycharmProjects\AquaVision_v1\datasets\fish\New Dataset\train_split\Healthy Fish\Healthy Fish_aug_46.jpg,Healthy Fish,fish,train,True,2,train,6.84,24.81,5.9,15.64,0.032,11.67,4.205077618512511,0.021970337777278477,0.356
C:\Users\Asus\PycharmProjects\AquaVision_v1\datasets\fish\New Dataset\train_split\Healthy Fish\Healthy Fish_aug_47.jpg,Healthy Fish,fish,train,True,2,train,7.36,25.21,6.29,13.99,0.009,11.95,4.007942753668119,0.020790998469459216,0.0779999999999999
C:\Users\Asus\PycharmProjects\AquaVision_v1\datasets\fish\New Dataset\train_split\Healthy Fish\Healthy Fish_aug_48.jpg,Healthy Fish,fish,train,True,0,train,6.88,23.69,7.59,13.07,0.003,11.51,3.121208008948605,0.002156484330292963,0.19800000000000004
C:\Users\Asus\PycharmProjects\AquaVision_v1\datasets\fish\New Dataset\train_split\Healthy Fish\Healthy Fish_aug_51.jpg,Healthy Fish,fish,train,True,1,train,7.11,26.63,7.26,16.54,0.009,15.51,3.6680390247396355,0.012350190802171744,0.15299999999999989
C:\Users\Asus\PycharmProjects\AquaVision_v1\datasets\fish\New Dataset\train_split\Healthy Fish\Healthy Fish_aug_52.jpg,Healthy Fish,fish,train,True,1,train,7.5,26.53,7.19,14.56,0.007,10.78,3.6898418778277082,0.023490663370794796,0.028000000000000004
C:\Users\Asus\PycharmProjects\AquaVision_v1\datasets\fish\New Dataset\train_split\Healthy Fish\Healthy Fish_aug_54.jpg,Healthy Fish,fish,train,True,4,train,7.13,25.8,6.04,17.11,0.012,12.77,4.271516106761413,0.016705556338015036,0.15900000000000003
C:\Users\Asus\PycharmProjects\AquaVision_v1\datasets\fish\New Dataset\train_split\Healthy Fish\Healthy Fish_aug_55.jpg,Healthy Fish,fish,train,True,1,train,7.11,25.98,6.97,16.4,0.008,12.37,3.7273978086114656,0.010709991472956048,0.1489999999999999
C:\Users\Asus\PycharmProjects\AquaVision_v1\datasets\fish\New Dataset\train_split\Healthy Fish\Healthy Fish_aug_56.jpg,Healthy Fish,fish,train,True,1,train,7.23,25.19,6.96,16.49,0.003,8.16,3.6192476734947223,0.005133450912661365,0.09299999999999986
C:\Users\Asus\PycharmProjects\AquaVision_v1\datasets\fish\New Dataset\train_split\Healthy Fish\Healthy Fish_aug_57.jpg,Healthy Fish,fish,train,True,1,train,7.13,24.86,6.01,14.72,0.0,15.51,4.136432385303852,0.0,0.11100000000000003
C:\Users\Asus\PycharmProjects\AquaVision_v1\datasets\fish\New Dataset\train_split\Healthy Fish\Healthy Fish_aug_59.jpg,Healthy Fish,fish,train,True,1,train,5.58,26.83,6.84,15.24,0.032,8.14,3.922508885220928,0.0013056616324199242,0.704
C:\Users\Asus\PycharmProjects\AquaVision_v1\datasets\fish\New Dataset\train_split\Healthy Fish\Healthy Fish_aug_6.jpg,Healthy Fish,fish,train,True,4,train,7.83,27.33,6.46,15.01,0.008,10.43,4.230643605814851,0.059127512695881165,0.131
C:\Users\Asus\PycharmProjects\AquaVision_v1\datasets\fish\New Dataset\train_split\Healthy Fish\Healthy Fish_aug_60.jpg,Healthy Fish,fish,train,True,3,train,6.97,26.98,5.96,17.67,0.014,15.52,4.52683804221805,0.014100352579881568,0.2270000000000001
C:\Users\Asus\PycharmProjects\AquaVision_v1\datasets\fish\New Dataset\train_split\Healthy Fish\Healthy Fish_aug_62.jpg,Healthy Fish,fish,train,True,2,train,7.2,24.95,5.73,16.41,0.001,12.97,4.354268142638494,0.001581723406076192,0.17499999999999982
C:\Users\Asus\PycharmProjects\AquaVision_v1\datasets\fish\New Dataset\train_split\Healthy Fish\Healthy Fish_aug_69.jpg,Healthy Fish,fish,train,True,0,train,6.86,24.9,6.07,13.55,0.004,10.93,4.102134922347739,0.0028861528649387624,0.2079999999999999
C:\Users\Asus\PycharmProjects\AquaVision_v1\datasets\fish\New Dataset\train_split\Healthy Fish\Healthy Fish_aug_70.jpg,Healthy Fish,fish,train,True,3,train,7.07,25.66,6.58,14.37,0.006,15.48,3.8996901220514864,0.007235489102339604,0.1529999999999999
C:\Users\Asus\PycharmProjects\AquaVision_v1\datasets\fish\New Dataset\train_split\Healthy Fish\Healthy Fish_aug_72.jpg,Healthy Fish,fish,train,True,2,train,7.36,26.91,6.28,12.01,0.0,10.79,4.285025023845503,0.0,0.041999999999999905
C:\Users\Asus\PycharmProjects\AquaVision_v1\datasets\fish\New Dataset\train_split\Healthy Fish\Healthy Fish_aug_74.jpg,Healthy Fish,fish,train,True,0,train,7.46,25.87,6.38,14.17,0.009,11.75,4.054852578600975,0.0268595621949187,0.04800000000000001
C:\Users\Asus\PycharmProjects\AquaVision_v1\datasets\fish\New Dataset\train_split\Healthy Fish\Healthy Fish_aug_78.jpg,Healthy Fish,fish,train,True,2,train,7.36,25.48,5.66,14.05,0.018,10.71,4.5017588308147864,0.04202734161061649,0.21599999999999986
C:\Users\Asus\PycharmProjects\AquaVision_v1\datasets\fish\New Dataset\train_split\Healthy Fish\Healthy Fish_aug_83.jpg,Healthy Fish,fish,train,True,0,val,7.01,27.14,5.94,18.12,0.059,11.85,4.569015877077648,0.06554232547277919,0.4009999999999999
C:\Users\Asus\PycharmProjects\AquaVision_v1\datasets\fish\New Dataset\train_split\Healthy Fish\Healthy Fish_aug_84.jpg,Healthy Fish,fish,train,True,3,train,5.62,24.29,8.8,14.22,0.029,20.78,2.760224136108936,0.0011745878496413561,0.6799999999999999
C:\Users\Asus\PycharmProjects\AquaVision_v1\datasets\fish\New Dataset\train_split\Healthy Fish\Healthy Fish_aug_85.jpg,Healthy Fish,fish,train,True,0,train,7.28,23.59,6.75,12.67,0.016,16.22,3.494809637319056,0.02876788373552194,0.12999999999999992
C:\Users\Asus\PycharmProjects\AquaVision_v1\datasets\fish\New Dataset\train_split\Healthy Fish\Healthy Fish_aug_87.jpg,Healthy Fish,fish,train,True,1,train,7.64,24.81,6.51,16.51,0.024,11.68,3.8110540536804094,0.1039675948596337,0.1379999999999999
C:\Users\Asus\PycharmProjects\AquaVision_v1\datasets\fish\New Dataset\train_split\Healthy Fish\Healthy Fish_aug_9.jpg,Healthy Fish,fish,train,True,0,train,7.55,25.45,6.33,16.72,0.045,13.1,4.020530773253123,0.16254001360790085,0.19499999999999995
C:\Users\Asus\PycharmProjects\AquaVision_v1\datasets\fish\New Dataset\train_split\Healthy Fish\Healthy Fish_aug_92.jpg,Healthy Fish,fish,train,True,2,train,6.69,28.51,6.74,15.8,0.0,12.73,4.229964050498442,0.0,0.24299999999999988
C:\Users\Asus\PycharmProjects\AquaVision_v1\datasets\fish\New Dataset\train_split\Healthy Fish\Healthy Fish_aug_93.jpg,Healthy Fish,fish,train,True,3,train,6.99,25.93,5.33,15.86,0.001,8.82,4.864906444828434,0.0010135904455753672,0.35799999999999993
C:\Users\Asus\PycharmProjects\AquaVision_v1\datasets\fish\New Dataset\train_split\Healthy Fish\Healthy Fish_aug_94.jpg,Healthy Fish,fish,train,True,0,train,6.72,26.33,5.78,18.86,0.002,11.69,4.555355440561521,0.0011054544342701202,0.308
C:\Users\Asus\PycharmProjects\AquaVision_v1\datasets\fish\New Dataset\train_split\Healthy Fish\Healthy Fish_aug_96.jpg,Healthy Fish,fish,train,True,0,train,7.21,28.08,7.02,16.71,0.006,11.66,3.999994302002419,0.0109297026081213,0.11100000000000002
C:\Users\Asus\PycharmProjects\AquaVision_v1\datasets\fish\New Dataset\train_split\Healthy Fish\Healthy Fish_aug_97.jpg,Healthy Fish,fish,train,True,3,train,7.52,25.65,7.02,15.62,0.01,16.84,3.6538409489445174,0.033974053064113816,0.04599999999999988
C:\Users\Asus\PycharmProjects\AquaVision_v1\datasets\fish\New Dataset\train_split\Parasitic diseases\Parasitic diseases_1.jpeg,Parasitic diseases,fish,train,False,4,train,5.02,34.46,4.29,22.54,0.638,47.21,8.032615308589024,0.009208649500240829,3.809
C:\Users\Asus\PycharmProjects\AquaVision_v1\datasets\fish\New Dataset\train_split\Parasitic diseases\Parasitic diseases_10.jpg,Parasitic diseases,fish,train,False,3,train,5.41,31.4,4.49,33.38,0.46,51.51,6.993302910238508,0.014850718674525394,2.92
C:\Users\Asus\PycharmProjects\AquaVision_v1\datasets\fish\New Dataset\train_split\Parasitic diseases\Parasitic diseases_101.jpg,Parasitic diseases,fish,train,False,2,train,5.86,30.86,2.48,26.67,0.032,43.65,12.443498211700758,0.002861579997173019,1.676
C:\Users\Asus\PycharmProjects\AquaVision_v1\datasets\fish\New Dataset\train_split\Parasitic diseases\Parasitic diseases_106.jpg,Parasitic diseases,fish,train,False,3,train,6.06,32.26,1.9,27.55,0.077,46.32,16.978858006010494,0.011408146235482737,1.97
C:\Users\Asus\PycharmProjects\AquaVision_v1\datasets\fish\New Dataset\train_split\Parasitic diseases\Parasitic diseases_109.jpg,Parasitic diseases,fish,train,False,4,val,5.15,31.89,3.72,29.97,0.212,48.48,8.57255760065161,0.003819885730872068,2.237
C:\Users\Asus\PycharmProjects\AquaVision_v1\datasets\fish\New Dataset\train_split\Parasitic diseases\Parasitic diseases_110.jpg,Parasitic diseases,fish,train,False,3,train,6.63,32.72,1.94,24.43,0.529,60.87,16.865892443853383,0.2953445480557804,3.5950000000000006
C:\Users\Asus\PycharmProjects\AquaVision_v1\datasets\fish\New Dataset\train_split\Parasitic diseases\Parasitic diseases_111.jpg,Parasitic diseases,fish,train,False,1,val,4.03,30.65,3.11,27.63,0.259,45.55,9.855273777254736,0.0003402438110693183,2.944
C:\Users\Asus\PycharmProjects\AquaVision_v1\datasets\fish\New Dataset\train_split\Parasitic diseases\Parasitic diseases_112.jpg,Parasitic diseases,fish,train,False,2,train,6.77,34.56,3.09,22.45,0.103,39.76,11.184429823851703,0.08384379932384724,1.504
C:\Users\Asus\PycharmProjects\AquaVision_v1\datasets\fish\New Dataset\train_split\Parasitic diseases\Parasitic diseases_115.jpg,Parasitic diseases,fish,train,False,1,train,5.99,32.26,2.39,24.92,0.443,33.92,13.497851473424795,0.05586349210951707,3.308
C:\Users\Asus\PycharmProjects\AquaVision_v1\datasets\fish\New Dataset\train_split\Parasitic diseases\Parasitic diseases_116.jpg,Parasitic diseases,fish,train,False,4,train,6.55,39.21,3.83,26.93,0.598,53.69,10.237571181276289,0.3327806131650158,3.328
C:\Users\Asus\PycharmProjects\AquaVision_v1\datasets\fish\New Dataset\train_split\Parasitic diseases\Parasitic diseases_117.jpg,Parasitic diseases,fish,train,False,3,train,6.2,31.23,3.11,22.21,0.141,50.02,10.04176835444259,0.027915864921916177,1.821
C:\Users\Asus\PycharmProjects\AquaVision_v1\datasets\fish\New Dataset\train_split\Parasitic diseases\Parasitic diseases_118.jpg,Parasitic diseases,fish,train,False,3,train,6.2,27.6,3.03,24.15,0.385,44.48,9.108880828776144,0.0673643002523672,2.8209999999999997
C:\Users\Asus\PycharmProjects\AquaVision_v1\datasets\fish\New Dataset\train_split\Parasitic diseases\Parasitic diseases_125.jpg,Parasitic diseases,fish,train,False,4,val,6.59,30.24,3.24,29.63,0.209,51.99,9.333304526837878,0.09835310254348208,1.9369999999999998
C:\Users\Asus\PycharmProjects\AquaVision_v1\datasets\fish\New Dataset\train_split\Parasitic diseases\Parasitic diseases_127.jpg,Parasitic diseases,fish,train,False,1,val,5.09,29.99,3.05,24.92,0.195,38.7,9.832754646706077,0.002877869314059738,2.388
C:\Users\Asus\PycharmProjects\AquaVision_v1\datasets\fish\New Dataset\train_split\Parasitic diseases\Parasitic diseases_13.jpg,Parasitic diseases,fish,train,False,0,train,5.17,34.76,4.15,26.88,0.162,44.68,8.375883431606189,0.0033316147307127014,1.9019999999999997
C:\Users\Asus\PycharmProjects\AquaVision_v1\datasets\fish\New Dataset\train_split\Parasitic diseases\Parasitic diseases_135.jpg,Parasitic diseases,fish,train,False,3,train,6.26,31.37,2.86,22.27,0.207,66.92,10.968493117156934,0.04726556519384478,2.142
C:\Users\Asus\PycharmProjects\AquaVision_v1\datasets\fish\New Dataset\train_split\Parasitic diseases\Parasitic diseases_138.jpg,Parasitic diseases,fish,train,False,2,train,5.06,30.0,3.54,24.7,0.094,47.66,8.474552331773074,0.0012951172850484826,1.846
C:\Users\Asus\PycharmProjects\AquaVision_v1\datasets\fish\New Dataset\train_split\Parasitic diseases\Parasitic diseases_140.jpg,Parasitic diseases,fish,train,False,2,train,6.48,29.53,3.26,28.73,1.282,51.19,9.058254422532446,0.45731080582820255,6.256
C:\Users\Asus\PycharmProjects\AquaVision_v1\datasets\fish\New Dataset\train_split\Parasitic diseases\Parasitic diseases_141.jpg,Parasitic diseases,fish,train,False,2,train,5.95,31.29,4.24,30.58,0.377,37.71,7.379699576180245,0.042053960716141,2.501
C:\Users\Asus\PycharmProjects\AquaVision_v1\datasets\fish\New Dataset\train_split\Parasitic diseases\Parasitic diseases_142.jpg,Parasitic diseases,fish,train,False,4,train,6.53,30.62,3.46,23.66,0.859,57.69,8.84968540553351,0.3564990209753549,4.489
C:\Users\Asus\PycharmProjects\AquaVision_v1\datasets\fish\New Dataset\train_split\Parasitic diseases\Parasitic diseases_144.jpg,Parasitic diseases,fish,train,False,0,train,4.43,30.78,4.11,22.54,0.035,48.7,7.489032873399335,0.0001159836177708186,1.6279999999999997
C:\Users\Asus\PycharmProjects\AquaVision_v1\datasets\fish\New Dataset\train_split\Parasitic diseases\Parasitic diseases_147.jpg,Parasitic diseases,fish,train,False,2,train,6.29,31.5,1.57,24.09,0.313,54.75,20.063566474098888,0.0768979713252578,2.944
C:\Users\Asus\PycharmProjects\AquaVision_v1\datasets\fish\New Dataset\train_split\Parasitic diseases\Parasitic diseases_15.jpg,Parasitic diseases,fish,train,False,0,train,7.11,30.14,5.2,28.1,0.09,46.99,5.796142699725578,0.13978022935691192,0.7169999999999999
C:\Users\Asus\PycharmProjects\AquaVision_v1\datasets\fish\New Dataset\train_split\Parasitic diseases\Parasitic diseases_150.jpg,Parasitic diseases,fish,train,False,3,train,5.26,34.99,2.39,27.09,0.103,45.96,14.640106108342643,0.0026232589213618478,2.167
C:\Users\Asus\PycharmProjects\AquaVision_v1\datasets\fish\New Dataset\train_split\Parasitic diseases\Parasitic diseases_151.jpg,Parasitic diseases,fish,train,False,4,train,5.97,30.2,2.89,28.89,0.005,40.26,10.449790831173594,0.0005636855976813822,1.412
C:\Users\Asus\PycharmProjects\AquaVision_v1\datasets\fish\New Dataset\train_split\Parasitic diseases\Parasitic diseases_153.jpg,Parasitic diseases,fish,train,False,4,train,7.13,31.43,3.78,30.22,0.78,38.86,8.314792818008419,1.3228145860754967,3.8970000000000007
C:\Users\Asus\PycharmProjects\AquaVision_v1\datasets\fish\New Dataset\train_split\Parasitic diseases\Parasitic diseases_154.jpg,Parasitic diseases,fish,train,False,0,train,5.42,34.16,4.35,25.11,0.657,57.32,7.852855510676988,0.02361256806970683,3.7470000000000003
C:\Users\Asus\PycharmProjects\AquaVision_v1\datasets\fish\New Dataset\train_split\Parasitic diseases\Parasitic diseases_155.jpg,Parasitic diseases,fish,train,False,4,train,6.43,31.41,2.03,29.84,0.086,34.0,15.472830183102547,0.029082141217822457,1.856
C:\Users\Asus\PycharmProjects\AquaVision_v1\datasets\fish\New Dataset\train_split\Parasitic diseases\Parasitic diseases_156.jpg,Parasitic diseases,fish,train,False,4,train,6.11,34.43,2.07,23.68,1.233,41.11,16.63276989000053,0.21875605894356717,6.528000000000001
C:\Users\Asus\PycharmProjects\AquaVision_v1\datasets\fish\New Dataset\train_split\Parasitic diseases\Parasitic diseases_157.jpg,Parasitic diseases,fish,train,False,0,train,5.74,31.99,3.49,24.63,0.067,33.33,9.166162847670922,0.004711389764661051,1.549
C:\Users\Asus\PycharmProjects\AquaVision_v1\datasets\fish\New Dataset\train_split\Parasitic diseases\Parasitic diseases_161.jpg,Parasitic diseases,fish,train,False,2,train,7.39,31.09,4.65,23.32,0.122,57.0,6.686007126866394,0.37242647292059994,0.9259999999999999
C:\Users\Asus\PycharmProjects\AquaVision_v1\datasets\fish\New Dataset\train_split\Parasitic diseases\Parasitic diseases_162.jpg,Parasitic diseases,fish,train,False,4,train,5.24,29.04,2.83,23.32,0.248,26.88,10.261447839406927,0.005006201017834683,2.621
C:\Users\Asus\PycharmProjects\AquaVision_v1\datasets\fish\New Dataset\train_split\Parasitic diseases\Parasitic diseases_164.jpg,Parasitic diseases,fish,train,False,2,train,6.11,27.5,4.51,25.99,0.069,54.41,6.09754745554888,0.009777814097350897,1.14
C:\Users\Asus\PycharmProjects\AquaVision_v1\datasets\fish\New Dataset\train_split\Parasitic diseases\Parasitic diseases_165.jpg,Parasitic diseases,fish,train,False,4,train,6.24,30.52,3.43,29.31,0.052,46.55,8.897933242177135,0.01103183770903364,1.3569999999999998
C:\Users\Asus\PycharmProjects\AquaVision_v1\datasets\fish\New Dataset\train_split\Parasitic diseases\Parasitic diseases_171.jpg,Parasitic diseases,fish,train,False,1,train,6.22,31.28,3.39,28.29,0.106,50.95,9.227111424450076,0.022010636469010275,1.591
C:\Users\Asus\PycharmProjects\AquaVision_v1\datasets\fish\New Dataset\train_split\Parasitic diseases\Parasitic diseases_173.jpg,Parasitic diseases,fish,train,False,3,train,4.0,33.07,4.13,29.23,0.112,23.67,8.007244534516866,0.0001481536,2.059
C:\Users\Asus\PycharmProjects\AquaVision_v1\datasets\fish\New Dataset\train_split\Parasitic diseases\Parasitic diseases_175.jpg,Parasitic diseases,fish,train,False,4,train,6.18,30.44,3.5,28.05,0.015,26.94,8.697118008234263,0.0027643682641438887,1.206
C:\Users\Asus\PycharmProjects\AquaVision_v1\datasets\fish\New Dataset\train_split\Parasitic diseases\Parasitic diseases_176.jpg,Parasitic diseases,fish,train,False,0,train,6.7,27.67,2.58,26.61,0.004,54.94,10.724764632695223,0.002218856120714661,1.282
C:\Users\Asus\PycharmProjects\AquaVision_v1\datasets\fish\New Dataset\train_split\Parasitic diseases\Parasitic diseases_178.jpg,Parasitic diseases,fish,train,False,0,train,5.35,32.96,2.68,27.6,0.222,39.98,12.298461572904579,0.006552396486976463,2.5290000000000004
C:\Users\Asus\PycharmProjects\AquaVision_v1\datasets\fish\New Dataset\train_split\Parasitic diseases\Parasitic diseases_179.jpg,Parasitic diseases,fish,train,False,3,val,6.99,30.84,2.23,30.59,0.019,45.42,13.829534396706741,0.022904876879650683,1.3599999999999999
C:\Users\Asus\PycharmProjects\AquaVision_v1\datasets\fish\New Dataset\train_split\Parasitic diseases\Parasitic diseases_180.jpg,Parasitic diseases,fish,train,False,2,train,8.45,38.11,1.73,29.41,0.01,33.27,22.028774400147974,0.42963429404195264,1.6059999999999997
C:\Users\Asus\PycharmProjects\AquaVision_v1\datasets\fish\New Dataset\train_split\Parasitic diseases\Parasitic diseases_181.jpg,Parasitic diseases,fish,train,False,1,train,5.45,28.16,3.52,25.92,0.154,19.22,7.999977272791838,0.004888924862015475,1.9749999999999999
C:\Users\Asus\PycharmProjects\AquaVision_v1\datasets\fish\New Dataset\train_split\Parasitic diseases\Parasitic diseases_182.jpg,Parasitic diseases,fish,train,False,0,train,6.91,31.93,2.02,19.08,0.529,42.47,15.806852441324548,0.5491798345444928,3.487
C:\Users\Asus\PycharmProjects\AquaVision_v1\datasets\fish\New Dataset\train_split\Parasitic diseases\Parasitic diseases_183.jpg,Parasitic diseases,fish,train,False,1,train,6.33,33.36,3.19,32.53,0.308,31.75,10.457647468189755,0.08786921565673879,2.426
C:\Users\Asus\PycharmProjects\AquaVision_v1\datasets\fish\New Dataset\train_split\Parasitic diseases\Parasitic diseases_184.jpg,Parasitic diseases,fish,train,False,3,train,4.89,34.31,3.27,29.57,0.326,58.02,10.492322653447543,0.003472948229727564,2.906
C:\Users\Asus\PycharmProjects\AquaVision_v1\datasets\fish\New Dataset\train_split\Parasitic diseases\Parasitic diseases_185.jpg,Parasitic diseases,fish,train,False,3,train,5.39,33.05,2.42,35.93,0.078,47.32,13.656968359634876,0.0025311976454977735,2.019
C:\Users\Asus\PycharmProjects\AquaVision_v1\datasets\fish\New Dataset\train_split\Parasitic diseases\Parasitic diseases_186.jpg,Parasitic diseases,fish,train,False,0,train,7.37,27.94,4.02,24.02,0.41,36.23,6.950231467085905,1.0741631508406337,2.2729999999999997
C:\Users\Asus\PycharmProjects\AquaVision_v1\datasets\fish\New Dataset\train_split\Parasitic diseases\Parasitic diseases_187.jpg,Parasitic diseases,fish,train,False,4,train,5.47,33.73,4.04,24.25,0.126,60.99,8.34898923517516,0.005017032075659039,1.701
C:\Users\Asus\PycharmProjects\AquaVision_v1\datasets\fish\New Dataset\train_split\Parasitic diseases\Parasitic diseases_188.jpg,Parasitic diseases,fish,train,False,0,train,6.39,28.87,3.41,28.96,0.593,56.15,8.466250832108997,0.16809758285090112,3.482
C:\Users\Asus\PycharmProjects\AquaVision_v1\datasets\fish\New Dataset\train_split\Parasitic diseases\Parasitic diseases_19.jpg,Parasitic diseases,fish,train,False,2,train,5.92,33.87,3.83,31.14,0.011,33.51,8.843318946947917,0.0012395609127988881,1.169
C:\Users\Asus\PycharmProjects\AquaVision_v1\datasets\fish\New Dataset\train_split\Parasitic diseases\Parasitic diseases_191.jpg,Parasitic diseases,fish,train,False,1,train,6.41,28.8,2.17,27.71,0.327,37.79,13.271828240422856,0.09682783729521625,2.784
C:\Users\Asus\PycharmProjects\AquaVision_v1\datasets\fish\New Dataset\train_split\Parasitic diseases\Parasitic diseases_193.jpg,Parasitic diseases,fish,train,False,2,train,5.38,28.93,2.03,26.15,0.021,49.55,14.251161324328452,0.0005829451853167643,1.911
C:\Users\Asus\PycharmProjects\AquaVision_v1\datasets\fish\New Dataset\train_split\Parasitic diseases\Parasitic diseases_195.jpg,Parasitic diseases,fish,train,False,0,train,6.88,25.24,4.19,25.82,0.01,25.26,6.023851971713671,0.007658599197494636,0.7689999999999999
C:\Users\Asus\PycharmProjects\AquaVision_v1\datasets\fish\New Dataset\train_split\Parasitic diseases\Parasitic diseases_196.jpg,Parasitic diseases,fish,train,False,0,train,5.41,31.03,3.62,21.56,0.026,35.8,8.571799525415676,0.0008294975638489059,1.4449999999999998
C:\Users\Asus\PycharmProjects\AquaVision_v1\datasets\fish\New Dataset\train_split\Parasitic diseases\Parasitic diseases_198.jpg,Parasitic diseases,fish,train,False,2,val,5.61,30.13,3.72,26.63,0.09,52.91,8.099440592901631,0.004418772397285653,1.6109999999999998
C:\Users\Asus\PycharmProjects\AquaVision_v1\datasets\fish\New Dataset\train_split\Parasitic diseases\Parasitic diseases_199.jpg,Parasitic diseases,fish,train,False,2,train,7.01,29.36,2.15,21.03,0.06,55.75,13.655750438370054,0.07210531740807101,1.542
C:\Users\Asus\PycharmProjects\AquaVision_v1\datasets\fish\New Dataset\train_split\Parasitic diseases\Parasitic diseases_20.jpg,Parasitic diseases,fish,train,False,2,train,6.0,33.53,3.06,37.38,0.515,33.54,10.957480531109375,0.0690718,3.392
C:\Users\Asus\PycharmProjects\AquaVision_v1\datasets\fish\New Dataset\train_split\Parasitic diseases\Parasitic diseases_203.jpg,Parasitic diseases,fish,train,False,4,train,7.78,29.53,3.47,30.04,0.452,39.27,8.51006193065726,3.2170800914810638,2.6510000000000002
C:\Users\Asus\PycharmProjects\AquaVision_v1\datasets\fish\New Dataset\train_split\Parasitic diseases\Parasitic diseases_204.jpg,Parasitic diseases,fish,train,False,1,train,7.34,33.14,4.69,25.48,0.029,30.48,7.0660830147483695,0.08410280745251826,0.5569999999999999
C:\Users\Asus\PycharmProjects\AquaVision_v1\datasets\fish\New Dataset\train_split\Parasitic diseases\Parasitic diseases_205.jpg,Parasitic diseases,fish,train,False,2,train,6.72,35.34,2.42,22.64,0.238,60.28,14.603245441134542,0.1765645425425606,2.26
C:\Users\Asus\PycharmProjects\AquaVision_v1\datasets\fish\New Dataset\train_split\Parasitic diseases\Parasitic diseases_206.jpg,Parasitic diseases,fish,train,False,2,val,6.08,29.9,2.08,34.32,0.264,47.51,14.374930889755337,0.03796077816438405,2.658
C:\Users\Asus\PycharmProjects\AquaVision_v1\datasets\fish\New Dataset\train_split\Parasitic diseases\Parasitic diseases_207.jpg,Parasitic diseases,fish,train,False,0,val,6.09,30.07,2.33,27.39,0.255,49.17,12.905524010626563,0.03773406557709487,2.544
C:\Users\Asus\PycharmProjects\AquaVision_v1\datasets\fish\New Dataset\train_split\Parasitic diseases\Parasitic diseases_21.jpeg,Parasitic diseases,fish,train,False,2,train,6.38,33.88,3.25,34.71,0.583,45.52,10.424583308974434,0.1895273750791589,3.4930000000000003
C:\Users\Asus\PycharmProjects\AquaVision_v1\datasets\fish\New Dataset\train_split\Parasitic diseases\Parasitic diseases_214.jpg,Parasitic diseases,fish,train,False,2,val,6.64,28.52,2.76,29.13,0.028,49.56,10.333295893855457,0.013943363319748268,1.342
C:\Users\Asus\PycharmProjects\AquaVision_v1\datasets\fish\New Dataset\train_split\Parasitic diseases\Parasitic diseases_215.jpg,Parasitic diseases,fish,train,False,2,train,6.52,32.15,3.21,25.46,0.3,65.0,10.015545122912389,0.12775038666798352,2.3310000000000004
C:\Users\Asus\PycharmProjects\AquaVision_v1\datasets\fish\New Dataset\train_split\Parasitic diseases\Parasitic diseases_216.jpg,Parasitic diseases,fish,train,False,1,train,6.41,33.57,2.9,25.97,0.011,37.52,11.575822152337405,0.003796680202812234,1.301
C:\Users\Asus\PycharmProjects\AquaVision_v1\datasets\fish\New Dataset\train_split\Parasitic diseases\Parasitic diseases_218.jpg,Parasitic diseases,fish,train,False,1,train,6.82,29.81,2.56,35.77,0.264,59.64,11.644485763727484,0.2079820689947241,2.292
C:\Users\Asus\PycharmProjects\AquaVision_v1\datasets\fish\New Dataset\train_split\Parasitic diseases\Parasitic diseases_22.jpg,Parasitic diseases,fish,train,False,4,train,6.89,34.9,2.66,28.4,0.061,45.39,13.12025142762621,0.06610209946363282,1.429
C:\Users\Asus\PycharmProjects\AquaVision_v1\datasets\fish\New Dataset\train_split\Parasitic diseases\Parasitic diseases_220.jpg,Parasitic diseases,fish,train,False,4,train,6.17,27.43,3.49,19.49,0.066,45.94,7.859576333592167,0.010710992975087834,1.416
C:\Users\Asus\PycharmProjects\AquaVision_v1\datasets\fish\New Dataset\train_split\Parasitic diseases\Parasitic diseases_222.jpg,Parasitic diseases,fish,train,False,2,train,5.75,29.63,2.41,33.08,0.138,48.28,12.294554794378445,0.009197519752895306,2.154
C:\Users\Asus\PycharmProjects\AquaVision_v1\datasets\fish\New Dataset\train_split\Parasitic diseases\Parasitic diseases_231.jpg,Parasitic diseases,fish,train,False,3,train,7.71,29.49,4.6,27.75,0.209,38.06,6.410855628574721,1.2643899930824871,1.319
C:\Users\Asus\PycharmProjects\AquaVision_v1\datasets\fish\New Dataset\train_split\Parasitic diseases\Parasitic diseases_238.jpg,Parasitic diseases,fish,train,False,0,train,5.83,28.69,3.18,29.4,0.438,20.29,9.021984207596832,0.03398322962812092,3.099
C:\Users\Asus\PycharmProjects\AquaVision_v1\datasets\fish\New Dataset\train_split\Parasitic diseases\Parasitic diseases_239.jpg,Parasitic diseases,fish,train,False,1,train,6.73,29.76,2.13,31.76,0.467,35.12,13.971765390772815,0.2985449977364028,3.2600000000000002
C:\Users\Asus\PycharmProjects\AquaVision_v1\datasets\fish\New Dataset\train_split\Parasitic diseases\Parasitic diseases_240.jpg,Parasitic diseases,fish,train,False,4,train,4.3,30.62,3.37,26.35,0.008,36.47,9.086026450960086,1.9550378266991068e-05,1.781
C:\Users\Asus\PycharmProjects\AquaVision_v1\datasets\fish\New Dataset\train_split\Parasitic diseases\Parasitic diseases_242.jpg,Parasitic diseases,fish,train,False,1,train,6.12,33.72,3.11,28.06,0.061,32.62,10.842408866852518,0.01084619460268578,1.525
C:\Users\Asus\PycharmProjects\AquaVision_v1\datasets\fish\New Dataset\train_split\Parasitic diseases\Parasitic diseases_243.jpg,Parasitic diseases,fish,train,False,1,train,6.49,32.98,3.4,24.38,0.221,58.07,9.699971470672144,0.09009546193403968,1.9669999999999999
C:\Users\Asus\PycharmProjects\AquaVision_v1\datasets\fish\New Dataset\train_split\Parasitic diseases\Parasitic diseases_244.jpg,Parasitic diseases,fish,train,False,2,val,5.34,35.71,1.96,32.61,0.007,51.76,18.21929479951633,0.00021874990925546784,1.888
C:\Users\Asus\PycharmProjects\AquaVision_v1\datasets\fish\New Dataset\train_split\Parasitic diseases\Parasitic diseases_245.jpg,Parasitic diseases,fish,train,False,2,val,6.0,28.74,2.55,30.6,0.197,27.93,11.270544037082207,0.022647120000000003,2.2729999999999997
C:\Users\Asus\PycharmProjects\AquaVision_v1\datasets\fish\New Dataset\train_split\Parasitic diseases\Parasitic diseases_25.jpg,Parasitic diseases,fish,train,False,3,train,5.52,33.87,2.73,30.04,0.382,57.57,12.406547961362778,0.017137148137292255,3.103
C:\Users\Asus\PycharmProjects\AquaVision_v1\datasets\fish\New Dataset\train_split\Parasitic diseases\Parasitic diseases_26.jpg,Parasitic diseases,fish,train,False,0,train,6.77,29.53,3.39,28.98,0.336,33.78,8.710888758440241,0.23370215423722304,2.346
C:\Users\Asus\PycharmProjects\AquaVision_v1\datasets\fish\New Dataset\train_split\Parasitic diseases\Parasitic diseases_27.jpg,Parasitic diseases,fish,train,False,0,val,5.84,37.1,2.53,32.72,0.17,43.53,14.663973660183162,0.017453511734342925,2.2190000000000003
C:\Users\Asus\PycharmProjects\AquaVision_v1\datasets\fish\New Dataset\train_split\Parasitic diseases\Parasitic diseases_28.jpg,Parasitic diseases,fish,train,False,2,train,6.26,29.71,1.77,23.99,0.242,30.18,16.78521590273501,0.05233328650900491,2.609
C:\Users\Asus\PycharmProjects\AquaVision_v1\datasets\fish\New Dataset\train_split\Parasitic diseases\Parasitic diseases_3.png,Parasitic diseases,fish,train,False,4,train,6.57,32.47,3.33,33.84,0.216,54.55,9.750721469304896,0.10423079039910414,1.944
C:\Users\Asus\PycharmProjects\AquaVision_v1\datasets\fish\New Dataset\train_split\Parasitic diseases\Parasitic diseases_32.png,Parasitic diseases,fish,train,False,1,val,6.32,38.74,3.22,28.57,0.182,57.57,12.031018537209512,0.058923833775559875,1.916
C:\Users\Asus\PycharmProjects\AquaVision_v1\datasets\fish\New Dataset\train_split\Parasitic diseases\Parasitic diseases_33.jpg,Parasitic diseases,fish,train,False,3,train,6.18,27.24,2.75,30.07,0.413,32.74,9.905418525750814,0.06811098268902856,3.023
C:\Users\Asus\PycharmProjects\AquaVision_v1\datasets\fish\New Dataset\train_split\Parasitic diseases\Parasitic diseases_35.jpg,Parasitic diseases,fish,train,False,2,train,6.37,33.64,4.35,31.59,0.183,43.36,7.733315555596425,0.057725415578269136,1.5660000000000003
C:\Users\Asus\PycharmProjects\AquaVision_v1\datasets\fish\New Dataset\train_split\Parasitic diseases\Parasitic diseases_36.jpg,Parasitic diseases,fish,train,False,0,train,6.17,27.72,2.73,30.5,0.187,52.87,10.153808960406737,0.030668661620976978,2.128
C:\Users\Asus\PycharmProjects\AquaVision_v1\datasets\fish\New Dataset\train_split\Parasitic diseases\Parasitic diseases_37.jpg,Parasitic diseases,fish,train,False,3,train,5.63,34.28,3.89,19.35,0.261,54.21,8.812316677849157,0.015266564324317413,2.2380000000000004
C:\Users\Asus\PycharmProjects\AquaVision_v1\datasets\fish\New Dataset\train_split\Parasitic diseases\Parasitic diseases_39.jpg,Parasitic diseases,fish,train,False,3,train,5.06,29.06,2.27,19.94,0.019,4.35,12.801705719358063,0.0002535766162293153,1.927
C:\Users\Asus\PycharmProjects\AquaVision_v1\datasets\fish\New Dataset\train_split\Parasitic diseases\Parasitic diseases_42.jpg,Parasitic diseases,fish,train,False,3,val,5.43,34.23,1.94,25.88,0.87,45.97,17.64423894722192,0.03206167024576955,5.319
C:\Users\Asus\PycharmProjects\AquaVision_v1\datasets\fish\New Dataset\train_split\Parasitic diseases\Parasitic diseases_44.jpg,Parasitic diseases,fish,train,False,2,train,5.56,29.94,3.03,27.06,0.012,45.93,9.8811555077376,0.0005217867340712076,1.5210000000000001
C:\Users\Asus\PycharmProjects\AquaVision_v1\datasets\fish\New Dataset\train_split\Parasitic diseases\Parasitic diseases_45.jpg,Parasitic diseases,fish,train,False,1,train,6.65,32.2,3.63,30.45,0.321,44.17,8.870498979341656,0.18468043780763158,2.25
C:\Users\Asus\PycharmProjects\AquaVision_v1\datasets\fish\New Dataset\train_split\Parasitic diseases\Parasitic diseases_46.jpg,Parasitic diseases,fish,train,False,4,train,6.79,33.82,3.01,31.07,0.22,45.36,11.235843070288803,0.18350853807400686,1.9900000000000002
C:\Users\Asus\PycharmProjects\AquaVision_v1\datasets\fish\New Dataset\train_split\Parasitic diseases\Parasitic diseases_49.jpg,Parasitic diseases,fish,train,False,0,train,5.67,31.34,2.04,26.76,0.179,42.59,15.362669790834358,0.010495714638805605,2.4530000000000003
C:\Users\Asus\PycharmProjects\AquaVision_v1\datasets\fish\New Dataset\train_split\Parasitic diseases\Parasitic diseases_5.jpg,Parasitic diseases,fish,train,False,1,val,5.84,31.2,3.3,24.18,0.224,45.67,9.454516804494531,0.01934027315823305,2.204
C:\Users\Asus\PycharmProjects\AquaVision_v1\datasets\fish\New Dataset\train_split\Parasitic diseases\Parasitic diseases_50.jpg,Parasitic diseases,fish,train,False,4,train,5.84,29.35,3.52,34.83,0.009,54.17,8.338044494191777,0.0007309886038729482,1.278
C:\Users\Asus\PycharmProjects\AquaVision_v1\datasets\fish\New Dataset\train_split\Parasitic diseases\Parasitic diseases_51.jpg,Parasitic diseases,fish,train,False,1,val,6.43,32.81,4.35,32.3,0.41,32.42,7.542511396525527,0.14482718134362094,2.456
C:\Users\Asus\PycharmProjects\AquaVision_v1\datasets\fish\New Dataset\train_split\Parasitic diseases\Parasitic diseases_53.jpg,Parasitic diseases,fish,train,False,1,train,6.81,31.39,3.25,25.82,0.148,53.26,9.658431820209785,0.11998115059643508,1.624
C:\Users\Asus\PycharmProjects\AquaVision_v1\datasets\fish\New Dataset\train_split\Parasitic diseases\Parasitic diseases_56.jpg,Parasitic diseases,fish,train,False,2,val,5.81,26.91,4.4,22.56,0.419,35.29,6.115895191147293,0.029119754688368617,2.663
C:\Users\Asus\PycharmProjects\AquaVision_v1\datasets\fish\New Dataset\train_split\Parasitic diseases\Parasitic diseases_57.jpg,Parasitic diseases,fish,train,False,1,train,5.69,32.71,3.43,37.33,0.024,49.04,9.536415345727855,0.0015379838574280215,1.4099999999999997
C:\Users\Asus\PycharmProjects\AquaVision_v1\datasets\fish\New Dataset\train_split\Parasitic diseases\Parasitic diseases_58.jpg,Parasitic diseases,fish,train,False,0,val,5.65,28.94,4.3,28.07,0.34,55.11,6.730216906472312,0.01758075149331448,2.425
C:\Users\Asus\PycharmProjects\AquaVision_v1\datasets\fish\New Dataset\train_split\Parasitic diseases\Parasitic diseases_59.jpg,Parasitic diseases,fish,train,False,4,train,7.5,31.14,3.55,24.69,0.236,37.45,8.771806276602039,0.9295882006273531,1.6789999999999998
C:\Users\Asus\PycharmProjects\AquaVision_v1\datasets\fish\New Dataset\train_split\Parasitic diseases\Parasitic diseases_6.jpg,Parasitic diseases,fish,train,False,3,train,6.7,34.16,3.05,25.6,0.685,40.79,11.199963278808921,0.469103231679389,3.865
C:\Users\Asus\PycharmProjects\AquaVision_v1\datasets\fish\New Dataset\train_split\Parasitic diseases\Parasitic diseases_62.jpg,Parasitic diseases,fish,train,False,1,train,6.66,25.87,3.16,25.76,0.57,43.25,8.186682953534957,0.26960706940967943,3.3839999999999995
C:\Users\Asus\PycharmProjects\AquaVision_v1\datasets\fish\New Dataset\train_split\Parasitic diseases\Parasitic diseases_64.jpg,Parasitic diseases,fish,train,False,0,train,6.09,29.55,1.63,25.7,0.79,50.12,18.128723136667872,0.11488003728091851,4.894
C:\Users\Asus\PycharmProjects\AquaVision_v1\datasets\fish\New Dataset\train_split\Parasitic diseases\Parasitic diseases_67.jpg,Parasitic diseases,fish,train,False,1,train,6.71,33.27,3.95,31.03,0.046,43.66,8.422763486674718,0.03139573277152259,1.0359999999999998
C:\Users\Asus\PycharmProjects\AquaVision_v1\datasets\fish\New Dataset\train_split\Parasitic diseases\Parasitic diseases_68.jpg,Parasitic diseases,fish,train,False,3,train,5.2,33.48,3.06,23.01,0.071,50.68,10.94114071522642,0.0015069671639741857,1.8559999999999999
C:\Users\Asus\PycharmProjects\AquaVision_v1\datasets\fish\New Dataset\train_split\Parasitic diseases\Parasitic diseases_7.jpg,Parasitic diseases,fish,train,False,4,train,5.88,30.13,1.4,27.24,0.511,43.44,21.5212748480368,0.04671754613402629,3.91
C:\Users\Asus\PycharmProjects\AquaVision_v1\datasets\fish\New Dataset\train_split\Parasitic diseases\Parasitic diseases_71.jpg,Parasitic diseases,fish,train,False,1,train,5.97,29.43,3.37,28.26,0.957,32.55,8.732911771775157,0.10513860034935939,5.0760000000000005
C:\Users\Asus\PycharmProjects\AquaVision_v1\datasets\fish\New Dataset\train_split\Parasitic diseases\Parasitic diseases_72.jpg,Parasitic diseases,fish,train,False,0,train,6.04,34.45,3.65,31.31,0.439,57.26,9.438330305944367,0.06633057129312507,2.899
C:\Users\Asus\PycharmProjects\AquaVision_v1\datasets\fish\New Dataset\train_split\Parasitic diseases\Parasitic diseases_74.jpg,Parasitic diseases,fish,train,False,3,train,5.15,31.51,3.05,34.71,0.087,51.25,10.331113668479777,0.001548915219480993,1.938
C:\Users\Asus\PycharmProjects\AquaVision_v1\datasets\fish\New Dataset\train_split\Parasitic diseases\Parasitic diseases_75.jpg,Parasitic diseases,fish,train,False,2,train,6.68,32.14,2.38,29.44,0.026,42.72,13.504144940567476,0.01599849801393957,1.4360000000000002
C:\Users\Asus\PycharmProjects\AquaVision_v1\datasets\fish\New Dataset\train_split\Parasitic diseases\Parasitic diseases_76.jpg,Parasitic diseases,fish,train,False,1,train,5.75,33.93,2.36,24.09,0.552,70.42,14.377057724331676,0.04212917248946847,3.825
C:\Users\Asus\PycharmProjects\AquaVision_v1\datasets\fish\New Dataset\train_split\Parasitic diseases\Parasitic diseases_77.jpg,Parasitic diseases,fish,train,False,3,val,5.19,27.24,2.39,36.22,0.304,49.59,11.397441851707732,0.005130275387419805,2.992
C:\Users\Asus\PycharmProjects\AquaVision_v1\datasets\fish\New Dataset\train_split\Parasitic diseases\Parasitic diseases_78.jpeg,Parasitic diseases,fish,train,False,4,train,6.44,33.49,3.1,31.91,0.561,43.19,10.803190957448525,0.20698458365264064,3.4320000000000004
C:\Users\Asus\PycharmProjects\AquaVision_v1\datasets\fish\New Dataset\train_split\Parasitic diseases\Parasitic diseases_79.jpg,Parasitic diseases,fish,train,False,0,train,6.75,31.41,3.46,24.35,0.086,47.59,9.078008445062297,0.06076120512334728,1.331
C:\Users\Asus\PycharmProjects\AquaVision_v1\datasets\fish\New Dataset\train_split\Parasitic diseases\Parasitic diseases_80.jpg,Parasitic diseases,fish,train,False,3,train,4.0,30.31,3.03,31.64,0.084,42.13,10.003267315949453,0.0001018416,2.277
C:\Users\Asus\PycharmProjects\AquaVision_v1\datasets\fish\New Dataset\train_split\Parasitic diseases\Parasitic diseases_81.jpg,Parasitic diseases,fish,train,False,4,train,6.72,31.87,3.52,22.93,0.182,56.67,9.053951551274002,0.12176246815940656,1.706
C:\Users\Asus\PycharmProjects\AquaVision_v1\datasets\fish\New Dataset\train_split\Parasitic diseases\Parasitic diseases_82.jpg,Parasitic diseases,fish,train,False,1,train,6.66,29.92,4.22,27.75,0.028,47.91,7.0900305923445694,0.015317208069270314,0.898
C:\Users\Asus\PycharmProjects\AquaVision_v1\datasets\fish\New Dataset\train_split\Parasitic diseases\Parasitic diseases_84.jpg,Parasitic diseases,fish,train,False,3,train,7.67,32.75,2.47,28.57,0.211,36.87,13.259055631353718,1.2928667040319444,1.9539999999999997
C:\Users\Asus\PycharmProjects\AquaVision_v1\datasets\fish\New Dataset\train_split\Parasitic diseases\Parasitic diseases_85.jpg,Parasitic diseases,fish,train,False,1,train,5.43,31.2,2.52,28.6,0.057,45.14,12.380903250383927,0.0019146501981214497,1.8930000000000002
C:\Users\Asus\PycharmProjects\AquaVision_v1\datasets\fish\New Dataset\train_split\Parasitic diseases\Parasitic diseases_86.jpg,Parasitic diseases,fish,train,False,1,val,5.8,32.88,3.16,26.44,0.063,47.03,10.405030363827963,0.005227961126600205,1.6139999999999999
C:\Users\Asus\PycharmProjects\AquaVision_v1\datasets\fish\New Dataset\train_split\Parasitic diseases\Parasitic diseases_87.jpg,Parasitic diseases,fish,train,False,1,train,6.26,34.29,3.66,28.23,0.344,40.95,9.368826861128793,0.08585901839982914,2.45
C:\Users\Asus\PycharmProjects\AquaVision_v1\datasets\fish\New Dataset\train_split\Parasitic diseases\Parasitic diseases_88.jpg,Parasitic diseases,fish,train,False,3,train,6.68,27.12,4.0,21.98,0.039,49.02,6.779983050042376,0.02024949904191231,1.0020000000000002
C:\Users\Asus\PycharmProjects\AquaVision_v1\datasets\fish\New Dataset\train_split\Parasitic diseases\Parasitic diseases_89.jpg,Parasitic diseases,fish,train,False,2,train,6.31,31.5,4.89,25.5,0.027,46.49,6.441704618190966,0.006945992487765733,0.7980000000000002
C:\Users\Asus\PycharmProjects\AquaVision_v1\datasets\fish\New Dataset\train_split\Parasitic diseases\Parasitic diseases_9.jpg,Parasitic diseases,fish,train,False,1,train,6.63,29.35,3.84,30.26,0.023,45.36,7.64320926247588,0.011518500166680604,1.001
C:\Users\Asus\PycharmProjects\AquaVision_v1\datasets\fish\New Dataset\train_split\Parasitic diseases\Parasitic diseases_90.jpg,Parasitic diseases,fish,train,False,4,train,5.6,32.9,3.02,27.68,0.445,48.83,10.894003662239529,0.023313952121953887,3.2440000000000007
C:\Users\Asus\PycharmProjects\AquaVision_v1\datasets\fish\New Dataset\train_split\Parasitic diseases\Parasitic diseases_91.jpg,Parasitic diseases,fish,train,False,4,val,6.7,31.3,3.04,29.72,0.328,47.37,10.296018763096173,0.20581554461244123,2.4400000000000004
C:\Users\Asus\PycharmProjects\AquaVision_v1\datasets\fish\New Dataset\train_split\Parasitic diseases\Parasitic diseases_93.jpg,Parasitic diseases,fish,train,False,0,train,6.53,34.38,3.91,27.36,0.263,37.38,8.792816386658858,0.12255234116645215,1.9699999999999998
C:\Users\Asus\PycharmProjects\AquaVision_v1\datasets\fish\New Dataset\train_split\Parasitic diseases\Parasitic diseases_94.jpeg,Parasitic diseases,fish,train,False,2,train,5.99,26.66,3.47,28.6,0.047,29.85,7.6829749770173565,0.004897991130408202,1.4
C:\Users\Asus\PycharmProjects\AquaVision_v1\datasets\fish\New Dataset\train_split\Parasitic diseases\Parasitic diseases_95.jpg,Parasitic diseases,fish,train,False,1,val,7.71,29.58,2.85,24.5,0.132,50.88,10.378910951189644,0.8009992181909295,1.536
C:\Users\Asus\PycharmProjects\AquaVision_v1\datasets\fish\New Dataset\train_split\Parasitic diseases\Parasitic diseases_aug_0.jpg,Parasitic diseases,fish,train,True,1,train,6.5,27.55,3.7,35.13,0.404,50.67,7.445925821822103,0.1407871312528244,2.606
C:\Users\Asus\PycharmProjects\AquaVision_v1\datasets\fish\New Dataset\train_split\Parasitic diseases\Parasitic diseases_aug_1.jpg,Parasitic diseases,fish,train,True,1,train,7.13,34.02,3.55,31.62,0.33,38.68,9.583071596981418,0.6057706679081383,2.1660000000000004
C:\Users\Asus\PycharmProjects\AquaVision_v1\datasets\fish\New Dataset\train_split\Parasitic diseases\Parasitic diseases_aug_10.jpg,Parasitic diseases,fish,train,True,4,train,5.32,23.29,3.52,25.42,0.445,56.11,6.616458475970238,0.008661427825991129,3.178
C:\Users\Asus\PycharmProjects\AquaVision_v1\datasets\fish\New Dataset\train_split\Parasitic diseases\Parasitic diseases_aug_100.jpg,Parasitic diseases,fish,train,True,3,train,5.45,33.6,4.88,31.06,0.222,45.11,6.8852317925578035,0.008409152784355129,1.8390000000000002
C:\Users\Asus\PycharmProjects\AquaVision_v1\datasets\fish\New Dataset\train_split\Parasitic diseases\Parasitic diseases_aug_101.jpg,Parasitic diseases,fish,train,True,0,val,6.12,29.69,3.81,21.98,0.001,40.82,7.792630465536836,0.00015655617027095895,1.075
C:\Users\Asus\PycharmProjects\AquaVision_v1\datasets\fish\New Dataset\train_split\Parasitic diseases\Parasitic diseases_aug_103.jpg,Parasitic diseases,fish,train,True,0,train,7.38,29.3,2.67,30.4,0.109,36.39,10.973741671379509,0.3064461077389018,1.471
C:\Users\Asus\PycharmProjects\AquaVision_v1\datasets\fish\New Dataset\train_split\Parasitic diseases\Parasitic diseases_aug_104.jpg,Parasitic diseases,fish,train,True,4,train,5.92,28.28,3.26,24.2,0.026,48.21,8.674820015889523,0.002446317062465487,1.4
C:\Users\Asus\PycharmProjects\AquaVision_v1\datasets\fish\New Dataset\train_split\Parasitic diseases\Parasitic diseases_aug_105.jpg,Parasitic diseases,fish,train,True,3,train,6.94,26.4,2.19,28.22,0.181,35.7,12.05473947607545,0.1664724967298456,2.035
C:\Users\Asus\PycharmProjects\AquaVision_v1\datasets\fish\New Dataset\train_split\Parasitic diseases\Parasitic diseases_aug_106.jpg,Parasitic diseases,fish,train,True,0,train,6.53,32.3,2.71,29.71,0.243,47.35,11.918775207471558,0.10638215588483953,2.25
C:\Users\Asus\PycharmProjects\AquaVision_v1\datasets\fish\New Dataset\train_split\Parasitic diseases\Parasitic diseases_aug_107.jpg,Parasitic diseases,fish,train,True,0,train,5.8,27.07,4.19,28.16,0.642,40.11,6.460605105954401,0.043861479329122426,3.621
C:\Users\Asus\PycharmProjects\AquaVision_v1\datasets\fish\New Dataset\train_split\Parasitic diseases\Parasitic diseases_aug_109.jpg,Parasitic diseases,fish,train,True,4,train,6.92,31.78,2.49,28.22,0.219,59.77,12.763000951803406,0.23155704517583164,2.1029999999999998
C:\Users\Asus\PycharmProjects\AquaVision_v1\datasets\fish\New Dataset\train_split\Parasitic diseases\Parasitic diseases_aug_11.jpg,Parasitic diseases,fish,train,True,1,train,6.53,32.75,4.13,26.17,0.374,31.45,7.929762881930069,0.16601330585884103,2.3480000000000003
C:\Users\Asus\PycharmProjects\AquaVision_v1\datasets\fish\New Dataset\train_split\Parasitic diseases\Parasitic diseases_aug_110.jpg,Parasitic diseases,fish,train,True,3,train,6.14,28.96,2.36,25.12,0.176,51.05,12.271134444345575,0.02814305352524126,2.204
C:\Users\Asus\PycharmProjects\AquaVision_v1\datasets\fish\New Dataset\train_split\Parasitic diseases\Parasitic diseases_aug_113.jpg,Parasitic diseases,fish,train,True,1,train,6.42,31.9,2.22,20.62,0.208,36.81,14.369304642771876,0.06980941671929694,2.29
C:\Users\Asus\PycharmProjects\AquaVision_v1\datasets\fish\New Dataset\train_split\Parasitic diseases\Parasitic diseases_aug_114.jpg,Parasitic diseases,fish,train,True,3,train,6.46,32.85,2.73,33.55,0.348,53.33,12.032922956326168,0.1318786853497709,2.685
C:\Users\Asus\PycharmProjects\AquaVision_v1\datasets\fish\New Dataset\train_split\Parasitic diseases\Parasitic diseases_aug_115.jpg,Parasitic diseases,fish,train,True,2,train,5.96,32.11,1.77,25.01,0.17,27.15,18.141140445534205,0.019913574275168416,2.4110000000000005
C:\Users\Asus\PycharmProjects\AquaVision_v1\datasets\fish\New Dataset\train_split\Parasitic diseases\Parasitic diseases_aug_116.jpg,Parasitic diseases,fish,train,True,3,train,4.76,31.94,2.77,22.06,0.181,39.66,11.530644293702911,0.001330679535734932,2.515
C:\Users\Asus\PycharmProjects\AquaVision_v1\datasets\fish\New Dataset\train_split\Parasitic diseases\Parasitic diseases_aug_118.jpg,Parasitic diseases,fish,train,True,4,train,6.31,27.22,2.16,33.14,0.098,40.26,12.601793510215229,0.02178583388673058,1.901
C:\Users\Asus\PycharmProjects\AquaVision_v1\datasets\fish\New Dataset\train_split\Parasitic diseases\Parasitic diseases_aug_121.jpg,Parasitic diseases,fish,train,True,3,val,5.31,32.52,3.5,35.01,0.148,39.05,9.291402024565645,0.00393072122327066,1.999
C:\Users\Asus\PycharmProjects\AquaVision_v1\datasets\fish\New Dataset\train_split\Parasitic diseases\Parasitic diseases_aug_122.jpg,Parasitic diseases,fish,train,True,4,train,6.53,36.14,4.12,28.68,0.23,47.0,8.771823369360755,0.11266161578641125,1.775
C:\Users\Asus\PycharmProjects\AquaVision_v1\datasets\fish\New Dataset\train_split\Parasitic diseases\Parasitic diseases_aug_123.jpg,Parasitic diseases,fish,train,True,0,train,7.04,25.52,3.57,25.94,0.0,51.29,7.148439360113837,0.0,0.867
C:\Users\Asus\PycharmProjects\AquaVision_v1\datasets\fish\New Dataset\train_split\Parasitic diseases\Parasitic diseases_aug_124.jpg,Parasitic diseases,fish,train,True,0,train,5.12,31.08,4.43,35.13,0.173,45.74,7.015785517414183,0.002835222224855853,1.8770000000000002
C:\Users\Asus\PycharmProjects\AquaVision_v1\datasets\fish\New Dataset\train_split\Parasitic diseases\Parasitic diseases_aug_126.jpg,Parasitic diseases,fish,train,True,1,train,5.97,33.16,2.92,28.34,0.175,47.25,11.356125492720913,0.02166269883009974,2.083
C:\Users\Asus\PycharmProjects\AquaVision_v1\datasets\fish\New Dataset\train_split\Parasitic diseases\Parasitic diseases_aug_127.jpg,Parasitic diseases,fish,train,True,4,train,6.92,29.26,3.89,30.78,0.047,59.71,7.521831563415004,0.04575432693183261,0.9949999999999999
C:\Users\Asus\PycharmProjects\AquaVision_v1\datasets\fish\New Dataset\train_split\Parasitic diseases\Parasitic diseases_aug_129.jpg,Parasitic diseases,fish,train,True,1,train,6.64,33.73,2.66,31.22,0.147,37.65,12.680403457129858,0.08657523264618942,1.848
C:\Users\Asus\PycharmProjects\AquaVision_v1\datasets\fish\New Dataset\train_split\Parasitic diseases\Parasitic diseases_aug_13.jpg,Parasitic diseases,fish,train,True,4,train,7.27,28.87,3.44,30.86,0.267,54.12,8.39241746390272,0.57414030618668,1.9050000000000002
C:\Users\Asus\PycharmProjects\AquaVision_v1\datasets\fish\New Dataset\train_split\Parasitic diseases\Parasitic diseases_aug_130.jpg,Parasitic diseases,fish,train,True,2,train,5.69,27.28,2.46,25.0,0.409,54.32,11.089385815504816,0.021858867890719322,3.2409999999999997
C:\Users\Asus\PycharmProjects\AquaVision_v1\datasets\fish\New Dataset\train_split\Parasitic diseases\Parasitic diseases_aug_132.jpg,Parasitic diseases,fish,train,True,2,train,7.28,28.06,3.7,25.51,0.002,34.49,7.58376328712625,0.0042773782196839,0.7639999999999999
C:\Users\Asus\PycharmProjects\AquaVision_v1\datasets\fish\New Dataset\train_split\Parasitic diseases\Parasitic diseases_aug_133.jpg,Parasitic diseases,fish,train,True,2,train,6.58,29.53,2.95,19.12,0.843,53.1,10.010135558862512,0.378574199689233,4.563
C:\Users\Asus\PycharmProjects\AquaVision_v1\datasets\fish\New Dataset\train_split\Parasitic diseases\Parasitic diseases_aug_136.jpg,Parasitic diseases,fish,train,True,1,train,5.53,31.01,1.98,32.84,0.244,38.34,15.661537062944127,0.01025537590711164,2.7729999999999997
C:\Users\Asus\PycharmProjects\AquaVision_v1\datasets\fish\New Dataset\train_split\Parasitic diseases\Parasitic diseases_aug_137.jpg,Parasitic diseases,fish,train,True,3,train,5.68,32.86,3.65,29.56,0.527,40.57,9.002715061054626,0.033154170429485735,3.359
C:\Users\Asus\PycharmProjects\AquaVision_v1\datasets\fish\New Dataset\train_split\Parasitic diseases\Parasitic diseases_aug_138.jpg,Parasitic diseases,fish,train,True,3,train,6.92,34.78,2.15,32.09,0.017,53.22,16.176668945725833,0.019671545892086608,1.397
C:\Users\Asus\PycharmProjects\AquaVision_v1\datasets\fish\New Dataset\train_split\Parasitic diseases\Parasitic diseases_aug_14.jpg,Parasitic diseases,fish,train,True,2,train,6.52,33.79,3.13,20.52,0.029,28.82,10.795492666157616,0.01297914789008022,1.2710000000000001
C:\Users\Asus\PycharmProjects\AquaVision_v1\datasets\fish\New Dataset\train_split\Parasitic diseases\Parasitic diseases_aug_140.jpg,Parasitic diseases,fish,train,True,4,train,5.99,29.81,2.72,18.49,0.191,52.0,10.95951853118187,0.022256421349313243,2.201
C:\Users\Asus\PycharmProjects\AquaVision_v1\datasets\fish\New Dataset\train_split\Parasitic diseases\Parasitic diseases_aug_141.jpg,Parasitic diseases,fish,train,True,0,,,,,,,,,,
C:\Users\Asus\PycharmProjects\AquaVision_v1\datasets\fish\New Dataset\train_split\Parasitic diseases\Parasitic diseases_aug_142.jpg,Parasitic diseases,fish,train,True,4,train,5.98,30.86,2.86,28.36,0.021,19.76,10.790172062335447,0.0024755699811882096,1.4819999999999998
C:\Users\Asus\PycharmProjects\AquaVision_v1\datasets\fish\New Dataset\train_split\Parasitic diseases\Parasitic diseases_aug_144.jpg,Parasitic diseases,fish,train,True,3,train,5.8,32.8,3.12,35.6,0.567,48.41,10.512786817990966,0.04693716923881934,3.6420000000000003
C:\Users\Asus\PycharmProjects\AquaVision_v1\datasets\fish\New Dataset\train_split\Parasitic diseases\Parasitic diseases_aug_146.jpg,Parasitic diseases,fish,train,True,2,val,5.88,30.38,3.23,23.43,0.097,48.0,9.405543636087813,0.008941687651002,1.705
C:\Users\Asus\PycharmProjects\AquaVision_v1\datasets\fish\New Dataset\train_split\Parasitic diseases\Parasitic diseases_aug_147.jpg,Parasitic diseases,fish,train,True,2,train,6.07,28.69,3.28,29.2,0.733,25.21,8.746924552059292,0.09883130141576274,4.1770000000000005
C:\Users\Asus\PycharmProjects\AquaVision_v1\datasets\fish\New Dataset\train_split\Parasitic diseases\Parasitic diseases_aug_148.jpg,Parasitic diseases,fish,train,True,4,train,6.0,29.42,2.87,25.84,0.241,44.39,10.250835362942986,0.02836088,2.353
C:\Users\Asus\PycharmProjects\AquaVision_v1\datasets\fish\New Dataset\train_split\Parasitic diseases\Parasitic diseases_aug_149.jpg,Parasitic diseases,fish,train,True,0,train,5.65,30.2,3.16,25.25,0.161,55.98,9.556931781861449,0.008687459847025658,2.0509999999999997
C:\Users\Asus\PycharmProjects\AquaVision_v1\datasets\fish\New Dataset\train_split\Parasitic diseases\Parasitic diseases_aug_15.jpg,Parasitic diseases,fish,train,True,2,train,6.59,30.26,2.54,29.76,0.224,48.24,11.913338923862504,0.1054816545442413,2.207
C:\Users\Asus\PycharmProjects\AquaVision_v1\datasets\fish\New Dataset\train_split\Parasitic diseases\Parasitic diseases_aug_152.jpg,Parasitic diseases,fish,train,True,3,train,6.48,29.99,3.8,33.93,0.475,18.94,7.892084494514488,0.17207986898022745,2.866
C:\Users\Asus\PycharmProjects\AquaVision_v1\datasets\fish\New Dataset\train_split\Parasitic diseases\Parasitic diseases_aug_154.jpg,Parasitic diseases,fish,train,True,4,train,5.98,34.96,3.96,35.77,0.047,45.55,8.82826053469562,0.006276669671774174,1.2559999999999998
C:\Users\Asus\PycharmProjects\AquaVision_v1\datasets\fish\New Dataset\train_split\Parasitic diseases\Parasitic diseases_aug_156.jpg,Parasitic diseases,fish,train,True,0,train,5.93,28.4,3.27,24.84,0.277,52.46,8.684988730921312,0.026782930875721804,2.3980000000000006
C:\Users\Asus\PycharmProjects\AquaVision_v1\datasets\fish\New Dataset\train_split\Parasitic diseases\Parasitic diseases_aug_159.jpg,Parasitic diseases,fish,train,True,3,val,6.14,36.13,4.25,32.61,0.051,41.93,8.501156467867135,0.010174149829940847,1.137
C:\Users\Asus\PycharmProjects\AquaVision_v1\datasets\fish\New Dataset\train_split\Parasitic diseases\Parasitic diseases_aug_16.jpg,Parasitic diseases,fish,train,True,4,val,6.4,31.69,3.22,32.11,0.258,37.92,9.841584342905767,0.08214893480700391,2.1959999999999997
C:\Users\Asus\PycharmProjects\AquaVision_v1\datasets\fish\New Dataset\train_split\Parasitic diseases\Parasitic diseases_aug_160.jpg,Parasitic diseases,fish,train,True,2,train,4.69,30.63,3.58,34.08,0.206,46.02,8.555842022787646,0.001236158639549855,2.393
C:\Users\Asus\PycharmProjects\AquaVision_v1\datasets\fish\New Dataset\train_split\Parasitic diseases\Parasitic diseases_aug_161.jpg,Parasitic diseases,fish,train,True,0,train,7.17,30.08,3.18,33.85,0.486,22.49,9.459089751290088,0.8649163213449774,2.8890000000000002
C:\Users\Asus\PycharmProjects\AquaVision_v1\datasets\fish\New Dataset\train_split\Parasitic diseases\Parasitic diseases_aug_162.jpg,Parasitic diseases,fish,train,True,3,train,6.81,34.71,2.66,27.39,0.11,47.57,13.048823124725095,0.09860689647508865,1.649
C:\Users\Asus\PycharmProjects\AquaVision_v1\datasets\fish\New Dataset\train_split\Parasitic diseases\Parasitic diseases_aug_163.jpg,Parasitic diseases,fish,train,True,0,train,6.17,31.12,4.22,34.17,0.202,47.37,7.374390108080314,0.037192121256154044,1.741
C:\Users\Asus\PycharmProjects\AquaVision_v1\datasets\fish\New Dataset\train_split\Parasitic diseases\Parasitic diseases_aug_165.jpg,Parasitic diseases,fish,train,True,2,,,,,,,,,,
C:\Users\Asus\PycharmProjects\AquaVision_v1\datasets\fish\New Dataset\train_split\Parasitic diseases\Parasitic diseases_aug_167.jpg,Parasitic diseases,fish,train,True,2,train,5.84,32.8,3.43,30.67,0.655,51.74,9.562654336284732,0.05945318631688971,3.8890000000000002
C:\Users\Asus\PycharmProjects\AquaVision_v1\datasets\fish\New Dataset\train_split\Parasitic diseases\Parasitic diseases_aug_169.jpg,Parasitic diseases,fish,train,True,1,train,5.54,31.48,4.37,27.17,0.007,45.09,7.2036448429179805,0.0003056277294628795,1.105
C:\Users\Asus\PycharmProjects\AquaVision_v1\datasets\fish\New Dataset\train_split\Parasitic diseases\Parasitic diseases_aug_171.jpg,Parasitic diseases,fish,train,True,0,train,7.15,31.75,2.79,23.38,0.264,36.19,11.379887527284849,0.47359558796111745,2.124
C:\Users\Asus\PycharmProjects\AquaVision_v1\datasets\fish\New Dataset\train_split\Parasitic diseases\Parasitic diseases_aug_172.jpg,Parasitic diseases,fish,train,True,4,train,6.93,27.64,3.88,25.35,0.065,49.44,7.123692980172732,0.061166183977375534,1.0670000000000002
C:\Users\Asus\PycharmProjects\AquaVision_v1\datasets\fish\New Dataset\train_split\Parasitic diseases\Parasitic diseases_aug_173.jpg,Parasitic diseases,fish,train,True,1,train,5.78,30.75,3.14,29.86,0.099,50.68,9.792962442794767,0.007337368079627459,1.77
C:\Users\Asus\PycharmProjects\AquaVision_v1\datasets\fish\New Dataset\train_split\Parasitic diseases\Parasitic diseases_aug_174.jpg,Parasitic diseases,fish,train,True,3,train,6.11,28.33,3.16,27.1,0.019,19.38,8.965161502653471,0.002773704344759455,1.3449999999999998
C:\Users\Asus\PycharmProjects\AquaVision_v1\datasets\fish\New Dataset\train_split\Parasitic diseases\Parasitic diseases_aug_176.jpg,Parasitic diseases,fish,train,True,0,train,5.61,30.67,2.86,25.3,0.314,58.23,10.723738728186266,0.015692907519036698,2.7649999999999997
C:\Users\Asus\PycharmProjects\AquaVision_v1\datasets\fish\New Dataset\train_split\Parasitic diseases\Parasitic diseases_aug_179.jpg,Parasitic diseases,fish,train,True,0,train,7.07,26.12,3.27,26.4,0.744,44.91,7.987743156748756,0.9132845262582111,3.924
C:\Users\Asus\PycharmProjects\AquaVision_v1\datasets\fish\New Dataset\train_split\Parasitic diseases\Parasitic diseases_aug_182.jpg,Parasitic diseases,fish,train,True,3,train,6.27,32.94,4.82,31.61,0.343,48.24,6.834010717820087,0.0841545701864578,2.095
C:\Users\Asus\PycharmProjects\AquaVision_v1\datasets\fish\New Dataset\train_split\Parasitic diseases\Parasitic diseases_aug_184.jpg,Parasitic diseases,fish,train,True,0,train,7.39,29.53,1.6,19.61,0.004,44.54,18.456134649158443,0.011598008684828623,1.3690000000000002
C:\Users\Asus\PycharmProjects\AquaVision_v1\datasets\fish\New Dataset\train_split\Parasitic diseases\Parasitic diseases_aug_186.jpg,Parasitic diseases,fish,train,True,4,train,5.32,31.46,1.77,24.99,0.794,42.05,17.773910881859425,0.0208756117934698,5.099
C:\Users\Asus\PycharmProjects\AquaVision_v1\datasets\fish\New Dataset\train_split\Parasitic diseases\Parasitic diseases_aug_191.jpg,Parasitic diseases,fish,train,True,1,train,6.22,30.0,2.37,24.86,0.21,40.84,12.658174438082538,0.0418215900674265,2.313
C:\Users\Asus\PycharmProjects\AquaVision_v1\datasets\fish\New Dataset\train_split\Parasitic diseases\Parasitic diseases_aug_193.jpg,Parasitic diseases,fish,train,True,1,train,6.37,23.62,2.78,24.53,0.176,48.49,8.4963723152075,0.038980961970971034,2.009
C:\Users\Asus\PycharmProjects\AquaVision_v1\datasets\fish\New Dataset\train_split\Parasitic diseases\Parasitic diseases_aug_195.jpg,Parasitic diseases,fish,train,True,2,train,7.74,32.42,2.7,29.39,0.211,63.18,12.00736293569283,1.5036801170111784,1.906
C:\Users\Asus\PycharmProjects\AquaVision_v1\datasets\fish\New Dataset\train_split\Parasitic diseases\Parasitic diseases_aug_197.jpg,Parasitic diseases,fish,train,True,3,val,6.51,27.43,3.86,34.21,0.306,45.4,7.106199206737807,0.10864436987725551,2.1630000000000003
C:\Users\Asus\PycharmProjects\AquaVision_v1\datasets\fish\New Dataset\train_split\Parasitic diseases\Parasitic diseases_aug_20.jpg,Parasitic diseases,fish,train,True,1,train,6.66,30.36,3.79,28.59,0.033,38.57,8.010532953738908,0.018317900616454046,1.047
C:\Users\Asus\PycharmProjects\AquaVision_v1\datasets\fish\New Dataset\train_split\Parasitic diseases\Parasitic diseases_aug_200.jpg,Parasitic diseases,fish,train,True,2,train,6.63,31.83,2.95,28.93,0.12,40.7,10.78979393290192,0.0651745252005825,1.656
C:\Users\Asus\PycharmProjects\AquaVision_v1\datasets\fish\New Dataset\train_split\Parasitic diseases\Parasitic diseases_aug_201.jpg,Parasitic diseases,fish,train,True,4,train,6.96,32.07,2.68,28.44,0.085,56.08,11.96637325980127,0.09944383790168967,1.498
C:\Users\Asus\PycharmProjects\AquaVision_v1\datasets\fish\New Dataset\train_split\Parasitic diseases\Parasitic diseases_aug_202.jpg,Parasitic diseases,fish,train,True,2,train,5.33,28.07,3.68,22.38,0.577,35.57,7.627696663867761,0.013850907122717226,3.6549999999999994
C:\Users\Asus\PycharmProjects\AquaVision_v1\datasets\fish\New Dataset\train_split\Parasitic diseases\Parasitic diseases_aug_203.jpg,Parasitic diseases,fish,train,True,0,train,5.75,31.48,3.29,27.1,0.195,42.89,9.568359974589743,0.013807953835253909,2.1180000000000003
C:\Users\Asus\PycharmProjects\AquaVision_v1\datasets\fish\New Dataset\train_split\Parasitic diseases\Parasitic diseases_aug_204.jpg,Parasitic diseases,fish,train,True,0,train,7.59,29.76,3.13,22.67,0.268,63.34,9.50795684358836,1.2411598328111932,1.96
C:\Users\Asus\PycharmProjects\AquaVision_v1\datasets\fish\New Dataset\train_split\Parasitic diseases\Parasitic diseases_aug_208.jpg,Parasitic diseases,fish,train,True,1,val,5.85,30.67,2.94,24.34,0.335,51.19,10.431937306335694,0.029095014257462404,2.753
C:\Users\Asus\PycharmProjects\AquaVision_v1\datasets\fish\New Dataset\train_split\Parasitic diseases\Parasitic diseases_aug_209.jpg,Parasitic diseases,fish,train,True,0,val,5.08,30.14,2.58,30.96,0.032,59.85,11.682125263080374,0.0004638240007599211,1.88
C:\Users\Asus\PycharmProjects\AquaVision_v1\datasets\fish\New Dataset\train_split\Parasitic diseases\Parasitic diseases_aug_21.jpg,Parasitic diseases,fish,train,True,3,val,6.77,32.25,4.07,21.13,0.047,39.82,7.923813455003796,0.035701590824209324,0.986
C:\Users\Asus\PycharmProjects\AquaVision_v1\datasets\fish\New Dataset\train_split\Parasitic diseases\Parasitic diseases_aug_211.jpg,Parasitic diseases,fish,train,True,3,train,6.94,33.11,3.63,24.55,0.893,39.13,9.121186993975224,1.0300792314342861,4.451
C:\Users\Asus\PycharmProjects\AquaVision_v1\datasets\fish\New Dataset\train_split\Parasitic diseases\Parasitic diseases_aug_213.jpg,Parasitic diseases,fish,train,True,2,train,6.88,29.06,3.3,24.87,0.14,38.96,8.80603392110933,0.12344788024994922,1.556
C:\Users\Asus\PycharmProjects\AquaVision_v1\datasets\fish\New Dataset\train_split\Parasitic diseases\Parasitic diseases_aug_214.jpg,Parasitic diseases,fish,train,True,2,train,5.9,28.97,2.45,27.69,0.124,54.44,11.8244415328917,0.011413797724141379,2.041
C:\Users\Asus\PycharmProjects\AquaVision_v1\datasets\fish\New Dataset\train_split\Parasitic diseases\Parasitic diseases_aug_215.jpg,Parasitic diseases,fish,train,True,1,train,7.39,28.49,4.07,25.11,0.889,30.6,6.999982801025059,2.486876403199731,4.168
C:\Users\Asus\PycharmProjects\AquaVision_v1\datasets\fish\New Dataset\train_split\Parasitic diseases\Parasitic diseases_aug_216.jpg,Parasitic diseases,fish,train,True,1,train,5.98,28.53,2.47,27.55,0.233,42.9,11.55056052404646,0.025393214662606564,2.447
C:\Users\Asus\PycharmProjects\AquaVision_v1\datasets\fish\New Dataset\train_split\Parasitic diseases\Parasitic diseases_aug_217.jpg,Parasitic diseases,fish,train,True,4,train,7.46,29.74,2.85,30.24,0.425,52.45,10.43505110508384,1.458108647350749,2.657
C:\Users\Asus\PycharmProjects\AquaVision_v1\datasets\fish\New Dataset\train_split\Parasitic diseases\Parasitic diseases_aug_218.jpg,Parasitic diseases,fish,train,True,3,train,5.43,31.86,2.7,25.65,0.111,39.86,11.79995629645816,0.0038074020690781495,2.055
C:\Users\Asus\PycharmProjects\AquaVision_v1\datasets\fish\New Dataset\train_split\Parasitic diseases\Parasitic diseases_aug_22.jpg,Parasitic diseases,fish,train,True,3,train,5.7,29.6,3.19,26.92,0.14,59.03,9.278967777530479,0.00830767958460567,1.943
C:\Users\Asus\PycharmProjects\AquaVision_v1\datasets\fish\New Dataset\train_split\Parasitic diseases\Parasitic diseases_aug_221.jpg,Parasitic diseases,fish,train,True,1,train,5.89,30.8,3.38,19.36,0.11,40.79,9.11239907574238,0.010519700924552023,1.709
C:\Users\Asus\PycharmProjects\AquaVision_v1\datasets\fish\New Dataset\train_split\Parasitic diseases\Parasitic diseases_aug_222.jpg,Parasitic diseases,fish,train,True,0,train,5.66,36.69,4.66,29.87,0.131,51.78,7.873373662288278,0.00878777641473216,1.478
C:\Users\Asus\PycharmProjects\AquaVision_v1\datasets\fish\New Dataset\train_split\Parasitic diseases\Parasitic diseases_aug_225.jpg,Parasitic diseases,fish,train,True,3,train,6.14,29.03,2.82,27.06,0.18,40.1,10.294289736561218,0.028852239745023635,2.082
C:\Users\Asus\PycharmProjects\AquaVision_v1\datasets\fish\New Dataset\train_split\Parasitic diseases\Parasitic diseases_aug_227.jpg,Parasitic diseases,fish,train,True,4,train,6.43,35.0,2.57,24.52,0.169,28.28,13.61862405204649,0.06368171346091078,2.0260000000000002
C:\Users\Asus\PycharmProjects\AquaVision_v1\datasets\fish\New Dataset\train_split\Parasitic diseases\Parasitic diseases_aug_228.jpg,Parasitic diseases,fish,train,True,2,train,5.71,36.36,2.99,28.59,0.096,31.37,12.160494446506867,0.0071606937300195935,1.8239999999999998
C:\Users\Asus\PycharmProjects\AquaVision_v1\datasets\fish\New Dataset\train_split\Parasitic diseases\Parasitic diseases_aug_233.jpg,Parasitic diseases,fish,train,True,4,train,6.52,32.81,4.29,23.92,0.709,34.82,7.648000820510909,0.30811472703813025,3.6430000000000002
C:\Users\Asus\PycharmProjects\AquaVision_v1\datasets\fish\New Dataset\train_split\Parasitic diseases\Parasitic diseases_aug_234.jpg,Parasitic diseases,fish,train,True,4,train,7.08,25.02,3.41,27.39,0.584,39.33,7.337221884979809,0.7026841277604224,3.239
C:\Users\Asus\PycharmProjects\AquaVision_v1\datasets\fish\New Dataset\train_split\Parasitic diseases\Parasitic diseases_aug_237.jpg,Parasitic diseases,fish,train,True,2,train,5.31,26.17,2.3,37.57,0.046,45.5,11.378211399080875,0.0009831539890208284,1.9510000000000003
C:\Users\Asus\PycharmProjects\AquaVision_v1\datasets\fish\New Dataset\train_split\Parasitic diseases\Parasitic diseases_aug_243.jpg,Parasitic diseases,fish,train,True,0,train,5.97,30.55,3.0,32.67,0.078,40.09,10.183299389002036,0.008895406693476595,1.671
C:\Users\Asus\PycharmProjects\AquaVision_v1\datasets\fish\New Dataset\train_split\Parasitic diseases\Parasitic diseases_aug_245.jpg,Parasitic diseases,fish,train,True,4,val,7.26,32.86,4.2,25.66,0.046,43.75,7.8237908957359625,0.11002348119362021,0.796
C:\Users\Asus\PycharmProjects\AquaVision_v1\datasets\fish\New Dataset\train_split\Parasitic diseases\Parasitic diseases_aug_247.jpg,Parasitic diseases,fish,train,True,1,train,5.78,31.28,4.51,23.83,0.459,47.03,6.935683069438872,0.03460504523301727,2.799
C:\Users\Asus\PycharmProjects\AquaVision_v1\datasets\fish\New Dataset\train_split\Parasitic diseases\Parasitic diseases_aug_248.jpg,Parasitic diseases,fish,train,True,1,,,,,,,,,,
C:\Users\Asus\PycharmProjects\AquaVision_v1\datasets\fish\New Dataset\train_split\Parasitic diseases\Parasitic diseases_aug_25.jpg,Parasitic diseases,fish,train,True,3,val,5.83,36.22,2.16,33.84,0.241,26.1,16.768440886847745,0.023606167255424464,2.617
C:\Users\Asus\PycharmProjects\AquaVision_v1\datasets\fish\New Dataset\train_split\Parasitic diseases\Parasitic diseases_aug_254.jpg,Parasitic diseases,fish,train,True,4,train,6.91,34.73,1.7,21.57,0.358,40.12,20.429291592402397,0.4042479267937497,2.899
C:\Users\Asus\PycharmProjects\AquaVision_v1\datasets\fish\New Dataset\train_split\Parasitic diseases\Parasitic diseases_aug_255.jpg,Parasitic diseases,fish,train,True,4,train,5.99,29.48,3.45,29.88,0.098,44.74,8.544902768397773,0.011293109683320706,1.6099999999999999
C:\Users\Asus\PycharmProjects\AquaVision_v1\datasets\fish\New Dataset\train_split\Parasitic diseases\Parasitic diseases_aug_257.jpg,Parasitic diseases,fish,train,True,1,train,5.99,34.55,3.35,26.71,0.14,56.18,10.31340204954612,0.018907585751053033,1.8079999999999998
C:\Users\Asus\PycharmProjects\AquaVision_v1\datasets\fish\New Dataset\train_split\Parasitic diseases\Parasitic diseases_aug_258.jpg,Parasitic diseases,fish,train,True,4,val,6.18,29.9,3.28,27.25,0.194,46.83,9.115825866384554,0.03511825351071625,1.9880000000000002
C:\Users\Asus\PycharmProjects\AquaVision_v1\datasets\fish\New Dataset\train_split\Parasitic diseases\Parasitic diseases_aug_259.jpg,Parasitic diseases,fish,train,True,1,train,5.26,34.44,2.98,23.31,0.322,43.73,11.557008197959066,0.00807196008708398,2.8660000000000005
C:\Users\Asus\PycharmProjects\AquaVision_v1\datasets\fish\New Dataset\train_split\Parasitic diseases\Parasitic diseases_aug_261.jpg,Parasitic diseases,fish,train,True,3,train,6.01,35.27,4.13,27.39,0.308,62.18,8.539930896051102,0.044464782008098364,2.24
C:\Users\Asus\PycharmProjects\AquaVision_v1\datasets\fish\New Dataset\train_split\Parasitic diseases\Parasitic diseases_aug_262.jpg,Parasitic diseases,fish,train,True,0,train,6.3,33.0,3.94,31.69,0.259,50.51,8.375613259864823,0.06821402802415603,2.0140000000000002
C:\Users\Asus\PycharmProjects\AquaVision_v1\datasets\fish\New Dataset\train_split\Parasitic diseases\Parasitic diseases_aug_268.jpg,Parasitic diseases,fish,train,True,2,train,7.18,30.42,2.9,30.45,0.105,46.31,10.48961900131379,0.19337863934520358,1.4460000000000002
C:\Users\Asus\PycharmProjects\AquaVision_v1\datasets\fish\New Dataset\train_split\Parasitic diseases\Parasitic diseases_aug_272.jpg,Parasitic diseases,fish,train,True,0,train,5.82,30.55,1.8,27.27,0.314,45.74,16.972127932622595,0.02535133615480988,3.0200000000000005
C:\Users\Asus\PycharmProjects\AquaVision_v1\datasets\fish\New Dataset\train_split\Parasitic diseases\Parasitic diseases_aug_274.jpg,Parasitic diseases,fish,train,True,0,train,5.47,33.12,4.69,26.71,0.334,50.81,7.061818631516776,0.01305860502484867,2.338
C:\Users\Asus\PycharmProjects\AquaVision_v1\datasets\fish\New Dataset\train_split\Parasitic diseases\Parasitic diseases_aug_276.jpg,Parasitic diseases,fish,train,True,2,train,6.3,30.05,3.64,31.44,0.035,52.48,8.255471825626852,0.008394068559074073,1.208
C:\Users\Asus\PycharmProjects\AquaVision_v1\datasets\fish\New Dataset\train_split\Parasitic diseases\Parasitic diseases_aug_279.jpg,Parasitic diseases,fish,train,True,0,val,6.29,27.54,1.53,34.03,0.057,50.11,17.999882353710106,0.012243308223232737,1.932
C:\Users\Asus\PycharmProjects\AquaVision_v1\datasets\fish\New Dataset\train_split\Parasitic diseases\Parasitic diseases_aug_282.jpg,Parasitic diseases,fish,train,True,2,,,,,,,,,,
C:\Users\Asus\PycharmProjects\AquaVision_v1\datasets\fish\New Dataset\train_split\Parasitic diseases\Parasitic diseases_aug_285.jpg,Parasitic diseases,fish,train,True,3,train,6.82,32.48,3.41,27.22,0.123,57.78,9.524898753962598,0.10557987010113071,1.4729999999999999
C:\Users\Asus\PycharmProjects\AquaVision_v1\datasets\fish\New Dataset\train_split\Parasitic diseases\Parasitic diseases_aug_286.jpg,Parasitic diseases,fish,train,True,3,train,5.59,30.3,3.25,29.72,0.034,51.6,9.323048236774657,0.0016031772334924312,1.534
C:\Users\Asus\PycharmProjects\AquaVision_v1\datasets\fish\New Dataset\train_split\Parasitic diseases\Parasitic diseases_aug_287.jpg,Parasitic diseases,fish,train,True,2,train,4.86,31.36,2.59,33.9,0.03,30.53,12.108061358836453,0.00027261974049542045,1.9349999999999998
C:\Users\Asus\PycharmProjects\AquaVision_v1\datasets\fish\New Dataset\train_split\Parasitic diseases\Parasitic diseases_aug_288.jpg,Parasitic diseases,fish,train,True,3,train,5.4,30.3,2.51,28.05,0.012,28.54,12.07166505312728,0.0003653287625987536,1.7249999999999999
C:\Users\Asus\PycharmProjects\AquaVision_v1\datasets\fish\New Dataset\train_split\Parasitic diseases\Parasitic diseases_aug_29.jpg,Parasitic diseases,fish,train,True,0,train,6.18,33.02,3.08,31.3,0.514,50.86,10.72074441316749,0.1027543412224355,3.3280000000000003
C:\Users\Asus\PycharmProjects\AquaVision_v1\datasets\fish\New Dataset\train_split\Parasitic diseases\Parasitic diseases_aug_290.jpg,Parasitic diseases,fish,train,True,3,train,6.44,34.47,2.3,26.11,0.29,44.88,14.986891361341907,0.11012838554871734,2.588
C:\Users\Asus\PycharmProjects\AquaVision_v1\datasets\fish\New Dataset\train_split\Parasitic diseases\Parasitic diseases_aug_292.jpg,Parasitic diseases,fish,train,True,2,train,6.3,30.44,2.17,23.72,0.324,42.12,14.027585126335824,0.07871357718847788,2.8050000000000006
C:\Users\Asus\PycharmProjects\AquaVision_v1\datasets\fish\New Dataset\train_split\Parasitic diseases\Parasitic diseases_aug_293.jpg,Parasitic diseases,fish,train,True,4,train,6.02,28.66,4.16,33.86,0.331,56.85,6.889406515849722,0.03973417234377172,2.3200000000000003
C:\Users\Asus\PycharmProjects\AquaVision_v1\datasets\fish\New Dataset\train_split\Parasitic diseases\Parasitic diseases_aug_294.jpg,Parasitic diseases,fish,train,True,0,train,5.37,30.39,2.65,20.7,0.313,51.77,11.46788125327829,0.00891938743493607,2.896
C:\Users\Asus\PycharmProjects\AquaVision_v1\datasets\fish\New Dataset\train_split\Parasitic diseases\Parasitic diseases_aug_297.jpg,Parasitic diseases,fish,train,True,4,train,6.77,32.39,3.69,25.54,1.028,63.58,8.777753989826586,0.784267203395304,5.024000000000001
C:\Users\Asus\PycharmProjects\AquaVision_v1\datasets\fish\New Dataset\train_split\Parasitic diseases\Parasitic diseases_aug_298.jpg,Parasitic diseases,fish,train,True,1,,,,,,,,,,
C:\Users\Asus\PycharmProjects\AquaVision_v1\datasets\fish\New Dataset\train_split\Parasitic diseases\Parasitic diseases_aug_299.jpg,Parasitic diseases,fish,train,True,2,train,5.71,28.67,3.58,28.87,0.049,42.71,8.008357518554417,0.0028819322322903565,1.459
C:\Users\Asus\PycharmProjects\AquaVision_v1\datasets\fish\New Dataset\train_split\Parasitic diseases\Parasitic diseases_aug_3.jpg,Parasitic diseases,fish,train,True,2,train,6.36,27.83,4.16,25.55,0.017,41.61,6.689887764692873,0.0043353295808038475,0.9619999999999999
C:\Users\Asus\PycharmProjects\AquaVision_v1\datasets\fish\New Dataset\train_split\Parasitic diseases\Parasitic diseases_aug_30.jpg,Parasitic diseases,fish,train,True,1,val,6.97,28.19,2.62,24.92,0.214,60.06,10.759500917935428,0.22520023560983893,2.029
C:\Users\Asus\PycharmProjects\AquaVision_v1\datasets\fish\New Dataset\train_split\Parasitic diseases\Parasitic diseases_aug_301.jpg,Parasitic diseases,fish,train,True,4,train,6.3,29.55,4.76,29.07,1.156,53.53,6.207970151323212,0.2726310465074956,5.356
C:\Users\Asus\PycharmProjects\AquaVision_v1\datasets\fish\New Dataset\train_split\Parasitic diseases\Parasitic diseases_aug_302.jpg,Parasitic diseases,fish,train,True,2,train,6.04,30.33,4.53,30.16,0.2,38.05,6.695349458389717,0.02660494695121824,1.6789999999999998
C:\Users\Asus\PycharmProjects\AquaVision_v1\datasets\fish\New Dataset\train_split\Parasitic diseases\Parasitic diseases_aug_304.jpg,Parasitic diseases,fish,train,True,1,train,6.95,31.26,1.82,23.57,0.238,57.01,17.175729803682398,0.26523200118409973,2.3709999999999996
C:\Users\Asus\PycharmProjects\AquaVision_v1\datasets\fish\New Dataset\train_split\Parasitic diseases\Parasitic diseases_aug_307.jpg,Parasitic diseases,fish,train,True,3,train,6.97,28.21,3.41,28.98,0.047,62.38,8.272703012601136,0.049494955191908226,1.124
C:\Users\Asus\PycharmProjects\AquaVision_v1\datasets\fish\New Dataset\train_split\Parasitic diseases\Parasitic diseases_aug_309.jpg,Parasitic diseases,fish,train,True,4,train,6.04,29.31,3.77,29.5,0.338,32.19,7.774515186962368,0.04345027305594953,2.459
C:\Users\Asus\PycharmProjects\AquaVision_v1\datasets\fish\New Dataset\train_split\Parasitic diseases\Parasitic diseases_aug_310.jpg,Parasitic diseases,fish,train,True,1,train,6.29,29.59,2.51,25.94,0.04,53.41,11.788797654192614,0.00923134427309449,1.5699999999999998
C:\Users\Asus\PycharmProjects\AquaVision_v1\datasets\fish\New Dataset\train_split\Parasitic diseases\Parasitic diseases_aug_312.jpg,Parasitic diseases,fish,train,True,0,train,5.09,33.43,2.18,28.55,0.032,35.98,15.334792042238337,0.000526436928105701,1.9969999999999999
C:\Users\Asus\PycharmProjects\AquaVision_v1\datasets\fish\New Dataset\train_split\Parasitic diseases\Parasitic diseases_aug_313.jpg,Parasitic diseases,fish,train,True,0,train,5.84,36.01,2.85,24.77,0.363,37.16,12.63504338581268,0.036173433897572375,2.895
C:\Users\Asus\PycharmProjects\AquaVision_v1\datasets\fish\New Dataset\train_split\Parasitic diseases\Parasitic diseases_aug_314.jpg,Parasitic diseases,fish,train,True,0,train,5.1,34.62,3.4,28.77,0.023,66.32,10.182322993167666,0.00040097277935808906,1.592
C:\Users\Asus\PycharmProjects\AquaVision_v1\datasets\fish\New Dataset\train_split\Parasitic diseases\Parasitic diseases_aug_315.jpg,Parasitic diseases,fish,train,True,1,train,5.93,28.16,4.2,30.3,0.289,36.07,6.704745941081093,0.027707062512080414,2.167
C:\Users\Asus\PycharmProjects\AquaVision_v1\datasets\fish\New Dataset\train_split\Parasitic diseases\Parasitic diseases_aug_318.jpg,Parasitic diseases,fish,train,True,3,train,6.36,30.87,2.5,28.66,0.012,56.32,12.347950608197568,0.003394516053165178,1.44
C:\Users\Asus\PycharmProjects\AquaVision_v1\datasets\fish\New Dataset\train_split\Parasitic diseases\Parasitic diseases_aug_319.jpg,Parasitic diseases,fish,train,True,1,train,6.0,31.37,3.12,31.21,0.116,57.49,10.05445495367002,0.014555680000000003,1.778
C:\Users\Asus\PycharmProjects\AquaVision_v1\datasets\fish\New Dataset\train_split\Parasitic diseases\Parasitic diseases_aug_323.jpg,Parasitic diseases,fish,train,True,0,val,7.19,28.63,4.62,28.13,0.163,36.07,6.196956283644408,0.2891138810925078,1.159
C:\Users\Asus\PycharmProjects\AquaVision_v1\datasets\fish\New Dataset\train_split\Parasitic diseases\Parasitic diseases_aug_327.jpg,Parasitic diseases,fish,train,True,3,train,5.27,27.31,3.07,24.57,0.068,49.92,8.895736495972326,0.0013832179119015499,1.8200000000000003
C:\Users\Asus\PycharmProjects\AquaVision_v1\datasets\fish\New Dataset\train_split\Parasitic diseases\Parasitic diseases_aug_328.jpg,Parasitic diseases,fish,train,True,0,train,5.68,32.89,2.51,23.67,0.228,55.8,13.103533452057961,0.014356835087680308,2.505
C:\Users\Asus\PycharmProjects\AquaVision_v1\datasets\fish\New Dataset\train_split\Parasitic diseases\Parasitic diseases_aug_329.jpg,Parasitic diseases,fish,train,True,0,train,6.52,28.56,1.64,29.82,0.365,43.9,17.414527960195365,0.13807373051132474,3.0620000000000003
C:\Users\Asus\PycharmProjects\AquaVision_v1\datasets\fish\New Dataset\train_split\Parasitic diseases\Parasitic diseases_aug_33.jpg,Parasitic diseases,fish,train,True,0,train,6.6,25.48,2.68,37.27,0.415,45.3,9.507427211092494,0.1683865937146715,2.9259999999999997
C:\Users\Asus\PycharmProjects\AquaVision_v1\datasets\fish\New Dataset\train_split\Parasitic diseases\Parasitic diseases_aug_35.jpg,Parasitic diseases,fish,train,True,3,,,,,,,,,,
C:\Users\Asus\PycharmProjects\AquaVision_v1\datasets\fish\New Dataset\train_split\Parasitic diseases\Parasitic diseases_aug_39.jpg,Parasitic diseases,fish,train,True,4,train,7.05,32.99,3.77,30.16,0.37,41.78,8.750639918727007,0.547827754349842,2.2840000000000003
C:\Users\Asus\PycharmProjects\AquaVision_v1\datasets\fish\New Dataset\train_split\Parasitic diseases\Parasitic diseases_aug_41.jpg,Parasitic diseases,fish,train,True,4,train,6.9,28.64,2.8,27.34,0.102,49.02,10.22853489808965,0.09281820742141403,1.5479999999999998
C:\Users\Asus\PycharmProjects\AquaVision_v1\datasets\fish\New Dataset\train_split\Parasitic diseases\Parasitic diseases_aug_47.jpg,Parasitic diseases,fish,train,True,2,,,,,,,,,,
C:\Users\Asus\PycharmProjects\AquaVision_v1\datasets\fish\New Dataset\train_split\Parasitic diseases\Parasitic diseases_aug_48.jpg,Parasitic diseases,fish,train,True,4,train,6.9,33.35,3.6,28.61,0.058,62.48,9.263863155935677,0.06145876417708716,1.132
C:\Users\Asus\PycharmProjects\AquaVision_v1\datasets\fish\New Dataset\train_split\Parasitic diseases\Parasitic diseases_aug_5.jpg,Parasitic diseases,fish,train,True,3,train,7.57,31.1,5.02,33.37,0.186,38.76,6.1952067824566095,0.8596730744942023,1.0590000000000002
C:\Users\Asus\PycharmProjects\AquaVision_v1\datasets\fish\New Dataset\train_split\Parasitic diseases\Parasitic diseases_aug_51.jpg,Parasitic diseases,fish,train,True,4,val,6.92,31.1,3.37,32.73,0.168,29.56,9.228459262732159,0.17383197405028938,1.6350000000000002
C:\Users\Asus\PycharmProjects\AquaVision_v1\datasets\fish\New Dataset\train_split\Parasitic diseases\Parasitic diseases_aug_52.jpg,Parasitic diseases,fish,train,True,4,,,,,,,,,,
C:\Users\Asus\PycharmProjects\AquaVision_v1\datasets\fish\New Dataset\train_split\Parasitic diseases\Parasitic diseases_aug_53.jpg,Parasitic diseases,fish,train,True,1,,,,,,,,,,
C:\Users\Asus\PycharmProjects\AquaVision_v1\datasets\fish\New Dataset\train_split\Parasitic diseases\Parasitic diseases_aug_56.jpg,Parasitic diseases,fish,train,True,3,train,6.44,29.79,2.55,28.56,0.227,34.52,11.682307128207341,0.0745000135497792,2.261
C:\Users\Asus\PycharmProjects\AquaVision_v1\datasets\fish\New Dataset\train_split\Parasitic diseases\Parasitic diseases_aug_58.jpg,Parasitic diseases,fish,train,True,1,train,6.52,26.79,4.25,24.18,0.706,41.74,6.303514579965695,0.25051711750520544,3.643
C:\Users\Asus\PycharmProjects\AquaVision_v1\datasets\fish\New Dataset\train_split\Parasitic diseases\Parasitic diseases_aug_59.jpg,Parasitic diseases,fish,train,True,4,val,6.89,26.97,4.39,26.99,0.139,53.09,6.143493978373626,0.11640073912924545,1.2220000000000002
C:\Users\Asus\PycharmProjects\AquaVision_v1\datasets\fish\New Dataset\train_split\Parasitic diseases\Parasitic diseases_aug_6.jpg,Parasitic diseases,fish,train,True,1,val,5.53,29.38,1.67,27.12,0.043,31.43,17.592709025694457,0.0017123015048676018,2.062
C:\Users\Asus\PycharmProjects\AquaVision_v1\datasets\fish\New Dataset\train_split\Parasitic diseases\Parasitic diseases_aug_61.jpg,Parasitic diseases,fish,train,True,1,train,5.81,31.46,3.03,29.0,0.064,40.99,10.382804017148459,0.005199944203630142,1.6540000000000001
C:\Users\Asus\PycharmProjects\AquaVision_v1\datasets\fish\New Dataset\train_split\Parasitic diseases\Parasitic diseases_aug_63.jpg,Parasitic diseases,fish,train,True,2,train,7.34,31.62,2.96,24.07,0.117,48.16,10.682396343255597,0.32374846553065306,1.428
C:\Users\Asus\PycharmProjects\AquaVision_v1\datasets\fish\New Dataset\train_split\Parasitic diseases\Parasitic diseases_aug_64.jpg,Parasitic diseases,fish,train,True,0,train,5.53,31.41,2.13,25.36,0.182,42.81,14.74640964126929,0.007748173119473957,2.48
C:\Users\Asus\PycharmProjects\AquaVision_v1\datasets\fish\New Dataset\train_split\Parasitic diseases\Parasitic diseases_aug_67.jpg,Parasitic diseases,fish,train,True,2,train,6.81,31.41,3.89,21.53,0.234,49.5,8.07452937138979,0.1898207937660389,1.7760000000000002
C:\Users\Asus\PycharmProjects\AquaVision_v1\datasets\fish\New Dataset\train_split\Parasitic diseases\Parasitic diseases_aug_70.jpg,Parasitic diseases,fish,train,True,0,train,6.3,32.27,1.49,36.4,0.051,55.29,21.657572767968002,0.013134971440425329,1.917
C:\Users\Asus\PycharmProjects\AquaVision_v1\datasets\fish\New Dataset\train_split\Parasitic diseases\Parasitic diseases_aug_72.jpg,Parasitic diseases,fish,train,True,3,train,5.66,36.52,3.3,31.99,1.141,45.43,11.066633131414754,0.07618621616513165,5.926
C:\Users\Asus\PycharmProjects\AquaVision_v1\datasets\fish\New Dataset\train_split\Parasitic diseases\Parasitic diseases_aug_75.jpg,Parasitic diseases,fish,train,True,0,val,5.48,34.69,2.7,34.14,0.247,47.73,12.848100562590506,0.010350497967857709,2.5839999999999996
C:\Users\Asus\PycharmProjects\AquaVision_v1\datasets\fish\New Dataset\train_split\Parasitic diseases\Parasitic diseases_aug_78.jpg,Parasitic diseases,fish,train,True,4,train,7.02,30.56,2.55,20.54,0.578,67.45,11.984266728365771,0.7398457436654277,3.4909999999999997
C:\Users\Asus\PycharmProjects\AquaVision_v1\datasets\fish\New Dataset\train_split\Parasitic diseases\Parasitic diseases_aug_82.jpg,Parasitic diseases,fish,train,True,0,train,5.84,33.84,2.61,34.15,0.066,39.36,12.965467565258372,0.006180651854756757,1.779
C:\Users\Asus\PycharmProjects\AquaVision_v1\datasets\fish\New Dataset\train_split\Parasitic diseases\Parasitic diseases_aug_85.jpg,Parasitic diseases,fish,train,True,2,train,5.98,32.49,3.16,30.51,0.065,42.09,10.28161303287015,0.008067204371157486,1.5679999999999998
C:\Users\Asus\PycharmProjects\AquaVision_v1\datasets\fish\New Dataset\train_split\Parasitic diseases\Parasitic diseases_aug_87.jpg,Parasitic diseases,fish,train,True,3,train,7.33,31.56,1.61,25.92,0.312,32.58,19.602362718243985,0.8420765626377369,2.616
C:\Users\Asus\PycharmProjects\AquaVision_v1\datasets\fish\New Dataset\train_split\Parasitic diseases\Parasitic diseases_aug_9.jpg,Parasitic diseases,fish,train,True,3,val,6.12,33.57,2.46,37.67,0.102,44.69,13.646285990707355,0.018055582515042145,1.8840000000000001
C:\Users\Asus\PycharmProjects\AquaVision_v1\datasets\fish\New Dataset\train_split\Parasitic diseases\Parasitic diseases_aug_90.jpg,Parasitic diseases,fish,train,True,1,,,,,,,,,,
C:\Users\Asus\PycharmProjects\AquaVision_v1\datasets\fish\New Dataset\train_split\Parasitic diseases\Parasitic diseases_aug_93.jpg,Parasitic diseases,fish,train,True,0,train,4.66,27.48,0.6,36.45,0.112,62.01,45.799236679388684,0.0005627230985876313,2.92
C:\Users\Asus\PycharmProjects\AquaVision_v1\datasets\fish\New Dataset\train_split\Parasitic diseases\Parasitic diseases_aug_94.jpg,Parasitic diseases,fish,train,True,4,train,6.61,32.55,4.17,26.84,0.037,36.2,7.805736676890463,0.019625137502935337,0.964
C:\Users\Asus\PycharmProjects\AquaVision_v1\datasets\fish\New Dataset\train_split\Parasitic diseases\Parasitic diseases_aug_95.jpg,Parasitic diseases,fish,train,True,3,train,6.6,33.01,3.28,36.71,0.041,36.5,10.063993707336257,0.02155208902795233,1.2500000000000002
C:\Users\Asus\PycharmProjects\AquaVision_v1\datasets\fish\New Dataset\train_split\Parasitic diseases\Parasitic diseases_aug_99.jpg,Parasitic diseases,fish,train,True,2,train,6.8,28.37,2.65,30.31,0.317,56.83,10.705619978792534,0.22697529506161102,2.4829999999999997
C:\Users\Asus\PycharmProjects\AquaVision_v1\datasets\fish\New Dataset\train_split\Viral diseases White tail disease\Viral diseases White tail disease_1.jpeg,Viral diseases White tail disease,fish,train,False,2,train,6.58,29.83,2.72,32.81,0.335,39.5,10.966871445325568,0.15197006587604742,2.6
C:\Users\Asus\PycharmProjects\AquaVision_v1\datasets\fish\New Dataset\train_split\Viral diseases White tail disease\Viral diseases White tail disease_10.jpg,Viral diseases White tail disease,fish,train,False,4,train,5.46,33.42,3.65,20.05,0.027,31.18,9.1561392982485,0.0010409507946125046,1.4249999999999998
C:\Users\Asus\PycharmProjects\AquaVision_v1\datasets\fish\New Dataset\train_split\Viral diseases White tail disease\Viral diseases White tail disease_100.jpg,Viral diseases White tail disease,fish,train,False,2,train,6.78,30.11,3.49,28.22,0.641,52.63,8.627482442743716,0.46518829266496037,3.5329999999999995
C:\Users\Asus\PycharmProjects\AquaVision_v1\datasets\fish\New Dataset\train_split\Viral diseases White tail disease\Viral diseases White tail disease_101.jpg,Viral diseases White tail disease,fish,train,False,3,train,5.19,35.13,3.62,33.44,0.171,42.8,9.704393081787067,0.0037216390630518538,2.091
C:\Users\Asus\PycharmProjects\AquaVision_v1\datasets\fish\New Dataset\train_split\Viral diseases White tail disease\Viral diseases White tail disease_104.jpg,Viral diseases White tail disease,fish,train,False,0,train,6.54,34.97,4.31,25.52,0.802,16.82,8.113670269906567,0.3889824361432271,4.003
C:\Users\Asus\PycharmProjects\AquaVision_v1\datasets\fish\New Dataset\train_split\Viral diseases White tail disease\Viral diseases White tail disease_111.jpg,Viral diseases White tail disease,fish,train,False,3,train,5.97,30.28,3.0,30.11,0.339,34.99,10.093299689001038,0.03831912294934818,2.715
C:\Users\Asus\PycharmProjects\AquaVision_v1\datasets\fish\New Dataset\train_split\Viral diseases White tail disease\Viral diseases White tail disease_112.jpg,Viral diseases White tail disease,fish,train,False,1,val,6.73,30.15,5.04,29.5,0.475,48.68,5.982130987835342,0.30763866455069955,2.419
C:\Users\Asus\PycharmProjects\AquaVision_v1\datasets\fish\New Dataset\train_split\Viral diseases White tail disease\Viral diseases White tail disease_114.jpg,Viral diseases White tail disease,fish,train,False,3,train,4.67,30.4,3.17,33.13,0.071,33.45,9.589875110804066,0.00040382381158171534,1.982
C:\Users\Asus\PycharmProjects\AquaVision_v1\datasets\fish\New Dataset\train_split\Viral diseases White tail disease\Viral diseases White tail disease_115.jpg,Viral diseases White tail disease,fish,train,False,1,train,6.11,27.96,2.53,30.17,0.457,57.59,11.051339718024831,0.06584356824664163,3.286
C:\Users\Asus\PycharmProjects\AquaVision_v1\datasets\fish\New Dataset\train_split\Viral diseases White tail disease\Viral diseases White tail disease_122.jpg,Viral diseases White tail disease,fish,train,False,3,train,6.38,31.25,3.76,18.32,0.033,67.59,8.311148108648647,0.009895185790955396,1.1400000000000001
C:\Users\Asus\PycharmProjects\AquaVision_v1\datasets\fish\New Dataset\train_split\Viral diseases White tail disease\Viral diseases White tail disease_123.jpg,Viral diseases White tail disease,fish,train,False,0,train,6.59,33.91,3.08,28.12,0.845,29.95,11.009704513946382,0.4459072052963545,4.529
C:\Users\Asus\PycharmProjects\AquaVision_v1\datasets\fish\New Dataset\train_split\Viral diseases White tail disease\Viral diseases White tail disease_124.jpg,Viral diseases White tail disease,fish,train,False,0,train,6.71,32.57,3.65,24.75,0.241,48.18,8.923263223936372,0.16102555046641195,1.9060000000000001
C:\Users\Asus\PycharmProjects\AquaVision_v1\datasets\fish\New Dataset\train_split\Viral diseases White tail disease\Viral diseases White tail disease_125.jpg,Viral diseases White tail disease,fish,train,False,0,train,5.77,25.6,2.81,35.19,0.289,49.39,9.110287863744258,0.01742600359913114,2.632
C:\Users\Asus\PycharmProjects\AquaVision_v1\datasets\fish\New Dataset\train_split\Viral diseases White tail disease\Viral diseases White tail disease_126.jpg,Viral diseases White tail disease,fish,train,False,1,train,4.7,28.96,2.88,31.43,0.075,37.41,10.055520640553333,0.0004354314685753743,2.076
C:\Users\Asus\PycharmProjects\AquaVision_v1\datasets\fish\New Dataset\train_split\Viral diseases White tail disease\Viral diseases White tail disease_127.jpg,Viral diseases White tail disease,fish,train,False,1,train,6.89,34.03,2.37,27.51,0.105,40.1,14.35858920426496,0.11094589539127231,1.6920000000000002
C:\Users\Asus\PycharmProjects\AquaVision_v1\datasets\fish\New Dataset\train_split\Viral diseases White tail disease\Viral diseases White tail disease_128.jpg,Viral diseases White tail disease,fish,train,False,0,train,7.88,32.27,4.01,31.55,0.856,48.01,8.047361477901553,8.381711753736058,4.135000000000001
C:\Users\Asus\PycharmProjects\AquaVision_v1\datasets\fish\New Dataset\train_split\Viral diseases White tail disease\Viral diseases White tail disease_13.jpg,Viral diseases White tail disease,fish,train,False,1,train,6.01,31.05,1.99,30.67,0.173,46.81,15.602936668659956,0.02198708720793964,2.342
C:\Users\Asus\PycharmProjects\AquaVision_v1\datasets\fish\New Dataset\train_split\Viral diseases White tail disease\Viral diseases White tail disease_135.jpg,Viral diseases White tail disease,fish,train,False,4,train,5.06,30.1,3.04,30.97,0.175,56.94,9.901283219463094,0.0024191596804939296,2.3200000000000003
C:\Users\Asus\PycharmProjects\AquaVision_v1\datasets\fish\New Dataset\train_split\Viral diseases White tail disease\Viral diseases White tail disease_14.jpg,Viral diseases White tail disease,fish,train,False,1,train,5.35,32.28,2.67,28.3,0.087,38.73,12.089842360140974,0.002514853958683911,1.992
C:\Users\Asus\PycharmProjects\AquaVision_v1\datasets\fish\New Dataset\train_split\Viral diseases White tail disease\Viral diseases White tail disease_152.jpg,Viral diseases White tail disease,fish,train,False,4,train,5.67,32.71,2.61,24.39,0.221,40.91,12.532519032494129,0.01352486096080976,2.45
C:\Users\Asus\PycharmProjects\AquaVision_v1\datasets\fish\New Dataset\train_split\Viral diseases White tail disease\Viral diseases White tail disease_155.jpg,Viral diseases White tail disease,fish,train,False,1,val,5.18,31.61,3.46,22.04,0.302,56.59,9.135811746208825,0.005779515464418674,2.6660000000000004
C:\Users\Asus\PycharmProjects\AquaVision_v1\datasets\fish\New Dataset\train_split\Viral diseases White tail disease\Viral diseases White tail disease_157.jpg,Viral diseases White tail disease,fish,train,False,4,train,6.91,32.13,3.56,34.23,0.094,37.07,9.02525554703498,0.09819707926116548,1.285
C:\Users\Asus\PycharmProjects\AquaVision_v1\datasets\fish\New Dataset\train_split\Viral diseases White tail disease\Viral diseases White tail disease_159.jpg,Viral diseases White tail disease,fish,train,False,1,train,6.5,32.26,3.58,22.47,0.026,43.78,9.011148013553035,0.01060956804097132,1.13
C:\Users\Asus\PycharmProjects\AquaVision_v1\datasets\fish\New Dataset\train_split\Viral diseases White tail disease\Viral diseases White tail disease_160.jpg,Viral diseases White tail disease,fish,train,False,1,train,6.29,33.01,3.18,28.9,0.226,52.3,10.380470501665087,0.058185390695163826,2.113
C:\Users\Asus\PycharmProjects\AquaVision_v1\datasets\fish\New Dataset\train_split\Viral diseases White tail disease\Viral diseases White tail disease_163.jpg,Viral diseases White tail disease,fish,train,False,4,train,6.61,31.5,2.43,30.68,0.518,48.3,12.962909617655892,0.2658889597171885,3.41
C:\Users\Asus\PycharmProjects\AquaVision_v1\datasets\fish\New Dataset\train_split\Viral diseases White tail disease\Viral diseases White tail disease_167.jpg,Viral diseases White tail disease,fish,train,False,4,train,6.87,31.12,1.75,21.2,0.073,49.46,17.782755527111274,0.06736315815111092,1.7559999999999998
C:\Users\Asus\PycharmProjects\AquaVision_v1\datasets\fish\New Dataset\train_split\Viral diseases White tail disease\Viral diseases White tail disease_169.jpg,Viral diseases White tail disease,fish,train,False,1,train,6.8,30.58,3.12,24.54,0.076,44.84,9.801250637017189,0.05865581380638107,1.3780000000000001
C:\Users\Asus\PycharmProjects\AquaVision_v1\datasets\fish\New Dataset\train_split\Viral diseases White tail disease\Viral diseases White tail disease_170.jpg,Viral diseases White tail disease,fish,train,False,1,train,5.91,30.43,3.94,27.48,0.283,59.98,7.723330651445047,0.027999377710980853,2.227
C:\Users\Asus\PycharmProjects\AquaVision_v1\datasets\fish\New Dataset\train_split\Viral diseases White tail disease\Viral diseases White tail disease_173.jpg,Viral diseases White tail disease,fish,train,False,3,train,6.62,31.82,3.89,28.36,0.081,54.85,8.179927558026844,0.04297789945376449,1.221
C:\Users\Asus\PycharmProjects\AquaVision_v1\datasets\fish\New Dataset\train_split\Viral diseases White tail disease\Viral diseases White tail disease_174.jpg,Viral diseases White tail disease,fish,train,False,1,train,6.64,31.23,3.12,26.1,0.738,64.58,10.009583302617619,0.40242813629419827,4.074
C:\Users\Asus\PycharmProjects\AquaVision_v1\datasets\fish\New Dataset\train_split\Viral diseases White tail disease\Viral diseases White tail disease_178.jpg,Viral diseases White tail disease,fish,train,False,3,val,6.61,32.5,4.22,27.4,0.121,33.85,7.70140355117642,0.06408091769858698,1.285
C:\Users\Asus\PycharmProjects\AquaVision_v1\datasets\fish\New Dataset\train_split\Viral diseases White tail disease\Viral diseases White tail disease_18.jpg,Viral diseases White tail disease,fish,train,False,1,train,5.69,26.51,3.66,21.51,0.015,49.53,7.2431496088808505,0.0007790421900874512,1.3049999999999997
C:\Users\Asus\PycharmProjects\AquaVision_v1\datasets\fish\New Dataset\train_split\Viral diseases White tail disease\Viral diseases White tail disease_180.jpg,Viral diseases White tail disease,fish,train,False,4,train,5.71,32.8,2.68,27.46,0.006,36.27,12.238760303133196,0.0004037244814780024,1.557
C:\Users\Asus\PycharmProjects\AquaVision_v1\datasets\fish\New Dataset\train_split\Viral diseases White tail disease\Viral diseases White tail disease_183.jpg,Viral diseases White tail disease,fish,train,False,3,train,5.77,31.67,2.8,27.02,0.001,62.51,11.310673890450392,7.459471426044595e-05,1.483
C:\Users\Asus\PycharmProjects\AquaVision_v1\datasets\fish\New Dataset\train_split\Viral diseases White tail disease\Viral diseases White tail disease_187.jpg,Viral diseases White tail disease,fish,train,False,4,train,5.36,32.28,3.83,33.16,0.705,36.75,8.428176427737787,0.020853676608438943,4.113
C:\Users\Asus\PycharmProjects\AquaVision_v1\datasets\fish\New Dataset\train_split\Viral diseases White tail disease\Viral diseases White tail disease_188.jpg,Viral diseases White tail disease,fish,train,False,4,val,5.88,26.26,5.71,27.4,0.089,56.83,4.598941157721265,0.007091607974814824,0.9289999999999999
C:\Users\Asus\PycharmProjects\AquaVision_v1\datasets\fish\New Dataset\train_split\Viral diseases White tail disease\Viral diseases White tail disease_189.jpg,Viral diseases White tail disease,fish,train,False,0,train,6.92,30.85,2.39,27.44,0.637,22.73,12.907895782862832,0.6538145663854232,3.8049999999999997
C:\Users\Asus\PycharmProjects\AquaVision_v1\datasets\fish\New Dataset\train_split\Viral diseases White tail disease\Viral diseases White tail disease_190.jpg,Viral diseases White tail disease,fish,train,False,2,train,6.08,30.29,3.62,30.42,0.18,42.72,8.36738020060718,0.026219944601684236,1.8599999999999999
C:\Users\Asus\PycharmProjects\AquaVision_v1\datasets\fish\New Dataset\train_split\Viral diseases White tail disease\Viral diseases White tail disease_191.jpg,Viral diseases White tail disease,fish,train,False,2,train,5.12,30.79,4.75,32.42,0.171,39.87,6.482091616649228,0.002776296148642383,1.7730000000000001
C:\Users\Asus\PycharmProjects\AquaVision_v1\datasets\fish\New Dataset\train_split\Viral diseases White tail disease\Viral diseases White tail disease_192.jpg,Viral diseases White tail disease,fish,train,False,0,train,5.65,30.81,2.98,28.45,0.072,57.97,10.33889148022993,0.0039635485845613,1.7489999999999997
C:\Users\Asus\PycharmProjects\AquaVision_v1\datasets\fish\New Dataset\train_split\Viral diseases White tail disease\Viral diseases White tail disease_195.jpg,Viral diseases White tail disease,fish,train,False,0,train,5.62,31.21,2.93,31.02,0.173,43.42,10.651840778700414,0.009003261473011545,2.177
C:\Users\Asus\PycharmProjects\AquaVision_v1\datasets\fish\New Dataset\train_split\Viral diseases White tail disease\Viral diseases White tail disease_2.jpg,Viral diseases White tail disease,fish,train,False,4,train,6.52,29.11,3.6,29.1,0.009,64.05,8.08608864975375,0.003470121700688958,1.05
C:\Users\Asus\PycharmProjects\AquaVision_v1\datasets\fish\New Dataset\train_split\Viral diseases White tail disease\Viral diseases White tail disease_20.jpeg,Viral diseases White tail disease,fish,train,False,4,train,5.77,32.57,3.1,29.15,0.015,44.62,10.506417721233158,0.0011507182712958907,1.4490000000000003
C:\Users\Asus\PycharmProjects\AquaVision_v1\datasets\fish\New Dataset\train_split\Viral diseases White tail disease\Viral diseases White tail disease_200.jpg,Viral diseases White tail disease,fish,train,False,4,val,6.11,37.75,3.45,30.58,0.075,43.44,10.94199726957313,0.014589426172924753,1.4819999999999998
C:\Users\Asus\PycharmProjects\AquaVision_v1\datasets\fish\New Dataset\train_split\Viral diseases White tail disease\Viral diseases White tail disease_202.jpg,Viral diseases White tail disease,fish,train,False,2,train,6.63,33.64,2.93,24.16,0.262,48.65,11.481189483994935,0.15038941493084884,2.23
C:\Users\Asus\PycharmProjects\AquaVision_v1\datasets\fish\New Dataset\train_split\Viral diseases White tail disease\Viral diseases White tail disease_208.jpg,Viral diseases White tail disease,fish,train,False,0,train,5.38,30.2,2.05,39.3,0.174,53.1,14.731635455436804,0.005042154889145445,2.517
C:\Users\Asus\PycharmProjects\AquaVision_v1\datasets\fish\New Dataset\train_split\Viral diseases White tail disease\Viral diseases White tail disease_210.jpg,Viral diseases White tail disease,fish,train,False,0,train,5.65,33.13,3.31,33.4,0.081,54.13,10.009033205337749,0.004794755280179501,1.686
C:\Users\Asus\PycharmProjects\AquaVision_v1\datasets\fish\New Dataset\train_split\Viral diseases White tail disease\Viral diseases White tail disease_213.jpg,Viral diseases White tail disease,fish,train,False,2,train,5.92,28.73,4.19,33.25,0.492,42.87,6.856785544664572,0.04702845594695851,2.985
C:\Users\Asus\PycharmProjects\AquaVision_v1\datasets\fish\New Dataset\train_split\Viral diseases White tail disease\Viral diseases White tail disease_215.jpg,Viral diseases White tail disease,fish,train,False,4,train,4.7,30.64,1.9,28.26,0.474,54.47,16.126230914574133,0.0029115690485491934,3.966
C:\Users\Asus\PycharmProjects\AquaVision_v1\datasets\fish\New Dataset\train_split\Viral diseases White tail disease\Viral diseases White tail disease_218.jpg,Viral diseases White tail disease,fish,train,False,3,train,6.84,29.84,2.19,26.06,0.017,46.11,13.625508559321647,0.014038080597110321,1.409
C:\Users\Asus\PycharmProjects\AquaVision_v1\datasets\fish\New Dataset\train_split\Viral diseases White tail disease\Viral diseases White tail disease_22.png,Viral diseases White tail disease,fish,train,False,1,train,5.99,33.31,4.12,31.28,0.119,54.46,8.084931832689728,0.01549464339109812,1.4929999999999999
C:\Users\Asus\PycharmProjects\AquaVision_v1\datasets\fish\New Dataset\train_split\Viral diseases White tail disease\Viral diseases White tail disease_222.jpg,Viral diseases White tail disease,fish,train,False,2,train,5.51,30.47,3.75,28.54,0.106,34.53,8.125311665835557,0.0041805970600978055,1.6960000000000002
C:\Users\Asus\PycharmProjects\AquaVision_v1\datasets\fish\New Dataset\train_split\Viral diseases White tail disease\Viral diseases White tail disease_23.jpg,Viral diseases White tail disease,fish,train,False,1,train,6.48,31.24,3.79,27.14,0.099,50.51,8.242722314716847,0.037359943531162204,1.3649999999999998
C:\Users\Asus\PycharmProjects\AquaVision_v1\datasets\fish\New Dataset\train_split\Viral diseases White tail disease\Viral diseases White tail disease_239.jpg,Viral diseases White tail disease,fish,train,False,0,train,6.43,35.36,2.4,32.89,0.05,62.0,14.733271944700231,0.019034534133371132,1.6010000000000002
C:\Users\Asus\PycharmProjects\AquaVision_v1\datasets\fish\New Dataset\train_split\Viral diseases White tail disease\Viral diseases White tail disease_24.jpg,Viral diseases White tail disease,fish,train,False,4,train,8.39,29.99,2.14,21.22,0.04,36.53,14.01395320582614,1.1778675261023066,1.5850000000000002
C:\Users\Asus\PycharmProjects\AquaVision_v1\datasets\fish\New Dataset\train_split\Viral diseases White tail disease\Viral diseases White tail disease_241.jpg,Viral diseases White tail disease,fish,train,False,1,train,5.8,31.5,4.03,29.58,0.571,38.86,7.816357775787157,0.045394857105971964,3.3849999999999993
C:\Users\Asus\PycharmProjects\AquaVision_v1\datasets\fish\New Dataset\train_split\Viral diseases White tail disease\Viral diseases White tail disease_242.jpg,Viral diseases White tail disease,fish,train,False,2,val,6.06,28.6,3.02,27.2,0.104,32.63,9.470167317326764,0.013660272527121299,1.742
C:\Users\Asus\PycharmProjects\AquaVision_v1\datasets\fish\New Dataset\train_split\Viral diseases White tail disease\Viral diseases White tail disease_244.jpg,Viral diseases White tail disease,fish,train,False,0,train,7.25,28.66,4.47,28.15,0.061,36.93,6.411618765953545,0.12435579045578589,0.778
C:\Users\Asus\PycharmProjects\AquaVision_v1\datasets\fish\New Dataset\train_split\Viral diseases White tail disease\Viral diseases White tail disease_26.jpg,Viral diseases White tail disease,fish,train,False,0,train,6.27,32.66,3.82,26.53,0.215,40.2,8.549715838440212,0.05230155865973189,1.883
C:\Users\Asus\PycharmProjects\AquaVision_v1\datasets\fish\New Dataset\train_split\Viral diseases White tail disease\Viral diseases White tail disease_29.jpg,Viral diseases White tail disease,fish,train,False,3,train,6.75,35.04,3.44,24.93,0.644,48.26,10.186016901113659,0.5075863752930948,3.569000000000001
C:\Users\Asus\PycharmProjects\AquaVision_v1\datasets\fish\New Dataset\train_split\Viral diseases White tail disease\Viral diseases White tail disease_3.png,Viral diseases White tail disease,fish,train,False,3,train,5.42,26.51,2.93,27.1,0.998,44.31,9.047750690270682,0.027835579062486508,5.537000000000001
C:\Users\Asus\PycharmProjects\AquaVision_v1\datasets\fish\New Dataset\train_split\Viral diseases White tail disease\Viral diseases White tail disease_30.jpeg,Viral diseases White tail disease,fish,train,False,3,train,4.65,31.04,1.42,30.93,0.112,27.45,21.859000992950754,0.0006211546297763927,2.6769999999999996
C:\Users\Asus\PycharmProjects\AquaVision_v1\datasets\fish\New Dataset\train_split\Viral diseases White tail disease\Viral diseases White tail disease_31.jpg,Viral diseases White tail disease,fish,train,False,0,train,5.93,33.98,3.36,29.38,0.662,56.81,10.113065139687084,0.07658458358493311,3.9110000000000005
C:\Users\Asus\PycharmProjects\AquaVision_v1\datasets\fish\New Dataset\train_split\Viral diseases White tail disease\Viral diseases White tail disease_32.png,Viral diseases White tail disease,fish,train,False,1,train,7.28,27.78,5.28,22.32,0.091,30.41,5.261353671678653,0.1926786634318693,0.6459999999999999
C:\Users\Asus\PycharmProjects\AquaVision_v1\datasets\fish\New Dataset\train_split\Viral diseases White tail disease\Viral diseases White tail disease_34.jpg,Viral diseases White tail disease,fish,train,False,2,train,7.22,30.47,2.99,30.44,0.047,41.71,10.190601369226188,0.09506711257089019,1.175
C:\Users\Asus\PycharmProjects\AquaVision_v1\datasets\fish\New Dataset\train_split\Viral diseases White tail disease\Viral diseases White tail disease_35.jpg,Viral diseases White tail disease,fish,train,False,1,train,7.19,31.48,2.94,25.84,0.796,35.92,10.707446573310975,1.5524148296815405,4.195
C:\Users\Asus\PycharmProjects\AquaVision_v1\datasets\fish\New Dataset\train_split\Viral diseases White tail disease\Viral diseases White tail disease_36.jpg,Viral diseases White tail disease,fish,train,False,4,train,5.47,30.12,2.81,25.37,0.202,65.99,10.718823064686603,0.0071823460901010725,2.374
C:\Users\Asus\PycharmProjects\AquaVision_v1\datasets\fish\New Dataset\train_split\Viral diseases White tail disease\Viral diseases White tail disease_37.jpg,Viral diseases White tail disease,fish,train,False,2,train,6.46,32.58,3.15,27.04,0.018,51.72,10.342824308494258,0.006765245738774265,1.2389999999999999
C:\Users\Asus\PycharmProjects\AquaVision_v1\datasets\fish\New Dataset\train_split\Viral diseases White tail disease\Viral diseases White tail disease_38.jpg,Viral diseases White tail disease,fish,train,False,2,val,6.96,30.35,4.62,26.13,0.185,33.53,6.56924985010855,0.20482851441094374,1.316
C:\Users\Asus\PycharmProjects\AquaVision_v1\datasets\fish\New Dataset\train_split\Viral diseases White tail disease\Viral diseases White tail disease_39.jpg,Viral diseases White tail disease,fish,train,False,4,val,5.78,32.94,3.44,33.18,0.053,56.82,9.575553559437326,0.004207842306241343,1.496
C:\Users\Asus\PycharmProjects\AquaVision_v1\datasets\fish\New Dataset\train_split\Viral diseases White tail disease\Viral diseases White tail disease_4.jpeg,Viral diseases White tail disease,fish,train,False,0,train,6.69,26.69,3.45,25.89,0.195,35.2,7.736209460262434,0.10196313417376197,1.788
C:\Users\Asus\PycharmProjects\AquaVision_v1\datasets\fish\New Dataset\train_split\Viral diseases White tail disease\Viral diseases White tail disease_41.jpg,Viral diseases White tail disease,fish,train,False,0,train,7.0,29.98,3.67,27.59,0.009,52.54,8.168915071076102,0.0107928,0.885
C:\Users\Asus\PycharmProjects\AquaVision_v1\datasets\fish\New Dataset\train_split\Viral diseases White tail disease\Viral diseases White tail disease_46.jpg,Viral diseases White tail disease,fish,train,False,4,train,5.6,29.72,0.5,36.37,0.048,37.02,59.43881122377553,0.002271695060899186,2.412
C:\Users\Asus\PycharmProjects\AquaVision_v1\datasets\fish\New Dataset\train_split\Viral diseases White tail disease\Viral diseases White tail disease_47.jpg,Viral diseases White tail disease,fish,train,False,1,train,6.91,32.79,1.69,27.43,0.186,62.71,19.40225205768013,0.1982961819301549,2.214
C:\Users\Asus\PycharmProjects\AquaVision_v1\datasets\fish\New Dataset\train_split\Viral diseases White tail disease\Viral diseases White tail disease_48.jpg,Viral diseases White tail disease,fish,train,False,0,train,7.42,32.58,3.3,30.03,0.403,28.11,9.87269735546256,1.3813893945563387,2.446
C:\Users\Asus\PycharmProjects\AquaVision_v1\datasets\fish\New Dataset\train_split\Viral diseases White tail disease\Viral diseases White tail disease_49.jpg,Viral diseases White tail disease,fish,train,False,4,train,5.58,30.02,2.43,26.88,0.616,42.41,12.353858626096187,0.028122335909466566,4.111000000000001
C:\Users\Asus\PycharmProjects\AquaVision_v1\datasets\fish\New Dataset\train_split\Viral diseases White tail disease\Viral diseases White tail disease_5.jpg,Viral diseases White tail disease,fish,train,False,0,train,6.82,32.74,3.41,27.99,0.011,39.56,9.601144864677817,0.009517685534618231,1.025
C:\Users\Asus\PycharmProjects\AquaVision_v1\datasets\fish\New Dataset\train_split\Viral diseases White tail disease\Viral diseases White tail disease_50.jpg,Viral diseases White tail disease,fish,train,False,4,train,5.26,31.28,3.84,27.57,0.135,39.65,8.145812120280937,0.0030736931142952943,1.8600000000000003
C:\Users\Asus\PycharmProjects\AquaVision_v1\datasets\fish\New Dataset\train_split\Viral diseases White tail disease\Viral diseases White tail disease_51.jpg,Viral diseases White tail disease,fish,train,False,2,train,7.11,34.08,3.97,31.03,0.252,49.9,8.58436124846033,0.4425477307947565,1.734
C:\Users\Asus\PycharmProjects\AquaVision_v1\datasets\fish\New Dataset\train_split\Viral diseases White tail disease\Viral diseases White tail disease_52.jpg,Viral diseases White tail disease,fish,train,False,2,train,5.89,32.23,3.56,38.8,0.1,44.24,9.053345355771471,0.010007377827577086,1.6150000000000002
C:\Users\Asus\PycharmProjects\AquaVision_v1\datasets\fish\New Dataset\train_split\Viral diseases White tail disease\Viral diseases White tail disease_53.jpg,Viral diseases White tail disease,fish,train,False,2,val,6.57,33.35,3.49,34.68,0.094,56.98,9.555846544852306,0.04658903158786908,1.408
C:\Users\Asus\PycharmProjects\AquaVision_v1\datasets\fish\New Dataset\train_split\Viral diseases White tail disease\Viral diseases White tail disease_54.jpg,Viral diseases White tail disease,fish,train,False,1,train,6.31,29.35,2.29,29.23,0.001,44.23,12.816537919048388,0.00023970003470420254,1.4740000000000002
C:\Users\Asus\PycharmProjects\AquaVision_v1\datasets\fish\New Dataset\train_split\Viral diseases White tail disease\Viral diseases White tail disease_55.png,Viral diseases White tail disease,fish,train,False,0,val,6.43,30.93,2.93,27.7,0.064,37.09,10.556277964921621,0.02131178790027762,1.498
C:\Users\Asus\PycharmProjects\AquaVision_v1\datasets\fish\New Dataset\train_split\Viral diseases White tail disease\Viral diseases White tail disease_57.jpg,Viral diseases White tail disease,fish,train,False,2,train,6.15,33.14,3.36,37.03,0.215,46.61,9.863065883732489,0.04025788503676638,2.057
C:\Users\Asus\PycharmProjects\AquaVision_v1\datasets\fish\New Dataset\train_split\Viral diseases White tail disease\Viral diseases White tail disease_6.jpg,Viral diseases White tail disease,fish,train,False,2,train,6.35,33.48,3.67,30.49,0.053,33.71,9.122590946618674,0.015889905348484803,1.2560000000000002
C:\Users\Asus\PycharmProjects\AquaVision_v1\datasets\fish\New Dataset\train_split\Viral diseases White tail disease\Viral diseases White tail disease_60.jpg,Viral diseases White tail disease,fish,train,False,0,val,6.44,30.56,2.62,29.43,0.334,48.34,11.664077618024358,0.1124500901764833,2.668
C:\Users\Asus\PycharmProjects\AquaVision_v1\datasets\fish\New Dataset\train_split\Viral diseases White tail disease\Viral diseases White tail disease_61.jpg,Viral diseases White tail disease,fish,train,False,2,train,5.62,30.35,2.85,32.27,0.104,49.51,10.649085441805468,0.005263226087943067,1.9249999999999998
C:\Users\Asus\PycharmProjects\AquaVision_v1\datasets\fish\New Dataset\train_split\Viral diseases White tail disease\Viral diseases White tail disease_62.jpg,Viral diseases White tail disease,fish,train,False,4,train,6.73,34.04,2.46,29.23,0.376,63.34,13.83734212462551,0.27493965772058904,2.7969999999999997
C:\Users\Asus\PycharmProjects\AquaVision_v1\datasets\fish\New Dataset\train_split\Viral diseases White tail disease\Viral diseases White tail disease_63.jpg,Viral diseases White tail disease,fish,train,False,1,train,6.7,28.72,3.05,28.14,0.58,55.82,9.416362569303052,0.3339430585147862,3.4449999999999994
C:\Users\Asus\PycharmProjects\AquaVision_v1\datasets\fish\New Dataset\train_split\Viral diseases White tail disease\Viral diseases White tail disease_67.jpg,Viral diseases White tail disease,fish,train,False,4,train,6.18,32.02,0.85,22.75,0.564,23.13,37.67014505711698,0.1093353055306361,4.197
C:\Users\Asus\PycharmProjects\AquaVision_v1\datasets\fish\New Dataset\train_split\Viral diseases White tail disease\Viral diseases White tail disease_71.jpg,Viral diseases White tail disease,fish,train,False,1,train,5.62,35.25,3.65,25.08,0.04,53.87,9.657507787649896,0.0023511433227726922,1.4289999999999998
C:\Users\Asus\PycharmProjects\AquaVision_v1\datasets\fish\New Dataset\train_split\Viral diseases White tail disease\Viral diseases White tail disease_72.jpg,Viral diseases White tail disease,fish,train,False,4,train,4.81,31.26,2.7,28.39,0.178,50.79,11.577734897278157,0.0014370403654131799,2.509
C:\Users\Asus\PycharmProjects\AquaVision_v1\datasets\fish\New Dataset\train_split\Viral diseases White tail disease\Viral diseases White tail disease_74.jpg,Viral diseases White tail disease,fish,train,False,1,train,4.78,32.3,2.98,30.25,0.646,35.22,10.838889802383212,0.005029155124444135,4.306
C:\Users\Asus\PycharmProjects\AquaVision_v1\datasets\fish\New Dataset\train_split\Viral diseases White tail disease\Viral diseases White tail disease_75.jpg,Viral diseases White tail disease,fish,train,False,1,train,4.24,29.88,3.18,27.21,0.115,49.63,9.396196867305449,0.00023885724830994428,2.284
C:\Users\Asus\PycharmProjects\AquaVision_v1\datasets\fish\New Dataset\train_split\Viral diseases White tail disease\Viral diseases White tail disease_76.jpg,Viral diseases White tail disease,fish,train,False,2,train,6.84,29.45,2.19,34.04,0.146,42.54,13.447427180697805,0.11898662502640601,1.925
C:\Users\Asus\PycharmProjects\AquaVision_v1\datasets\fish\New Dataset\train_split\Viral diseases White tail disease\Viral diseases White tail disease_8.jpg,Viral diseases White tail disease,fish,train,False,2,train,7.69,32.13,2.83,25.75,0.067,52.45,11.353316772732253,0.42174070489705956,1.276
C:\Users\Asus\PycharmProjects\AquaVision_v1\datasets\fish\New Dataset\train_split\Viral diseases White tail disease\Viral diseases White tail disease_81.jpg,Viral diseases White tail disease,fish,train,False,0,train,6.03,29.47,2.55,34.06,0.145,30.74,11.556817424245395,0.01831505087670432,2.056
C:\Users\Asus\PycharmProjects\AquaVision_v1\datasets\fish\New Dataset\train_split\Viral diseases White tail disease\Viral diseases White tail disease_88.jpg,Viral diseases White tail disease,fish,train,False,1,train,5.18,31.97,2.91,27.12,0.102,52.47,10.986216542211194,0.001974252966990226,2.031
C:\Users\Asus\PycharmProjects\AquaVision_v1\datasets\fish\New Dataset\train_split\Viral diseases White tail disease\Viral diseases White tail disease_91.jpg,Viral diseases White tail disease,fish,train,False,3,train,6.67,29.86,3.79,27.03,0.128,54.24,7.878607180455988,0.07150884515243897,1.424
C:\Users\Asus\PycharmProjects\AquaVision_v1\datasets\fish\New Dataset\train_split\Viral diseases White tail disease\Viral diseases White tail disease_92.jpg,Viral diseases White tail disease,fish,train,False,3,train,5.87,28.78,2.79,27.12,0.041,41.22,10.315375213708911,0.0034989250341210276,1.616
C:\Users\Asus\PycharmProjects\AquaVision_v1\datasets\fish\New Dataset\train_split\Viral diseases White tail disease\Viral diseases White tail disease_94.jpg,Viral diseases White tail disease,fish,train,False,3,train,6.62,29.08,2.45,21.55,0.673,45.69,11.869339308819146,0.32633936019186327,4.021
C:\Users\Asus\PycharmProjects\AquaVision_v1\datasets\fish\New Dataset\train_split\Viral diseases White tail disease\Viral diseases White tail disease_95.jpg,Viral diseases White tail disease,fish,train,False,3,val,5.76,33.42,2.04,25.83,0.554,43.42,16.38227263591845,0.04261634519607003,3.926
C:\Users\Asus\PycharmProjects\AquaVision_v1\datasets\fish\New Dataset\train_split\Viral diseases White tail disease\Viral diseases White tail disease_98.jpg,Viral diseases White tail disease,fish,train,False,1,val,6.75,30.41,2.43,22.61,0.111,60.47,12.514351792790976,0.07592755066373101,1.74
C:\Users\Asus\PycharmProjects\AquaVision_v1\datasets\fish\New Dataset\train_split\Viral diseases White tail disease\Viral diseases White tail disease_99.jpg,Viral diseases White tail disease,fish,train,False,4,train,5.08,31.9,4.13,32.6,0.466,52.25,7.723952242246387,0.007148856690544678,3.151
C:\Users\Asus\PycharmProjects\AquaVision_v1\datasets\fish\New Dataset\train_split\Viral diseases White tail disease\Viral diseases White tail disease_aug_1.jpg,Viral diseases White tail disease,fish,train,True,3,train,6.28,26.51,2.3,31.55,0.234,53.76,11.526036843318074,0.04728088276068055,2.412
C:\Users\Asus\PycharmProjects\AquaVision_v1\datasets\fish\New Dataset\train_split\Viral diseases White tail disease\Viral diseases White tail disease_aug_100.jpg,Viral diseases White tail disease,fish,train,True,0,train,6.16,32.95,2.69,30.58,0.105,15.69,12.249025096560981,0.020003440987352895,1.815
C:\Users\Asus\PycharmProjects\AquaVision_v1\datasets\fish\New Dataset\train_split\Viral diseases White tail disease\Viral diseases White tail disease_aug_106.jpg,Viral diseases White tail disease,fish,train,True,0,train,7.28,28.69,2.63,28.51,0.028,52.53,10.90870376918719,0.06122778815816946,1.1889999999999998
C:\Users\Asus\PycharmProjects\AquaVision_v1\datasets\fish\New Dataset\train_split\Viral diseases White tail disease\Viral diseases White tail disease_aug_109.jpg,Viral diseases White tail disease,fish,train,True,0,train,5.3,35.62,3.45,29.87,0.227,52.4,10.32460775476013,0.006453268924254584,2.333
C:\Users\Asus\PycharmProjects\AquaVision_v1\datasets\fish\New Dataset\train_split\Viral diseases White tail disease\Viral diseases White tail disease_aug_111.jpg,Viral diseases White tail disease,fish,train,True,3,train,6.04,29.92,3.36,24.78,0.108,57.17,8.904735402573207,0.014172463135556972,1.6620000000000001
C:\Users\Asus\PycharmProjects\AquaVision_v1\datasets\fish\New Dataset\train_split\Viral diseases White tail disease\Viral diseases White tail disease_aug_112.jpg,Viral diseases White tail disease,fish,train,True,0,train,5.91,30.12,3.78,26.73,0.115,40.91,7.968232888272783,0.01126192936755683,1.6030000000000002
C:\Users\Asus\PycharmProjects\AquaVision_v1\datasets\fish\New Dataset\train_split\Viral diseases White tail disease\Viral diseases White tail disease_aug_116.jpg,Viral diseases White tail disease,fish,train,True,2,val,6.23,32.05,3.19,27.38,0.373,56.88,10.046990448305804,0.08120763391960725,2.7159999999999997
C:\Users\Asus\PycharmProjects\AquaVision_v1\datasets\fish\New Dataset\train_split\Viral diseases White tail disease\Viral diseases White tail disease_aug_12.jpg,Viral diseases White tail disease,fish,train,True,1,train,6.06,31.55,2.89,34.16,0.349,49.37,10.91691724250089,0.05056904847448436,2.761
C:\Users\Asus\PycharmProjects\AquaVision_v1\datasets\fish\New Dataset\train_split\Viral diseases White tail disease\Viral diseases White tail disease_aug_120.jpg,Viral diseases White tail disease,fish,train,True,3,train,5.92,26.03,3.95,32.38,0.057,45.72,6.589856734539913,0.004936384899290975,1.3169999999999997
C:\Users\Asus\PycharmProjects\AquaVision_v1\datasets\fish\New Dataset\train_split\Viral diseases White tail disease\Viral diseases White tail disease_aug_122.jpg,Viral diseases White tail disease,fish,train,True,4,,,,,,,,,,
C:\Users\Asus\PycharmProjects\AquaVision_v1\datasets\fish\New Dataset\train_split\Viral diseases White tail disease\Viral diseases White tail disease_aug_123.jpg,Viral diseases White tail disease,fish,train,True,4,val,6.07,30.59,2.63,30.15,0.233,54.17,11.631134482378394,0.03349618830361942,2.372
C:\Users\Asus\PycharmProjects\AquaVision_v1\datasets\fish\New Dataset\train_split\Viral diseases White tail disease\Viral diseases White tail disease_aug_124.jpg,Viral diseases White tail disease,fish,train,True,1,train,5.71,31.35,4.43,31.49,0.051,38.93,7.076733461098283,0.0032799536951783744,1.2120000000000002
C:\Users\Asus\PycharmProjects\AquaVision_v1\datasets\fish\New Dataset\train_split\Viral diseases White tail disease\Viral diseases White tail disease_aug_125.jpg,Viral diseases White tail disease,fish,train,True,0,train,6.43,28.5,4.07,33.29,0.134,19.18,7.0024397974452155,0.04111588566478753,1.436
C:\Users\Asus\PycharmProjects\AquaVision_v1\datasets\fish\New Dataset\train_split\Viral diseases White tail disease\Viral diseases White tail disease_aug_127.jpg,Viral diseases White tail disease,fish,train,True,3,val,6.23,30.2,2.99,22.4,0.07,40.15,10.100300667890743,0.014360348325216528,1.5639999999999996
C:\Users\Asus\PycharmProjects\AquaVision_v1\datasets\fish\New Dataset\train_split\Viral diseases White tail disease\Viral diseases White tail disease_aug_130.jpg,Viral diseases White tail disease,fish,train,True,1,train,5.17,38.19,3.41,28.45,0.03,47.99,11.199380646977573,0.0006778457921297258,1.5959999999999999
C:\Users\Asus\PycharmProjects\AquaVision_v1\datasets\fish\New Dataset\train_split\Viral diseases White tail disease\Viral diseases White tail disease_aug_131.jpg,Viral diseases White tail disease,fish,train,True,2,train,6.81,30.59,1.69,23.72,0.191,52.95,18.100484612517086,0.15089430029753953,2.2640000000000002
C:\Users\Asus\PycharmProjects\AquaVision_v1\datasets\fish\New Dataset\train_split\Viral diseases White tail disease\Viral diseases White tail disease_aug_132.jpg,Viral diseases White tail disease,fish,train,True,3,train,6.76,30.61,3.13,32.36,0.902,58.94,9.779521471177409,0.6355209306666043,4.691
C:\Users\Asus\PycharmProjects\AquaVision_v1\datasets\fish\New Dataset\train_split\Viral diseases White tail disease\Viral diseases White tail disease_aug_133.jpg,Viral diseases White tail disease,fish,train,True,3,train,5.11,28.33,3.15,29.11,0.506,42.4,8.99362224246907,0.007386812623412022,3.5960000000000005
C:\Users\Asus\PycharmProjects\AquaVision_v1\datasets\fish\New Dataset\train_split\Viral diseases White tail disease\Viral diseases White tail disease_aug_134.jpg,Viral diseases White tail disease,fish,train,True,1,train,6.7,35.21,2.94,22.54,0.298,41.28,11.976149740987276,0.21034988575251387,2.3499999999999996
C:\Users\Asus\PycharmProjects\AquaVision_v1\datasets\fish\New Dataset\train_split\Viral diseases White tail disease\Viral diseases White tail disease_aug_136.jpg,Viral diseases White tail disease,fish,train,True,3,train,6.12,29.81,3.75,30.78,0.025,46.91,7.949312135167639,0.00392972333763665,1.189
C:\Users\Asus\PycharmProjects\AquaVision_v1\datasets\fish\New Dataset\train_split\Viral diseases White tail disease\Viral diseases White tail disease_aug_137.jpg,Viral diseases White tail disease,fish,train,True,3,train,4.73,28.22,2.89,32.39,0.016,60.98,9.764672094560225,9.69922386788387e-05,1.8279999999999998
C:\Users\Asus\PycharmProjects\AquaVision_v1\datasets\fish\New Dataset\train_split\Viral diseases White tail disease\Viral diseases White tail disease_aug_138.jpg,Viral diseases White tail disease,fish,train,True,1,val,5.7,34.4,4.05,30.42,0.289,30.24,8.49380618813287,0.019930412007315566,2.2809999999999997
C:\Users\Asus\PycharmProjects\AquaVision_v1\datasets\fish\New Dataset\train_split\Viral diseases White tail disease\Viral diseases White tail disease_aug_139.jpg,Viral diseases White tail disease,fish,train,True,1,val,6.77,27.16,3.16,29.45,0.124,36.98,8.594909509780031,0.07932524865011058,1.5670000000000002
C:\Users\Asus\PycharmProjects\AquaVision_v1\datasets\fish\New Dataset\train_split\Viral diseases White tail disease\Viral diseases White tail disease_aug_140.jpg,Viral diseases White tail disease,fish,train,True,4,train,6.06,29.04,2.92,27.47,0.128,44.91,9.945171420645819,0.017071299158153957,1.868
C:\Users\Asus\PycharmProjects\AquaVision_v1\datasets\fish\New Dataset\train_split\Viral diseases White tail disease\Viral diseases White tail disease_aug_143.jpg,Viral diseases White tail disease,fish,train,True,2,train,5.43,31.78,1.99,26.84,0.078,37.84,15.969768996135699,0.0026687536533464766,2.136
C:\Users\Asus\PycharmProjects\AquaVision_v1\datasets\fish\New Dataset\train_split\Viral diseases White tail disease\Viral diseases White tail disease_aug_144.jpg,Viral diseases White tail disease,fish,train,True,2,train,6.79,22.73,3.08,16.5,0.125,43.82,7.3798461693306185,0.07007602196155745,1.589
C:\Users\Asus\PycharmProjects\AquaVision_v1\datasets\fish\New Dataset\train_split\Viral diseases White tail disease\Viral diseases White tail disease_aug_147.jpg,Viral diseases White tail disease,fish,train,True,0,train,4.77,31.83,3.73,29.2,0.885,50.74,8.533489186356068,0.0066349843166888045,5.04
C:\Users\Asus\PycharmProjects\AquaVision_v1\datasets\fish\New Dataset\train_split\Viral diseases White tail disease\Viral diseases White tail disease_aug_148.jpg,Viral diseases White tail disease,fish,train,True,0,train,6.16,29.48,3.16,29.09,0.06,66.7,9.32908440163164,0.010226775465981589,1.4939999999999998
C:\Users\Asus\PycharmProjects\AquaVision_v1\datasets\fish\New Dataset\train_split\Viral diseases White tail disease\Viral diseases White tail disease_aug_150.jpg,Viral diseases White tail disease,fish,train,True,3,train,6.29,30.23,3.67,23.63,0.125,30.27,8.237034776471999,0.02947190112534286,1.5619999999999998
C:\Users\Asus\PycharmProjects\AquaVision_v1\datasets\fish\New Dataset\train_split\Viral diseases White tail disease\Viral diseases White tail disease_aug_151.jpg,Viral diseases White tail disease,fish,train,True,1,val,5.7,34.23,3.34,35.4,0.123,24.7,10.248472309963143,0.008440574391474276,1.83
C:\Users\Asus\PycharmProjects\AquaVision_v1\datasets\fish\New Dataset\train_split\Viral diseases White tail disease\Viral diseases White tail disease_aug_152.jpg,Viral diseases White tail disease,fish,train,True,3,train,6.23,31.58,2.58,36.57,0.139,59.4,12.240262634640949,0.029818577206876522,1.9629999999999999
C:\Users\Asus\PycharmProjects\AquaVision_v1\datasets\fish\New Dataset\train_split\Viral diseases White tail disease\Viral diseases White tail disease_aug_153.jpg,Viral diseases White tail disease,fish,train,True,2,train,6.25,33.16,3.22,23.9,0.172,46.49,10.298104664271227,0.04056980872298078,1.8969999999999998
C:\Users\Asus\PycharmProjects\AquaVision_v1\datasets\fish\New Dataset\train_split\Viral diseases White tail disease\Viral diseases White tail disease_aug_154.jpg,Viral diseases White tail disease,fish,train,True,1,train,5.73,29.07,3.72,26.45,0.732,53.9,7.8144951223249395,0.045710513930374994,4.143
C:\Users\Asus\PycharmProjects\AquaVision_v1\datasets\fish\New Dataset\train_split\Viral diseases White tail disease\Viral diseases White tail disease_aug_156.jpg,Viral diseases White tail disease,fish,train,True,4,train,7.62,30.1,3.84,25.02,0.246,45.49,7.838521253850902,1.2347004147377783,1.6680000000000001
C:\Users\Asus\PycharmProjects\AquaVision_v1\datasets\fish\New Dataset\train_split\Viral diseases White tail disease\Viral diseases White tail disease_aug_159.jpg,Viral diseases White tail disease,fish,train,True,2,train,6.79,29.68,1.19,27.85,0.697,13.8,24.940966882631237,0.5102190455883363,4.444000000000001
C:\Users\Asus\PycharmProjects\AquaVision_v1\datasets\fish\New Dataset\train_split\Viral diseases White tail disease\Viral diseases White tail disease_aug_161.jpg,Viral diseases White tail disease,fish,train,True,3,val,6.7,28.86,2.27,28.79,0.438,49.79,12.713600380615063,0.2534138976147036,3.1109999999999998
C:\Users\Asus\PycharmProjects\AquaVision_v1\datasets\fish\New Dataset\train_split\Viral diseases White tail disease\Viral diseases White tail disease_aug_162.jpg,Viral diseases White tail disease,fish,train,True,3,train,6.38,31.11,2.48,26.07,0.179,34.04,12.544304256837673,0.053433427551258565,2.108
C:\Users\Asus\PycharmProjects\AquaVision_v1\datasets\fish\New Dataset\train_split\Viral diseases White tail disease\Viral diseases White tail disease_aug_164.jpg,Viral diseases White tail disease,fish,train,True,1,train,4.48,31.07,2.48,30.02,0.302,48.86,12.528175289615767,0.00113346519143092,3.17
C:\Users\Asus\PycharmProjects\AquaVision_v1\datasets\fish\New Dataset\train_split\Viral diseases White tail disease\Viral diseases White tail disease_aug_167.jpg,Viral diseases White tail disease,fish,train,True,2,train,6.13,29.16,3.89,25.37,0.002,54.87,7.496124688625478,0.0003146860612509809,1.052
C:\Users\Asus\PycharmProjects\AquaVision_v1\datasets\fish\New Dataset\train_split\Viral diseases White tail disease\Viral diseases White tail disease_aug_168.jpg,Viral diseases White tail disease,fish,train,True,1,train,6.65,32.87,3.92,30.78,0.265,23.94,8.385182690860482,0.155634390544423,1.939
C:\Users\Asus\PycharmProjects\AquaVision_v1\datasets\fish\New Dataset\train_split\Viral diseases White tail disease\Viral diseases White tail disease_aug_169.jpg,Viral diseases White tail disease,fish,train,True,0,train,5.81,31.59,2.49,20.21,0.075,42.63,12.68669603736531,0.006118865128561425,1.86
C:\Users\Asus\PycharmProjects\AquaVision_v1\datasets\fish\New Dataset\train_split\Viral diseases White tail disease\Viral diseases White tail disease_aug_171.jpg,Viral diseases White tail disease,fish,train,True,4,train,5.97,29.17,3.19,24.92,0.231,50.44,9.14417196184338,0.025154077829725355,2.226
C:\Users\Asus\PycharmProjects\AquaVision_v1\datasets\fish\New Dataset\train_split\Viral diseases White tail disease\Viral diseases White tail disease_aug_172.jpg,Viral diseases White tail disease,fish,train,True,2,train,6.78,31.61,2.7,29.17,0.031,36.36,11.707364046799825,0.02361816655960497,1.3299999999999998
C:\Users\Asus\PycharmProjects\AquaVision_v1\datasets\fish\New Dataset\train_split\Viral diseases White tail disease\Viral diseases White tail disease_aug_173.jpg,Viral diseases White tail disease,fish,train,True,4,,,,,,,,,,
C:\Users\Asus\PycharmProjects\AquaVision_v1\datasets\fish\New Dataset\train_split\Viral diseases White tail disease\Viral diseases White tail disease_aug_175.jpg,Viral diseases White tail disease,fish,train,True,3,train,6.52,30.39,2.39,26.85,0.035,42.93,12.71542796892063,0.014088304694598307,1.5170000000000001
C:\Users\Asus\PycharmProjects\AquaVision_v1\datasets\fish\New Dataset\train_split\Viral diseases White tail disease\Viral diseases White tail disease_aug_176.jpg,Viral diseases White tail disease,fish,train,True,2,train,6.8,28.45,3.45,29.65,0.189,48.05,8.246352909122002,0.13570756756548885,1.731
C:\Users\Asus\PycharmProjects\AquaVision_v1\datasets\fish\New Dataset\train_split\Viral diseases White tail disease\Viral diseases White tail disease_aug_18.jpg,Viral diseases White tail disease,fish,train,True,4,train,5.75,28.15,2.68,23.1,0.217,31.42,10.503692150402422,0.013740360407966027,2.389
C:\Users\Asus\PycharmProjects\AquaVision_v1\datasets\fish\New Dataset\train_split\Viral diseases White tail disease\Viral diseases White tail disease_aug_181.jpg,Viral diseases White tail disease,fish,train,True,2,train,6.18,29.36,3.93,24.7,0.068,53.16,7.470718904023144,0.012087179045111675,1.2890000000000001
C:\Users\Asus\PycharmProjects\AquaVision_v1\datasets\fish\New Dataset\train_split\Viral diseases White tail disease\Viral diseases White tail disease_aug_182.jpg,Viral diseases White tail disease,fish,train,True,0,val,6.49,33.16,3.68,23.8,0.024,40.53,9.010845079225327,0.009837522868046468,1.0949999999999998
C:\Users\Asus\PycharmProjects\AquaVision_v1\datasets\fish\New Dataset\train_split\Viral diseases White tail disease\Viral diseases White tail disease_aug_187.jpg,Viral diseases White tail disease,fish,train,True,2,train,6.92,25.0,2.58,25.96,0.164,61.17,9.689884922926655,0.13640925846083804,1.8560000000000003
C:\Users\Asus\PycharmProjects\AquaVision_v1\datasets\fish\New Dataset\train_split\Viral diseases White tail disease\Viral diseases White tail disease_aug_188.jpg,Viral diseases White tail disease,fish,train,True,2,train,4.49,34.93,4.44,29.73,0.134,48.13,7.867099398424778,0.0005785799442932708,1.907
C:\Users\Asus\PycharmProjects\AquaVision_v1\datasets\fish\New Dataset\train_split\Viral diseases White tail disease\Viral diseases White tail disease_aug_190.jpg,Viral diseases White tail disease,fish,train,True,4,train,5.26,31.25,3.69,29.16,0.045,47.15,8.468811737637568,0.001023581732968115,1.545
C:\Users\Asus\PycharmProjects\AquaVision_v1\datasets\fish\New Dataset\train_split\Viral diseases White tail disease\Viral diseases White tail disease_aug_193.jpg,Viral diseases White tail disease,fish,train,True,1,train,5.88,34.71,3.95,31.96,0.2,39.41,8.787319525773352,0.02106418210341037,1.9009999999999998
C:\Users\Asus\PycharmProjects\AquaVision_v1\datasets\fish\New Dataset\train_split\Viral diseases White tail disease\Viral diseases White tail disease_aug_196.jpg,Viral diseases White tail disease,fish,train,True,0,train,6.03,32.84,2.96,33.56,0.068,41.44,11.094557112982727,0.009571324763648822,1.6249999999999998
C:\Users\Asus\PycharmProjects\AquaVision_v1\datasets\fish\New Dataset\train_split\Viral diseases White tail disease\Viral diseases White tail disease_aug_198.jpg,Viral diseases White tail disease,fish,train,True,4,train,5.01,28.99,3.67,33.23,0.164,32.73,7.899161037708343,0.0019460413083119696,2.102
C:\Users\Asus\PycharmProjects\AquaVision_v1\datasets\fish\New Dataset\train_split\Viral diseases White tail disease\Viral diseases White tail disease_aug_199.jpg,Viral diseases White tail disease,fish,train,True,0,val,5.51,32.89,2.84,27.67,0.037,33.69,11.580945137517121,0.0015751633157094895,1.693
C:\Users\Asus\PycharmProjects\AquaVision_v1\datasets\fish\New Dataset\train_split\Viral diseases White tail disease\Viral diseases White tail disease_aug_2.jpg,Viral diseases White tail disease,fish,train,True,4,train,5.33,27.41,3.64,23.18,0.099,33.47,7.530199092859634,0.0023206210185809455,1.755
C:\Users\Asus\PycharmProjects\AquaVision_v1\datasets\fish\New Dataset\train_split\Viral diseases White tail disease\Viral diseases White tail disease_aug_201.jpg,Viral diseases White tail disease,fish,train,True,3,train,4.71,32.56,2.96,27.13,0.385,48.33,10.999962837963386,0.002571610066064861,3.2889999999999997
C:\Users\Asus\PycharmProjects\AquaVision_v1\datasets\fish\New Dataset\train_split\Viral diseases White tail disease\Viral diseases White tail disease_aug_203.jpg,Viral diseases White tail disease,fish,train,True,3,train,5.75,27.31,3.56,30.57,0.309,37.4,7.67132676593605,0.018981921406412264,2.4930000000000003
C:\Users\Asus\PycharmProjects\AquaVision_v1\datasets\fish\New Dataset\train_split\Viral diseases White tail disease\Viral diseases White tail disease_aug_204.jpg,Viral diseases White tail disease,fish,train,True,4,val,5.51,29.48,3.91,28.14,0.011,49.06,7.539622660811609,0.0004197398042765592,1.268
C:\Users\Asus\PycharmProjects\AquaVision_v1\datasets\fish\New Dataset\train_split\Viral diseases White tail disease\Viral diseases White tail disease_aug_206.jpg,Viral diseases White tail disease,fish,train,True,3,val,6.99,29.67,2.88,29.02,0.144,51.25,10.302047562334854,0.16700905927157134,1.6649999999999998
C:\Users\Asus\PycharmProjects\AquaVision_v1\datasets\fish\New Dataset\train_split\Viral diseases White tail disease\Viral diseases White tail disease_aug_207.jpg,Viral diseases White tail disease,fish,train,True,2,train,6.6,32.86,3.09,31.15,0.087,34.06,10.634269792007146,0.04552466965286992,1.491
C:\Users\Asus\PycharmProjects\AquaVision_v1\datasets\fish\New Dataset\train_split\Viral diseases White tail disease\Viral diseases White tail disease_aug_208.jpg,Viral diseases White tail disease,fish,train,True,0,train,7.19,28.16,2.99,35.7,0.401,41.92,9.418028702245142,0.6995794028567515,2.6
C:\Users\Asus\PycharmProjects\AquaVision_v1\datasets\fish\New Dataset\train_split\Viral diseases White tail disease\Viral diseases White tail disease_aug_21.jpg,Viral diseases White tail disease,fish,train,True,1,train,5.92,28.05,2.87,33.48,0.298,28.78,9.773485109807979,0.02781052074508046,2.605
C:\Users\Asus\PycharmProjects\AquaVision_v1\datasets\fish\New Dataset\train_split\Viral diseases White tail disease\Viral diseases White tail disease_aug_210.jpg,Viral diseases White tail disease,fish,train,True,3,train,6.13,31.13,2.52,25.33,0.307,89.79,12.353125582834988,0.05156766744907598,2.683
C:\Users\Asus\PycharmProjects\AquaVision_v1\datasets\fish\New Dataset\train_split\Viral diseases White tail disease\Viral diseases White tail disease_aug_211.jpg,Viral diseases White tail disease,fish,train,True,3,train,5.73,34.92,4.08,35.53,0.137,50.81,8.55880255195453,0.010276726380428586,1.6549999999999998
C:\Users\Asus\PycharmProjects\AquaVision_v1\datasets\fish\New Dataset\train_split\Viral diseases White tail disease\Viral diseases White tail disease_aug_213.jpg,Viral diseases White tail disease,fish,train,True,3,train,5.76,36.18,4.72,27.97,0.209,27.57,7.665237997377125,0.017405032555869563,1.7420000000000002
C:\Users\Asus\PycharmProjects\AquaVision_v1\datasets\fish\New Dataset\train_split\Viral diseases White tail disease\Viral diseases White tail disease_aug_214.jpg,Viral diseases White tail disease,fish,train,True,3,val,6.64,30.46,2.68,28.83,0.825,45.89,11.365629232726743,0.4387769842511696,4.554
C:\Users\Asus\PycharmProjects\AquaVision_v1\datasets\fish\New Dataset\train_split\Viral diseases White tail disease\Viral diseases White tail disease_aug_217.jpg,Viral diseases White tail disease,fish,train,True,3,train,6.47,32.03,2.08,28.8,0.084,32.68,15.398964428055633,0.031761149794121764,1.8210000000000002
C:\Users\Asus\PycharmProjects\AquaVision_v1\datasets\fish\New Dataset\train_split\Viral diseases White tail disease\Viral diseases White tail disease_aug_219.jpg,Viral diseases White tail disease,fish,train,True,1,train,6.64,29.2,2.76,25.16,0.408,55.92,10.579671812783287,0.20801900075905747,2.862
C:\Users\Asus\PycharmProjects\AquaVision_v1\datasets\fish\New Dataset\train_split\Viral diseases White tail disease\Viral diseases White tail disease_aug_22.jpg,Viral diseases White tail disease,fish,train,True,0,val,7.29,30.81,4.09,34.69,0.647,44.64,7.532988916897514,1.5547335496279544,3.2240000000000006
C:\Users\Asus\PycharmProjects\AquaVision_v1\datasets\fish\New Dataset\train_split\Viral diseases White tail disease\Viral diseases White tail disease_aug_222.jpg,Viral diseases White tail disease,fish,train,True,1,val,5.6,28.39,3.65,28.57,0.281,39.16,7.778060882024981,0.012703743130943487,2.3990000000000005
C:\Users\Asus\PycharmProjects\AquaVision_v1\datasets\fish\New Dataset\train_split\Viral diseases White tail disease\Viral diseases White tail disease_aug_223.jpg,Viral diseases White tail disease,fish,train,True,4,train,6.84,34.41,3.04,32.75,1.122,43.5,11.319041713678573,1.0684089584743084,5.574000000000001
C:\Users\Asus\PycharmProjects\AquaVision_v1\datasets\fish\New Dataset\train_split\Viral diseases White tail disease\Viral diseases White tail disease_aug_225.jpg,Viral diseases White tail disease,fish,train,True,0,train,5.52,30.24,2.43,25.74,0.67,51.28,12.444393232949658,0.0268359257045379,4.345
C:\Users\Asus\PycharmProjects\AquaVision_v1\datasets\fish\New Dataset\train_split\Viral diseases White tail disease\Viral diseases White tail disease_aug_228.jpg,Viral diseases White tail disease,fish,train,True,3,train,6.39,27.02,2.36,25.65,0.308,38.52,11.449104029220216,0.08171392139902926,2.6570000000000005
C:\Users\Asus\PycharmProjects\AquaVision_v1\datasets\fish\New Dataset\train_split\Viral diseases White tail disease\Viral diseases White tail disease_aug_233.jpg,Viral diseases White tail disease,fish,train,True,4,train,5.99,30.62,2.71,23.3,0.506,44.58,11.298851295751676,0.06056415950026989,3.4640000000000004
C:\Users\Asus\PycharmProjects\AquaVision_v1\datasets\fish\New Dataset\train_split\Viral diseases White tail disease\Viral diseases White tail disease_aug_235.jpg,Viral diseases White tail disease,fish,train,True,0,train,6.5,33.75,2.19,29.6,0.062,55.08,15.410888534755548,0.02646826401560934,1.691
C:\Users\Asus\PycharmProjects\AquaVision_v1\datasets\fish\New Dataset\train_split\Viral diseases White tail disease\Viral diseases White tail disease_aug_236.jpg,Viral diseases White tail disease,fish,train,True,4,val,5.82,30.07,4.45,30.2,0.243,41.06,6.757288185869245,0.019310774526103948,1.9409999999999998
C:\Users\Asus\PycharmProjects\AquaVision_v1\datasets\fish\New Dataset\train_split\Viral diseases White tail disease\Viral diseases White tail disease_aug_240.jpg,Viral diseases White tail disease,fish,train,True,4,train,5.54,35.65,3.41,28.08,0.335,54.71,10.454514796144291,0.01656396608296789,2.705
C:\Users\Asus\PycharmProjects\AquaVision_v1\datasets\fish\New Dataset\train_split\Viral diseases White tail disease\Viral diseases White tail disease_aug_242.jpg,Viral diseases White tail disease,fish,train,True,0,train,5.79,29.73,3.87,31.65,0.694,38.31,7.682150692117075,0.05088788146922902,3.9279999999999995
C:\Users\Asus\PycharmProjects\AquaVision_v1\datasets\fish\New Dataset\train_split\Viral diseases White tail disease\Viral diseases White tail disease_aug_244.jpg,Viral diseases White tail disease,fish,train,True,3,train,5.25,32.45,1.94,28.61,0.413,56.21,16.72671790351596,0.009532893564572055,3.545
C:\Users\Asus\PycharmProjects\AquaVision_v1\datasets\fish\New Dataset\train_split\Viral diseases White tail disease\Viral diseases White tail disease_aug_246.jpg,Viral diseases White tail disease,fish,train,True,0,train,5.87,29.71,4.0,36.24,0.018,34.32,7.427481431296423,0.0015857515633716191,1.161
C:\Users\Asus\PycharmProjects\AquaVision_v1\datasets\fish\New Dataset\train_split\Viral diseases White tail disease\Viral diseases White tail disease_aug_248.jpg,Viral diseases White tail disease,fish,train,True,2,train,6.28,37.87,3.25,28.25,0.185,47.31,11.652271839163571,0.05339825006805847,1.931
C:\Users\Asus\PycharmProjects\AquaVision_v1\datasets\fish\New Dataset\train_split\Viral diseases White tail disease\Viral diseases White tail disease_aug_25.jpg,Viral diseases White tail disease,fish,train,True,4,train,5.55,25.99,2.87,32.83,0.225,41.43,9.055717575896947,0.00829943998756256,2.424
C:\Users\Asus\PycharmProjects\AquaVision_v1\datasets\fish\New Dataset\train_split\Viral diseases White tail disease\Viral diseases White tail disease_aug_251.jpg,Viral diseases White tail disease,fish,train,True,4,train,5.68,33.2,2.52,23.11,0.463,47.57,13.174550894639308,0.029429241308586655,3.442
C:\Users\Asus\PycharmProjects\AquaVision_v1\datasets\fish\New Dataset\train_split\Viral diseases White tail disease\Viral diseases White tail disease_aug_253.jpg,Viral diseases White tail disease,fish,train,True,0,train,6.55,32.16,2.91,26.83,0.136,49.7,11.05150841406043,0.06207474437176969,1.756
C:\Users\Asus\PycharmProjects\AquaVision_v1\datasets\fish\New Dataset\train_split\Viral diseases White tail disease\Viral diseases White tail disease_aug_255.jpg,Viral diseases White tail disease,fish,train,True,3,train,6.49,32.41,3.9,28.16,0.099,49.86,8.310235101961275,0.039661964087235144,1.329
C:\Users\Asus\PycharmProjects\AquaVision_v1\datasets\fish\New Dataset\train_split\Viral diseases White tail disease\Viral diseases White tail disease_aug_257.jpg,Viral diseases White tail disease,fish,train,True,1,,,,,,,,,,
C:\Users\Asus\PycharmProjects\AquaVision_v1\datasets\fish\New Dataset\train_split\Viral diseases White tail disease\Viral diseases White tail disease_aug_258.jpg,Viral diseases White tail disease,fish,train,True,2,train,5.62,29.79,3.84,26.69,0.235,46.1,7.757792297415892,0.011673426597566415,2.152
C:\Users\Asus\PycharmProjects\AquaVision_v1\datasets\fish\New Dataset\train_split\Viral diseases White tail disease\Viral diseases White tail disease_aug_259.jpg,Viral diseases White tail disease,fish,train,True,4,train,5.36,29.57,4.2,28.57,0.098,36.47,7.040459427477554,0.00265544549449985,1.5739999999999998
C:\Users\Asus\PycharmProjects\AquaVision_v1\datasets\fish\New Dataset\train_split\Viral diseases White tail disease\Viral diseases White tail disease_aug_260.jpg,Viral diseases White tail disease,fish,train,True,2,train,5.53,32.76,4.0,28.07,0.12,69.75,8.189979525051188,0.005328256586457735,1.6709999999999998
C:\Users\Asus\PycharmProjects\AquaVision_v1\datasets\fish\New Dataset\train_split\Viral diseases White tail disease\Viral diseases White tail disease_aug_261.jpg,Viral diseases White tail disease,fish,train,True,1,val,5.61,28.56,3.47,26.04,0.226,31.75,8.230523831343424,0.010517841783613261,2.23
C:\Users\Asus\PycharmProjects\AquaVision_v1\datasets\fish\New Dataset\train_split\Viral diseases White tail disease\Viral diseases White tail disease_aug_263.jpg,Viral diseases White tail disease,fish,train,True,2,train,6.88,29.32,4.28,25.75,0.355,56.22,6.850451283992327,0.3158292218979504,2.122
C:\Users\Asus\PycharmProjects\AquaVision_v1\datasets\fish\New Dataset\train_split\Viral diseases White tail disease\Viral diseases White tail disease_aug_264.jpg,Viral diseases White tail disease,fish,train,True,4,train,5.68,30.76,3.35,32.13,0.122,27.01,9.182062143098081,0.007184658880244042,1.829
C:\Users\Asus\PycharmProjects\AquaVision_v1\datasets\fish\New Dataset\train_split\Viral diseases White tail disease\Viral diseases White tail disease_aug_266.jpg,Viral diseases White tail disease,fish,train,True,1,train,6.25,32.68,1.99,33.14,0.138,43.44,16.422028030009898,0.032079022458279746,2.13
C:\Users\Asus\PycharmProjects\AquaVision_v1\datasets\fish\New Dataset\train_split\Viral diseases White tail disease\Viral diseases White tail disease_aug_267.jpg,Viral diseases White tail disease,fish,train,True,0,train,6.33,29.67,3.22,30.96,0.001,36.42,9.21425709858044,0.000253733340782125,1.189
C:\Users\Asus\PycharmProjects\AquaVision_v1\datasets\fish\New Dataset\train_split\Viral diseases White tail disease\Viral diseases White tail disease_aug_268.jpg,Viral diseases White tail disease,fish,train,True,1,,,,,,,,,,
C:\Users\Asus\PycharmProjects\AquaVision_v1\datasets\fish\New Dataset\train_split\Viral diseases White tail disease\Viral diseases White tail disease_aug_269.jpg,Viral diseases White tail disease,fish,train,True,3,train,5.93,30.25,4.33,34.74,0.218,24.8,6.986127052824359,0.022451319171702268,1.8440000000000003
C:\Users\Asus\PycharmProjects\AquaVision_v1\datasets\fish\New Dataset\train_split\Viral diseases White tail disease\Viral diseases White tail disease_aug_27.jpg,Viral diseases White tail disease,fish,train,True,0,train,6.65,29.62,1.79,30.34,0.087,58.19,16.547393589979944,0.04604307263830015,1.8659999999999997
C:\Users\Asus\PycharmProjects\AquaVision_v1\datasets\fish\New Dataset\train_split\Viral diseases White tail disease\Viral diseases White tail disease_aug_271.jpg,Viral diseases White tail disease,fish,train,True,3,train,5.97,28.58,3.51,32.3,0.334,49.77,8.142426944652579,0.035634336976815395,2.5420000000000003
C:\Users\Asus\PycharmProjects\AquaVision_v1\datasets\fish\New Dataset\train_split\Viral diseases White tail disease\Viral diseases White tail disease_aug_273.jpg,Viral diseases White tail disease,fish,train,True,1,,,,,,,,,,
C:\Users\Asus\PycharmProjects\AquaVision_v1\datasets\fish\New Dataset\train_split\Viral diseases White tail disease\Viral diseases White tail disease_aug_276.jpg,Viral diseases White tail disease,fish,train,True,4,train,6.0,26.75,1.75,28.58,0.306,52.9,15.285626939274632,0.03274200000000001,2.949
C:\Users\Asus\PycharmProjects\AquaVision_v1\datasets\fish\New Dataset\train_split\Viral diseases White tail disease\Viral diseases White tail disease_aug_277.jpg,Viral diseases White tail disease,fish,train,True,4,train,6.54,28.73,3.22,37.91,0.245,51.16,8.922332539339939,0.0976251471923121,2.102
C:\Users\Asus\PycharmProjects\AquaVision_v1\datasets\fish\New Dataset\train_split\Viral diseases White tail disease\Viral diseases White tail disease_aug_278.jpg,Viral diseases White tail disease,fish,train,True,0,train,5.73,30.19,3.77,33.07,0.226,41.14,8.007936318471303,0.014656542898905823,2.104
C:\Users\Asus\PycharmProjects\AquaVision_v1\datasets\fish\New Dataset\train_split\Viral diseases White tail disease\Viral diseases White tail disease_aug_279.jpg,Viral diseases White tail disease,fish,train,True,3,train,6.14,32.96,2.73,28.08,0.018,36.68,12.073215849026194,0.0032758175060143956,1.461
C:\Users\Asus\PycharmProjects\AquaVision_v1\datasets\fish\New Dataset\train_split\Viral diseases White tail disease\Viral diseases White tail disease_aug_28.jpg,Viral diseases White tail disease,fish,train,True,0,train,4.03,34.83,3.21,31.39,0.045,39.84,10.850433487746143,6.717783132256653e-05,2.058
C:\Users\Asus\PycharmProjects\AquaVision_v1\datasets\fish\New Dataset\train_split\Viral diseases White tail disease\Viral diseases White tail disease_aug_280.jpg,Viral diseases White tail disease,fish,train,True,3,train,6.67,27.97,3.74,23.68,0.024,45.3,7.478589629439493,0.012559249825730813,1.023
C:\Users\Asus\PycharmProjects\AquaVision_v1\datasets\fish\New Dataset\train_split\Viral diseases White tail disease\Viral diseases White tail disease_aug_284.jpg,Viral diseases White tail disease,fish,train,True,2,val,5.39,34.33,4.11,33.74,0.04,59.61,8.352777730467809,0.0013483225132074725,1.3599999999999999
C:\Users\Asus\PycharmProjects\AquaVision_v1\datasets\fish\New Dataset\train_split\Viral diseases White tail disease\Viral diseases White tail disease_aug_288.jpg,Viral diseases White tail disease,fish,train,True,4,train,5.47,25.78,2.33,28.28,0.111,41.58,11.064330196007742,0.003378048519537597,2.154
C:\Users\Asus\PycharmProjects\AquaVision_v1\datasets\fish\New Dataset\train_split\Viral diseases White tail disease\Viral diseases White tail disease_aug_289.jpg,Viral diseases White tail disease,fish,train,True,4,train,7.12,28.2,2.75,24.41,0.056,42.29,10.254508165424852,0.08327164166113114,1.313
C:\Users\Asus\PycharmProjects\AquaVision_v1\datasets\fish\New Dataset\train_split\Viral diseases White tail disease\Viral diseases White tail disease_aug_29.jpg,Viral diseases White tail disease,fish,train,True,4,train,7.16,34.58,2.74,23.56,0.466,57.52,12.620391896379939,0.9316888475574276,2.944
C:\Users\Asus\PycharmProjects\AquaVision_v1\datasets\fish\New Dataset\train_split\Viral diseases White tail disease\Viral diseases White tail disease_aug_291.jpg,Viral diseases White tail disease,fish,train,True,0,train,6.06,34.02,2.58,25.3,0.902,52.13,13.185995403118593,0.1409291518215927,5.066
C:\Users\Asus\PycharmProjects\AquaVision_v1\datasets\fish\New Dataset\train_split\Viral diseases White tail disease\Viral diseases White tail disease_aug_296.jpg,Viral diseases White tail disease,fish,train,True,1,train,6.19,29.28,2.92,27.72,0.231,39.51,10.02736291999,0.041902799956023924,2.2409999999999997
C:\Users\Asus\PycharmProjects\AquaVision_v1\datasets\fish\New Dataset\train_split\Viral diseases White tail disease\Viral diseases White tail disease_aug_3.jpg,Viral diseases White tail disease,fish,train,True,4,train,5.07,30.94,2.61,34.76,0.259,39.15,11.854360711261643,0.0037659978242422917,2.782
C:\Users\Asus\PycharmProjects\AquaVision_v1\datasets\fish\New Dataset\train_split\Viral diseases White tail disease\Viral diseases White tail disease_aug_300.jpg,Viral diseases White tail disease,fish,train,True,1,train,7.08,32.45,2.99,27.99,0.086,50.06,10.852806512352801,0.1342063743074726,1.3729999999999998
C:\Users\Asus\PycharmProjects\AquaVision_v1\datasets\fish\New Dataset\train_split\Viral diseases White tail disease\Viral diseases White tail disease_aug_302.jpg,Viral diseases White tail disease,fish,train,True,0,train,6.32,29.73,3.05,28.64,0.942,28.54,9.747509024560575,0.2340484683200551,5.007
C:\Users\Asus\PycharmProjects\AquaVision_v1\datasets\fish\New Dataset\train_split\Viral diseases White tail disease\Viral diseases White tail disease_aug_306.jpg,Viral diseases White tail disease,fish,train,True,0,train,6.08,27.61,2.9,35.31,0.018,36.48,9.520656825321291,0.002390005514864648,1.428
C:\Users\Asus\PycharmProjects\AquaVision_v1\datasets\fish\New Dataset\train_split\Viral diseases White tail disease\Viral diseases White tail disease_aug_307.jpg,Viral diseases White tail disease,fish,train,True,1,train,5.77,31.45,4.32,29.82,0.388,46.19,7.280075740565415,0.028741694355368413,2.575
C:\Users\Asus\PycharmProjects\AquaVision_v1\datasets\fish\New Dataset\train_split\Viral diseases White tail disease\Viral diseases White tail disease_aug_309.jpg,Viral diseases White tail disease,fish,train,True,0,train,6.59,31.2,2.74,33.65,0.129,40.31,11.386819756132276,0.06263315598291921,1.767
C:\Users\Asus\PycharmProjects\AquaVision_v1\datasets\fish\New Dataset\train_split\Viral diseases White tail disease\Viral diseases White tail disease_aug_31.jpg,Viral diseases White tail disease,fish,train,True,2,,,,,,,,,,
C:\Users\Asus\PycharmProjects\AquaVision_v1\datasets\fish\New Dataset\train_split\Viral diseases White tail disease\Viral diseases White tail disease_aug_310.jpg,Viral diseases White tail disease,fish,train,True,3,train,6.96,31.5,4.23,35.61,0.285,32.9,7.446790905931665,0.32750309241270714,1.8329999999999997
C:\Users\Asus\PycharmProjects\AquaVision_v1\datasets\fish\New Dataset\train_split\Viral diseases White tail disease\Viral diseases White tail disease_aug_313.jpg,Viral diseases White tail disease,fish,train,True,1,train,5.26,28.99,3.6,28.13,0.713,43.33,8.052755409012752,0.015045192074542689,4.244000000000001
C:\Users\Asus\PycharmProjects\AquaVision_v1\datasets\fish\New Dataset\train_split\Viral diseases White tail disease\Viral diseases White tail disease_aug_315.jpg,Viral diseases White tail disease,fish,train,True,1,train,6.5,33.74,4.66,27.91,0.434,38.17,7.2403278104553435,0.18522295096908484,2.438
C:\Users\Asus\PycharmProjects\AquaVision_v1\datasets\fish\New Dataset\train_split\Viral diseases White tail disease\Viral diseases White tail disease_aug_317.jpg,Viral diseases White tail disease,fish,train,True,3,train,5.41,33.5,3.1,23.17,0.492,30.1,10.806416753494343,0.016946105316638573,3.465
C:\Users\Asus\PycharmProjects\AquaVision_v1\datasets\fish\New Dataset\train_split\Viral diseases White tail disease\Viral diseases White tail disease_aug_318.jpg,Viral diseases White tail disease,fish,train,True,2,val,6.78,31.28,4.81,27.58,0.022,41.39,6.503104983149725,0.01658629619011721,0.661
C:\Users\Asus\PycharmProjects\AquaVision_v1\datasets\fish\New Dataset\train_split\Viral diseases White tail disease\Viral diseases White tail disease_aug_319.jpg,Viral diseases White tail disease,fish,train,True,0,train,5.37,29.88,3.88,34.26,0.004,36.7,7.70101107986835,0.00011207289120281485,1.291
C:\Users\Asus\PycharmProjects\AquaVision_v1\datasets\fish\New Dataset\train_split\Viral diseases White tail disease\Viral diseases White tail disease_aug_322.jpg,Viral diseases White tail disease,fish,train,True,2,train,6.38,33.62,3.21,18.87,0.589,32.16,10.473487621533888,0.19000848500939743,3.529
C:\Users\Asus\PycharmProjects\AquaVision_v1\datasets\fish\New Dataset\train_split\Viral diseases White tail disease\Viral diseases White tail disease_aug_324.jpg,Viral diseases White tail disease,fish,train,True,3,train,7.1,28.11,1.14,32.11,0.232,44.96,24.65767844141718,0.3284042900609557,2.5060000000000002
C:\Users\Asus\PycharmProjects\AquaVision_v1\datasets\fish\New Dataset\train_split\Viral diseases White tail disease\Viral diseases White tail disease_aug_326.jpg,Viral diseases White tail disease,fish,train,True,4,train,5.89,30.79,3.65,31.87,0.465,34.86,8.43559332714157,0.04445520662105517,3.0480000000000005
C:\Users\Asus\PycharmProjects\AquaVision_v1\datasets\fish\New Dataset\train_split\Viral diseases White tail disease\Viral diseases White tail disease_aug_329.jpg,Viral diseases White tail disease,fish,train,True,2,train,6.27,30.84,3.36,23.19,0.013,31.63,9.178544111475858,0.0029861918993235037,1.213
C:\Users\Asus\PycharmProjects\AquaVision_v1\datasets\fish\New Dataset\train_split\Viral diseases White tail disease\Viral diseases White tail disease_aug_330.jpg,Viral diseases White tail disease,fish,train,True,2,train,6.37,29.98,3.07,26.56,0.003,54.24,9.76544050345113,0.0008433597585994955,1.23
C:\Users\Asus\PycharmProjects\AquaVision_v1\datasets\fish\New Dataset\train_split\Viral diseases White tail disease\Viral diseases White tail disease_aug_336.jpg,Viral diseases White tail disease,fish,train,True,0,val,5.69,29.71,3.42,34.81,0.061,67.08,8.68710910202017,0.003550524208518518,1.561
C:\Users\Asus\PycharmProjects\AquaVision_v1\datasets\fish\New Dataset\train_split\Viral diseases White tail disease\Viral diseases White tail disease_aug_34.jpg,Viral diseases White tail disease,fish,train,True,3,train,5.67,30.57,2.61,21.6,0.471,52.07,11.71259880230344,0.026938681599077936,3.45
C:\Users\Asus\PycharmProjects\AquaVision_v1\datasets\fish\New Dataset\train_split\Viral diseases White tail disease\Viral diseases White tail disease_aug_341.jpg,Viral diseases White tail disease,fish,train,True,2,val,5.56,30.2,2.81,27.6,0.08,39.58,10.747292714260803,0.003508786321298256,1.859
C:\Users\Asus\PycharmProjects\AquaVision_v1\datasets\fish\New Dataset\train_split\Viral diseases White tail disease\Viral diseases White tail disease_aug_344.jpg,Viral diseases White tail disease,fish,train,True,3,,,,,,,,,,
C:\Users\Asus\PycharmProjects\AquaVision_v1\datasets\fish\New Dataset\train_split\Viral diseases White tail disease\Viral diseases White tail disease_aug_347.jpg,Viral diseases White tail disease,fish,train,True,2,train,4.62,31.45,1.78,20.01,0.443,45.98,17.668440064943454,0.002323188061917172,3.902
C:\Users\Asus\PycharmProjects\AquaVision_v1\datasets\fish\New Dataset\train_split\Viral diseases White tail disease\Viral diseases White tail disease_aug_348.jpg,Viral diseases White tail disease,fish,train,True,2,train,6.34,30.63,2.44,34.0,0.082,53.86,12.553227240871964,0.021979653441636524,1.7440000000000002
C:\Users\Asus\PycharmProjects\AquaVision_v1\datasets\fish\New Dataset\train_split\Viral diseases White tail disease\Viral diseases White tail disease_aug_349.jpg,Viral diseases White tail disease,fish,train,True,2,train,6.28,33.08,3.05,26.88,0.189,59.99,10.845866079127608,0.047652676255969535,2.007
C:\Users\Asus\PycharmProjects\AquaVision_v1\datasets\fish\New Dataset\train_split\Viral diseases White tail disease\Viral diseases White tail disease_aug_35.jpg,Viral diseases White tail disease,fish,train,True,3,,,,,,,,,,
C:\Users\Asus\PycharmProjects\AquaVision_v1\datasets\fish\New Dataset\train_split\Viral diseases White tail disease\Viral diseases White tail disease_aug_351.jpg,Viral diseases White tail disease,fish,train,True,1,train,5.12,31.86,3.76,16.98,0.025,40.13,8.473381719729469,0.0004199965969040714,1.486
C:\Users\Asus\PycharmProjects\AquaVision_v1\datasets\fish\New Dataset\train_split\Viral diseases White tail disease\Viral diseases White tail disease_aug_357.jpg,Viral diseases White tail disease,fish,train,True,4,val,6.28,30.63,4.31,26.21,0.79,54.66,7.106712049391998,0.1844310672602372,4.033
C:\Users\Asus\PycharmProjects\AquaVision_v1\datasets\fish\New Dataset\train_split\Viral diseases White tail disease\Viral diseases White tail disease_aug_359.jpg,Viral diseases White tail disease,fish,train,True,4,train,5.62,32.9,3.2,29.41,0.754,11.69,10.281217871194151,0.04136444819198089,4.42
C:\Users\Asus\PycharmProjects\AquaVision_v1\datasets\fish\New Dataset\train_split\Viral diseases White tail disease\Viral diseases White tail disease_aug_361.jpg,Viral diseases White tail disease,fish,train,True,3,train,6.46,32.04,1.57,25.88,0.075,44.46,20.407513327940585,0.027721310808052933,1.941
C:\Users\Asus\PycharmProjects\AquaVision_v1\datasets\fish\New Dataset\train_split\Viral diseases White tail disease\Viral diseases White tail disease_aug_365.jpg,Viral diseases White tail disease,fish,train,True,1,train,6.26,33.52,2.43,25.7,0.129,54.61,13.794181916946844,0.03147412835479302,1.959
C:\Users\Asus\PycharmProjects\AquaVision_v1\datasets\fish\New Dataset\train_split\Viral diseases White tail disease\Viral diseases White tail disease_aug_369.jpg,Viral diseases White tail disease,fish,train,True,4,train,6.06,33.54,2.5,22.99,0.215,45.22,13.415946336214654,0.03311780231990465,2.342
C:\Users\Asus\PycharmProjects\AquaVision_v1\datasets\fish\New Dataset\train_split\Viral diseases White tail disease\Viral diseases White tail disease_aug_38.jpg,Viral diseases White tail disease,fish,train,True,3,train,6.27,33.85,2.61,27.12,0.159,37.8,12.969298968203187,0.040088129130360174,2.0220000000000002
C:\Users\Asus\PycharmProjects\AquaVision_v1\datasets\fish\New Dataset\train_split\Viral diseases White tail disease\Viral diseases White tail disease_aug_39.jpg,Viral diseases White tail disease,fish,train,True,3,val,6.88,28.65,3.49,24.42,0.462,47.71,8.20914553253429,0.40163041425435125,2.787
C:\Users\Asus\PycharmProjects\AquaVision_v1\datasets\fish\New Dataset\train_split\Viral diseases White tail disease\Viral diseases White tail disease_aug_4.jpg,Viral diseases White tail disease,fish,train,True,4,train,5.66,25.69,3.45,28.59,0.561,53.04,7.446355227955861,0.02635038450666659,3.561
C:\Users\Asus\PycharmProjects\AquaVision_v1\datasets\fish\New Dataset\train_split\Viral diseases White tail disease\Viral diseases White tail disease_aug_41.jpg,Viral diseases White tail disease,fish,train,True,2,train,6.75,34.8,3.21,29.7,0.014,41.78,10.841087722468153,0.010958907745309521,1.1179999999999999
C:\Users\Asus\PycharmProjects\AquaVision_v1\datasets\fish\New Dataset\train_split\Viral diseases White tail disease\Viral diseases White tail disease_aug_42.jpg,Viral diseases White tail disease,fish,train,True,2,train,5.17,33.42,3.93,30.84,0.679,59.44,8.503795155737517,0.013425677513529131,4.0360000000000005
C:\Users\Asus\PycharmProjects\AquaVision_v1\datasets\fish\New Dataset\train_split\Viral diseases White tail disease\Viral diseases White tail disease_aug_44.jpg,Viral diseases White tail disease,fish,train,True,2,val,6.91,30.76,4.88,20.96,0.001,35.43,6.30326577199637,0.0010001066670883082,0.517
C:\Users\Asus\PycharmProjects\AquaVision_v1\datasets\fish\New Dataset\train_split\Viral diseases White tail disease\Viral diseases White tail disease_aug_47.jpg,Viral diseases White tail disease,fish,train,True,1,train,5.92,26.23,4.72,22.17,0.648,43.39,5.557191616119458,0.05655008835193175,3.4500000000000006
C:\Users\Asus\PycharmProjects\AquaVision_v1\datasets\fish\New Dataset\train_split\Viral diseases White tail disease\Viral diseases White tail disease_aug_49.jpg,Viral diseases White tail disease,fish,train,True,3,train,5.2,33.27,3.28,32.12,1.161,35.34,10.143261758348299,0.024487531740721383,6.1499999999999995
C:\Users\Asus\PycharmProjects\AquaVision_v1\datasets\fish\New Dataset\train_split\Viral diseases White tail disease\Viral diseases White tail disease_aug_50.jpg,Viral diseases White tail disease,fish,train,True,2,train,6.5,27.96,2.17,29.91,0.01,59.77,12.88473325007719,0.003536691335132316,1.4889999999999999
C:\Users\Asus\PycharmProjects\AquaVision_v1\datasets\fish\New Dataset\train_split\Viral diseases White tail disease\Viral diseases White tail disease_aug_52.jpg,Viral diseases White tail disease,fish,train,True,1,train,5.76,32.57,1.98,28.72,0.075,40.37,16.449411871657215,0.005622623627721358,2.0279999999999996
C:\Users\Asus\PycharmProjects\AquaVision_v1\datasets\fish\New Dataset\train_split\Viral diseases White tail disease\Viral diseases White tail disease_aug_53.jpg,Viral diseases White tail disease,fish,train,True,1,train,6.17,30.49,3.77,16.26,0.535,58.35,8.087511704212986,0.09650975157623208,3.208
C:\Users\Asus\PycharmProjects\AquaVision_v1\datasets\fish\New Dataset\train_split\Viral diseases White tail disease\Viral diseases White tail disease_aug_55.jpg,Viral diseases White tail disease,fish,train,True,0,,,,,,,,,,
C:\Users\Asus\PycharmProjects\AquaVision_v1\datasets\fish\New Dataset\train_split\Viral diseases White tail disease\Viral diseases White tail disease_aug_57.jpg,Viral diseases White tail disease,fish,train,True,4,train,5.85,26.69,3.63,27.67,0.048,66.29,7.352596824802136,0.0036278540131608242,1.3980000000000001
C:\Users\Asus\PycharmProjects\AquaVision_v1\datasets\fish\New Dataset\train_split\Viral diseases White tail disease\Viral diseases White tail disease_aug_67.jpg,Viral diseases White tail disease,fish,train,True,0,,,,,,,,,,
C:\Users\Asus\PycharmProjects\AquaVision_v1\datasets\fish\New Dataset\train_split\Viral diseases White tail disease\Viral diseases White tail disease_aug_68.jpg,Viral diseases White tail disease,fish,train,True,1,train,6.71,27.33,3.21,34.44,0.535,47.26,8.513992168248697,0.29995313476395763,3.2140000000000004
C:\Users\Asus\PycharmProjects\AquaVision_v1\datasets\fish\New Dataset\train_split\Viral diseases White tail disease\Viral diseases White tail disease_aug_69.jpg,Viral diseases White tail disease,fish,train,True,2,train,5.99,32.23,3.96,24.76,0.421,36.95,8.13886833619107,0.05303986288328735,2.749
C:\Users\Asus\PycharmProjects\AquaVision_v1\datasets\fish\New Dataset\train_split\Viral diseases White tail disease\Viral diseases White tail disease_aug_71.jpg,Viral diseases White tail disease,fish,train,True,0,train,6.11,27.17,2.98,29.01,0.198,52.31,9.117419069063526,0.02772137833304596,2.1149999999999998
C:\Users\Asus\PycharmProjects\AquaVision_v1\datasets\fish\New Dataset\train_split\Viral diseases White tail disease\Viral diseases White tail disease_aug_72.jpg,Viral diseases White tail disease,fish,train,True,3,train,6.36,32.56,4.13,24.14,0.309,43.35,7.883758150706658,0.09219404435681076,2.139
C:\Users\Asus\PycharmProjects\AquaVision_v1\datasets\fish\New Dataset\train_split\Viral diseases White tail disease\Viral diseases White tail disease_aug_77.jpg,Viral diseases White tail disease,fish,train,True,2,train,7.56,30.8,4.09,31.85,0.204,34.62,7.530543935100404,0.9125168134925994,1.407
C:\Users\Asus\PycharmProjects\AquaVision_v1\datasets\fish\New Dataset\train_split\Viral diseases White tail disease\Viral diseases White tail disease_aug_78.jpg,Viral diseases White tail disease,fish,train,True,1,train,6.57,29.81,3.12,32.74,0.251,63.17,9.554456556228985,0.11119767040104267,2.147
C:\Users\Asus\PycharmProjects\AquaVision_v1\datasets\fish\New Dataset\train_split\Viral diseases White tail disease\Viral diseases White tail disease_aug_79.jpg,Viral diseases White tail disease,fish,train,True,2,val,5.5,29.98,3.37,25.47,0.422,52.16,8.89611603526399,0.016003098221711944,3.077
C:\Users\Asus\PycharmProjects\AquaVision_v1\datasets\fish\New Dataset\train_split\Viral diseases White tail disease\Viral diseases White tail disease_aug_81.jpg,Viral diseases White tail disease,fish,train,True,2,train,6.44,28.74,3.95,25.22,0.926,35.59,7.27593094701026,0.29319579798731,4.6370000000000005
C:\Users\Asus\PycharmProjects\AquaVision_v1\datasets\fish\New Dataset\train_split\Viral diseases White tail disease\Viral diseases White tail disease_aug_82.jpg,Viral diseases White tail disease,fish,train,True,2,val,6.42,34.04,3.59,28.08,0.297,43.5,9.481867738529976,0.1063667750636131,2.235
C:\Users\Asus\PycharmProjects\AquaVision_v1\datasets\fish\New Dataset\train_split\Viral diseases White tail disease\Viral diseases White tail disease_aug_83.jpg,Viral diseases White tail disease,fish,train,True,0,,,,,,,,,,
C:\Users\Asus\PycharmProjects\AquaVision_v1\datasets\fish\New Dataset\train_split\Viral diseases White tail disease\Viral diseases White tail disease_aug_85.jpg,Viral diseases White tail disease,fish,train,True,4,train,6.32,30.8,3.26,28.05,0.652,51.76,9.447823779681658,0.16782563672543405,3.7840000000000007
C:\Users\Asus\PycharmProjects\AquaVision_v1\datasets\fish\New Dataset\train_split\Viral diseases White tail disease\Viral diseases White tail disease_aug_86.jpg,Viral diseases White tail disease,fish,train,True,0,train,6.01,35.56,3.26,37.36,0.854,34.21,10.907942000177915,0.1243024287196003,4.6850000000000005
C:\Users\Asus\PycharmProjects\AquaVision_v1\datasets\fish\New Dataset\train_split\Viral diseases White tail disease\Viral diseases White tail disease_aug_88.jpg,Viral diseases White tail disease,fish,train,True,0,val,6.27,29.68,1.59,33.13,0.277,64.24,18.66654926698574,0.061235554807498475,2.8000000000000003
C:\Users\Asus\PycharmProjects\AquaVision_v1\datasets\fish\New Dataset\train_split\Viral diseases White tail disease\Viral diseases White tail disease_aug_89.jpg,Viral diseases White tail disease,fish,train,True,3,train,6.01,29.65,3.95,19.04,0.37,30.57,7.5063101106073145,0.04490414308726403,2.5420000000000003
C:\Users\Asus\PycharmProjects\AquaVision_v1\datasets\fish\New Dataset\train_split\Viral diseases White tail disease\Viral diseases White tail disease_aug_9.jpg,Viral diseases White tail disease,fish,train,True,3,,,,,,,,,,
C:\Users\Asus\PycharmProjects\AquaVision_v1\datasets\fish\New Dataset\train_split\Viral diseases White tail disease\Viral diseases White tail disease_aug_90.jpg,Viral diseases White tail disease,fish,train,True,4,train,6.24,27.62,2.24,34.69,0.437,54.26,12.330302096865639,0.08390060693982099,3.2540000000000004
C:\Users\Asus\PycharmProjects\AquaVision_v1\datasets\fish\New Dataset\train_split\Viral diseases White tail disease\Viral diseases White tail disease_aug_93.jpg,Viral diseases White tail disease,fish,train,True,2,train,7.51,26.67,2.67,23.61,0.092,40.68,9.988726633982646,0.31759293615552503,1.3699999999999999
C:\Users\Asus\PycharmProjects\AquaVision_v1\datasets\fish\New Dataset\train_split\Viral diseases White tail disease\Viral diseases White tail disease_aug_97.jpg,Viral diseases White tail disease,fish,train,True,2,train,5.73,27.39,3.23,24.91,0.307,52.86,8.479849907585425,0.01806302150836976,2.59
C:\Users\Asus\PycharmProjects\AquaVision_v1\datasets\fish\New Dataset\train_split\Viral diseases White tail disease\Viral diseases White tail disease_aug_98.jpg,Viral diseases White tail disease,fish,train,True,0,train,6.32,32.3,4.32,25.49,0.785,45.34,7.47683454436448,0.2119005921834785,3.9980000000000007
