image_name,image_path,label,is_test,is_augmented,fold
BG-1-img-1.jpg,C:\Users\Asus\PycharmProjects\AquaVision_v1\datasets\shrimp\ShrimpImages\ShrimpImages\BG\BG-1-img-1.jpg,BG,False,False,1
BG-1-img-2.jpg,C:\Users\Asus\PycharmProjects\AquaVision_v1\datasets\shrimp\ShrimpImages\ShrimpImages\BG\BG-1-img-2.jpg,BG,False,False,1
BG-1-img-3.jpg,C:\Users\Asus\PycharmProjects\AquaVision_v1\datasets\shrimp\ShrimpImages\ShrimpImages\BG\BG-1-img-3.jpg,BG,False,False,4
BG-10-img-1.jpg,C:\Users\Asus\PycharmProjects\AquaVision_v1\datasets\shrimp\ShrimpImages\ShrimpImages\BG\BG-10-img-1.jpg,BG,False,False,1
BG-10-img-3.jpg,C:\Users\Asus\PycharmProjects\AquaVision_v1\datasets\shrimp\ShrimpImages\ShrimpImages\BG\BG-10-img-3.jpg,BG,False,False,4
BG-11-img-1.jpg,C:\Users\Asus\PycharmProjects\AquaVision_v1\datasets\shrimp\ShrimpImages\ShrimpImages\BG\BG-11-img-1.jpg,BG,False,False,0
BG-12-img-1.jpg,C:\Users\Asus\PycharmProjects\AquaVision_v1\datasets\shrimp\ShrimpImages\ShrimpImages\BG\BG-12-img-1.jpg,BG,False,False,3
BG-12-img-2.jpg,C:\Users\Asus\PycharmProjects\AquaVision_v1\datasets\shrimp\ShrimpImages\ShrimpImages\BG\BG-12-img-2.jpg,BG,False,False,4
BG-12-img-3.jpg,C:\Users\Asus\PycharmProjects\AquaVision_v1\datasets\shrimp\ShrimpImages\ShrimpImages\BG\BG-12-img-3.jpg,BG,False,False,4
BG-13-img-1.jpg,C:\Users\Asus\PycharmProjects\AquaVision_v1\datasets\shrimp\ShrimpImages\ShrimpImages\BG\BG-13-img-1.jpg,BG,False,False,2
BG-13-img-2.jpg,C:\Users\Asus\PycharmProjects\AquaVision_v1\datasets\shrimp\ShrimpImages\ShrimpImages\BG\BG-13-img-2.jpg,BG,False,False,2
BG-13-img-3.jpg,C:\Users\Asus\PycharmProjects\AquaVision_v1\datasets\shrimp\ShrimpImages\ShrimpImages\BG\BG-13-img-3.jpg,BG,False,False,0
BG-14-img-1.jpg,C:\Users\Asus\PycharmProjects\AquaVision_v1\datasets\shrimp\ShrimpImages\ShrimpImages\BG\BG-14-img-1.jpg,BG,False,False,0
BG-15-img-1.jpg,C:\Users\Asus\PycharmProjects\AquaVision_v1\datasets\shrimp\ShrimpImages\ShrimpImages\BG\BG-15-img-1.jpg,BG,True,False,-1
BG-15-img-2.jpg,C:\Users\Asus\PycharmProjects\AquaVision_v1\datasets\shrimp\ShrimpImages\ShrimpImages\BG\BG-15-img-2.jpg,BG,False,False,1
BG-16-img-1.jpg,C:\Users\Asus\PycharmProjects\AquaVision_v1\datasets\shrimp\ShrimpImages\ShrimpImages\BG\BG-16-img-1.jpg,BG,False,False,1
BG-17-img-1.jpg,C:\Users\Asus\PycharmProjects\AquaVision_v1\datasets\shrimp\ShrimpImages\ShrimpImages\BG\BG-17-img-1.jpg,BG,False,False,2
BG-18-img-1.jpg,C:\Users\Asus\PycharmProjects\AquaVision_v1\datasets\shrimp\ShrimpImages\ShrimpImages\BG\BG-18-img-1.jpg,BG,False,False,2
BG-19-img-1.jpg,C:\Users\Asus\PycharmProjects\AquaVision_v1\datasets\shrimp\ShrimpImages\ShrimpImages\BG\BG-19-img-1.jpg,BG,False,False,2
BG-19-img-2.jpg,C:\Users\Asus\PycharmProjects\AquaVision_v1\datasets\shrimp\ShrimpImages\ShrimpImages\BG\BG-19-img-2.jpg,BG,False,False,1
BG-2-img-1.jpg,C:\Users\Asus\PycharmProjects\AquaVision_v1\datasets\shrimp\ShrimpImages\ShrimpImages\BG\BG-2-img-1.jpg,BG,True,False,-1
BG-2-img-2.jpg,C:\Users\Asus\PycharmProjects\AquaVision_v1\datasets\shrimp\ShrimpImages\ShrimpImages\BG\BG-2-img-2.jpg,BG,True,False,-1
BG-2-img-3.jpg,C:\Users\Asus\PycharmProjects\AquaVision_v1\datasets\shrimp\ShrimpImages\ShrimpImages\BG\BG-2-img-3.jpg,BG,False,False,1
BG-20-img-1.jpg,C:\Users\Asus\PycharmProjects\AquaVision_v1\datasets\shrimp\ShrimpImages\ShrimpImages\BG\BG-20-img-1.jpg,BG,False,False,3
BG-20-img-2.jpg,C:\Users\Asus\PycharmProjects\AquaVision_v1\datasets\shrimp\ShrimpImages\ShrimpImages\BG\BG-20-img-2.jpg,BG,False,False,1
BG-21-img-1.jpg,C:\Users\Asus\PycharmProjects\AquaVision_v1\datasets\shrimp\ShrimpImages\ShrimpImages\BG\BG-21-img-1.jpg,BG,False,False,1
BG-21-img-3.jpg,C:\Users\Asus\PycharmProjects\AquaVision_v1\datasets\shrimp\ShrimpImages\ShrimpImages\BG\BG-21-img-3.jpg,BG,False,False,4
BG-22-img-1.jpg,C:\Users\Asus\PycharmProjects\AquaVision_v1\datasets\shrimp\ShrimpImages\ShrimpImages\BG\BG-22-img-1.jpg,BG,False,False,0
BG-23-img-1.jpg,C:\Users\Asus\PycharmProjects\AquaVision_v1\datasets\shrimp\ShrimpImages\ShrimpImages\BG\BG-23-img-1.jpg,BG,False,False,0
BG-23-img-2.jpg,C:\Users\Asus\PycharmProjects\AquaVision_v1\datasets\shrimp\ShrimpImages\ShrimpImages\BG\BG-23-img-2.jpg,BG,False,False,2
BG-23-img-3.jpg,C:\Users\Asus\PycharmProjects\AquaVision_v1\datasets\shrimp\ShrimpImages\ShrimpImages\BG\BG-23-img-3.jpg,BG,False,False,3
BG-24-img-1.jpg,C:\Users\Asus\PycharmProjects\AquaVision_v1\datasets\shrimp\ShrimpImages\ShrimpImages\BG\BG-24-img-1.jpg,BG,False,False,2
BG-24-img-2.jpg,C:\Users\Asus\PycharmProjects\AquaVision_v1\datasets\shrimp\ShrimpImages\ShrimpImages\BG\BG-24-img-2.jpg,BG,False,False,1
BG-24-img-3.jpg,C:\Users\Asus\PycharmProjects\AquaVision_v1\datasets\shrimp\ShrimpImages\ShrimpImages\BG\BG-24-img-3.jpg,BG,False,False,0
BG-25-img-1.jpg,C:\Users\Asus\PycharmProjects\AquaVision_v1\datasets\shrimp\ShrimpImages\ShrimpImages\BG\BG-25-img-1.jpg,BG,True,False,-1
BG-25-img-2.jpg,C:\Users\Asus\PycharmProjects\AquaVision_v1\datasets\shrimp\ShrimpImages\ShrimpImages\BG\BG-25-img-2.jpg,BG,False,False,3
BG-26-img-1.jpg,C:\Users\Asus\PycharmProjects\AquaVision_v1\datasets\shrimp\ShrimpImages\ShrimpImages\BG\BG-26-img-1.jpg,BG,False,False,4
BG-27-img-1.jpg,C:\Users\Asus\PycharmProjects\AquaVision_v1\datasets\shrimp\ShrimpImages\ShrimpImages\BG\BG-27-img-1.jpg,BG,False,False,0
BG-27-img-2.jpg,C:\Users\Asus\PycharmProjects\AquaVision_v1\datasets\shrimp\ShrimpImages\ShrimpImages\BG\BG-27-img-2.jpg,BG,False,False,2
BG-27-img-3.jpg,C:\Users\Asus\PycharmProjects\AquaVision_v1\datasets\shrimp\ShrimpImages\ShrimpImages\BG\BG-27-img-3.jpg,BG,False,False,3
BG-28-img-1.jpg,C:\Users\Asus\PycharmProjects\AquaVision_v1\datasets\shrimp\ShrimpImages\ShrimpImages\BG\BG-28-img-1.jpg,BG,False,False,2
BG-28-img-2.jpg,C:\Users\Asus\PycharmProjects\AquaVision_v1\datasets\shrimp\ShrimpImages\ShrimpImages\BG\BG-28-img-2.jpg,BG,False,False,3
BG-29-img-1.jpg,C:\Users\Asus\PycharmProjects\AquaVision_v1\datasets\shrimp\ShrimpImages\ShrimpImages\BG\BG-29-img-1.jpg,BG,False,False,1
BG-29-img-2.jpg,C:\Users\Asus\PycharmProjects\AquaVision_v1\datasets\shrimp\ShrimpImages\ShrimpImages\BG\BG-29-img-2.jpg,BG,False,False,4
BG-29-img-3.jpg,C:\Users\Asus\PycharmProjects\AquaVision_v1\datasets\shrimp\ShrimpImages\ShrimpImages\BG\BG-29-img-3.jpg,BG,False,False,0
BG-3-img-1.jpg,C:\Users\Asus\PycharmProjects\AquaVision_v1\datasets\shrimp\ShrimpImages\ShrimpImages\BG\BG-3-img-1.jpg,BG,False,False,0
BG-3-img-2.jpg,C:\Users\Asus\PycharmProjects\AquaVision_v1\datasets\shrimp\ShrimpImages\ShrimpImages\BG\BG-3-img-2.jpg,BG,False,False,2
BG-3-img-3.jpg,C:\Users\Asus\PycharmProjects\AquaVision_v1\datasets\shrimp\ShrimpImages\ShrimpImages\BG\BG-3-img-3.jpg,BG,False,False,3
BG-30-img-1.jpg,C:\Users\Asus\PycharmProjects\AquaVision_v1\datasets\shrimp\ShrimpImages\ShrimpImages\BG\BG-30-img-1.jpg,BG,True,False,-1
BG-30-img-2.jpg,C:\Users\Asus\PycharmProjects\AquaVision_v1\datasets\shrimp\ShrimpImages\ShrimpImages\BG\BG-30-img-2.jpg,BG,False,False,1
BG-30-img-3.jpg,C:\Users\Asus\PycharmProjects\AquaVision_v1\datasets\shrimp\ShrimpImages\ShrimpImages\BG\BG-30-img-3.jpg,BG,True,False,-1
BG-31-img-1.jpg,C:\Users\Asus\PycharmProjects\AquaVision_v1\datasets\shrimp\ShrimpImages\ShrimpImages\BG\BG-31-img-1.jpg,BG,False,False,4
BG-31-img-2.jpg,C:\Users\Asus\PycharmProjects\AquaVision_v1\datasets\shrimp\ShrimpImages\ShrimpImages\BG\BG-31-img-2.jpg,BG,True,False,-1
BG-31-img-3.jpg,C:\Users\Asus\PycharmProjects\AquaVision_v1\datasets\shrimp\ShrimpImages\ShrimpImages\BG\BG-31-img-3.jpg,BG,False,False,4
BG-32-img-1.jpg,C:\Users\Asus\PycharmProjects\AquaVision_v1\datasets\shrimp\ShrimpImages\ShrimpImages\BG\BG-32-img-1.jpg,BG,True,False,-1
BG-32-img-2.jpg,C:\Users\Asus\PycharmProjects\AquaVision_v1\datasets\shrimp\ShrimpImages\ShrimpImages\BG\BG-32-img-2.jpg,BG,False,False,1
BG-33-img-1.jpg,C:\Users\Asus\PycharmProjects\AquaVision_v1\datasets\shrimp\ShrimpImages\ShrimpImages\BG\BG-33-img-1.jpg,BG,False,False,2
BG-34-img-1.jpg,C:\Users\Asus\PycharmProjects\AquaVision_v1\datasets\shrimp\ShrimpImages\ShrimpImages\BG\BG-34-img-1.jpg,BG,False,False,0
BG-34-img-2.jpg,C:\Users\Asus\PycharmProjects\AquaVision_v1\datasets\shrimp\ShrimpImages\ShrimpImages\BG\BG-34-img-2.jpg,BG,True,False,-1
BG-34-img-3.jpg,C:\Users\Asus\PycharmProjects\AquaVision_v1\datasets\shrimp\ShrimpImages\ShrimpImages\BG\BG-34-img-3.jpg,BG,False,False,1
BG-35-img-1.jpg,C:\Users\Asus\PycharmProjects\AquaVision_v1\datasets\shrimp\ShrimpImages\ShrimpImages\BG\BG-35-img-1.jpg,BG,False,False,4
BG-35-img-2.jpg,C:\Users\Asus\PycharmProjects\AquaVision_v1\datasets\shrimp\ShrimpImages\ShrimpImages\BG\BG-35-img-2.jpg,BG,False,False,2
BG-35-img-3.jpg,C:\Users\Asus\PycharmProjects\AquaVision_v1\datasets\shrimp\ShrimpImages\ShrimpImages\BG\BG-35-img-3.jpg,BG,False,False,2
BG-36-img-1.jpg,C:\Users\Asus\PycharmProjects\AquaVision_v1\datasets\shrimp\ShrimpImages\ShrimpImages\BG\BG-36-img-1.jpg,BG,False,False,4
BG-36-img-2.jpg,C:\Users\Asus\PycharmProjects\AquaVision_v1\datasets\shrimp\ShrimpImages\ShrimpImages\BG\BG-36-img-2.jpg,BG,False,False,1
BG-36-img-3.jpg,C:\Users\Asus\PycharmProjects\AquaVision_v1\datasets\shrimp\ShrimpImages\ShrimpImages\BG\BG-36-img-3.jpg,BG,False,False,0
BG-37-img-1.jpg,C:\Users\Asus\PycharmProjects\AquaVision_v1\datasets\shrimp\ShrimpImages\ShrimpImages\BG\BG-37-img-1.jpg,BG,False,False,2
BG-37-img-2.jpg,C:\Users\Asus\PycharmProjects\AquaVision_v1\datasets\shrimp\ShrimpImages\ShrimpImages\BG\BG-37-img-2.jpg,BG,False,False,4
BG-37-img-3.jpg,C:\Users\Asus\PycharmProjects\AquaVision_v1\datasets\shrimp\ShrimpImages\ShrimpImages\BG\BG-37-img-3.jpg,BG,False,False,0
BG-38-img-1.jpg,C:\Users\Asus\PycharmProjects\AquaVision_v1\datasets\shrimp\ShrimpImages\ShrimpImages\BG\BG-38-img-1.jpg,BG,False,False,0
BG-38-img-2.jpg,C:\Users\Asus\PycharmProjects\AquaVision_v1\datasets\shrimp\ShrimpImages\ShrimpImages\BG\BG-38-img-2.jpg,BG,False,False,1
BG-38-img-3.jpg,C:\Users\Asus\PycharmProjects\AquaVision_v1\datasets\shrimp\ShrimpImages\ShrimpImages\BG\BG-38-img-3.jpg,BG,True,False,-1
BG-39-img-1.jpg,C:\Users\Asus\PycharmProjects\AquaVision_v1\datasets\shrimp\ShrimpImages\ShrimpImages\BG\BG-39-img-1.jpg,BG,False,False,2
BG-39-img-2.jpg,C:\Users\Asus\PycharmProjects\AquaVision_v1\datasets\shrimp\ShrimpImages\ShrimpImages\BG\BG-39-img-2.jpg,BG,False,False,4
BG-39-img-3.jpg,C:\Users\Asus\PycharmProjects\AquaVision_v1\datasets\shrimp\ShrimpImages\ShrimpImages\BG\BG-39-img-3.jpg,BG,False,False,4
BG-4-img-1.jpg,C:\Users\Asus\PycharmProjects\AquaVision_v1\datasets\shrimp\ShrimpImages\ShrimpImages\BG\BG-4-img-1.jpg,BG,False,False,4
BG-4-img-2.jpg,C:\Users\Asus\PycharmProjects\AquaVision_v1\datasets\shrimp\ShrimpImages\ShrimpImages\BG\BG-4-img-2.jpg,BG,False,False,1
BG-4-img-3.jpg,C:\Users\Asus\PycharmProjects\AquaVision_v1\datasets\shrimp\ShrimpImages\ShrimpImages\BG\BG-4-img-3.jpg,BG,False,False,3
BG-40-img-1.jpg,C:\Users\Asus\PycharmProjects\AquaVision_v1\datasets\shrimp\ShrimpImages\ShrimpImages\BG\BG-40-img-1.jpg,BG,False,False,0
BG-40-img-2.jpg,C:\Users\Asus\PycharmProjects\AquaVision_v1\datasets\shrimp\ShrimpImages\ShrimpImages\BG\BG-40-img-2.jpg,BG,False,False,3
BG-40-img-3.jpg,C:\Users\Asus\PycharmProjects\AquaVision_v1\datasets\shrimp\ShrimpImages\ShrimpImages\BG\BG-40-img-3.jpg,BG,True,False,-1
BG-41-img-2.jpg,C:\Users\Asus\PycharmProjects\AquaVision_v1\datasets\shrimp\ShrimpImages\ShrimpImages\BG\BG-41-img-2.jpg,BG,False,False,4
BG-41-img-3.jpg,C:\Users\Asus\PycharmProjects\AquaVision_v1\datasets\shrimp\ShrimpImages\ShrimpImages\BG\BG-41-img-3.jpg,BG,False,False,4
BG-42-img-1.jpg,C:\Users\Asus\PycharmProjects\AquaVision_v1\datasets\shrimp\ShrimpImages\ShrimpImages\BG\BG-42-img-1.jpg,BG,False,False,0
BG-42-img-2.jpg,C:\Users\Asus\PycharmProjects\AquaVision_v1\datasets\shrimp\ShrimpImages\ShrimpImages\BG\BG-42-img-2.jpg,BG,False,False,0
BG-42-img-3.jpg,C:\Users\Asus\PycharmProjects\AquaVision_v1\datasets\shrimp\ShrimpImages\ShrimpImages\BG\BG-42-img-3.jpg,BG,False,False,2
BG-43-img-1.jpg,C:\Users\Asus\PycharmProjects\AquaVision_v1\datasets\shrimp\ShrimpImages\ShrimpImages\BG\BG-43-img-1.jpg,BG,False,False,1
BG-43-img-2.jpg,C:\Users\Asus\PycharmProjects\AquaVision_v1\datasets\shrimp\ShrimpImages\ShrimpImages\BG\BG-43-img-2.jpg,BG,True,False,-1
BG-43-img-3.jpg,C:\Users\Asus\PycharmProjects\AquaVision_v1\datasets\shrimp\ShrimpImages\ShrimpImages\BG\BG-43-img-3.jpg,BG,True,False,-1
BG-44-img-1.jpg,C:\Users\Asus\PycharmProjects\AquaVision_v1\datasets\shrimp\ShrimpImages\ShrimpImages\BG\BG-44-img-1.jpg,BG,False,False,4
BG-44-img-2.jpg,C:\Users\Asus\PycharmProjects\AquaVision_v1\datasets\shrimp\ShrimpImages\ShrimpImages\BG\BG-44-img-2.jpg,BG,False,False,2
BG-44-img-3.jpg,C:\Users\Asus\PycharmProjects\AquaVision_v1\datasets\shrimp\ShrimpImages\ShrimpImages\BG\BG-44-img-3.jpg,BG,True,False,-1
BG-45-img-1.jpg,C:\Users\Asus\PycharmProjects\AquaVision_v1\datasets\shrimp\ShrimpImages\ShrimpImages\BG\BG-45-img-1.jpg,BG,False,False,1
BG-45-img-2.jpg,C:\Users\Asus\PycharmProjects\AquaVision_v1\datasets\shrimp\ShrimpImages\ShrimpImages\BG\BG-45-img-2.jpg,BG,False,False,1
BG-45-img-3.jpg,C:\Users\Asus\PycharmProjects\AquaVision_v1\datasets\shrimp\ShrimpImages\ShrimpImages\BG\BG-45-img-3.jpg,BG,False,False,2
BG-46-img-1.jpg,C:\Users\Asus\PycharmProjects\AquaVision_v1\datasets\shrimp\ShrimpImages\ShrimpImages\BG\BG-46-img-1.jpg,BG,False,False,2
BG-47-img-1.jpg,C:\Users\Asus\PycharmProjects\AquaVision_v1\datasets\shrimp\ShrimpImages\ShrimpImages\BG\BG-47-img-1.jpg,BG,False,False,1
BG-47-img-2.jpg,C:\Users\Asus\PycharmProjects\AquaVision_v1\datasets\shrimp\ShrimpImages\ShrimpImages\BG\BG-47-img-2.jpg,BG,False,False,2
BG-47-img-3.jpg,C:\Users\Asus\PycharmProjects\AquaVision_v1\datasets\shrimp\ShrimpImages\ShrimpImages\BG\BG-47-img-3.jpg,BG,False,False,1
BG-48-img-1.jpg,C:\Users\Asus\PycharmProjects\AquaVision_v1\datasets\shrimp\ShrimpImages\ShrimpImages\BG\BG-48-img-1.jpg,BG,True,False,-1
BG-48-img-3.jpg,C:\Users\Asus\PycharmProjects\AquaVision_v1\datasets\shrimp\ShrimpImages\ShrimpImages\BG\BG-48-img-3.jpg,BG,False,False,3
BG-49-img-1.jpg,C:\Users\Asus\PycharmProjects\AquaVision_v1\datasets\shrimp\ShrimpImages\ShrimpImages\BG\BG-49-img-1.jpg,BG,False,False,2
BG-49-img-3.jpg,C:\Users\Asus\PycharmProjects\AquaVision_v1\datasets\shrimp\ShrimpImages\ShrimpImages\BG\BG-49-img-3.jpg,BG,True,False,-1
BG-5-img-1.jpg,C:\Users\Asus\PycharmProjects\AquaVision_v1\datasets\shrimp\ShrimpImages\ShrimpImages\BG\BG-5-img-1.jpg,BG,False,False,3
BG-50-img-1.jpg,C:\Users\Asus\PycharmProjects\AquaVision_v1\datasets\shrimp\ShrimpImages\ShrimpImages\BG\BG-50-img-1.jpg,BG,False,False,0
BG-50-img-2.jpg,C:\Users\Asus\PycharmProjects\AquaVision_v1\datasets\shrimp\ShrimpImages\ShrimpImages\BG\BG-50-img-2.jpg,BG,False,False,3
BG-51-img-1.jpg,C:\Users\Asus\PycharmProjects\AquaVision_v1\datasets\shrimp\ShrimpImages\ShrimpImages\BG\BG-51-img-1.jpg,BG,True,False,-1
BG-51-img-2.jpg,C:\Users\Asus\PycharmProjects\AquaVision_v1\datasets\shrimp\ShrimpImages\ShrimpImages\BG\BG-51-img-2.jpg,BG,False,False,3
BG-51-img-3.jpg,C:\Users\Asus\PycharmProjects\AquaVision_v1\datasets\shrimp\ShrimpImages\ShrimpImages\BG\BG-51-img-3.jpg,BG,False,False,4
BG-52-img-1.jpg,C:\Users\Asus\PycharmProjects\AquaVision_v1\datasets\shrimp\ShrimpImages\ShrimpImages\BG\BG-52-img-1.jpg,BG,False,False,3
BG-52-img-2.jpg,C:\Users\Asus\PycharmProjects\AquaVision_v1\datasets\shrimp\ShrimpImages\ShrimpImages\BG\BG-52-img-2.jpg,BG,False,False,1
BG-52-img-3.jpg,C:\Users\Asus\PycharmProjects\AquaVision_v1\datasets\shrimp\ShrimpImages\ShrimpImages\BG\BG-52-img-3.jpg,BG,False,False,2
BG-53-img-1.jpg,C:\Users\Asus\PycharmProjects\AquaVision_v1\datasets\shrimp\ShrimpImages\ShrimpImages\BG\BG-53-img-1.jpg,BG,False,False,0
BG-53-img-2.jpg,C:\Users\Asus\PycharmProjects\AquaVision_v1\datasets\shrimp\ShrimpImages\ShrimpImages\BG\BG-53-img-2.jpg,BG,False,False,3
BG-53-img-3.jpg,C:\Users\Asus\PycharmProjects\AquaVision_v1\datasets\shrimp\ShrimpImages\ShrimpImages\BG\BG-53-img-3.jpg,BG,False,False,0
BG-54-img-1.jpg,C:\Users\Asus\PycharmProjects\AquaVision_v1\datasets\shrimp\ShrimpImages\ShrimpImages\BG\BG-54-img-1.jpg,BG,False,False,0
BG-54-img-2.jpg,C:\Users\Asus\PycharmProjects\AquaVision_v1\datasets\shrimp\ShrimpImages\ShrimpImages\BG\BG-54-img-2.jpg,BG,False,False,3
BG-54-img-3.jpg,C:\Users\Asus\PycharmProjects\AquaVision_v1\datasets\shrimp\ShrimpImages\ShrimpImages\BG\BG-54-img-3.jpg,BG,False,False,3
BG-55-img-1.jpg,C:\Users\Asus\PycharmProjects\AquaVision_v1\datasets\shrimp\ShrimpImages\ShrimpImages\BG\BG-55-img-1.jpg,BG,False,False,1
BG-55-img-3.jpg,C:\Users\Asus\PycharmProjects\AquaVision_v1\datasets\shrimp\ShrimpImages\ShrimpImages\BG\BG-55-img-3.jpg,BG,False,False,0
BG-56-img-1.jpg,C:\Users\Asus\PycharmProjects\AquaVision_v1\datasets\shrimp\ShrimpImages\ShrimpImages\BG\BG-56-img-1.jpg,BG,False,False,0
BG-56-img-2.jpg,C:\Users\Asus\PycharmProjects\AquaVision_v1\datasets\shrimp\ShrimpImages\ShrimpImages\BG\BG-56-img-2.jpg,BG,True,False,-1
BG-56-img-3.jpg,C:\Users\Asus\PycharmProjects\AquaVision_v1\datasets\shrimp\ShrimpImages\ShrimpImages\BG\BG-56-img-3.jpg,BG,False,False,4
BG-57-img-1.jpg,C:\Users\Asus\PycharmProjects\AquaVision_v1\datasets\shrimp\ShrimpImages\ShrimpImages\BG\BG-57-img-1.jpg,BG,False,False,4
BG-58-img-1.jpg,C:\Users\Asus\PycharmProjects\AquaVision_v1\datasets\shrimp\ShrimpImages\ShrimpImages\BG\BG-58-img-1.jpg,BG,False,False,0
BG-58-img-2.jpg,C:\Users\Asus\PycharmProjects\AquaVision_v1\datasets\shrimp\ShrimpImages\ShrimpImages\BG\BG-58-img-2.jpg,BG,False,False,2
BG-58-img-3.jpg,C:\Users\Asus\PycharmProjects\AquaVision_v1\datasets\shrimp\ShrimpImages\ShrimpImages\BG\BG-58-img-3.jpg,BG,False,False,0
BG-59-img-1.jpg,C:\Users\Asus\PycharmProjects\AquaVision_v1\datasets\shrimp\ShrimpImages\ShrimpImages\BG\BG-59-img-1.jpg,BG,False,False,3
BG-59-img-2.jpg,C:\Users\Asus\PycharmProjects\AquaVision_v1\datasets\shrimp\ShrimpImages\ShrimpImages\BG\BG-59-img-2.jpg,BG,False,False,3
BG-59-img-3.jpg,C:\Users\Asus\PycharmProjects\AquaVision_v1\datasets\shrimp\ShrimpImages\ShrimpImages\BG\BG-59-img-3.jpg,BG,False,False,1
BG-6-img-1.jpg,C:\Users\Asus\PycharmProjects\AquaVision_v1\datasets\shrimp\ShrimpImages\ShrimpImages\BG\BG-6-img-1.jpg,BG,True,False,-1
BG-6-img-2.jpg,C:\Users\Asus\PycharmProjects\AquaVision_v1\datasets\shrimp\ShrimpImages\ShrimpImages\BG\BG-6-img-2.jpg,BG,False,False,2
BG-6-img-3.jpg,C:\Users\Asus\PycharmProjects\AquaVision_v1\datasets\shrimp\ShrimpImages\ShrimpImages\BG\BG-6-img-3.jpg,BG,False,False,0
BG-60-img-1.jpg,C:\Users\Asus\PycharmProjects\AquaVision_v1\datasets\shrimp\ShrimpImages\ShrimpImages\BG\BG-60-img-1.jpg,BG,False,False,3
BG-60-img-2.jpg,C:\Users\Asus\PycharmProjects\AquaVision_v1\datasets\shrimp\ShrimpImages\ShrimpImages\BG\BG-60-img-2.jpg,BG,True,False,-1
BG-61-img-1.jpg,C:\Users\Asus\PycharmProjects\AquaVision_v1\datasets\shrimp\ShrimpImages\ShrimpImages\BG\BG-61-img-1.jpg,BG,False,False,1
BG-61-img-2.jpg,C:\Users\Asus\PycharmProjects\AquaVision_v1\datasets\shrimp\ShrimpImages\ShrimpImages\BG\BG-61-img-2.jpg,BG,False,False,2
BG-62-img-3.jpg,C:\Users\Asus\PycharmProjects\AquaVision_v1\datasets\shrimp\ShrimpImages\ShrimpImages\BG\BG-62-img-3.jpg,BG,False,False,2
BG-63-img-1.jpg,C:\Users\Asus\PycharmProjects\AquaVision_v1\datasets\shrimp\ShrimpImages\ShrimpImages\BG\BG-63-img-1.jpg,BG,False,False,4
BG-63-img-2.jpg,C:\Users\Asus\PycharmProjects\AquaVision_v1\datasets\shrimp\ShrimpImages\ShrimpImages\BG\BG-63-img-2.jpg,BG,False,False,3
BG-64-img-1.jpg,C:\Users\Asus\PycharmProjects\AquaVision_v1\datasets\shrimp\ShrimpImages\ShrimpImages\BG\BG-64-img-1.jpg,BG,False,False,1
BG-64-img-2.jpg,C:\Users\Asus\PycharmProjects\AquaVision_v1\datasets\shrimp\ShrimpImages\ShrimpImages\BG\BG-64-img-2.jpg,BG,False,False,0
BG-64-img-3.jpg,C:\Users\Asus\PycharmProjects\AquaVision_v1\datasets\shrimp\ShrimpImages\ShrimpImages\BG\BG-64-img-3.jpg,BG,False,False,4
BG-65-img-1.jpg,C:\Users\Asus\PycharmProjects\AquaVision_v1\datasets\shrimp\ShrimpImages\ShrimpImages\BG\BG-65-img-1.jpg,BG,False,False,0
BG-66-img-1.jpg,C:\Users\Asus\PycharmProjects\AquaVision_v1\datasets\shrimp\ShrimpImages\ShrimpImages\BG\BG-66-img-1.jpg,BG,False,False,2
BG-66-img-2.jpg,C:\Users\Asus\PycharmProjects\AquaVision_v1\datasets\shrimp\ShrimpImages\ShrimpImages\BG\BG-66-img-2.jpg,BG,False,False,2
BG-66-img-3.jpg,C:\Users\Asus\PycharmProjects\AquaVision_v1\datasets\shrimp\ShrimpImages\ShrimpImages\BG\BG-66-img-3.jpg,BG,False,False,3
BG-67-img-1.jpg,C:\Users\Asus\PycharmProjects\AquaVision_v1\datasets\shrimp\ShrimpImages\ShrimpImages\BG\BG-67-img-1.jpg,BG,False,False,0
BG-67-img-2.jpg,C:\Users\Asus\PycharmProjects\AquaVision_v1\datasets\shrimp\ShrimpImages\ShrimpImages\BG\BG-67-img-2.jpg,BG,False,False,3
BG-67-img-3.jpg,C:\Users\Asus\PycharmProjects\AquaVision_v1\datasets\shrimp\ShrimpImages\ShrimpImages\BG\BG-67-img-3.jpg,BG,True,False,-1
BG-68-img-1.jpg,C:\Users\Asus\PycharmProjects\AquaVision_v1\datasets\shrimp\ShrimpImages\ShrimpImages\BG\BG-68-img-1.jpg,BG,False,False,1
BG-68-img-2.jpg,C:\Users\Asus\PycharmProjects\AquaVision_v1\datasets\shrimp\ShrimpImages\ShrimpImages\BG\BG-68-img-2.jpg,BG,True,False,-1
BG-68-img-3.jpg,C:\Users\Asus\PycharmProjects\AquaVision_v1\datasets\shrimp\ShrimpImages\ShrimpImages\BG\BG-68-img-3.jpg,BG,False,False,1
BG-69-img-1.jpg,C:\Users\Asus\PycharmProjects\AquaVision_v1\datasets\shrimp\ShrimpImages\ShrimpImages\BG\BG-69-img-1.jpg,BG,False,False,3
BG-69-img-3.jpg,C:\Users\Asus\PycharmProjects\AquaVision_v1\datasets\shrimp\ShrimpImages\ShrimpImages\BG\BG-69-img-3.jpg,BG,False,False,1
BG-7-img-1.jpg,C:\Users\Asus\PycharmProjects\AquaVision_v1\datasets\shrimp\ShrimpImages\ShrimpImages\BG\BG-7-img-1.jpg,BG,False,False,1
BG-7-img-2.jpg,C:\Users\Asus\PycharmProjects\AquaVision_v1\datasets\shrimp\ShrimpImages\ShrimpImages\BG\BG-7-img-2.jpg,BG,False,False,2
BG-70-img-1.jpg,C:\Users\Asus\PycharmProjects\AquaVision_v1\datasets\shrimp\ShrimpImages\ShrimpImages\BG\BG-70-img-1.jpg,BG,False,False,1
BG-70-img-2.jpg,C:\Users\Asus\PycharmProjects\AquaVision_v1\datasets\shrimp\ShrimpImages\ShrimpImages\BG\BG-70-img-2.jpg,BG,False,False,0
BG-70-img-3.jpg,C:\Users\Asus\PycharmProjects\AquaVision_v1\datasets\shrimp\ShrimpImages\ShrimpImages\BG\BG-70-img-3.jpg,BG,False,False,0
BG-71-img-1.jpg,C:\Users\Asus\PycharmProjects\AquaVision_v1\datasets\shrimp\ShrimpImages\ShrimpImages\BG\BG-71-img-1.jpg,BG,True,False,-1
BG-71-img-2.jpg,C:\Users\Asus\PycharmProjects\AquaVision_v1\datasets\shrimp\ShrimpImages\ShrimpImages\BG\BG-71-img-2.jpg,BG,False,False,3
BG-72-img-1.jpg,C:\Users\Asus\PycharmProjects\AquaVision_v1\datasets\shrimp\ShrimpImages\ShrimpImages\BG\BG-72-img-1.jpg,BG,False,False,0
BG-72-img-2.jpg,C:\Users\Asus\PycharmProjects\AquaVision_v1\datasets\shrimp\ShrimpImages\ShrimpImages\BG\BG-72-img-2.jpg,BG,False,False,3
BG-73-img-2.jpg,C:\Users\Asus\PycharmProjects\AquaVision_v1\datasets\shrimp\ShrimpImages\ShrimpImages\BG\BG-73-img-2.jpg,BG,False,False,2
BG-73-img-3.jpg,C:\Users\Asus\PycharmProjects\AquaVision_v1\datasets\shrimp\ShrimpImages\ShrimpImages\BG\BG-73-img-3.jpg,BG,False,False,1
BG-74-img-1.jpg,C:\Users\Asus\PycharmProjects\AquaVision_v1\datasets\shrimp\ShrimpImages\ShrimpImages\BG\BG-74-img-1.jpg,BG,True,False,-1
BG-74-img-2.jpg,C:\Users\Asus\PycharmProjects\AquaVision_v1\datasets\shrimp\ShrimpImages\ShrimpImages\BG\BG-74-img-2.jpg,BG,False,False,2
BG-75-img-1.jpg,C:\Users\Asus\PycharmProjects\AquaVision_v1\datasets\shrimp\ShrimpImages\ShrimpImages\BG\BG-75-img-1.jpg,BG,False,False,1
BG-8-img-2.jpg,C:\Users\Asus\PycharmProjects\AquaVision_v1\datasets\shrimp\ShrimpImages\ShrimpImages\BG\BG-8-img-2.jpg,BG,True,False,-1
BG-8-img-3.jpg,C:\Users\Asus\PycharmProjects\AquaVision_v1\datasets\shrimp\ShrimpImages\ShrimpImages\BG\BG-8-img-3.jpg,BG,False,False,4
BG-9-img-1.jpg,C:\Users\Asus\PycharmProjects\AquaVision_v1\datasets\shrimp\ShrimpImages\ShrimpImages\BG\BG-9-img-1.jpg,BG,False,False,4
BG-9-img-2.jpg,C:\Users\Asus\PycharmProjects\AquaVision_v1\datasets\shrimp\ShrimpImages\ShrimpImages\BG\BG-9-img-2.jpg,BG,False,False,4
BG-9-img-3.jpg,C:\Users\Asus\PycharmProjects\AquaVision_v1\datasets\shrimp\ShrimpImages\ShrimpImages\BG\BG-9-img-3.jpg,BG,False,False,3
Healthy-1-img-2.jpg,C:\Users\Asus\PycharmProjects\AquaVision_v1\datasets\shrimp\ShrimpImages\ShrimpImages\Healthy\Healthy-1-img-2.jpg,Healthy,True,False,-1
Healthy-1-img-3.jpg,C:\Users\Asus\PycharmProjects\AquaVision_v1\datasets\shrimp\ShrimpImages\ShrimpImages\Healthy\Healthy-1-img-3.jpg,Healthy,False,False,4
Healthy-10-img-1.jpg,C:\Users\Asus\PycharmProjects\AquaVision_v1\datasets\shrimp\ShrimpImages\ShrimpImages\Healthy\Healthy-10-img-1.jpg,Healthy,False,False,4
Healthy-100-img-1.jpg,C:\Users\Asus\PycharmProjects\AquaVision_v1\datasets\shrimp\ShrimpImages\ShrimpImages\Healthy\Healthy-100-img-1.jpg,Healthy,False,False,3
Healthy-100-img-2.jpg,C:\Users\Asus\PycharmProjects\AquaVision_v1\datasets\shrimp\ShrimpImages\ShrimpImages\Healthy\Healthy-100-img-2.jpg,Healthy,True,False,-1
Healthy-101-img-2.jpg,C:\Users\Asus\PycharmProjects\AquaVision_v1\datasets\shrimp\ShrimpImages\ShrimpImages\Healthy\Healthy-101-img-2.jpg,Healthy,False,False,2
Healthy-101-img-3.jpg,C:\Users\Asus\PycharmProjects\AquaVision_v1\datasets\shrimp\ShrimpImages\ShrimpImages\Healthy\Healthy-101-img-3.jpg,Healthy,False,False,4
Healthy-102-img-1.jpg,C:\Users\Asus\PycharmProjects\AquaVision_v1\datasets\shrimp\ShrimpImages\ShrimpImages\Healthy\Healthy-102-img-1.jpg,Healthy,False,False,3
Healthy-102-img-2.jpg,C:\Users\Asus\PycharmProjects\AquaVision_v1\datasets\shrimp\ShrimpImages\ShrimpImages\Healthy\Healthy-102-img-2.jpg,Healthy,False,False,3
Healthy-102-img-3.jpg,C:\Users\Asus\PycharmProjects\AquaVision_v1\datasets\shrimp\ShrimpImages\ShrimpImages\Healthy\Healthy-102-img-3.jpg,Healthy,False,False,2
Healthy-103-img-1.jpg,C:\Users\Asus\PycharmProjects\AquaVision_v1\datasets\shrimp\ShrimpImages\ShrimpImages\Healthy\Healthy-103-img-1.jpg,Healthy,False,False,4
Healthy-103-img-3.jpg,C:\Users\Asus\PycharmProjects\AquaVision_v1\datasets\shrimp\ShrimpImages\ShrimpImages\Healthy\Healthy-103-img-3.jpg,Healthy,False,False,3
Healthy-104-img-1.jpg,C:\Users\Asus\PycharmProjects\AquaVision_v1\datasets\shrimp\ShrimpImages\ShrimpImages\Healthy\Healthy-104-img-1.jpg,Healthy,False,False,4
Healthy-104-img-2.jpg,C:\Users\Asus\PycharmProjects\AquaVision_v1\datasets\shrimp\ShrimpImages\ShrimpImages\Healthy\Healthy-104-img-2.jpg,Healthy,False,False,2
Healthy-105-img-1.jpg,C:\Users\Asus\PycharmProjects\AquaVision_v1\datasets\shrimp\ShrimpImages\ShrimpImages\Healthy\Healthy-105-img-1.jpg,Healthy,False,False,2
Healthy-105-img-2.jpg,C:\Users\Asus\PycharmProjects\AquaVision_v1\datasets\shrimp\ShrimpImages\ShrimpImages\Healthy\Healthy-105-img-2.jpg,Healthy,False,False,1
Healthy-105-img-3.jpg,C:\Users\Asus\PycharmProjects\AquaVision_v1\datasets\shrimp\ShrimpImages\ShrimpImages\Healthy\Healthy-105-img-3.jpg,Healthy,False,False,0
Healthy-106-img-1.jpg,C:\Users\Asus\PycharmProjects\AquaVision_v1\datasets\shrimp\ShrimpImages\ShrimpImages\Healthy\Healthy-106-img-1.jpg,Healthy,False,False,0
Healthy-106-img-2.jpg,C:\Users\Asus\PycharmProjects\AquaVision_v1\datasets\shrimp\ShrimpImages\ShrimpImages\Healthy\Healthy-106-img-2.jpg,Healthy,False,False,1
Healthy-106-img-3.jpg,C:\Users\Asus\PycharmProjects\AquaVision_v1\datasets\shrimp\ShrimpImages\ShrimpImages\Healthy\Healthy-106-img-3.jpg,Healthy,False,False,4
Healthy-107-img-1.jpg,C:\Users\Asus\PycharmProjects\AquaVision_v1\datasets\shrimp\ShrimpImages\ShrimpImages\Healthy\Healthy-107-img-1.jpg,Healthy,False,False,2
Healthy-107-img-2.jpg,C:\Users\Asus\PycharmProjects\AquaVision_v1\datasets\shrimp\ShrimpImages\ShrimpImages\Healthy\Healthy-107-img-2.jpg,Healthy,False,False,2
Healthy-107-img-3.jpg,C:\Users\Asus\PycharmProjects\AquaVision_v1\datasets\shrimp\ShrimpImages\ShrimpImages\Healthy\Healthy-107-img-3.jpg,Healthy,False,False,1
Healthy-109-img-1.jpg,C:\Users\Asus\PycharmProjects\AquaVision_v1\datasets\shrimp\ShrimpImages\ShrimpImages\Healthy\Healthy-109-img-1.jpg,Healthy,False,False,4
Healthy-109-img-2.jpg,C:\Users\Asus\PycharmProjects\AquaVision_v1\datasets\shrimp\ShrimpImages\ShrimpImages\Healthy\Healthy-109-img-2.jpg,Healthy,False,False,4
Healthy-11-img-1.jpg,C:\Users\Asus\PycharmProjects\AquaVision_v1\datasets\shrimp\ShrimpImages\ShrimpImages\Healthy\Healthy-11-img-1.jpg,Healthy,False,False,4
Healthy-11-img-3.jpg,C:\Users\Asus\PycharmProjects\AquaVision_v1\datasets\shrimp\ShrimpImages\ShrimpImages\Healthy\Healthy-11-img-3.jpg,Healthy,False,False,4
Healthy-110-img-1.jpg,C:\Users\Asus\PycharmProjects\AquaVision_v1\datasets\shrimp\ShrimpImages\ShrimpImages\Healthy\Healthy-110-img-1.jpg,Healthy,False,False,4
Healthy-110-img-3.jpg,C:\Users\Asus\PycharmProjects\AquaVision_v1\datasets\shrimp\ShrimpImages\ShrimpImages\Healthy\Healthy-110-img-3.jpg,Healthy,False,False,3
Healthy-111-img-1.jpg,C:\Users\Asus\PycharmProjects\AquaVision_v1\datasets\shrimp\ShrimpImages\ShrimpImages\Healthy\Healthy-111-img-1.jpg,Healthy,False,False,0
Healthy-111-img-2.jpg,C:\Users\Asus\PycharmProjects\AquaVision_v1\datasets\shrimp\ShrimpImages\ShrimpImages\Healthy\Healthy-111-img-2.jpg,Healthy,False,False,3
Healthy-111-img-3.jpg,C:\Users\Asus\PycharmProjects\AquaVision_v1\datasets\shrimp\ShrimpImages\ShrimpImages\Healthy\Healthy-111-img-3.jpg,Healthy,False,False,4
Healthy-112-img-1.jpg,C:\Users\Asus\PycharmProjects\AquaVision_v1\datasets\shrimp\ShrimpImages\ShrimpImages\Healthy\Healthy-112-img-1.jpg,Healthy,False,False,1
Healthy-112-img-2.jpg,C:\Users\Asus\PycharmProjects\AquaVision_v1\datasets\shrimp\ShrimpImages\ShrimpImages\Healthy\Healthy-112-img-2.jpg,Healthy,False,False,1
Healthy-112-img-3.jpg,C:\Users\Asus\PycharmProjects\AquaVision_v1\datasets\shrimp\ShrimpImages\ShrimpImages\Healthy\Healthy-112-img-3.jpg,Healthy,False,False,2
Healthy-113-img-1.jpg,C:\Users\Asus\PycharmProjects\AquaVision_v1\datasets\shrimp\ShrimpImages\ShrimpImages\Healthy\Healthy-113-img-1.jpg,Healthy,False,False,1
Healthy-113-img-2.jpg,C:\Users\Asus\PycharmProjects\AquaVision_v1\datasets\shrimp\ShrimpImages\ShrimpImages\Healthy\Healthy-113-img-2.jpg,Healthy,False,False,2
Healthy-113-img-3.jpg,C:\Users\Asus\PycharmProjects\AquaVision_v1\datasets\shrimp\ShrimpImages\ShrimpImages\Healthy\Healthy-113-img-3.jpg,Healthy,False,False,3
Healthy-114-img-1.jpg,C:\Users\Asus\PycharmProjects\AquaVision_v1\datasets\shrimp\ShrimpImages\ShrimpImages\Healthy\Healthy-114-img-1.jpg,Healthy,False,False,3
Healthy-114-img-2.jpg,C:\Users\Asus\PycharmProjects\AquaVision_v1\datasets\shrimp\ShrimpImages\ShrimpImages\Healthy\Healthy-114-img-2.jpg,Healthy,False,False,1
Healthy-115-img-1.jpg,C:\Users\Asus\PycharmProjects\AquaVision_v1\datasets\shrimp\ShrimpImages\ShrimpImages\Healthy\Healthy-115-img-1.jpg,Healthy,False,False,3
Healthy-115-img-2.jpg,C:\Users\Asus\PycharmProjects\AquaVision_v1\datasets\shrimp\ShrimpImages\ShrimpImages\Healthy\Healthy-115-img-2.jpg,Healthy,False,False,1
Healthy-116-img-1.jpg,C:\Users\Asus\PycharmProjects\AquaVision_v1\datasets\shrimp\ShrimpImages\ShrimpImages\Healthy\Healthy-116-img-1.jpg,Healthy,False,False,3
Healthy-117-img-1.jpg,C:\Users\Asus\PycharmProjects\AquaVision_v1\datasets\shrimp\ShrimpImages\ShrimpImages\Healthy\Healthy-117-img-1.jpg,Healthy,False,False,1
Healthy-117-img-2.jpg,C:\Users\Asus\PycharmProjects\AquaVision_v1\datasets\shrimp\ShrimpImages\ShrimpImages\Healthy\Healthy-117-img-2.jpg,Healthy,False,False,3
Healthy-117-img-3.jpg,C:\Users\Asus\PycharmProjects\AquaVision_v1\datasets\shrimp\ShrimpImages\ShrimpImages\Healthy\Healthy-117-img-3.jpg,Healthy,False,False,0
Healthy-118-img-1.jpg,C:\Users\Asus\PycharmProjects\AquaVision_v1\datasets\shrimp\ShrimpImages\ShrimpImages\Healthy\Healthy-118-img-1.jpg,Healthy,True,False,-1
Healthy-118-img-2.jpg,C:\Users\Asus\PycharmProjects\AquaVision_v1\datasets\shrimp\ShrimpImages\ShrimpImages\Healthy\Healthy-118-img-2.jpg,Healthy,True,False,-1
Healthy-118-img-3.jpg,C:\Users\Asus\PycharmProjects\AquaVision_v1\datasets\shrimp\ShrimpImages\ShrimpImages\Healthy\Healthy-118-img-3.jpg,Healthy,False,False,0
Healthy-119-img-1.jpg,C:\Users\Asus\PycharmProjects\AquaVision_v1\datasets\shrimp\ShrimpImages\ShrimpImages\Healthy\Healthy-119-img-1.jpg,Healthy,False,False,0
Healthy-119-img-2.jpg,C:\Users\Asus\PycharmProjects\AquaVision_v1\datasets\shrimp\ShrimpImages\ShrimpImages\Healthy\Healthy-119-img-2.jpg,Healthy,False,False,0
Healthy-119-img-3.jpg,C:\Users\Asus\PycharmProjects\AquaVision_v1\datasets\shrimp\ShrimpImages\ShrimpImages\Healthy\Healthy-119-img-3.jpg,Healthy,False,False,4
Healthy-12-img-1.jpg,C:\Users\Asus\PycharmProjects\AquaVision_v1\datasets\shrimp\ShrimpImages\ShrimpImages\Healthy\Healthy-12-img-1.jpg,Healthy,True,False,-1
Healthy-120-img-1.jpg,C:\Users\Asus\PycharmProjects\AquaVision_v1\datasets\shrimp\ShrimpImages\ShrimpImages\Healthy\Healthy-120-img-1.jpg,Healthy,False,False,1
Healthy-120-img-2.jpg,C:\Users\Asus\PycharmProjects\AquaVision_v1\datasets\shrimp\ShrimpImages\ShrimpImages\Healthy\Healthy-120-img-2.jpg,Healthy,False,False,2
Healthy-120-img-3.jpg,C:\Users\Asus\PycharmProjects\AquaVision_v1\datasets\shrimp\ShrimpImages\ShrimpImages\Healthy\Healthy-120-img-3.jpg,Healthy,False,False,4
Healthy-121-img-2.jpg,C:\Users\Asus\PycharmProjects\AquaVision_v1\datasets\shrimp\ShrimpImages\ShrimpImages\Healthy\Healthy-121-img-2.jpg,Healthy,False,False,1
Healthy-121-img-3.jpg,C:\Users\Asus\PycharmProjects\AquaVision_v1\datasets\shrimp\ShrimpImages\ShrimpImages\Healthy\Healthy-121-img-3.jpg,Healthy,True,False,-1
Healthy-122-img-1.jpg,C:\Users\Asus\PycharmProjects\AquaVision_v1\datasets\shrimp\ShrimpImages\ShrimpImages\Healthy\Healthy-122-img-1.jpg,Healthy,False,False,3
Healthy-122-img-2.jpg,C:\Users\Asus\PycharmProjects\AquaVision_v1\datasets\shrimp\ShrimpImages\ShrimpImages\Healthy\Healthy-122-img-2.jpg,Healthy,True,False,-1
Healthy-123-img-1.jpg,C:\Users\Asus\PycharmProjects\AquaVision_v1\datasets\shrimp\ShrimpImages\ShrimpImages\Healthy\Healthy-123-img-1.jpg,Healthy,False,False,0
Healthy-123-img-2.jpg,C:\Users\Asus\PycharmProjects\AquaVision_v1\datasets\shrimp\ShrimpImages\ShrimpImages\Healthy\Healthy-123-img-2.jpg,Healthy,False,False,0
Healthy-123-img-3.jpg,C:\Users\Asus\PycharmProjects\AquaVision_v1\datasets\shrimp\ShrimpImages\ShrimpImages\Healthy\Healthy-123-img-3.jpg,Healthy,False,False,1
Healthy-124-img-1.jpg,C:\Users\Asus\PycharmProjects\AquaVision_v1\datasets\shrimp\ShrimpImages\ShrimpImages\Healthy\Healthy-124-img-1.jpg,Healthy,False,False,3
Healthy-124-img-2.jpg,C:\Users\Asus\PycharmProjects\AquaVision_v1\datasets\shrimp\ShrimpImages\ShrimpImages\Healthy\Healthy-124-img-2.jpg,Healthy,False,False,2
Healthy-124-img-3.jpg,C:\Users\Asus\PycharmProjects\AquaVision_v1\datasets\shrimp\ShrimpImages\ShrimpImages\Healthy\Healthy-124-img-3.jpg,Healthy,False,False,3
Healthy-125-img-1.jpg,C:\Users\Asus\PycharmProjects\AquaVision_v1\datasets\shrimp\ShrimpImages\ShrimpImages\Healthy\Healthy-125-img-1.jpg,Healthy,False,False,2
Healthy-125-img-2.jpg,C:\Users\Asus\PycharmProjects\AquaVision_v1\datasets\shrimp\ShrimpImages\ShrimpImages\Healthy\Healthy-125-img-2.jpg,Healthy,False,False,0
Healthy-125-img-3.jpg,C:\Users\Asus\PycharmProjects\AquaVision_v1\datasets\shrimp\ShrimpImages\ShrimpImages\Healthy\Healthy-125-img-3.jpg,Healthy,True,False,-1
Healthy-126-img-1.jpg,C:\Users\Asus\PycharmProjects\AquaVision_v1\datasets\shrimp\ShrimpImages\ShrimpImages\Healthy\Healthy-126-img-1.jpg,Healthy,False,False,3
Healthy-126-img-2.jpg,C:\Users\Asus\PycharmProjects\AquaVision_v1\datasets\shrimp\ShrimpImages\ShrimpImages\Healthy\Healthy-126-img-2.jpg,Healthy,False,False,2
Healthy-126-img-3.jpg,C:\Users\Asus\PycharmProjects\AquaVision_v1\datasets\shrimp\ShrimpImages\ShrimpImages\Healthy\Healthy-126-img-3.jpg,Healthy,False,False,1
Healthy-127-img-1.jpg,C:\Users\Asus\PycharmProjects\AquaVision_v1\datasets\shrimp\ShrimpImages\ShrimpImages\Healthy\Healthy-127-img-1.jpg,Healthy,False,False,0
Healthy-127-img-3.jpg,C:\Users\Asus\PycharmProjects\AquaVision_v1\datasets\shrimp\ShrimpImages\ShrimpImages\Healthy\Healthy-127-img-3.jpg,Healthy,False,False,3
Healthy-128-img-1.jpg,C:\Users\Asus\PycharmProjects\AquaVision_v1\datasets\shrimp\ShrimpImages\ShrimpImages\Healthy\Healthy-128-img-1.jpg,Healthy,False,False,3
Healthy-128-img-2.jpg,C:\Users\Asus\PycharmProjects\AquaVision_v1\datasets\shrimp\ShrimpImages\ShrimpImages\Healthy\Healthy-128-img-2.jpg,Healthy,True,False,-1
Healthy-128-img-3.jpg,C:\Users\Asus\PycharmProjects\AquaVision_v1\datasets\shrimp\ShrimpImages\ShrimpImages\Healthy\Healthy-128-img-3.jpg,Healthy,False,False,0
Healthy-129-img-1.jpg,C:\Users\Asus\PycharmProjects\AquaVision_v1\datasets\shrimp\ShrimpImages\ShrimpImages\Healthy\Healthy-129-img-1.jpg,Healthy,False,False,2
Healthy-129-img-2.jpg,C:\Users\Asus\PycharmProjects\AquaVision_v1\datasets\shrimp\ShrimpImages\ShrimpImages\Healthy\Healthy-129-img-2.jpg,Healthy,False,False,4
Healthy-129-img-3.jpg,C:\Users\Asus\PycharmProjects\AquaVision_v1\datasets\shrimp\ShrimpImages\ShrimpImages\Healthy\Healthy-129-img-3.jpg,Healthy,False,False,3
Healthy-13-img-1.jpg,C:\Users\Asus\PycharmProjects\AquaVision_v1\datasets\shrimp\ShrimpImages\ShrimpImages\Healthy\Healthy-13-img-1.jpg,Healthy,False,False,0
Healthy-13-img-2.jpg,C:\Users\Asus\PycharmProjects\AquaVision_v1\datasets\shrimp\ShrimpImages\ShrimpImages\Healthy\Healthy-13-img-2.jpg,Healthy,False,False,3
Healthy-13-img-3.jpg,C:\Users\Asus\PycharmProjects\AquaVision_v1\datasets\shrimp\ShrimpImages\ShrimpImages\Healthy\Healthy-13-img-3.jpg,Healthy,False,False,1
Healthy-130-img-1.jpg,C:\Users\Asus\PycharmProjects\AquaVision_v1\datasets\shrimp\ShrimpImages\ShrimpImages\Healthy\Healthy-130-img-1.jpg,Healthy,False,False,4
Healthy-130-img-2.jpg,C:\Users\Asus\PycharmProjects\AquaVision_v1\datasets\shrimp\ShrimpImages\ShrimpImages\Healthy\Healthy-130-img-2.jpg,Healthy,False,False,1
Healthy-130-img-3.jpg,C:\Users\Asus\PycharmProjects\AquaVision_v1\datasets\shrimp\ShrimpImages\ShrimpImages\Healthy\Healthy-130-img-3.jpg,Healthy,True,False,-1
Healthy-131-img-1.jpg,C:\Users\Asus\PycharmProjects\AquaVision_v1\datasets\shrimp\ShrimpImages\ShrimpImages\Healthy\Healthy-131-img-1.jpg,Healthy,False,False,4
Healthy-131-img-2.jpg,C:\Users\Asus\PycharmProjects\AquaVision_v1\datasets\shrimp\ShrimpImages\ShrimpImages\Healthy\Healthy-131-img-2.jpg,Healthy,False,False,2
Healthy-131-img-3.jpg,C:\Users\Asus\PycharmProjects\AquaVision_v1\datasets\shrimp\ShrimpImages\ShrimpImages\Healthy\Healthy-131-img-3.jpg,Healthy,True,False,-1
Healthy-132-img-1.jpg,C:\Users\Asus\PycharmProjects\AquaVision_v1\datasets\shrimp\ShrimpImages\ShrimpImages\Healthy\Healthy-132-img-1.jpg,Healthy,False,False,1
Healthy-132-img-2.jpg,C:\Users\Asus\PycharmProjects\AquaVision_v1\datasets\shrimp\ShrimpImages\ShrimpImages\Healthy\Healthy-132-img-2.jpg,Healthy,False,False,4
Healthy-132-img-3.jpg,C:\Users\Asus\PycharmProjects\AquaVision_v1\datasets\shrimp\ShrimpImages\ShrimpImages\Healthy\Healthy-132-img-3.jpg,Healthy,True,False,-1
Healthy-133-img-1.jpg,C:\Users\Asus\PycharmProjects\AquaVision_v1\datasets\shrimp\ShrimpImages\ShrimpImages\Healthy\Healthy-133-img-1.jpg,Healthy,False,False,3
Healthy-133-img-2.jpg,C:\Users\Asus\PycharmProjects\AquaVision_v1\datasets\shrimp\ShrimpImages\ShrimpImages\Healthy\Healthy-133-img-2.jpg,Healthy,False,False,3
Healthy-133-img-3.jpg,C:\Users\Asus\PycharmProjects\AquaVision_v1\datasets\shrimp\ShrimpImages\ShrimpImages\Healthy\Healthy-133-img-3.jpg,Healthy,False,False,1
Healthy-134-img-1.jpg,C:\Users\Asus\PycharmProjects\AquaVision_v1\datasets\shrimp\ShrimpImages\ShrimpImages\Healthy\Healthy-134-img-1.jpg,Healthy,True,False,-1
Healthy-134-img-2.jpg,C:\Users\Asus\PycharmProjects\AquaVision_v1\datasets\shrimp\ShrimpImages\ShrimpImages\Healthy\Healthy-134-img-2.jpg,Healthy,False,False,4
Healthy-134-img-3.jpg,C:\Users\Asus\PycharmProjects\AquaVision_v1\datasets\shrimp\ShrimpImages\ShrimpImages\Healthy\Healthy-134-img-3.jpg,Healthy,False,False,1
Healthy-135-img-1.jpg,C:\Users\Asus\PycharmProjects\AquaVision_v1\datasets\shrimp\ShrimpImages\ShrimpImages\Healthy\Healthy-135-img-1.jpg,Healthy,False,False,4
Healthy-135-img-2.jpg,C:\Users\Asus\PycharmProjects\AquaVision_v1\datasets\shrimp\ShrimpImages\ShrimpImages\Healthy\Healthy-135-img-2.jpg,Healthy,False,False,0
Healthy-135-img-3.jpg,C:\Users\Asus\PycharmProjects\AquaVision_v1\datasets\shrimp\ShrimpImages\ShrimpImages\Healthy\Healthy-135-img-3.jpg,Healthy,False,False,2
Healthy-136-img-2.jpg,C:\Users\Asus\PycharmProjects\AquaVision_v1\datasets\shrimp\ShrimpImages\ShrimpImages\Healthy\Healthy-136-img-2.jpg,Healthy,False,False,0
Healthy-136-img-3.jpg,C:\Users\Asus\PycharmProjects\AquaVision_v1\datasets\shrimp\ShrimpImages\ShrimpImages\Healthy\Healthy-136-img-3.jpg,Healthy,True,False,-1
Healthy-137-img-1.jpg,C:\Users\Asus\PycharmProjects\AquaVision_v1\datasets\shrimp\ShrimpImages\ShrimpImages\Healthy\Healthy-137-img-1.jpg,Healthy,False,False,1
Healthy-137-img-2.jpg,C:\Users\Asus\PycharmProjects\AquaVision_v1\datasets\shrimp\ShrimpImages\ShrimpImages\Healthy\Healthy-137-img-2.jpg,Healthy,False,False,2
Healthy-137-img-3.jpg,C:\Users\Asus\PycharmProjects\AquaVision_v1\datasets\shrimp\ShrimpImages\ShrimpImages\Healthy\Healthy-137-img-3.jpg,Healthy,True,False,-1
Healthy-138-img-1.jpg,C:\Users\Asus\PycharmProjects\AquaVision_v1\datasets\shrimp\ShrimpImages\ShrimpImages\Healthy\Healthy-138-img-1.jpg,Healthy,False,False,3
Healthy-138-img-2.jpg,C:\Users\Asus\PycharmProjects\AquaVision_v1\datasets\shrimp\ShrimpImages\ShrimpImages\Healthy\Healthy-138-img-2.jpg,Healthy,True,False,-1
Healthy-138-img-3.jpg,C:\Users\Asus\PycharmProjects\AquaVision_v1\datasets\shrimp\ShrimpImages\ShrimpImages\Healthy\Healthy-138-img-3.jpg,Healthy,False,False,0
Healthy-139-img-1.jpg,C:\Users\Asus\PycharmProjects\AquaVision_v1\datasets\shrimp\ShrimpImages\ShrimpImages\Healthy\Healthy-139-img-1.jpg,Healthy,False,False,3
Healthy-139-img-2.jpg,C:\Users\Asus\PycharmProjects\AquaVision_v1\datasets\shrimp\ShrimpImages\ShrimpImages\Healthy\Healthy-139-img-2.jpg,Healthy,False,False,1
Healthy-139-img-3.jpg,C:\Users\Asus\PycharmProjects\AquaVision_v1\datasets\shrimp\ShrimpImages\ShrimpImages\Healthy\Healthy-139-img-3.jpg,Healthy,False,False,2
Healthy-14-img-1.jpg,C:\Users\Asus\PycharmProjects\AquaVision_v1\datasets\shrimp\ShrimpImages\ShrimpImages\Healthy\Healthy-14-img-1.jpg,Healthy,False,False,2
Healthy-14-img-2.jpg,C:\Users\Asus\PycharmProjects\AquaVision_v1\datasets\shrimp\ShrimpImages\ShrimpImages\Healthy\Healthy-14-img-2.jpg,Healthy,False,False,3
Healthy-140-img-1.jpg,C:\Users\Asus\PycharmProjects\AquaVision_v1\datasets\shrimp\ShrimpImages\ShrimpImages\Healthy\Healthy-140-img-1.jpg,Healthy,False,False,2
Healthy-140-img-2.jpg,C:\Users\Asus\PycharmProjects\AquaVision_v1\datasets\shrimp\ShrimpImages\ShrimpImages\Healthy\Healthy-140-img-2.jpg,Healthy,False,False,4
Healthy-140-img-3.jpg,C:\Users\Asus\PycharmProjects\AquaVision_v1\datasets\shrimp\ShrimpImages\ShrimpImages\Healthy\Healthy-140-img-3.jpg,Healthy,True,False,-1
Healthy-141-img-1.jpg,C:\Users\Asus\PycharmProjects\AquaVision_v1\datasets\shrimp\ShrimpImages\ShrimpImages\Healthy\Healthy-141-img-1.jpg,Healthy,True,False,-1
Healthy-141-img-2.jpg,C:\Users\Asus\PycharmProjects\AquaVision_v1\datasets\shrimp\ShrimpImages\ShrimpImages\Healthy\Healthy-141-img-2.jpg,Healthy,False,False,0
Healthy-141-img-3.jpg,C:\Users\Asus\PycharmProjects\AquaVision_v1\datasets\shrimp\ShrimpImages\ShrimpImages\Healthy\Healthy-141-img-3.jpg,Healthy,True,False,-1
Healthy-142-img-1.jpg,C:\Users\Asus\PycharmProjects\AquaVision_v1\datasets\shrimp\ShrimpImages\ShrimpImages\Healthy\Healthy-142-img-1.jpg,Healthy,False,False,4
Healthy-142-img-2.jpg,C:\Users\Asus\PycharmProjects\AquaVision_v1\datasets\shrimp\ShrimpImages\ShrimpImages\Healthy\Healthy-142-img-2.jpg,Healthy,True,False,-1
Healthy-142-img-3.jpg,C:\Users\Asus\PycharmProjects\AquaVision_v1\datasets\shrimp\ShrimpImages\ShrimpImages\Healthy\Healthy-142-img-3.jpg,Healthy,False,False,3
Healthy-15-img-1.jpg,C:\Users\Asus\PycharmProjects\AquaVision_v1\datasets\shrimp\ShrimpImages\ShrimpImages\Healthy\Healthy-15-img-1.jpg,Healthy,True,False,-1
Healthy-15-img-2.jpg,C:\Users\Asus\PycharmProjects\AquaVision_v1\datasets\shrimp\ShrimpImages\ShrimpImages\Healthy\Healthy-15-img-2.jpg,Healthy,False,False,4
Healthy-15-img-3.jpg,C:\Users\Asus\PycharmProjects\AquaVision_v1\datasets\shrimp\ShrimpImages\ShrimpImages\Healthy\Healthy-15-img-3.jpg,Healthy,True,False,-1
Healthy-16-img-1.jpg,C:\Users\Asus\PycharmProjects\AquaVision_v1\datasets\shrimp\ShrimpImages\ShrimpImages\Healthy\Healthy-16-img-1.jpg,Healthy,True,False,-1
Healthy-16-img-3.jpg,C:\Users\Asus\PycharmProjects\AquaVision_v1\datasets\shrimp\ShrimpImages\ShrimpImages\Healthy\Healthy-16-img-3.jpg,Healthy,False,False,0
Healthy-17-img-3.jpg,C:\Users\Asus\PycharmProjects\AquaVision_v1\datasets\shrimp\ShrimpImages\ShrimpImages\Healthy\Healthy-17-img-3.jpg,Healthy,True,False,-1
Healthy-18-img-1.jpg,C:\Users\Asus\PycharmProjects\AquaVision_v1\datasets\shrimp\ShrimpImages\ShrimpImages\Healthy\Healthy-18-img-1.jpg,Healthy,False,False,0
Healthy-18-img-2.jpg,C:\Users\Asus\PycharmProjects\AquaVision_v1\datasets\shrimp\ShrimpImages\ShrimpImages\Healthy\Healthy-18-img-2.jpg,Healthy,False,False,0
Healthy-18-img-3.jpg,C:\Users\Asus\PycharmProjects\AquaVision_v1\datasets\shrimp\ShrimpImages\ShrimpImages\Healthy\Healthy-18-img-3.jpg,Healthy,False,False,1
Healthy-19-img-1.jpg,C:\Users\Asus\PycharmProjects\AquaVision_v1\datasets\shrimp\ShrimpImages\ShrimpImages\Healthy\Healthy-19-img-1.jpg,Healthy,False,False,3
Healthy-2-img-1.jpg,C:\Users\Asus\PycharmProjects\AquaVision_v1\datasets\shrimp\ShrimpImages\ShrimpImages\Healthy\Healthy-2-img-1.jpg,Healthy,False,False,0
Healthy-2-img-2.jpg,C:\Users\Asus\PycharmProjects\AquaVision_v1\datasets\shrimp\ShrimpImages\ShrimpImages\Healthy\Healthy-2-img-2.jpg,Healthy,False,False,2
Healthy-2-img-3.jpg,C:\Users\Asus\PycharmProjects\AquaVision_v1\datasets\shrimp\ShrimpImages\ShrimpImages\Healthy\Healthy-2-img-3.jpg,Healthy,False,False,2
Healthy-20-img-1.jpg,C:\Users\Asus\PycharmProjects\AquaVision_v1\datasets\shrimp\ShrimpImages\ShrimpImages\Healthy\Healthy-20-img-1.jpg,Healthy,False,False,0
Healthy-20-img-2.jpg,C:\Users\Asus\PycharmProjects\AquaVision_v1\datasets\shrimp\ShrimpImages\ShrimpImages\Healthy\Healthy-20-img-2.jpg,Healthy,False,False,1
Healthy-20-img-3.jpg,C:\Users\Asus\PycharmProjects\AquaVision_v1\datasets\shrimp\ShrimpImages\ShrimpImages\Healthy\Healthy-20-img-3.jpg,Healthy,False,False,2
Healthy-21-img-1.jpg,C:\Users\Asus\PycharmProjects\AquaVision_v1\datasets\shrimp\ShrimpImages\ShrimpImages\Healthy\Healthy-21-img-1.jpg,Healthy,False,False,4
Healthy-22-img-1.jpg,C:\Users\Asus\PycharmProjects\AquaVision_v1\datasets\shrimp\ShrimpImages\ShrimpImages\Healthy\Healthy-22-img-1.jpg,Healthy,False,False,3
Healthy-23-img-1.jpg,C:\Users\Asus\PycharmProjects\AquaVision_v1\datasets\shrimp\ShrimpImages\ShrimpImages\Healthy\Healthy-23-img-1.jpg,Healthy,False,False,2
Healthy-24-img-1.jpg,C:\Users\Asus\PycharmProjects\AquaVision_v1\datasets\shrimp\ShrimpImages\ShrimpImages\Healthy\Healthy-24-img-1.jpg,Healthy,False,False,4
Healthy-25-img-1.jpg,C:\Users\Asus\PycharmProjects\AquaVision_v1\datasets\shrimp\ShrimpImages\ShrimpImages\Healthy\Healthy-25-img-1.jpg,Healthy,True,False,-1
Healthy-25-img-2.jpg,C:\Users\Asus\PycharmProjects\AquaVision_v1\datasets\shrimp\ShrimpImages\ShrimpImages\Healthy\Healthy-25-img-2.jpg,Healthy,True,False,-1
Healthy-25-img-3.jpg,C:\Users\Asus\PycharmProjects\AquaVision_v1\datasets\shrimp\ShrimpImages\ShrimpImages\Healthy\Healthy-25-img-3.jpg,Healthy,False,False,2
Healthy-26-img-1.jpg,C:\Users\Asus\PycharmProjects\AquaVision_v1\datasets\shrimp\ShrimpImages\ShrimpImages\Healthy\Healthy-26-img-1.jpg,Healthy,True,False,-1
Healthy-26-img-2.jpg,C:\Users\Asus\PycharmProjects\AquaVision_v1\datasets\shrimp\ShrimpImages\ShrimpImages\Healthy\Healthy-26-img-2.jpg,Healthy,False,False,4
Healthy-27-img-2.jpg,C:\Users\Asus\PycharmProjects\AquaVision_v1\datasets\shrimp\ShrimpImages\ShrimpImages\Healthy\Healthy-27-img-2.jpg,Healthy,False,False,0
Healthy-27-img-3.jpg,C:\Users\Asus\PycharmProjects\AquaVision_v1\datasets\shrimp\ShrimpImages\ShrimpImages\Healthy\Healthy-27-img-3.jpg,Healthy,False,False,3
Healthy-28-img-1.jpg,C:\Users\Asus\PycharmProjects\AquaVision_v1\datasets\shrimp\ShrimpImages\ShrimpImages\Healthy\Healthy-28-img-1.jpg,Healthy,False,False,1
Healthy-28-img-2.jpg,C:\Users\Asus\PycharmProjects\AquaVision_v1\datasets\shrimp\ShrimpImages\ShrimpImages\Healthy\Healthy-28-img-2.jpg,Healthy,False,False,2
Healthy-28-img-3.jpg,C:\Users\Asus\PycharmProjects\AquaVision_v1\datasets\shrimp\ShrimpImages\ShrimpImages\Healthy\Healthy-28-img-3.jpg,Healthy,False,False,1
Healthy-29-img-1.jpg,C:\Users\Asus\PycharmProjects\AquaVision_v1\datasets\shrimp\ShrimpImages\ShrimpImages\Healthy\Healthy-29-img-1.jpg,Healthy,True,False,-1
Healthy-29-img-2.jpg,C:\Users\Asus\PycharmProjects\AquaVision_v1\datasets\shrimp\ShrimpImages\ShrimpImages\Healthy\Healthy-29-img-2.jpg,Healthy,False,False,2
Healthy-29-img-3.jpg,C:\Users\Asus\PycharmProjects\AquaVision_v1\datasets\shrimp\ShrimpImages\ShrimpImages\Healthy\Healthy-29-img-3.jpg,Healthy,False,False,4
Healthy-3-img-1.jpg,C:\Users\Asus\PycharmProjects\AquaVision_v1\datasets\shrimp\ShrimpImages\ShrimpImages\Healthy\Healthy-3-img-1.jpg,Healthy,False,False,4
Healthy-3-img-2.jpg,C:\Users\Asus\PycharmProjects\AquaVision_v1\datasets\shrimp\ShrimpImages\ShrimpImages\Healthy\Healthy-3-img-2.jpg,Healthy,True,False,-1
Healthy-3-img-3.jpg,C:\Users\Asus\PycharmProjects\AquaVision_v1\datasets\shrimp\ShrimpImages\ShrimpImages\Healthy\Healthy-3-img-3.jpg,Healthy,False,False,0
Healthy-30-img-1.jpg,C:\Users\Asus\PycharmProjects\AquaVision_v1\datasets\shrimp\ShrimpImages\ShrimpImages\Healthy\Healthy-30-img-1.jpg,Healthy,False,False,1
Healthy-31-img-1.jpg,C:\Users\Asus\PycharmProjects\AquaVision_v1\datasets\shrimp\ShrimpImages\ShrimpImages\Healthy\Healthy-31-img-1.jpg,Healthy,False,False,3
Healthy-31-img-3.jpg,C:\Users\Asus\PycharmProjects\AquaVision_v1\datasets\shrimp\ShrimpImages\ShrimpImages\Healthy\Healthy-31-img-3.jpg,Healthy,False,False,0
Healthy-32-img-1.jpg,C:\Users\Asus\PycharmProjects\AquaVision_v1\datasets\shrimp\ShrimpImages\ShrimpImages\Healthy\Healthy-32-img-1.jpg,Healthy,False,False,4
Healthy-32-img-2.jpg,C:\Users\Asus\PycharmProjects\AquaVision_v1\datasets\shrimp\ShrimpImages\ShrimpImages\Healthy\Healthy-32-img-2.jpg,Healthy,False,False,1
Healthy-32-img-3.jpg,C:\Users\Asus\PycharmProjects\AquaVision_v1\datasets\shrimp\ShrimpImages\ShrimpImages\Healthy\Healthy-32-img-3.jpg,Healthy,False,False,0
Healthy-33-img-1.jpg,C:\Users\Asus\PycharmProjects\AquaVision_v1\datasets\shrimp\ShrimpImages\ShrimpImages\Healthy\Healthy-33-img-1.jpg,Healthy,False,False,2
Healthy-33-img-2.jpg,C:\Users\Asus\PycharmProjects\AquaVision_v1\datasets\shrimp\ShrimpImages\ShrimpImages\Healthy\Healthy-33-img-2.jpg,Healthy,False,False,3
Healthy-33-img-3.jpg,C:\Users\Asus\PycharmProjects\AquaVision_v1\datasets\shrimp\ShrimpImages\ShrimpImages\Healthy\Healthy-33-img-3.jpg,Healthy,False,False,4
Healthy-34-img-1.jpg,C:\Users\Asus\PycharmProjects\AquaVision_v1\datasets\shrimp\ShrimpImages\ShrimpImages\Healthy\Healthy-34-img-1.jpg,Healthy,False,False,1
Healthy-34-img-3.jpg,C:\Users\Asus\PycharmProjects\AquaVision_v1\datasets\shrimp\ShrimpImages\ShrimpImages\Healthy\Healthy-34-img-3.jpg,Healthy,False,False,1
Healthy-35-img-1.jpg,C:\Users\Asus\PycharmProjects\AquaVision_v1\datasets\shrimp\ShrimpImages\ShrimpImages\Healthy\Healthy-35-img-1.jpg,Healthy,False,False,0
Healthy-35-img-2.jpg,C:\Users\Asus\PycharmProjects\AquaVision_v1\datasets\shrimp\ShrimpImages\ShrimpImages\Healthy\Healthy-35-img-2.jpg,Healthy,False,False,3
Healthy-35-img-3.jpg,C:\Users\Asus\PycharmProjects\AquaVision_v1\datasets\shrimp\ShrimpImages\ShrimpImages\Healthy\Healthy-35-img-3.jpg,Healthy,False,False,0
Healthy-36-img-1.jpg,C:\Users\Asus\PycharmProjects\AquaVision_v1\datasets\shrimp\ShrimpImages\ShrimpImages\Healthy\Healthy-36-img-1.jpg,Healthy,False,False,0
Healthy-36-img-2.jpg,C:\Users\Asus\PycharmProjects\AquaVision_v1\datasets\shrimp\ShrimpImages\ShrimpImages\Healthy\Healthy-36-img-2.jpg,Healthy,False,False,4
Healthy-36-img-3.jpg,C:\Users\Asus\PycharmProjects\AquaVision_v1\datasets\shrimp\ShrimpImages\ShrimpImages\Healthy\Healthy-36-img-3.jpg,Healthy,False,False,4
Healthy-37-img-1.jpg,C:\Users\Asus\PycharmProjects\AquaVision_v1\datasets\shrimp\ShrimpImages\ShrimpImages\Healthy\Healthy-37-img-1.jpg,Healthy,False,False,3
Healthy-37-img-2.jpg,C:\Users\Asus\PycharmProjects\AquaVision_v1\datasets\shrimp\ShrimpImages\ShrimpImages\Healthy\Healthy-37-img-2.jpg,Healthy,False,False,0
Healthy-37-img-3.jpg,C:\Users\Asus\PycharmProjects\AquaVision_v1\datasets\shrimp\ShrimpImages\ShrimpImages\Healthy\Healthy-37-img-3.jpg,Healthy,False,False,4
Healthy-38-img-1.jpg,C:\Users\Asus\PycharmProjects\AquaVision_v1\datasets\shrimp\ShrimpImages\ShrimpImages\Healthy\Healthy-38-img-1.jpg,Healthy,False,False,3
Healthy-38-img-2.jpg,C:\Users\Asus\PycharmProjects\AquaVision_v1\datasets\shrimp\ShrimpImages\ShrimpImages\Healthy\Healthy-38-img-2.jpg,Healthy,False,False,1
Healthy-39-img-1.jpg,C:\Users\Asus\PycharmProjects\AquaVision_v1\datasets\shrimp\ShrimpImages\ShrimpImages\Healthy\Healthy-39-img-1.jpg,Healthy,False,False,3
Healthy-4-img-1.jpg,C:\Users\Asus\PycharmProjects\AquaVision_v1\datasets\shrimp\ShrimpImages\ShrimpImages\Healthy\Healthy-4-img-1.jpg,Healthy,False,False,0
Healthy-4-img-2.jpg,C:\Users\Asus\PycharmProjects\AquaVision_v1\datasets\shrimp\ShrimpImages\ShrimpImages\Healthy\Healthy-4-img-2.jpg,Healthy,False,False,2
Healthy-4-img-3.jpg,C:\Users\Asus\PycharmProjects\AquaVision_v1\datasets\shrimp\ShrimpImages\ShrimpImages\Healthy\Healthy-4-img-3.jpg,Healthy,True,False,-1
Healthy-40-img-1.jpg,C:\Users\Asus\PycharmProjects\AquaVision_v1\datasets\shrimp\ShrimpImages\ShrimpImages\Healthy\Healthy-40-img-1.jpg,Healthy,False,False,0
Healthy-40-img-2.jpg,C:\Users\Asus\PycharmProjects\AquaVision_v1\datasets\shrimp\ShrimpImages\ShrimpImages\Healthy\Healthy-40-img-2.jpg,Healthy,False,False,0
Healthy-41-img-1.jpg,C:\Users\Asus\PycharmProjects\AquaVision_v1\datasets\shrimp\ShrimpImages\ShrimpImages\Healthy\Healthy-41-img-1.jpg,Healthy,False,False,2
Healthy-42-img-1.jpg,C:\Users\Asus\PycharmProjects\AquaVision_v1\datasets\shrimp\ShrimpImages\ShrimpImages\Healthy\Healthy-42-img-1.jpg,Healthy,True,False,-1
Healthy-42-img-2.jpg,C:\Users\Asus\PycharmProjects\AquaVision_v1\datasets\shrimp\ShrimpImages\ShrimpImages\Healthy\Healthy-42-img-2.jpg,Healthy,False,False,2
Healthy-43-img-1.jpg,C:\Users\Asus\PycharmProjects\AquaVision_v1\datasets\shrimp\ShrimpImages\ShrimpImages\Healthy\Healthy-43-img-1.jpg,Healthy,False,False,3
Healthy-43-img-3.jpg,C:\Users\Asus\PycharmProjects\AquaVision_v1\datasets\shrimp\ShrimpImages\ShrimpImages\Healthy\Healthy-43-img-3.jpg,Healthy,True,False,-1
Healthy-44-img-1.jpg,C:\Users\Asus\PycharmProjects\AquaVision_v1\datasets\shrimp\ShrimpImages\ShrimpImages\Healthy\Healthy-44-img-1.jpg,Healthy,False,False,4
Healthy-44-img-2.jpg,C:\Users\Asus\PycharmProjects\AquaVision_v1\datasets\shrimp\ShrimpImages\ShrimpImages\Healthy\Healthy-44-img-2.jpg,Healthy,False,False,1
Healthy-44-img-3.jpg,C:\Users\Asus\PycharmProjects\AquaVision_v1\datasets\shrimp\ShrimpImages\ShrimpImages\Healthy\Healthy-44-img-3.jpg,Healthy,False,False,2
Healthy-45-img-1.jpg,C:\Users\Asus\PycharmProjects\AquaVision_v1\datasets\shrimp\ShrimpImages\ShrimpImages\Healthy\Healthy-45-img-1.jpg,Healthy,True,False,-1
Healthy-45-img-2.jpg,C:\Users\Asus\PycharmProjects\AquaVision_v1\datasets\shrimp\ShrimpImages\ShrimpImages\Healthy\Healthy-45-img-2.jpg,Healthy,False,False,0
Healthy-45-img-3.jpg,C:\Users\Asus\PycharmProjects\AquaVision_v1\datasets\shrimp\ShrimpImages\ShrimpImages\Healthy\Healthy-45-img-3.jpg,Healthy,False,False,2
Healthy-46-img-1.jpg,C:\Users\Asus\PycharmProjects\AquaVision_v1\datasets\shrimp\ShrimpImages\ShrimpImages\Healthy\Healthy-46-img-1.jpg,Healthy,False,False,4
Healthy-46-img-3.jpg,C:\Users\Asus\PycharmProjects\AquaVision_v1\datasets\shrimp\ShrimpImages\ShrimpImages\Healthy\Healthy-46-img-3.jpg,Healthy,False,False,3
Healthy-47-img-1.jpg,C:\Users\Asus\PycharmProjects\AquaVision_v1\datasets\shrimp\ShrimpImages\ShrimpImages\Healthy\Healthy-47-img-1.jpg,Healthy,False,False,4
Healthy-47-img-2.jpg,C:\Users\Asus\PycharmProjects\AquaVision_v1\datasets\shrimp\ShrimpImages\ShrimpImages\Healthy\Healthy-47-img-2.jpg,Healthy,False,False,1
Healthy-47-img-3.jpg,C:\Users\Asus\PycharmProjects\AquaVision_v1\datasets\shrimp\ShrimpImages\ShrimpImages\Healthy\Healthy-47-img-3.jpg,Healthy,False,False,3
Healthy-48-img-1.jpg,C:\Users\Asus\PycharmProjects\AquaVision_v1\datasets\shrimp\ShrimpImages\ShrimpImages\Healthy\Healthy-48-img-1.jpg,Healthy,False,False,3
Healthy-48-img-3.jpg,C:\Users\Asus\PycharmProjects\AquaVision_v1\datasets\shrimp\ShrimpImages\ShrimpImages\Healthy\Healthy-48-img-3.jpg,Healthy,False,False,3
Healthy-49-img-1.jpg,C:\Users\Asus\PycharmProjects\AquaVision_v1\datasets\shrimp\ShrimpImages\ShrimpImages\Healthy\Healthy-49-img-1.jpg,Healthy,False,False,2
Healthy-49-img-3.jpg,C:\Users\Asus\PycharmProjects\AquaVision_v1\datasets\shrimp\ShrimpImages\ShrimpImages\Healthy\Healthy-49-img-3.jpg,Healthy,False,False,0
Healthy-5-img-1.jpg,C:\Users\Asus\PycharmProjects\AquaVision_v1\datasets\shrimp\ShrimpImages\ShrimpImages\Healthy\Healthy-5-img-1.jpg,Healthy,False,False,2
Healthy-5-img-2.jpg,C:\Users\Asus\PycharmProjects\AquaVision_v1\datasets\shrimp\ShrimpImages\ShrimpImages\Healthy\Healthy-5-img-2.jpg,Healthy,False,False,4
Healthy-5-img-3.jpg,C:\Users\Asus\PycharmProjects\AquaVision_v1\datasets\shrimp\ShrimpImages\ShrimpImages\Healthy\Healthy-5-img-3.jpg,Healthy,False,False,2
Healthy-50-img-1.jpg,C:\Users\Asus\PycharmProjects\AquaVision_v1\datasets\shrimp\ShrimpImages\ShrimpImages\Healthy\Healthy-50-img-1.jpg,Healthy,False,False,1
Healthy-50-img-2.jpg,C:\Users\Asus\PycharmProjects\AquaVision_v1\datasets\shrimp\ShrimpImages\ShrimpImages\Healthy\Healthy-50-img-2.jpg,Healthy,False,False,1
Healthy-50-img-3.jpg,C:\Users\Asus\PycharmProjects\AquaVision_v1\datasets\shrimp\ShrimpImages\ShrimpImages\Healthy\Healthy-50-img-3.jpg,Healthy,False,False,4
Healthy-51-img-1.jpg,C:\Users\Asus\PycharmProjects\AquaVision_v1\datasets\shrimp\ShrimpImages\ShrimpImages\Healthy\Healthy-51-img-1.jpg,Healthy,False,False,1
Healthy-51-img-3.jpg,C:\Users\Asus\PycharmProjects\AquaVision_v1\datasets\shrimp\ShrimpImages\ShrimpImages\Healthy\Healthy-51-img-3.jpg,Healthy,False,False,1
Healthy-52-img-1.jpg,C:\Users\Asus\PycharmProjects\AquaVision_v1\datasets\shrimp\ShrimpImages\ShrimpImages\Healthy\Healthy-52-img-1.jpg,Healthy,False,False,1
Healthy-52-img-2.jpg,C:\Users\Asus\PycharmProjects\AquaVision_v1\datasets\shrimp\ShrimpImages\ShrimpImages\Healthy\Healthy-52-img-2.jpg,Healthy,False,False,2
Healthy-52-img-3.jpg,C:\Users\Asus\PycharmProjects\AquaVision_v1\datasets\shrimp\ShrimpImages\ShrimpImages\Healthy\Healthy-52-img-3.jpg,Healthy,False,False,3
Healthy-53-img-1.jpg,C:\Users\Asus\PycharmProjects\AquaVision_v1\datasets\shrimp\ShrimpImages\ShrimpImages\Healthy\Healthy-53-img-1.jpg,Healthy,False,False,3
Healthy-53-img-2.jpg,C:\Users\Asus\PycharmProjects\AquaVision_v1\datasets\shrimp\ShrimpImages\ShrimpImages\Healthy\Healthy-53-img-2.jpg,Healthy,True,False,-1
Healthy-54-img-1.jpg,C:\Users\Asus\PycharmProjects\AquaVision_v1\datasets\shrimp\ShrimpImages\ShrimpImages\Healthy\Healthy-54-img-1.jpg,Healthy,False,False,1
Healthy-54-img-2.jpg,C:\Users\Asus\PycharmProjects\AquaVision_v1\datasets\shrimp\ShrimpImages\ShrimpImages\Healthy\Healthy-54-img-2.jpg,Healthy,False,False,0
Healthy-55-img-1.jpg,C:\Users\Asus\PycharmProjects\AquaVision_v1\datasets\shrimp\ShrimpImages\ShrimpImages\Healthy\Healthy-55-img-1.jpg,Healthy,False,False,1
Healthy-56-img-1.jpg,C:\Users\Asus\PycharmProjects\AquaVision_v1\datasets\shrimp\ShrimpImages\ShrimpImages\Healthy\Healthy-56-img-1.jpg,Healthy,False,False,1
Healthy-56-img-2.jpg,C:\Users\Asus\PycharmProjects\AquaVision_v1\datasets\shrimp\ShrimpImages\ShrimpImages\Healthy\Healthy-56-img-2.jpg,Healthy,False,False,0
Healthy-56-img-3.jpg,C:\Users\Asus\PycharmProjects\AquaVision_v1\datasets\shrimp\ShrimpImages\ShrimpImages\Healthy\Healthy-56-img-3.jpg,Healthy,False,False,1
Healthy-57-img-1.jpg,C:\Users\Asus\PycharmProjects\AquaVision_v1\datasets\shrimp\ShrimpImages\ShrimpImages\Healthy\Healthy-57-img-1.jpg,Healthy,False,False,0
Healthy-57-img-2.jpg,C:\Users\Asus\PycharmProjects\AquaVision_v1\datasets\shrimp\ShrimpImages\ShrimpImages\Healthy\Healthy-57-img-2.jpg,Healthy,False,False,1
Healthy-57-img-3.jpg,C:\Users\Asus\PycharmProjects\AquaVision_v1\datasets\shrimp\ShrimpImages\ShrimpImages\Healthy\Healthy-57-img-3.jpg,Healthy,True,False,-1
Healthy-58-img-1.jpg,C:\Users\Asus\PycharmProjects\AquaVision_v1\datasets\shrimp\ShrimpImages\ShrimpImages\Healthy\Healthy-58-img-1.jpg,Healthy,False,False,3
Healthy-58-img-2.jpg,C:\Users\Asus\PycharmProjects\AquaVision_v1\datasets\shrimp\ShrimpImages\ShrimpImages\Healthy\Healthy-58-img-2.jpg,Healthy,False,False,2
Healthy-59-img-1.jpg,C:\Users\Asus\PycharmProjects\AquaVision_v1\datasets\shrimp\ShrimpImages\ShrimpImages\Healthy\Healthy-59-img-1.jpg,Healthy,False,False,0
Healthy-59-img-2.jpg,C:\Users\Asus\PycharmProjects\AquaVision_v1\datasets\shrimp\ShrimpImages\ShrimpImages\Healthy\Healthy-59-img-2.jpg,Healthy,False,False,0
Healthy-6-img-1.jpg,C:\Users\Asus\PycharmProjects\AquaVision_v1\datasets\shrimp\ShrimpImages\ShrimpImages\Healthy\Healthy-6-img-1.jpg,Healthy,False,False,0
Healthy-6-img-2.jpg,C:\Users\Asus\PycharmProjects\AquaVision_v1\datasets\shrimp\ShrimpImages\ShrimpImages\Healthy\Healthy-6-img-2.jpg,Healthy,False,False,1
Healthy-6-img-3.jpg,C:\Users\Asus\PycharmProjects\AquaVision_v1\datasets\shrimp\ShrimpImages\ShrimpImages\Healthy\Healthy-6-img-3.jpg,Healthy,False,False,2
Healthy-60-img-1.jpg,C:\Users\Asus\PycharmProjects\AquaVision_v1\datasets\shrimp\ShrimpImages\ShrimpImages\Healthy\Healthy-60-img-1.jpg,Healthy,True,False,-1
Healthy-60-img-2.jpg,C:\Users\Asus\PycharmProjects\AquaVision_v1\datasets\shrimp\ShrimpImages\ShrimpImages\Healthy\Healthy-60-img-2.jpg,Healthy,False,False,3
Healthy-60-img-3.jpg,C:\Users\Asus\PycharmProjects\AquaVision_v1\datasets\shrimp\ShrimpImages\ShrimpImages\Healthy\Healthy-60-img-3.jpg,Healthy,True,False,-1
Healthy-61-img-1.jpg,C:\Users\Asus\PycharmProjects\AquaVision_v1\datasets\shrimp\ShrimpImages\ShrimpImages\Healthy\Healthy-61-img-1.jpg,Healthy,False,False,0
Healthy-61-img-2.jpg,C:\Users\Asus\PycharmProjects\AquaVision_v1\datasets\shrimp\ShrimpImages\ShrimpImages\Healthy\Healthy-61-img-2.jpg,Healthy,False,False,0
Healthy-62-img-1.jpg,C:\Users\Asus\PycharmProjects\AquaVision_v1\datasets\shrimp\ShrimpImages\ShrimpImages\Healthy\Healthy-62-img-1.jpg,Healthy,False,False,0
Healthy-62-img-2.jpg,C:\Users\Asus\PycharmProjects\AquaVision_v1\datasets\shrimp\ShrimpImages\ShrimpImages\Healthy\Healthy-62-img-2.jpg,Healthy,False,False,3
Healthy-62-img-3.jpg,C:\Users\Asus\PycharmProjects\AquaVision_v1\datasets\shrimp\ShrimpImages\ShrimpImages\Healthy\Healthy-62-img-3.jpg,Healthy,False,False,2
Healthy-63-img-2.jpg,C:\Users\Asus\PycharmProjects\AquaVision_v1\datasets\shrimp\ShrimpImages\ShrimpImages\Healthy\Healthy-63-img-2.jpg,Healthy,False,False,2
Healthy-63-img-3.jpg,C:\Users\Asus\PycharmProjects\AquaVision_v1\datasets\shrimp\ShrimpImages\ShrimpImages\Healthy\Healthy-63-img-3.jpg,Healthy,False,False,3
Healthy-64-img-3.jpg,C:\Users\Asus\PycharmProjects\AquaVision_v1\datasets\shrimp\ShrimpImages\ShrimpImages\Healthy\Healthy-64-img-3.jpg,Healthy,True,False,-1
Healthy-65-img-2.jpg,C:\Users\Asus\PycharmProjects\AquaVision_v1\datasets\shrimp\ShrimpImages\ShrimpImages\Healthy\Healthy-65-img-2.jpg,Healthy,False,False,2
Healthy-65-img-3.jpg,C:\Users\Asus\PycharmProjects\AquaVision_v1\datasets\shrimp\ShrimpImages\ShrimpImages\Healthy\Healthy-65-img-3.jpg,Healthy,False,False,3
Healthy-66-img-2.jpg,C:\Users\Asus\PycharmProjects\AquaVision_v1\datasets\shrimp\ShrimpImages\ShrimpImages\Healthy\Healthy-66-img-2.jpg,Healthy,False,False,4
Healthy-66-img-3.jpg,C:\Users\Asus\PycharmProjects\AquaVision_v1\datasets\shrimp\ShrimpImages\ShrimpImages\Healthy\Healthy-66-img-3.jpg,Healthy,False,False,2
Healthy-67-img-1.jpg,C:\Users\Asus\PycharmProjects\AquaVision_v1\datasets\shrimp\ShrimpImages\ShrimpImages\Healthy\Healthy-67-img-1.jpg,Healthy,False,False,2
Healthy-67-img-2.jpg,C:\Users\Asus\PycharmProjects\AquaVision_v1\datasets\shrimp\ShrimpImages\ShrimpImages\Healthy\Healthy-67-img-2.jpg,Healthy,False,False,2
Healthy-67-img-3.jpg,C:\Users\Asus\PycharmProjects\AquaVision_v1\datasets\shrimp\ShrimpImages\ShrimpImages\Healthy\Healthy-67-img-3.jpg,Healthy,False,False,2
Healthy-68-img-1.jpg,C:\Users\Asus\PycharmProjects\AquaVision_v1\datasets\shrimp\ShrimpImages\ShrimpImages\Healthy\Healthy-68-img-1.jpg,Healthy,False,False,1
Healthy-68-img-2.jpg,C:\Users\Asus\PycharmProjects\AquaVision_v1\datasets\shrimp\ShrimpImages\ShrimpImages\Healthy\Healthy-68-img-2.jpg,Healthy,False,False,2
Healthy-69-img-1.jpg,C:\Users\Asus\PycharmProjects\AquaVision_v1\datasets\shrimp\ShrimpImages\ShrimpImages\Healthy\Healthy-69-img-1.jpg,Healthy,False,False,1
Healthy-69-img-2.jpg,C:\Users\Asus\PycharmProjects\AquaVision_v1\datasets\shrimp\ShrimpImages\ShrimpImages\Healthy\Healthy-69-img-2.jpg,Healthy,False,False,0
Healthy-69-img-3.jpg,C:\Users\Asus\PycharmProjects\AquaVision_v1\datasets\shrimp\ShrimpImages\ShrimpImages\Healthy\Healthy-69-img-3.jpg,Healthy,False,False,1
Healthy-7-img-1.jpg,C:\Users\Asus\PycharmProjects\AquaVision_v1\datasets\shrimp\ShrimpImages\ShrimpImages\Healthy\Healthy-7-img-1.jpg,Healthy,False,False,0
Healthy-7-img-2.jpg,C:\Users\Asus\PycharmProjects\AquaVision_v1\datasets\shrimp\ShrimpImages\ShrimpImages\Healthy\Healthy-7-img-2.jpg,Healthy,False,False,0
Healthy-7-img-3.jpg,C:\Users\Asus\PycharmProjects\AquaVision_v1\datasets\shrimp\ShrimpImages\ShrimpImages\Healthy\Healthy-7-img-3.jpg,Healthy,True,False,-1
Healthy-70-img-3.jpg,C:\Users\Asus\PycharmProjects\AquaVision_v1\datasets\shrimp\ShrimpImages\ShrimpImages\Healthy\Healthy-70-img-3.jpg,Healthy,False,False,0
Healthy-71-img-1.jpg,C:\Users\Asus\PycharmProjects\AquaVision_v1\datasets\shrimp\ShrimpImages\ShrimpImages\Healthy\Healthy-71-img-1.jpg,Healthy,True,False,-1
Healthy-72-img-1.jpg,C:\Users\Asus\PycharmProjects\AquaVision_v1\datasets\shrimp\ShrimpImages\ShrimpImages\Healthy\Healthy-72-img-1.jpg,Healthy,False,False,3
Healthy-72-img-2.jpg,C:\Users\Asus\PycharmProjects\AquaVision_v1\datasets\shrimp\ShrimpImages\ShrimpImages\Healthy\Healthy-72-img-2.jpg,Healthy,False,False,4
Healthy-72-img-3.jpg,C:\Users\Asus\PycharmProjects\AquaVision_v1\datasets\shrimp\ShrimpImages\ShrimpImages\Healthy\Healthy-72-img-3.jpg,Healthy,False,False,4
Healthy-73-img-1.jpg,C:\Users\Asus\PycharmProjects\AquaVision_v1\datasets\shrimp\ShrimpImages\ShrimpImages\Healthy\Healthy-73-img-1.jpg,Healthy,False,False,4
Healthy-73-img-2.jpg,C:\Users\Asus\PycharmProjects\AquaVision_v1\datasets\shrimp\ShrimpImages\ShrimpImages\Healthy\Healthy-73-img-2.jpg,Healthy,True,False,-1
Healthy-73-img-3.jpg,C:\Users\Asus\PycharmProjects\AquaVision_v1\datasets\shrimp\ShrimpImages\ShrimpImages\Healthy\Healthy-73-img-3.jpg,Healthy,False,False,4
Healthy-74-img-1.jpg,C:\Users\Asus\PycharmProjects\AquaVision_v1\datasets\shrimp\ShrimpImages\ShrimpImages\Healthy\Healthy-74-img-1.jpg,Healthy,False,False,2
Healthy-74-img-2.jpg,C:\Users\Asus\PycharmProjects\AquaVision_v1\datasets\shrimp\ShrimpImages\ShrimpImages\Healthy\Healthy-74-img-2.jpg,Healthy,True,False,-1
Healthy-74-img-3.jpg,C:\Users\Asus\PycharmProjects\AquaVision_v1\datasets\shrimp\ShrimpImages\ShrimpImages\Healthy\Healthy-74-img-3.jpg,Healthy,False,False,3
Healthy-76-img-1.jpg,C:\Users\Asus\PycharmProjects\AquaVision_v1\datasets\shrimp\ShrimpImages\ShrimpImages\Healthy\Healthy-76-img-1.jpg,Healthy,False,False,4
Healthy-77-img-1.jpg,C:\Users\Asus\PycharmProjects\AquaVision_v1\datasets\shrimp\ShrimpImages\ShrimpImages\Healthy\Healthy-77-img-1.jpg,Healthy,True,False,-1
Healthy-77-img-2.jpg,C:\Users\Asus\PycharmProjects\AquaVision_v1\datasets\shrimp\ShrimpImages\ShrimpImages\Healthy\Healthy-77-img-2.jpg,Healthy,False,False,0
Healthy-77-img-3.jpg,C:\Users\Asus\PycharmProjects\AquaVision_v1\datasets\shrimp\ShrimpImages\ShrimpImages\Healthy\Healthy-77-img-3.jpg,Healthy,False,False,3
Healthy-78-img-3.jpg,C:\Users\Asus\PycharmProjects\AquaVision_v1\datasets\shrimp\ShrimpImages\ShrimpImages\Healthy\Healthy-78-img-3.jpg,Healthy,True,False,-1
Healthy-79-img-1.jpg,C:\Users\Asus\PycharmProjects\AquaVision_v1\datasets\shrimp\ShrimpImages\ShrimpImages\Healthy\Healthy-79-img-1.jpg,Healthy,True,False,-1
Healthy-79-img-2.jpg,C:\Users\Asus\PycharmProjects\AquaVision_v1\datasets\shrimp\ShrimpImages\ShrimpImages\Healthy\Healthy-79-img-2.jpg,Healthy,False,False,3
Healthy-8-img-1.jpg,C:\Users\Asus\PycharmProjects\AquaVision_v1\datasets\shrimp\ShrimpImages\ShrimpImages\Healthy\Healthy-8-img-1.jpg,Healthy,False,False,0
Healthy-8-img-2.jpg,C:\Users\Asus\PycharmProjects\AquaVision_v1\datasets\shrimp\ShrimpImages\ShrimpImages\Healthy\Healthy-8-img-2.jpg,Healthy,False,False,0
Healthy-80-img-1.jpg,C:\Users\Asus\PycharmProjects\AquaVision_v1\datasets\shrimp\ShrimpImages\ShrimpImages\Healthy\Healthy-80-img-1.jpg,Healthy,False,False,4
Healthy-80-img-2.jpg,C:\Users\Asus\PycharmProjects\AquaVision_v1\datasets\shrimp\ShrimpImages\ShrimpImages\Healthy\Healthy-80-img-2.jpg,Healthy,False,False,3
Healthy-80-img-3.jpg,C:\Users\Asus\PycharmProjects\AquaVision_v1\datasets\shrimp\ShrimpImages\ShrimpImages\Healthy\Healthy-80-img-3.jpg,Healthy,True,False,-1
Healthy-81-img-1.jpg,C:\Users\Asus\PycharmProjects\AquaVision_v1\datasets\shrimp\ShrimpImages\ShrimpImages\Healthy\Healthy-81-img-1.jpg,Healthy,False,False,0
Healthy-81-img-2.jpg,C:\Users\Asus\PycharmProjects\AquaVision_v1\datasets\shrimp\ShrimpImages\ShrimpImages\Healthy\Healthy-81-img-2.jpg,Healthy,False,False,1
Healthy-81-img-3.jpg,C:\Users\Asus\PycharmProjects\AquaVision_v1\datasets\shrimp\ShrimpImages\ShrimpImages\Healthy\Healthy-81-img-3.jpg,Healthy,False,False,4
Healthy-82-img-2.jpg,C:\Users\Asus\PycharmProjects\AquaVision_v1\datasets\shrimp\ShrimpImages\ShrimpImages\Healthy\Healthy-82-img-2.jpg,Healthy,False,False,1
Healthy-83-img-3.jpg,C:\Users\Asus\PycharmProjects\AquaVision_v1\datasets\shrimp\ShrimpImages\ShrimpImages\Healthy\Healthy-83-img-3.jpg,Healthy,True,False,-1
Healthy-84-img-1.jpg,C:\Users\Asus\PycharmProjects\AquaVision_v1\datasets\shrimp\ShrimpImages\ShrimpImages\Healthy\Healthy-84-img-1.jpg,Healthy,False,False,4
Healthy-84-img-2.jpg,C:\Users\Asus\PycharmProjects\AquaVision_v1\datasets\shrimp\ShrimpImages\ShrimpImages\Healthy\Healthy-84-img-2.jpg,Healthy,False,False,4
Healthy-84-img-3.jpg,C:\Users\Asus\PycharmProjects\AquaVision_v1\datasets\shrimp\ShrimpImages\ShrimpImages\Healthy\Healthy-84-img-3.jpg,Healthy,False,False,3
Healthy-85-img-1.jpg,C:\Users\Asus\PycharmProjects\AquaVision_v1\datasets\shrimp\ShrimpImages\ShrimpImages\Healthy\Healthy-85-img-1.jpg,Healthy,False,False,3
Healthy-85-img-2.jpg,C:\Users\Asus\PycharmProjects\AquaVision_v1\datasets\shrimp\ShrimpImages\ShrimpImages\Healthy\Healthy-85-img-2.jpg,Healthy,False,False,3
Healthy-85-img-3.jpg,C:\Users\Asus\PycharmProjects\AquaVision_v1\datasets\shrimp\ShrimpImages\ShrimpImages\Healthy\Healthy-85-img-3.jpg,Healthy,False,False,2
Healthy-86-img-1.jpg,C:\Users\Asus\PycharmProjects\AquaVision_v1\datasets\shrimp\ShrimpImages\ShrimpImages\Healthy\Healthy-86-img-1.jpg,Healthy,False,False,3
Healthy-86-img-3.jpg,C:\Users\Asus\PycharmProjects\AquaVision_v1\datasets\shrimp\ShrimpImages\ShrimpImages\Healthy\Healthy-86-img-3.jpg,Healthy,False,False,4
Healthy-87-img-1.jpg,C:\Users\Asus\PycharmProjects\AquaVision_v1\datasets\shrimp\ShrimpImages\ShrimpImages\Healthy\Healthy-87-img-1.jpg,Healthy,False,False,3
Healthy-87-img-3.jpg,C:\Users\Asus\PycharmProjects\AquaVision_v1\datasets\shrimp\ShrimpImages\ShrimpImages\Healthy\Healthy-87-img-3.jpg,Healthy,False,False,1
Healthy-88-img-1.jpg,C:\Users\Asus\PycharmProjects\AquaVision_v1\datasets\shrimp\ShrimpImages\ShrimpImages\Healthy\Healthy-88-img-1.jpg,Healthy,False,False,3
Healthy-88-img-2.jpg,C:\Users\Asus\PycharmProjects\AquaVision_v1\datasets\shrimp\ShrimpImages\ShrimpImages\Healthy\Healthy-88-img-2.jpg,Healthy,False,False,4
Healthy-88-img-3.jpg,C:\Users\Asus\PycharmProjects\AquaVision_v1\datasets\shrimp\ShrimpImages\ShrimpImages\Healthy\Healthy-88-img-3.jpg,Healthy,False,False,4
Healthy-9-img-1.jpg,C:\Users\Asus\PycharmProjects\AquaVision_v1\datasets\shrimp\ShrimpImages\ShrimpImages\Healthy\Healthy-9-img-1.jpg,Healthy,False,False,3
Healthy-9-img-3.jpg,C:\Users\Asus\PycharmProjects\AquaVision_v1\datasets\shrimp\ShrimpImages\ShrimpImages\Healthy\Healthy-9-img-3.jpg,Healthy,False,False,2
Healthy-91-img-1.jpg,C:\Users\Asus\PycharmProjects\AquaVision_v1\datasets\shrimp\ShrimpImages\ShrimpImages\Healthy\Healthy-91-img-1.jpg,Healthy,False,False,1
Healthy-91-img-2.jpg,C:\Users\Asus\PycharmProjects\AquaVision_v1\datasets\shrimp\ShrimpImages\ShrimpImages\Healthy\Healthy-91-img-2.jpg,Healthy,False,False,4
Healthy-91-img-3.jpg,C:\Users\Asus\PycharmProjects\AquaVision_v1\datasets\shrimp\ShrimpImages\ShrimpImages\Healthy\Healthy-91-img-3.jpg,Healthy,True,False,-1
Healthy-92-img-3.jpg,C:\Users\Asus\PycharmProjects\AquaVision_v1\datasets\shrimp\ShrimpImages\ShrimpImages\Healthy\Healthy-92-img-3.jpg,Healthy,False,False,2
Healthy-93-img-1.jpg,C:\Users\Asus\PycharmProjects\AquaVision_v1\datasets\shrimp\ShrimpImages\ShrimpImages\Healthy\Healthy-93-img-1.jpg,Healthy,False,False,1
Healthy-94-img-1.jpg,C:\Users\Asus\PycharmProjects\AquaVision_v1\datasets\shrimp\ShrimpImages\ShrimpImages\Healthy\Healthy-94-img-1.jpg,Healthy,True,False,-1
Healthy-94-img-2.jpg,C:\Users\Asus\PycharmProjects\AquaVision_v1\datasets\shrimp\ShrimpImages\ShrimpImages\Healthy\Healthy-94-img-2.jpg,Healthy,False,False,4
Healthy-95-img-1.jpg,C:\Users\Asus\PycharmProjects\AquaVision_v1\datasets\shrimp\ShrimpImages\ShrimpImages\Healthy\Healthy-95-img-1.jpg,Healthy,False,False,1
Healthy-95-img-2.jpg,C:\Users\Asus\PycharmProjects\AquaVision_v1\datasets\shrimp\ShrimpImages\ShrimpImages\Healthy\Healthy-95-img-2.jpg,Healthy,False,False,2
Healthy-96-img-1.jpg,C:\Users\Asus\PycharmProjects\AquaVision_v1\datasets\shrimp\ShrimpImages\ShrimpImages\Healthy\Healthy-96-img-1.jpg,Healthy,False,False,2
Healthy-97-img-2.jpg,C:\Users\Asus\PycharmProjects\AquaVision_v1\datasets\shrimp\ShrimpImages\ShrimpImages\Healthy\Healthy-97-img-2.jpg,Healthy,False,False,3
Healthy-98-img-1.jpg,C:\Users\Asus\PycharmProjects\AquaVision_v1\datasets\shrimp\ShrimpImages\ShrimpImages\Healthy\Healthy-98-img-1.jpg,Healthy,False,False,1
Healthy-98-img-2.jpg,C:\Users\Asus\PycharmProjects\AquaVision_v1\datasets\shrimp\ShrimpImages\ShrimpImages\Healthy\Healthy-98-img-2.jpg,Healthy,True,False,-1
Healthy-98-img-3.jpg,C:\Users\Asus\PycharmProjects\AquaVision_v1\datasets\shrimp\ShrimpImages\ShrimpImages\Healthy\Healthy-98-img-3.jpg,Healthy,True,False,-1
Healthy-99-img-2.jpg,C:\Users\Asus\PycharmProjects\AquaVision_v1\datasets\shrimp\ShrimpImages\ShrimpImages\Healthy\Healthy-99-img-2.jpg,Healthy,False,False,0
Healthy-99-img-3.jpg,C:\Users\Asus\PycharmProjects\AquaVision_v1\datasets\shrimp\ShrimpImages\ShrimpImages\Healthy\Healthy-99-img-3.jpg,Healthy,False,False,1
WSSV-1-img-2.jpg,C:\Users\Asus\PycharmProjects\AquaVision_v1\datasets\shrimp\ShrimpImages\ShrimpImages\WSSV\WSSV-1-img-2.jpg,WSSV,True,False,-1
WSSV-1-img-3.jpg,C:\Users\Asus\PycharmProjects\AquaVision_v1\datasets\shrimp\ShrimpImages\ShrimpImages\WSSV\WSSV-1-img-3.jpg,WSSV,False,False,3
WSSV-10-img-1.jpg,C:\Users\Asus\PycharmProjects\AquaVision_v1\datasets\shrimp\ShrimpImages\ShrimpImages\WSSV\WSSV-10-img-1.jpg,WSSV,False,False,3
WSSV-10-img-2.jpg,C:\Users\Asus\PycharmProjects\AquaVision_v1\datasets\shrimp\ShrimpImages\ShrimpImages\WSSV\WSSV-10-img-2.jpg,WSSV,False,False,4
WSSV-100-img-1.jpg,C:\Users\Asus\PycharmProjects\AquaVision_v1\datasets\shrimp\ShrimpImages\ShrimpImages\WSSV\WSSV-100-img-1.jpg,WSSV,True,False,-1
WSSV-101-img-1.jpg,C:\Users\Asus\PycharmProjects\AquaVision_v1\datasets\shrimp\ShrimpImages\ShrimpImages\WSSV\WSSV-101-img-1.jpg,WSSV,False,False,4
WSSV-101-img-2.jpg,C:\Users\Asus\PycharmProjects\AquaVision_v1\datasets\shrimp\ShrimpImages\ShrimpImages\WSSV\WSSV-101-img-2.jpg,WSSV,False,False,2
WSSV-102-img-1.jpg,C:\Users\Asus\PycharmProjects\AquaVision_v1\datasets\shrimp\ShrimpImages\ShrimpImages\WSSV\WSSV-102-img-1.jpg,WSSV,True,False,-1
WSSV-103-img-1.jpg,C:\Users\Asus\PycharmProjects\AquaVision_v1\datasets\shrimp\ShrimpImages\ShrimpImages\WSSV\WSSV-103-img-1.jpg,WSSV,False,False,3
WSSV-103-img-2.jpg,C:\Users\Asus\PycharmProjects\AquaVision_v1\datasets\shrimp\ShrimpImages\ShrimpImages\WSSV\WSSV-103-img-2.jpg,WSSV,False,False,0
WSSV-103-img-3.jpg,C:\Users\Asus\PycharmProjects\AquaVision_v1\datasets\shrimp\ShrimpImages\ShrimpImages\WSSV\WSSV-103-img-3.jpg,WSSV,False,False,2
WSSV-104-img-1.jpg,C:\Users\Asus\PycharmProjects\AquaVision_v1\datasets\shrimp\ShrimpImages\ShrimpImages\WSSV\WSSV-104-img-1.jpg,WSSV,True,False,-1
WSSV-104-img-3.jpg,C:\Users\Asus\PycharmProjects\AquaVision_v1\datasets\shrimp\ShrimpImages\ShrimpImages\WSSV\WSSV-104-img-3.jpg,WSSV,False,False,2
WSSV-105-img-1.jpg,C:\Users\Asus\PycharmProjects\AquaVision_v1\datasets\shrimp\ShrimpImages\ShrimpImages\WSSV\WSSV-105-img-1.jpg,WSSV,False,False,0
WSSV-105-img-2.jpg,C:\Users\Asus\PycharmProjects\AquaVision_v1\datasets\shrimp\ShrimpImages\ShrimpImages\WSSV\WSSV-105-img-2.jpg,WSSV,False,False,2
WSSV-105-img-3.jpg,C:\Users\Asus\PycharmProjects\AquaVision_v1\datasets\shrimp\ShrimpImages\ShrimpImages\WSSV\WSSV-105-img-3.jpg,WSSV,False,False,2
WSSV-106-img-3.jpg,C:\Users\Asus\PycharmProjects\AquaVision_v1\datasets\shrimp\ShrimpImages\ShrimpImages\WSSV\WSSV-106-img-3.jpg,WSSV,False,False,2
WSSV-107-img-1.jpg,C:\Users\Asus\PycharmProjects\AquaVision_v1\datasets\shrimp\ShrimpImages\ShrimpImages\WSSV\WSSV-107-img-1.jpg,WSSV,False,False,4
WSSV-107-img-2.jpg,C:\Users\Asus\PycharmProjects\AquaVision_v1\datasets\shrimp\ShrimpImages\ShrimpImages\WSSV\WSSV-107-img-2.jpg,WSSV,False,False,4
WSSV-107-img-3.jpg,C:\Users\Asus\PycharmProjects\AquaVision_v1\datasets\shrimp\ShrimpImages\ShrimpImages\WSSV\WSSV-107-img-3.jpg,WSSV,False,False,2
WSSV-108-img-1.jpg,C:\Users\Asus\PycharmProjects\AquaVision_v1\datasets\shrimp\ShrimpImages\ShrimpImages\WSSV\WSSV-108-img-1.jpg,WSSV,False,False,4
WSSV-108-img-2.jpg,C:\Users\Asus\PycharmProjects\AquaVision_v1\datasets\shrimp\ShrimpImages\ShrimpImages\WSSV\WSSV-108-img-2.jpg,WSSV,True,False,-1
WSSV-108-img-3.jpg,C:\Users\Asus\PycharmProjects\AquaVision_v1\datasets\shrimp\ShrimpImages\ShrimpImages\WSSV\WSSV-108-img-3.jpg,WSSV,False,False,2
WSSV-109-img-2.jpg,C:\Users\Asus\PycharmProjects\AquaVision_v1\datasets\shrimp\ShrimpImages\ShrimpImages\WSSV\WSSV-109-img-2.jpg,WSSV,False,False,4
WSSV-109-img-3.jpg,C:\Users\Asus\PycharmProjects\AquaVision_v1\datasets\shrimp\ShrimpImages\ShrimpImages\WSSV\WSSV-109-img-3.jpg,WSSV,False,False,0
WSSV-11-img-1.jpg,C:\Users\Asus\PycharmProjects\AquaVision_v1\datasets\shrimp\ShrimpImages\ShrimpImages\WSSV\WSSV-11-img-1.jpg,WSSV,True,False,-1
WSSV-11-img-3.jpg,C:\Users\Asus\PycharmProjects\AquaVision_v1\datasets\shrimp\ShrimpImages\ShrimpImages\WSSV\WSSV-11-img-3.jpg,WSSV,False,False,0
WSSV-110-img-2.jpg,C:\Users\Asus\PycharmProjects\AquaVision_v1\datasets\shrimp\ShrimpImages\ShrimpImages\WSSV\WSSV-110-img-2.jpg,WSSV,False,False,0
WSSV-111-img-1.jpg,C:\Users\Asus\PycharmProjects\AquaVision_v1\datasets\shrimp\ShrimpImages\ShrimpImages\WSSV\WSSV-111-img-1.jpg,WSSV,False,False,3
WSSV-111-img-3.jpg,C:\Users\Asus\PycharmProjects\AquaVision_v1\datasets\shrimp\ShrimpImages\ShrimpImages\WSSV\WSSV-111-img-3.jpg,WSSV,False,False,3
WSSV-112-img-1.jpg,C:\Users\Asus\PycharmProjects\AquaVision_v1\datasets\shrimp\ShrimpImages\ShrimpImages\WSSV\WSSV-112-img-1.jpg,WSSV,False,False,3
WSSV-112-img-2.jpg,C:\Users\Asus\PycharmProjects\AquaVision_v1\datasets\shrimp\ShrimpImages\ShrimpImages\WSSV\WSSV-112-img-2.jpg,WSSV,False,False,2
WSSV-112-img-3.jpg,C:\Users\Asus\PycharmProjects\AquaVision_v1\datasets\shrimp\ShrimpImages\ShrimpImages\WSSV\WSSV-112-img-3.jpg,WSSV,False,False,1
WSSV-113-img-1.jpg,C:\Users\Asus\PycharmProjects\AquaVision_v1\datasets\shrimp\ShrimpImages\ShrimpImages\WSSV\WSSV-113-img-1.jpg,WSSV,True,False,-1
WSSV-113-img-3.jpg,C:\Users\Asus\PycharmProjects\AquaVision_v1\datasets\shrimp\ShrimpImages\ShrimpImages\WSSV\WSSV-113-img-3.jpg,WSSV,False,False,2
WSSV-114-img-1.jpg,C:\Users\Asus\PycharmProjects\AquaVision_v1\datasets\shrimp\ShrimpImages\ShrimpImages\WSSV\WSSV-114-img-1.jpg,WSSV,False,False,2
WSSV-114-img-2.jpg,C:\Users\Asus\PycharmProjects\AquaVision_v1\datasets\shrimp\ShrimpImages\ShrimpImages\WSSV\WSSV-114-img-2.jpg,WSSV,False,False,1
WSSV-115-img-1.jpg,C:\Users\Asus\PycharmProjects\AquaVision_v1\datasets\shrimp\ShrimpImages\ShrimpImages\WSSV\WSSV-115-img-1.jpg,WSSV,False,False,2
WSSV-115-img-3.jpg,C:\Users\Asus\PycharmProjects\AquaVision_v1\datasets\shrimp\ShrimpImages\ShrimpImages\WSSV\WSSV-115-img-3.jpg,WSSV,False,False,2
WSSV-116-img-1.jpg,C:\Users\Asus\PycharmProjects\AquaVision_v1\datasets\shrimp\ShrimpImages\ShrimpImages\WSSV\WSSV-116-img-1.jpg,WSSV,False,False,1
WSSV-116-img-3.jpg,C:\Users\Asus\PycharmProjects\AquaVision_v1\datasets\shrimp\ShrimpImages\ShrimpImages\WSSV\WSSV-116-img-3.jpg,WSSV,False,False,1
WSSV-117-img-1.jpg,C:\Users\Asus\PycharmProjects\AquaVision_v1\datasets\shrimp\ShrimpImages\ShrimpImages\WSSV\WSSV-117-img-1.jpg,WSSV,False,False,4
WSSV-118-img-1.jpg,C:\Users\Asus\PycharmProjects\AquaVision_v1\datasets\shrimp\ShrimpImages\ShrimpImages\WSSV\WSSV-118-img-1.jpg,WSSV,True,False,-1
WSSV-118-img-2.jpg,C:\Users\Asus\PycharmProjects\AquaVision_v1\datasets\shrimp\ShrimpImages\ShrimpImages\WSSV\WSSV-118-img-2.jpg,WSSV,False,False,0
WSSV-12-img-1.jpg,C:\Users\Asus\PycharmProjects\AquaVision_v1\datasets\shrimp\ShrimpImages\ShrimpImages\WSSV\WSSV-12-img-1.jpg,WSSV,False,False,1
WSSV-12-img-2.jpg,C:\Users\Asus\PycharmProjects\AquaVision_v1\datasets\shrimp\ShrimpImages\ShrimpImages\WSSV\WSSV-12-img-2.jpg,WSSV,True,False,-1
WSSV-13-img-1.jpg,C:\Users\Asus\PycharmProjects\AquaVision_v1\datasets\shrimp\ShrimpImages\ShrimpImages\WSSV\WSSV-13-img-1.jpg,WSSV,True,False,-1
WSSV-13-img-2.jpg,C:\Users\Asus\PycharmProjects\AquaVision_v1\datasets\shrimp\ShrimpImages\ShrimpImages\WSSV\WSSV-13-img-2.jpg,WSSV,True,False,-1
WSSV-13-img-3.jpg,C:\Users\Asus\PycharmProjects\AquaVision_v1\datasets\shrimp\ShrimpImages\ShrimpImages\WSSV\WSSV-13-img-3.jpg,WSSV,False,False,2
WSSV-14-img-1.jpg,C:\Users\Asus\PycharmProjects\AquaVision_v1\datasets\shrimp\ShrimpImages\ShrimpImages\WSSV\WSSV-14-img-1.jpg,WSSV,False,False,2
WSSV-14-img-2.jpg,C:\Users\Asus\PycharmProjects\AquaVision_v1\datasets\shrimp\ShrimpImages\ShrimpImages\WSSV\WSSV-14-img-2.jpg,WSSV,True,False,-1
WSSV-14-img-3.jpg,C:\Users\Asus\PycharmProjects\AquaVision_v1\datasets\shrimp\ShrimpImages\ShrimpImages\WSSV\WSSV-14-img-3.jpg,WSSV,False,False,4
WSSV-15-img-1.jpg,C:\Users\Asus\PycharmProjects\AquaVision_v1\datasets\shrimp\ShrimpImages\ShrimpImages\WSSV\WSSV-15-img-1.jpg,WSSV,False,False,2
WSSV-15-img-3.jpg,C:\Users\Asus\PycharmProjects\AquaVision_v1\datasets\shrimp\ShrimpImages\ShrimpImages\WSSV\WSSV-15-img-3.jpg,WSSV,False,False,1
WSSV-16-img-1.jpg,C:\Users\Asus\PycharmProjects\AquaVision_v1\datasets\shrimp\ShrimpImages\ShrimpImages\WSSV\WSSV-16-img-1.jpg,WSSV,False,False,3
WSSV-16-img-2.jpg,C:\Users\Asus\PycharmProjects\AquaVision_v1\datasets\shrimp\ShrimpImages\ShrimpImages\WSSV\WSSV-16-img-2.jpg,WSSV,True,False,-1
WSSV-16-img-3.jpg,C:\Users\Asus\PycharmProjects\AquaVision_v1\datasets\shrimp\ShrimpImages\ShrimpImages\WSSV\WSSV-16-img-3.jpg,WSSV,False,False,2
WSSV-17-img-1.jpg,C:\Users\Asus\PycharmProjects\AquaVision_v1\datasets\shrimp\ShrimpImages\ShrimpImages\WSSV\WSSV-17-img-1.jpg,WSSV,False,False,1
WSSV-17-img-2.jpg,C:\Users\Asus\PycharmProjects\AquaVision_v1\datasets\shrimp\ShrimpImages\ShrimpImages\WSSV\WSSV-17-img-2.jpg,WSSV,False,False,0
WSSV-17-img-3.jpg,C:\Users\Asus\PycharmProjects\AquaVision_v1\datasets\shrimp\ShrimpImages\ShrimpImages\WSSV\WSSV-17-img-3.jpg,WSSV,False,False,4
WSSV-18-img-1.jpg,C:\Users\Asus\PycharmProjects\AquaVision_v1\datasets\shrimp\ShrimpImages\ShrimpImages\WSSV\WSSV-18-img-1.jpg,WSSV,True,False,-1
WSSV-18-img-2.jpg,C:\Users\Asus\PycharmProjects\AquaVision_v1\datasets\shrimp\ShrimpImages\ShrimpImages\WSSV\WSSV-18-img-2.jpg,WSSV,False,False,0
WSSV-18-img-3.jpg,C:\Users\Asus\PycharmProjects\AquaVision_v1\datasets\shrimp\ShrimpImages\ShrimpImages\WSSV\WSSV-18-img-3.jpg,WSSV,False,False,0
WSSV-19-img-2.jpg,C:\Users\Asus\PycharmProjects\AquaVision_v1\datasets\shrimp\ShrimpImages\ShrimpImages\WSSV\WSSV-19-img-2.jpg,WSSV,False,False,1
WSSV-19-img-3.jpg,C:\Users\Asus\PycharmProjects\AquaVision_v1\datasets\shrimp\ShrimpImages\ShrimpImages\WSSV\WSSV-19-img-3.jpg,WSSV,False,False,4
WSSV-2-img-1.jpg,C:\Users\Asus\PycharmProjects\AquaVision_v1\datasets\shrimp\ShrimpImages\ShrimpImages\WSSV\WSSV-2-img-1.jpg,WSSV,False,False,4
WSSV-2-img-2.jpg,C:\Users\Asus\PycharmProjects\AquaVision_v1\datasets\shrimp\ShrimpImages\ShrimpImages\WSSV\WSSV-2-img-2.jpg,WSSV,False,False,1
WSSV-2-img-3.jpg,C:\Users\Asus\PycharmProjects\AquaVision_v1\datasets\shrimp\ShrimpImages\ShrimpImages\WSSV\WSSV-2-img-3.jpg,WSSV,False,False,0
WSSV-20-img-3.jpg,C:\Users\Asus\PycharmProjects\AquaVision_v1\datasets\shrimp\ShrimpImages\ShrimpImages\WSSV\WSSV-20-img-3.jpg,WSSV,False,False,0
WSSV-21-img-2.jpg,C:\Users\Asus\PycharmProjects\AquaVision_v1\datasets\shrimp\ShrimpImages\ShrimpImages\WSSV\WSSV-21-img-2.jpg,WSSV,False,False,1
WSSV-22-img-1.jpg,C:\Users\Asus\PycharmProjects\AquaVision_v1\datasets\shrimp\ShrimpImages\ShrimpImages\WSSV\WSSV-22-img-1.jpg,WSSV,False,False,1
WSSV-22-img-2.jpg,C:\Users\Asus\PycharmProjects\AquaVision_v1\datasets\shrimp\ShrimpImages\ShrimpImages\WSSV\WSSV-22-img-2.jpg,WSSV,False,False,4
WSSV-23-img-2.jpg,C:\Users\Asus\PycharmProjects\AquaVision_v1\datasets\shrimp\ShrimpImages\ShrimpImages\WSSV\WSSV-23-img-2.jpg,WSSV,True,False,-1
WSSV-23-img-3.jpg,C:\Users\Asus\PycharmProjects\AquaVision_v1\datasets\shrimp\ShrimpImages\ShrimpImages\WSSV\WSSV-23-img-3.jpg,WSSV,False,False,4
WSSV-24-img-1.jpg,C:\Users\Asus\PycharmProjects\AquaVision_v1\datasets\shrimp\ShrimpImages\ShrimpImages\WSSV\WSSV-24-img-1.jpg,WSSV,False,False,2
WSSV-24-img-2.jpg,C:\Users\Asus\PycharmProjects\AquaVision_v1\datasets\shrimp\ShrimpImages\ShrimpImages\WSSV\WSSV-24-img-2.jpg,WSSV,False,False,1
WSSV-24-img-3.jpg,C:\Users\Asus\PycharmProjects\AquaVision_v1\datasets\shrimp\ShrimpImages\ShrimpImages\WSSV\WSSV-24-img-3.jpg,WSSV,False,False,0
WSSV-25-img-1.jpg,C:\Users\Asus\PycharmProjects\AquaVision_v1\datasets\shrimp\ShrimpImages\ShrimpImages\WSSV\WSSV-25-img-1.jpg,WSSV,True,False,-1
WSSV-25-img-3.jpg,C:\Users\Asus\PycharmProjects\AquaVision_v1\datasets\shrimp\ShrimpImages\ShrimpImages\WSSV\WSSV-25-img-3.jpg,WSSV,False,False,3
WSSV-26-img-1.jpg,C:\Users\Asus\PycharmProjects\AquaVision_v1\datasets\shrimp\ShrimpImages\ShrimpImages\WSSV\WSSV-26-img-1.jpg,WSSV,False,False,0
WSSV-26-img-2.jpg,C:\Users\Asus\PycharmProjects\AquaVision_v1\datasets\shrimp\ShrimpImages\ShrimpImages\WSSV\WSSV-26-img-2.jpg,WSSV,False,False,2
WSSV-26-img-3.jpg,C:\Users\Asus\PycharmProjects\AquaVision_v1\datasets\shrimp\ShrimpImages\ShrimpImages\WSSV\WSSV-26-img-3.jpg,WSSV,False,False,1
WSSV-27-img-1.jpg,C:\Users\Asus\PycharmProjects\AquaVision_v1\datasets\shrimp\ShrimpImages\ShrimpImages\WSSV\WSSV-27-img-1.jpg,WSSV,False,False,2
WSSV-27-img-2.jpg,C:\Users\Asus\PycharmProjects\AquaVision_v1\datasets\shrimp\ShrimpImages\ShrimpImages\WSSV\WSSV-27-img-2.jpg,WSSV,False,False,2
WSSV-27-img-3.jpg,C:\Users\Asus\PycharmProjects\AquaVision_v1\datasets\shrimp\ShrimpImages\ShrimpImages\WSSV\WSSV-27-img-3.jpg,WSSV,False,False,2
WSSV-28-img-1.jpg,C:\Users\Asus\PycharmProjects\AquaVision_v1\datasets\shrimp\ShrimpImages\ShrimpImages\WSSV\WSSV-28-img-1.jpg,WSSV,False,False,4
WSSV-28-img-3.jpg,C:\Users\Asus\PycharmProjects\AquaVision_v1\datasets\shrimp\ShrimpImages\ShrimpImages\WSSV\WSSV-28-img-3.jpg,WSSV,False,False,0
WSSV-29-img-1.jpg,C:\Users\Asus\PycharmProjects\AquaVision_v1\datasets\shrimp\ShrimpImages\ShrimpImages\WSSV\WSSV-29-img-1.jpg,WSSV,False,False,0
WSSV-3-img-1.jpg,C:\Users\Asus\PycharmProjects\AquaVision_v1\datasets\shrimp\ShrimpImages\ShrimpImages\WSSV\WSSV-3-img-1.jpg,WSSV,False,False,2
WSSV-30-img-2.jpg,C:\Users\Asus\PycharmProjects\AquaVision_v1\datasets\shrimp\ShrimpImages\ShrimpImages\WSSV\WSSV-30-img-2.jpg,WSSV,False,False,4
WSSV-31-img-3.jpg,C:\Users\Asus\PycharmProjects\AquaVision_v1\datasets\shrimp\ShrimpImages\ShrimpImages\WSSV\WSSV-31-img-3.jpg,WSSV,False,False,4
WSSV-32-img-3.jpg,C:\Users\Asus\PycharmProjects\AquaVision_v1\datasets\shrimp\ShrimpImages\ShrimpImages\WSSV\WSSV-32-img-3.jpg,WSSV,True,False,-1
WSSV-33-img-1.jpg,C:\Users\Asus\PycharmProjects\AquaVision_v1\datasets\shrimp\ShrimpImages\ShrimpImages\WSSV\WSSV-33-img-1.jpg,WSSV,True,False,-1
WSSV-33-img-2.jpg,C:\Users\Asus\PycharmProjects\AquaVision_v1\datasets\shrimp\ShrimpImages\ShrimpImages\WSSV\WSSV-33-img-2.jpg,WSSV,False,False,3
WSSV-33-img-3.jpg,C:\Users\Asus\PycharmProjects\AquaVision_v1\datasets\shrimp\ShrimpImages\ShrimpImages\WSSV\WSSV-33-img-3.jpg,WSSV,True,False,-1
WSSV-34-img-1.jpg,C:\Users\Asus\PycharmProjects\AquaVision_v1\datasets\shrimp\ShrimpImages\ShrimpImages\WSSV\WSSV-34-img-1.jpg,WSSV,False,False,3
WSSV-34-img-2.jpg,C:\Users\Asus\PycharmProjects\AquaVision_v1\datasets\shrimp\ShrimpImages\ShrimpImages\WSSV\WSSV-34-img-2.jpg,WSSV,False,False,2
WSSV-35-img-1.jpg,C:\Users\Asus\PycharmProjects\AquaVision_v1\datasets\shrimp\ShrimpImages\ShrimpImages\WSSV\WSSV-35-img-1.jpg,WSSV,False,False,1
WSSV-35-img-2.jpg,C:\Users\Asus\PycharmProjects\AquaVision_v1\datasets\shrimp\ShrimpImages\ShrimpImages\WSSV\WSSV-35-img-2.jpg,WSSV,False,False,4
WSSV-36-img-1.jpg,C:\Users\Asus\PycharmProjects\AquaVision_v1\datasets\shrimp\ShrimpImages\ShrimpImages\WSSV\WSSV-36-img-1.jpg,WSSV,False,False,3
WSSV-36-img-3.jpg,C:\Users\Asus\PycharmProjects\AquaVision_v1\datasets\shrimp\ShrimpImages\ShrimpImages\WSSV\WSSV-36-img-3.jpg,WSSV,False,False,1
WSSV-37-img-2.jpg,C:\Users\Asus\PycharmProjects\AquaVision_v1\datasets\shrimp\ShrimpImages\ShrimpImages\WSSV\WSSV-37-img-2.jpg,WSSV,False,False,1
WSSV-38-img-3.jpg,C:\Users\Asus\PycharmProjects\AquaVision_v1\datasets\shrimp\ShrimpImages\ShrimpImages\WSSV\WSSV-38-img-3.jpg,WSSV,False,False,3
WSSV-39-img-1.jpg,C:\Users\Asus\PycharmProjects\AquaVision_v1\datasets\shrimp\ShrimpImages\ShrimpImages\WSSV\WSSV-39-img-1.jpg,WSSV,False,False,0
WSSV-39-img-3.jpg,C:\Users\Asus\PycharmProjects\AquaVision_v1\datasets\shrimp\ShrimpImages\ShrimpImages\WSSV\WSSV-39-img-3.jpg,WSSV,False,False,2
WSSV-4-img-1.jpg,C:\Users\Asus\PycharmProjects\AquaVision_v1\datasets\shrimp\ShrimpImages\ShrimpImages\WSSV\WSSV-4-img-1.jpg,WSSV,False,False,3
WSSV-4-img-2.jpg,C:\Users\Asus\PycharmProjects\AquaVision_v1\datasets\shrimp\ShrimpImages\ShrimpImages\WSSV\WSSV-4-img-2.jpg,WSSV,True,False,-1
WSSV-4-img-3.jpg,C:\Users\Asus\PycharmProjects\AquaVision_v1\datasets\shrimp\ShrimpImages\ShrimpImages\WSSV\WSSV-4-img-3.jpg,WSSV,False,False,4
WSSV-40-img-1.jpg,C:\Users\Asus\PycharmProjects\AquaVision_v1\datasets\shrimp\ShrimpImages\ShrimpImages\WSSV\WSSV-40-img-1.jpg,WSSV,False,False,1
WSSV-40-img-3.jpg,C:\Users\Asus\PycharmProjects\AquaVision_v1\datasets\shrimp\ShrimpImages\ShrimpImages\WSSV\WSSV-40-img-3.jpg,WSSV,False,False,2
WSSV-41-img-1.jpg,C:\Users\Asus\PycharmProjects\AquaVision_v1\datasets\shrimp\ShrimpImages\ShrimpImages\WSSV\WSSV-41-img-1.jpg,WSSV,True,False,-1
WSSV-41-img-3.jpg,C:\Users\Asus\PycharmProjects\AquaVision_v1\datasets\shrimp\ShrimpImages\ShrimpImages\WSSV\WSSV-41-img-3.jpg,WSSV,False,False,1
WSSV-42-img-1.jpg,C:\Users\Asus\PycharmProjects\AquaVision_v1\datasets\shrimp\ShrimpImages\ShrimpImages\WSSV\WSSV-42-img-1.jpg,WSSV,True,False,-1
WSSV-42-img-2.jpg,C:\Users\Asus\PycharmProjects\AquaVision_v1\datasets\shrimp\ShrimpImages\ShrimpImages\WSSV\WSSV-42-img-2.jpg,WSSV,False,False,3
WSSV-42-img-3.jpg,C:\Users\Asus\PycharmProjects\AquaVision_v1\datasets\shrimp\ShrimpImages\ShrimpImages\WSSV\WSSV-42-img-3.jpg,WSSV,False,False,3
WSSV-43-img-1.jpg,C:\Users\Asus\PycharmProjects\AquaVision_v1\datasets\shrimp\ShrimpImages\ShrimpImages\WSSV\WSSV-43-img-1.jpg,WSSV,False,False,4
WSSV-43-img-2.jpg,C:\Users\Asus\PycharmProjects\AquaVision_v1\datasets\shrimp\ShrimpImages\ShrimpImages\WSSV\WSSV-43-img-2.jpg,WSSV,False,False,1
WSSV-43-img-3.jpg,C:\Users\Asus\PycharmProjects\AquaVision_v1\datasets\shrimp\ShrimpImages\ShrimpImages\WSSV\WSSV-43-img-3.jpg,WSSV,False,False,4
WSSV-44-img-1.jpg,C:\Users\Asus\PycharmProjects\AquaVision_v1\datasets\shrimp\ShrimpImages\ShrimpImages\WSSV\WSSV-44-img-1.jpg,WSSV,False,False,4
WSSV-44-img-2.jpg,C:\Users\Asus\PycharmProjects\AquaVision_v1\datasets\shrimp\ShrimpImages\ShrimpImages\WSSV\WSSV-44-img-2.jpg,WSSV,False,False,3
WSSV-44-img-3.jpg,C:\Users\Asus\PycharmProjects\AquaVision_v1\datasets\shrimp\ShrimpImages\ShrimpImages\WSSV\WSSV-44-img-3.jpg,WSSV,True,False,-1
WSSV-45-img-1.jpg,C:\Users\Asus\PycharmProjects\AquaVision_v1\datasets\shrimp\ShrimpImages\ShrimpImages\WSSV\WSSV-45-img-1.jpg,WSSV,True,False,-1
WSSV-45-img-2.jpg,C:\Users\Asus\PycharmProjects\AquaVision_v1\datasets\shrimp\ShrimpImages\ShrimpImages\WSSV\WSSV-45-img-2.jpg,WSSV,False,False,0
WSSV-45-img-3.jpg,C:\Users\Asus\PycharmProjects\AquaVision_v1\datasets\shrimp\ShrimpImages\ShrimpImages\WSSV\WSSV-45-img-3.jpg,WSSV,False,False,0
WSSV-46-img-1.jpg,C:\Users\Asus\PycharmProjects\AquaVision_v1\datasets\shrimp\ShrimpImages\ShrimpImages\WSSV\WSSV-46-img-1.jpg,WSSV,False,False,2
WSSV-46-img-2.jpg,C:\Users\Asus\PycharmProjects\AquaVision_v1\datasets\shrimp\ShrimpImages\ShrimpImages\WSSV\WSSV-46-img-2.jpg,WSSV,False,False,0
WSSV-46-img-3.jpg,C:\Users\Asus\PycharmProjects\AquaVision_v1\datasets\shrimp\ShrimpImages\ShrimpImages\WSSV\WSSV-46-img-3.jpg,WSSV,False,False,0
WSSV-47-img-1.jpg,C:\Users\Asus\PycharmProjects\AquaVision_v1\datasets\shrimp\ShrimpImages\ShrimpImages\WSSV\WSSV-47-img-1.jpg,WSSV,False,False,0
WSSV-47-img-2.jpg,C:\Users\Asus\PycharmProjects\AquaVision_v1\datasets\shrimp\ShrimpImages\ShrimpImages\WSSV\WSSV-47-img-2.jpg,WSSV,False,False,3
WSSV-48-img-1.jpg,C:\Users\Asus\PycharmProjects\AquaVision_v1\datasets\shrimp\ShrimpImages\ShrimpImages\WSSV\WSSV-48-img-1.jpg,WSSV,False,False,1
WSSV-48-img-3.jpg,C:\Users\Asus\PycharmProjects\AquaVision_v1\datasets\shrimp\ShrimpImages\ShrimpImages\WSSV\WSSV-48-img-3.jpg,WSSV,False,False,1
WSSV-49-img-1.jpg,C:\Users\Asus\PycharmProjects\AquaVision_v1\datasets\shrimp\ShrimpImages\ShrimpImages\WSSV\WSSV-49-img-1.jpg,WSSV,False,False,0
WSSV-49-img-2.jpg,C:\Users\Asus\PycharmProjects\AquaVision_v1\datasets\shrimp\ShrimpImages\ShrimpImages\WSSV\WSSV-49-img-2.jpg,WSSV,True,False,-1
WSSV-49-img-3.jpg,C:\Users\Asus\PycharmProjects\AquaVision_v1\datasets\shrimp\ShrimpImages\ShrimpImages\WSSV\WSSV-49-img-3.jpg,WSSV,False,False,4
WSSV-5-img-1.jpg,C:\Users\Asus\PycharmProjects\AquaVision_v1\datasets\shrimp\ShrimpImages\ShrimpImages\WSSV\WSSV-5-img-1.jpg,WSSV,False,False,3
WSSV-5-img-2.jpg,C:\Users\Asus\PycharmProjects\AquaVision_v1\datasets\shrimp\ShrimpImages\ShrimpImages\WSSV\WSSV-5-img-2.jpg,WSSV,False,False,0
WSSV-5-img-3.jpg,C:\Users\Asus\PycharmProjects\AquaVision_v1\datasets\shrimp\ShrimpImages\ShrimpImages\WSSV\WSSV-5-img-3.jpg,WSSV,False,False,3
WSSV-50-img-1.jpg,C:\Users\Asus\PycharmProjects\AquaVision_v1\datasets\shrimp\ShrimpImages\ShrimpImages\WSSV\WSSV-50-img-1.jpg,WSSV,False,False,2
WSSV-50-img-2.jpg,C:\Users\Asus\PycharmProjects\AquaVision_v1\datasets\shrimp\ShrimpImages\ShrimpImages\WSSV\WSSV-50-img-2.jpg,WSSV,False,False,4
WSSV-50-img-3.jpg,C:\Users\Asus\PycharmProjects\AquaVision_v1\datasets\shrimp\ShrimpImages\ShrimpImages\WSSV\WSSV-50-img-3.jpg,WSSV,False,False,4
WSSV-51-img-2.jpg,C:\Users\Asus\PycharmProjects\AquaVision_v1\datasets\shrimp\ShrimpImages\ShrimpImages\WSSV\WSSV-51-img-2.jpg,WSSV,False,False,3
WSSV-51-img-3.jpg,C:\Users\Asus\PycharmProjects\AquaVision_v1\datasets\shrimp\ShrimpImages\ShrimpImages\WSSV\WSSV-51-img-3.jpg,WSSV,False,False,0
WSSV-52-img-1.jpg,C:\Users\Asus\PycharmProjects\AquaVision_v1\datasets\shrimp\ShrimpImages\ShrimpImages\WSSV\WSSV-52-img-1.jpg,WSSV,False,False,2
WSSV-52-img-3.jpg,C:\Users\Asus\PycharmProjects\AquaVision_v1\datasets\shrimp\ShrimpImages\ShrimpImages\WSSV\WSSV-52-img-3.jpg,WSSV,False,False,3
WSSV-54-img-1.jpg,C:\Users\Asus\PycharmProjects\AquaVision_v1\datasets\shrimp\ShrimpImages\ShrimpImages\WSSV\WSSV-54-img-1.jpg,WSSV,False,False,2
WSSV-54-img-3.jpg,C:\Users\Asus\PycharmProjects\AquaVision_v1\datasets\shrimp\ShrimpImages\ShrimpImages\WSSV\WSSV-54-img-3.jpg,WSSV,False,False,1
WSSV-55-img-1.jpg,C:\Users\Asus\PycharmProjects\AquaVision_v1\datasets\shrimp\ShrimpImages\ShrimpImages\WSSV\WSSV-55-img-1.jpg,WSSV,False,False,4
WSSV-55-img-2.jpg,C:\Users\Asus\PycharmProjects\AquaVision_v1\datasets\shrimp\ShrimpImages\ShrimpImages\WSSV\WSSV-55-img-2.jpg,WSSV,False,False,0
WSSV-55-img-3.jpg,C:\Users\Asus\PycharmProjects\AquaVision_v1\datasets\shrimp\ShrimpImages\ShrimpImages\WSSV\WSSV-55-img-3.jpg,WSSV,False,False,4
WSSV-56-img-2.jpg,C:\Users\Asus\PycharmProjects\AquaVision_v1\datasets\shrimp\ShrimpImages\ShrimpImages\WSSV\WSSV-56-img-2.jpg,WSSV,False,False,0
WSSV-56-img-3.jpg,C:\Users\Asus\PycharmProjects\AquaVision_v1\datasets\shrimp\ShrimpImages\ShrimpImages\WSSV\WSSV-56-img-3.jpg,WSSV,True,False,-1
WSSV-57-img-1.jpg,C:\Users\Asus\PycharmProjects\AquaVision_v1\datasets\shrimp\ShrimpImages\ShrimpImages\WSSV\WSSV-57-img-1.jpg,WSSV,False,False,3
WSSV-57-img-2.jpg,C:\Users\Asus\PycharmProjects\AquaVision_v1\datasets\shrimp\ShrimpImages\ShrimpImages\WSSV\WSSV-57-img-2.jpg,WSSV,False,False,0
WSSV-58-img-1.jpg,C:\Users\Asus\PycharmProjects\AquaVision_v1\datasets\shrimp\ShrimpImages\ShrimpImages\WSSV\WSSV-58-img-1.jpg,WSSV,False,False,3
WSSV-58-img-3.jpg,C:\Users\Asus\PycharmProjects\AquaVision_v1\datasets\shrimp\ShrimpImages\ShrimpImages\WSSV\WSSV-58-img-3.jpg,WSSV,True,False,-1
WSSV-59-img-2.jpg,C:\Users\Asus\PycharmProjects\AquaVision_v1\datasets\shrimp\ShrimpImages\ShrimpImages\WSSV\WSSV-59-img-2.jpg,WSSV,False,False,1
WSSV-6-img-1.jpg,C:\Users\Asus\PycharmProjects\AquaVision_v1\datasets\shrimp\ShrimpImages\ShrimpImages\WSSV\WSSV-6-img-1.jpg,WSSV,False,False,0
WSSV-6-img-2.jpg,C:\Users\Asus\PycharmProjects\AquaVision_v1\datasets\shrimp\ShrimpImages\ShrimpImages\WSSV\WSSV-6-img-2.jpg,WSSV,False,False,4
WSSV-6-img-3.jpg,C:\Users\Asus\PycharmProjects\AquaVision_v1\datasets\shrimp\ShrimpImages\ShrimpImages\WSSV\WSSV-6-img-3.jpg,WSSV,False,False,2
WSSV-60-img-1.jpg,C:\Users\Asus\PycharmProjects\AquaVision_v1\datasets\shrimp\ShrimpImages\ShrimpImages\WSSV\WSSV-60-img-1.jpg,WSSV,True,False,-1
WSSV-60-img-2.jpg,C:\Users\Asus\PycharmProjects\AquaVision_v1\datasets\shrimp\ShrimpImages\ShrimpImages\WSSV\WSSV-60-img-2.jpg,WSSV,False,False,2
WSSV-61-img-3.jpg,C:\Users\Asus\PycharmProjects\AquaVision_v1\datasets\shrimp\ShrimpImages\ShrimpImages\WSSV\WSSV-61-img-3.jpg,WSSV,False,False,2
WSSV-62-img-1.jpg,C:\Users\Asus\PycharmProjects\AquaVision_v1\datasets\shrimp\ShrimpImages\ShrimpImages\WSSV\WSSV-62-img-1.jpg,WSSV,False,False,4
WSSV-62-img-2.jpg,C:\Users\Asus\PycharmProjects\AquaVision_v1\datasets\shrimp\ShrimpImages\ShrimpImages\WSSV\WSSV-62-img-2.jpg,WSSV,False,False,2
WSSV-63-img-1.jpg,C:\Users\Asus\PycharmProjects\AquaVision_v1\datasets\shrimp\ShrimpImages\ShrimpImages\WSSV\WSSV-63-img-1.jpg,WSSV,False,False,2
WSSV-63-img-3.jpg,C:\Users\Asus\PycharmProjects\AquaVision_v1\datasets\shrimp\ShrimpImages\ShrimpImages\WSSV\WSSV-63-img-3.jpg,WSSV,False,False,4
WSSV-64-img-1.jpg,C:\Users\Asus\PycharmProjects\AquaVision_v1\datasets\shrimp\ShrimpImages\ShrimpImages\WSSV\WSSV-64-img-1.jpg,WSSV,False,False,1
WSSV-64-img-2.jpg,C:\Users\Asus\PycharmProjects\AquaVision_v1\datasets\shrimp\ShrimpImages\ShrimpImages\WSSV\WSSV-64-img-2.jpg,WSSV,False,False,4
WSSV-65-img-1.jpg,C:\Users\Asus\PycharmProjects\AquaVision_v1\datasets\shrimp\ShrimpImages\ShrimpImages\WSSV\WSSV-65-img-1.jpg,WSSV,False,False,1
WSSV-65-img-3.jpg,C:\Users\Asus\PycharmProjects\AquaVision_v1\datasets\shrimp\ShrimpImages\ShrimpImages\WSSV\WSSV-65-img-3.jpg,WSSV,True,False,-1
WSSV-66-img-1.jpg,C:\Users\Asus\PycharmProjects\AquaVision_v1\datasets\shrimp\ShrimpImages\ShrimpImages\WSSV\WSSV-66-img-1.jpg,WSSV,False,False,3
WSSV-66-img-2.jpg,C:\Users\Asus\PycharmProjects\AquaVision_v1\datasets\shrimp\ShrimpImages\ShrimpImages\WSSV\WSSV-66-img-2.jpg,WSSV,False,False,0
WSSV-67-img-1.jpg,C:\Users\Asus\PycharmProjects\AquaVision_v1\datasets\shrimp\ShrimpImages\ShrimpImages\WSSV\WSSV-67-img-1.jpg,WSSV,False,False,3
WSSV-67-img-2.jpg,C:\Users\Asus\PycharmProjects\AquaVision_v1\datasets\shrimp\ShrimpImages\ShrimpImages\WSSV\WSSV-67-img-2.jpg,WSSV,False,False,0
WSSV-68-img-2.jpg,C:\Users\Asus\PycharmProjects\AquaVision_v1\datasets\shrimp\ShrimpImages\ShrimpImages\WSSV\WSSV-68-img-2.jpg,WSSV,False,False,3
WSSV-69-img-2.jpg,C:\Users\Asus\PycharmProjects\AquaVision_v1\datasets\shrimp\ShrimpImages\ShrimpImages\WSSV\WSSV-69-img-2.jpg,WSSV,False,False,1
WSSV-69-img-3.jpg,C:\Users\Asus\PycharmProjects\AquaVision_v1\datasets\shrimp\ShrimpImages\ShrimpImages\WSSV\WSSV-69-img-3.jpg,WSSV,False,False,3
WSSV-7-img-1.jpg,C:\Users\Asus\PycharmProjects\AquaVision_v1\datasets\shrimp\ShrimpImages\ShrimpImages\WSSV\WSSV-7-img-1.jpg,WSSV,False,False,4
WSSV-7-img-3.jpg,C:\Users\Asus\PycharmProjects\AquaVision_v1\datasets\shrimp\ShrimpImages\ShrimpImages\WSSV\WSSV-7-img-3.jpg,WSSV,False,False,2
WSSV-71-img-1.jpg,C:\Users\Asus\PycharmProjects\AquaVision_v1\datasets\shrimp\ShrimpImages\ShrimpImages\WSSV\WSSV-71-img-1.jpg,WSSV,True,False,-1
WSSV-71-img-3.jpg,C:\Users\Asus\PycharmProjects\AquaVision_v1\datasets\shrimp\ShrimpImages\ShrimpImages\WSSV\WSSV-71-img-3.jpg,WSSV,False,False,4
WSSV-72-img-1.jpg,C:\Users\Asus\PycharmProjects\AquaVision_v1\datasets\shrimp\ShrimpImages\ShrimpImages\WSSV\WSSV-72-img-1.jpg,WSSV,False,False,0
WSSV-72-img-2.jpg,C:\Users\Asus\PycharmProjects\AquaVision_v1\datasets\shrimp\ShrimpImages\ShrimpImages\WSSV\WSSV-72-img-2.jpg,WSSV,True,False,-1
WSSV-73-img-1.jpg,C:\Users\Asus\PycharmProjects\AquaVision_v1\datasets\shrimp\ShrimpImages\ShrimpImages\WSSV\WSSV-73-img-1.jpg,WSSV,True,False,-1
WSSV-73-img-2.jpg,C:\Users\Asus\PycharmProjects\AquaVision_v1\datasets\shrimp\ShrimpImages\ShrimpImages\WSSV\WSSV-73-img-2.jpg,WSSV,False,False,2
WSSV-73-img-3.jpg,C:\Users\Asus\PycharmProjects\AquaVision_v1\datasets\shrimp\ShrimpImages\ShrimpImages\WSSV\WSSV-73-img-3.jpg,WSSV,False,False,0
WSSV-74-img-1.jpg,C:\Users\Asus\PycharmProjects\AquaVision_v1\datasets\shrimp\ShrimpImages\ShrimpImages\WSSV\WSSV-74-img-1.jpg,WSSV,False,False,0
WSSV-74-img-2.jpg,C:\Users\Asus\PycharmProjects\AquaVision_v1\datasets\shrimp\ShrimpImages\ShrimpImages\WSSV\WSSV-74-img-2.jpg,WSSV,False,False,3
WSSV-74-img-3.jpg,C:\Users\Asus\PycharmProjects\AquaVision_v1\datasets\shrimp\ShrimpImages\ShrimpImages\WSSV\WSSV-74-img-3.jpg,WSSV,False,False,3
WSSV-75-img-1.jpg,C:\Users\Asus\PycharmProjects\AquaVision_v1\datasets\shrimp\ShrimpImages\ShrimpImages\WSSV\WSSV-75-img-1.jpg,WSSV,False,False,3
WSSV-75-img-2.jpg,C:\Users\Asus\PycharmProjects\AquaVision_v1\datasets\shrimp\ShrimpImages\ShrimpImages\WSSV\WSSV-75-img-2.jpg,WSSV,False,False,0
WSSV-76-img-1.jpg,C:\Users\Asus\PycharmProjects\AquaVision_v1\datasets\shrimp\ShrimpImages\ShrimpImages\WSSV\WSSV-76-img-1.jpg,WSSV,False,False,0
WSSV-76-img-3.jpg,C:\Users\Asus\PycharmProjects\AquaVision_v1\datasets\shrimp\ShrimpImages\ShrimpImages\WSSV\WSSV-76-img-3.jpg,WSSV,False,False,3
WSSV-77-img-2.jpg,C:\Users\Asus\PycharmProjects\AquaVision_v1\datasets\shrimp\ShrimpImages\ShrimpImages\WSSV\WSSV-77-img-2.jpg,WSSV,False,False,3
WSSV-77-img-3.jpg,C:\Users\Asus\PycharmProjects\AquaVision_v1\datasets\shrimp\ShrimpImages\ShrimpImages\WSSV\WSSV-77-img-3.jpg,WSSV,True,False,-1
WSSV-78-img-1.jpg,C:\Users\Asus\PycharmProjects\AquaVision_v1\datasets\shrimp\ShrimpImages\ShrimpImages\WSSV\WSSV-78-img-1.jpg,WSSV,False,False,2
WSSV-78-img-2.jpg,C:\Users\Asus\PycharmProjects\AquaVision_v1\datasets\shrimp\ShrimpImages\ShrimpImages\WSSV\WSSV-78-img-2.jpg,WSSV,False,False,4
WSSV-79-img-1.jpg,C:\Users\Asus\PycharmProjects\AquaVision_v1\datasets\shrimp\ShrimpImages\ShrimpImages\WSSV\WSSV-79-img-1.jpg,WSSV,False,False,1
WSSV-79-img-3.jpg,C:\Users\Asus\PycharmProjects\AquaVision_v1\datasets\shrimp\ShrimpImages\ShrimpImages\WSSV\WSSV-79-img-3.jpg,WSSV,False,False,2
WSSV-8-img-1.jpg,C:\Users\Asus\PycharmProjects\AquaVision_v1\datasets\shrimp\ShrimpImages\ShrimpImages\WSSV\WSSV-8-img-1.jpg,WSSV,False,False,4
WSSV-8-img-2.jpg,C:\Users\Asus\PycharmProjects\AquaVision_v1\datasets\shrimp\ShrimpImages\ShrimpImages\WSSV\WSSV-8-img-2.jpg,WSSV,False,False,0
WSSV-8-img-3.jpg,C:\Users\Asus\PycharmProjects\AquaVision_v1\datasets\shrimp\ShrimpImages\ShrimpImages\WSSV\WSSV-8-img-3.jpg,WSSV,False,False,0
WSSV-80-img-1.jpg,C:\Users\Asus\PycharmProjects\AquaVision_v1\datasets\shrimp\ShrimpImages\ShrimpImages\WSSV\WSSV-80-img-1.jpg,WSSV,False,False,2
WSSV-80-img-2.jpg,C:\Users\Asus\PycharmProjects\AquaVision_v1\datasets\shrimp\ShrimpImages\ShrimpImages\WSSV\WSSV-80-img-2.jpg,WSSV,False,False,1
WSSV-80-img-3.jpg,C:\Users\Asus\PycharmProjects\AquaVision_v1\datasets\shrimp\ShrimpImages\ShrimpImages\WSSV\WSSV-80-img-3.jpg,WSSV,False,False,2
WSSV-81-img-2.jpg,C:\Users\Asus\PycharmProjects\AquaVision_v1\datasets\shrimp\ShrimpImages\ShrimpImages\WSSV\WSSV-81-img-2.jpg,WSSV,False,False,4
WSSV-82-img-1.jpg,C:\Users\Asus\PycharmProjects\AquaVision_v1\datasets\shrimp\ShrimpImages\ShrimpImages\WSSV\WSSV-82-img-1.jpg,WSSV,False,False,1
WSSV-83-img-1.jpg,C:\Users\Asus\PycharmProjects\AquaVision_v1\datasets\shrimp\ShrimpImages\ShrimpImages\WSSV\WSSV-83-img-1.jpg,WSSV,False,False,4
WSSV-84-img-1.jpg,C:\Users\Asus\PycharmProjects\AquaVision_v1\datasets\shrimp\ShrimpImages\ShrimpImages\WSSV\WSSV-84-img-1.jpg,WSSV,False,False,3
WSSV-84-img-2.jpg,C:\Users\Asus\PycharmProjects\AquaVision_v1\datasets\shrimp\ShrimpImages\ShrimpImages\WSSV\WSSV-84-img-2.jpg,WSSV,False,False,0
WSSV-84-img-3.jpg,C:\Users\Asus\PycharmProjects\AquaVision_v1\datasets\shrimp\ShrimpImages\ShrimpImages\WSSV\WSSV-84-img-3.jpg,WSSV,False,False,2
WSSV-85-img-2.jpg,C:\Users\Asus\PycharmProjects\AquaVision_v1\datasets\shrimp\ShrimpImages\ShrimpImages\WSSV\WSSV-85-img-2.jpg,WSSV,False,False,3
WSSV-86-img-1.jpg,C:\Users\Asus\PycharmProjects\AquaVision_v1\datasets\shrimp\ShrimpImages\ShrimpImages\WSSV\WSSV-86-img-1.jpg,WSSV,False,False,3
WSSV-86-img-2.jpg,C:\Users\Asus\PycharmProjects\AquaVision_v1\datasets\shrimp\ShrimpImages\ShrimpImages\WSSV\WSSV-86-img-2.jpg,WSSV,True,False,-1
WSSV-86-img-3.jpg,C:\Users\Asus\PycharmProjects\AquaVision_v1\datasets\shrimp\ShrimpImages\ShrimpImages\WSSV\WSSV-86-img-3.jpg,WSSV,False,False,0
WSSV-87-img-1.jpg,C:\Users\Asus\PycharmProjects\AquaVision_v1\datasets\shrimp\ShrimpImages\ShrimpImages\WSSV\WSSV-87-img-1.jpg,WSSV,False,False,4
WSSV-87-img-2.jpg,C:\Users\Asus\PycharmProjects\AquaVision_v1\datasets\shrimp\ShrimpImages\ShrimpImages\WSSV\WSSV-87-img-2.jpg,WSSV,False,False,1
WSSV-88-img-1.jpg,C:\Users\Asus\PycharmProjects\AquaVision_v1\datasets\shrimp\ShrimpImages\ShrimpImages\WSSV\WSSV-88-img-1.jpg,WSSV,True,False,-1
WSSV-88-img-2.jpg,C:\Users\Asus\PycharmProjects\AquaVision_v1\datasets\shrimp\ShrimpImages\ShrimpImages\WSSV\WSSV-88-img-2.jpg,WSSV,False,False,1
WSSV-89-img-1.jpg,C:\Users\Asus\PycharmProjects\AquaVision_v1\datasets\shrimp\ShrimpImages\ShrimpImages\WSSV\WSSV-89-img-1.jpg,WSSV,False,False,0
WSSV-89-img-2.jpg,C:\Users\Asus\PycharmProjects\AquaVision_v1\datasets\shrimp\ShrimpImages\ShrimpImages\WSSV\WSSV-89-img-2.jpg,WSSV,False,False,1
WSSV-9-img-1.jpg,C:\Users\Asus\PycharmProjects\AquaVision_v1\datasets\shrimp\ShrimpImages\ShrimpImages\WSSV\WSSV-9-img-1.jpg,WSSV,False,False,0
WSSV-9-img-3.jpg,C:\Users\Asus\PycharmProjects\AquaVision_v1\datasets\shrimp\ShrimpImages\ShrimpImages\WSSV\WSSV-9-img-3.jpg,WSSV,False,False,0
WSSV-90-img-1.jpg,C:\Users\Asus\PycharmProjects\AquaVision_v1\datasets\shrimp\ShrimpImages\ShrimpImages\WSSV\WSSV-90-img-1.jpg,WSSV,False,False,1
WSSV-90-img-2.jpg,C:\Users\Asus\PycharmProjects\AquaVision_v1\datasets\shrimp\ShrimpImages\ShrimpImages\WSSV\WSSV-90-img-2.jpg,WSSV,False,False,3
WSSV-91-img-2.jpg,C:\Users\Asus\PycharmProjects\AquaVision_v1\datasets\shrimp\ShrimpImages\ShrimpImages\WSSV\WSSV-91-img-2.jpg,WSSV,False,False,0
WSSV-91-img-3.jpg,C:\Users\Asus\PycharmProjects\AquaVision_v1\datasets\shrimp\ShrimpImages\ShrimpImages\WSSV\WSSV-91-img-3.jpg,WSSV,False,False,4
WSSV-92-img-1.jpg,C:\Users\Asus\PycharmProjects\AquaVision_v1\datasets\shrimp\ShrimpImages\ShrimpImages\WSSV\WSSV-92-img-1.jpg,WSSV,False,False,4
WSSV-92-img-2.jpg,C:\Users\Asus\PycharmProjects\AquaVision_v1\datasets\shrimp\ShrimpImages\ShrimpImages\WSSV\WSSV-92-img-2.jpg,WSSV,False,False,3
WSSV-92-img-3.jpg,C:\Users\Asus\PycharmProjects\AquaVision_v1\datasets\shrimp\ShrimpImages\ShrimpImages\WSSV\WSSV-92-img-3.jpg,WSSV,False,False,0
WSSV-93-img-1.jpg,C:\Users\Asus\PycharmProjects\AquaVision_v1\datasets\shrimp\ShrimpImages\ShrimpImages\WSSV\WSSV-93-img-1.jpg,WSSV,False,False,1
WSSV-93-img-2.jpg,C:\Users\Asus\PycharmProjects\AquaVision_v1\datasets\shrimp\ShrimpImages\ShrimpImages\WSSV\WSSV-93-img-2.jpg,WSSV,False,False,0
WSSV-93-img-3.jpg,C:\Users\Asus\PycharmProjects\AquaVision_v1\datasets\shrimp\ShrimpImages\ShrimpImages\WSSV\WSSV-93-img-3.jpg,WSSV,True,False,-1
WSSV-94-img-1.jpg,C:\Users\Asus\PycharmProjects\AquaVision_v1\datasets\shrimp\ShrimpImages\ShrimpImages\WSSV\WSSV-94-img-1.jpg,WSSV,False,False,3
WSSV-94-img-2.jpg,C:\Users\Asus\PycharmProjects\AquaVision_v1\datasets\shrimp\ShrimpImages\ShrimpImages\WSSV\WSSV-94-img-2.jpg,WSSV,False,False,4
WSSV-94-img-3.jpg,C:\Users\Asus\PycharmProjects\AquaVision_v1\datasets\shrimp\ShrimpImages\ShrimpImages\WSSV\WSSV-94-img-3.jpg,WSSV,False,False,1
WSSV-95-img-1.jpg,C:\Users\Asus\PycharmProjects\AquaVision_v1\datasets\shrimp\ShrimpImages\ShrimpImages\WSSV\WSSV-95-img-1.jpg,WSSV,False,False,2
WSSV-95-img-3.jpg,C:\Users\Asus\PycharmProjects\AquaVision_v1\datasets\shrimp\ShrimpImages\ShrimpImages\WSSV\WSSV-95-img-3.jpg,WSSV,False,False,0
WSSV-96-img-1.jpg,C:\Users\Asus\PycharmProjects\AquaVision_v1\datasets\shrimp\ShrimpImages\ShrimpImages\WSSV\WSSV-96-img-1.jpg,WSSV,True,False,-1
WSSV-96-img-2.jpg,C:\Users\Asus\PycharmProjects\AquaVision_v1\datasets\shrimp\ShrimpImages\ShrimpImages\WSSV\WSSV-96-img-2.jpg,WSSV,True,False,-1
WSSV-96-img-3.jpg,C:\Users\Asus\PycharmProjects\AquaVision_v1\datasets\shrimp\ShrimpImages\ShrimpImages\WSSV\WSSV-96-img-3.jpg,WSSV,False,False,3
WSSV-97-img-1.jpg,C:\Users\Asus\PycharmProjects\AquaVision_v1\datasets\shrimp\ShrimpImages\ShrimpImages\WSSV\WSSV-97-img-1.jpg,WSSV,False,False,2
WSSV-97-img-3.jpg,C:\Users\Asus\PycharmProjects\AquaVision_v1\datasets\shrimp\ShrimpImages\ShrimpImages\WSSV\WSSV-97-img-3.jpg,WSSV,False,False,1
WSSV-98-img-2.jpg,C:\Users\Asus\PycharmProjects\AquaVision_v1\datasets\shrimp\ShrimpImages\ShrimpImages\WSSV\WSSV-98-img-2.jpg,WSSV,False,False,4
WSSV-98-img-3.jpg,C:\Users\Asus\PycharmProjects\AquaVision_v1\datasets\shrimp\ShrimpImages\ShrimpImages\WSSV\WSSV-98-img-3.jpg,WSSV,False,False,0
WSSV-99-img-3.jpg,C:\Users\Asus\PycharmProjects\AquaVision_v1\datasets\shrimp\ShrimpImages\ShrimpImages\WSSV\WSSV-99-img-3.jpg,WSSV,False,False,2
WSSV_BG-1-img-1.jpg,C:\Users\Asus\PycharmProjects\AquaVision_v1\datasets\shrimp\ShrimpImages\ShrimpImages\WSSV_BG\WSSV_BG-1-img-1.jpg,WSSV_BG,False,False,1
WSSV_BG-1-img-2.jpg,C:\Users\Asus\PycharmProjects\AquaVision_v1\datasets\shrimp\ShrimpImages\ShrimpImages\WSSV_BG\WSSV_BG-1-img-2.jpg,WSSV_BG,False,False,0
WSSV_BG-10-img-1.jpg,C:\Users\Asus\PycharmProjects\AquaVision_v1\datasets\shrimp\ShrimpImages\ShrimpImages\WSSV_BG\WSSV_BG-10-img-1.jpg,WSSV_BG,False,False,1
WSSV_BG-10-img-3.jpg,C:\Users\Asus\PycharmProjects\AquaVision_v1\datasets\shrimp\ShrimpImages\ShrimpImages\WSSV_BG\WSSV_BG-10-img-3.jpg,WSSV_BG,False,False,1
WSSV_BG-11-img-1.jpg,C:\Users\Asus\PycharmProjects\AquaVision_v1\datasets\shrimp\ShrimpImages\ShrimpImages\WSSV_BG\WSSV_BG-11-img-1.jpg,WSSV_BG,False,False,4
WSSV_BG-11-img-3.jpg,C:\Users\Asus\PycharmProjects\AquaVision_v1\datasets\shrimp\ShrimpImages\ShrimpImages\WSSV_BG\WSSV_BG-11-img-3.jpg,WSSV_BG,False,False,4
WSSV_BG-12-img-2.jpg,C:\Users\Asus\PycharmProjects\AquaVision_v1\datasets\shrimp\ShrimpImages\ShrimpImages\WSSV_BG\WSSV_BG-12-img-2.jpg,WSSV_BG,False,False,2
WSSV_BG-12-img-3.jpg,C:\Users\Asus\PycharmProjects\AquaVision_v1\datasets\shrimp\ShrimpImages\ShrimpImages\WSSV_BG\WSSV_BG-12-img-3.jpg,WSSV_BG,True,False,-1
WSSV_BG-13-img-1.jpg,C:\Users\Asus\PycharmProjects\AquaVision_v1\datasets\shrimp\ShrimpImages\ShrimpImages\WSSV_BG\WSSV_BG-13-img-1.jpg,WSSV_BG,False,False,0
WSSV_BG-13-img-3.jpg,C:\Users\Asus\PycharmProjects\AquaVision_v1\datasets\shrimp\ShrimpImages\ShrimpImages\WSSV_BG\WSSV_BG-13-img-3.jpg,WSSV_BG,False,False,4
WSSV_BG-14-img-1.jpg,C:\Users\Asus\PycharmProjects\AquaVision_v1\datasets\shrimp\ShrimpImages\ShrimpImages\WSSV_BG\WSSV_BG-14-img-1.jpg,WSSV_BG,False,False,3
WSSV_BG-14-img-2.jpg,C:\Users\Asus\PycharmProjects\AquaVision_v1\datasets\shrimp\ShrimpImages\ShrimpImages\WSSV_BG\WSSV_BG-14-img-2.jpg,WSSV_BG,False,False,2
WSSV_BG-14-img-3.jpg,C:\Users\Asus\PycharmProjects\AquaVision_v1\datasets\shrimp\ShrimpImages\ShrimpImages\WSSV_BG\WSSV_BG-14-img-3.jpg,WSSV_BG,False,False,1
WSSV_BG-15-img-1.jpg,C:\Users\Asus\PycharmProjects\AquaVision_v1\datasets\shrimp\ShrimpImages\ShrimpImages\WSSV_BG\WSSV_BG-15-img-1.jpg,WSSV_BG,False,False,4
WSSV_BG-16-img-1.jpg,C:\Users\Asus\PycharmProjects\AquaVision_v1\datasets\shrimp\ShrimpImages\ShrimpImages\WSSV_BG\WSSV_BG-16-img-1.jpg,WSSV_BG,False,False,1
WSSV_BG-16-img-2.jpg,C:\Users\Asus\PycharmProjects\AquaVision_v1\datasets\shrimp\ShrimpImages\ShrimpImages\WSSV_BG\WSSV_BG-16-img-2.jpg,WSSV_BG,False,False,0
WSSV_BG-17-img-3.jpg,C:\Users\Asus\PycharmProjects\AquaVision_v1\datasets\shrimp\ShrimpImages\ShrimpImages\WSSV_BG\WSSV_BG-17-img-3.jpg,WSSV_BG,False,False,1
WSSV_BG-18-img-1.jpg,C:\Users\Asus\PycharmProjects\AquaVision_v1\datasets\shrimp\ShrimpImages\ShrimpImages\WSSV_BG\WSSV_BG-18-img-1.jpg,WSSV_BG,True,False,-1
WSSV_BG-18-img-2.jpg,C:\Users\Asus\PycharmProjects\AquaVision_v1\datasets\shrimp\ShrimpImages\ShrimpImages\WSSV_BG\WSSV_BG-18-img-2.jpg,WSSV_BG,True,False,-1
WSSV_BG-18-img-3.jpg,C:\Users\Asus\PycharmProjects\AquaVision_v1\datasets\shrimp\ShrimpImages\ShrimpImages\WSSV_BG\WSSV_BG-18-img-3.jpg,WSSV_BG,False,False,2
WSSV_BG-19-img-2.jpg,C:\Users\Asus\PycharmProjects\AquaVision_v1\datasets\shrimp\ShrimpImages\ShrimpImages\WSSV_BG\WSSV_BG-19-img-2.jpg,WSSV_BG,False,False,2
WSSV_BG-19-img-3.jpg,C:\Users\Asus\PycharmProjects\AquaVision_v1\datasets\shrimp\ShrimpImages\ShrimpImages\WSSV_BG\WSSV_BG-19-img-3.jpg,WSSV_BG,False,False,0
WSSV_BG-2-img-1.jpg,C:\Users\Asus\PycharmProjects\AquaVision_v1\datasets\shrimp\ShrimpImages\ShrimpImages\WSSV_BG\WSSV_BG-2-img-1.jpg,WSSV_BG,False,False,2
WSSV_BG-2-img-2.jpg,C:\Users\Asus\PycharmProjects\AquaVision_v1\datasets\shrimp\ShrimpImages\ShrimpImages\WSSV_BG\WSSV_BG-2-img-2.jpg,WSSV_BG,False,False,2
WSSV_BG-20-img-3.jpg,C:\Users\Asus\PycharmProjects\AquaVision_v1\datasets\shrimp\ShrimpImages\ShrimpImages\WSSV_BG\WSSV_BG-20-img-3.jpg,WSSV_BG,False,False,4
WSSV_BG-21-img-1.jpg,C:\Users\Asus\PycharmProjects\AquaVision_v1\datasets\shrimp\ShrimpImages\ShrimpImages\WSSV_BG\WSSV_BG-21-img-1.jpg,WSSV_BG,False,False,3
WSSV_BG-21-img-2.jpg,C:\Users\Asus\PycharmProjects\AquaVision_v1\datasets\shrimp\ShrimpImages\ShrimpImages\WSSV_BG\WSSV_BG-21-img-2.jpg,WSSV_BG,False,False,3
WSSV_BG-22-img-1.jpg,C:\Users\Asus\PycharmProjects\AquaVision_v1\datasets\shrimp\ShrimpImages\ShrimpImages\WSSV_BG\WSSV_BG-22-img-1.jpg,WSSV_BG,False,False,3
WSSV_BG-22-img-3.jpg,C:\Users\Asus\PycharmProjects\AquaVision_v1\datasets\shrimp\ShrimpImages\ShrimpImages\WSSV_BG\WSSV_BG-22-img-3.jpg,WSSV_BG,False,False,4
WSSV_BG-23-img-1.jpg,C:\Users\Asus\PycharmProjects\AquaVision_v1\datasets\shrimp\ShrimpImages\ShrimpImages\WSSV_BG\WSSV_BG-23-img-1.jpg,WSSV_BG,False,False,4
WSSV_BG-24-img-1.jpg,C:\Users\Asus\PycharmProjects\AquaVision_v1\datasets\shrimp\ShrimpImages\ShrimpImages\WSSV_BG\WSSV_BG-24-img-1.jpg,WSSV_BG,False,False,0
WSSV_BG-24-img-2.jpg,C:\Users\Asus\PycharmProjects\AquaVision_v1\datasets\shrimp\ShrimpImages\ShrimpImages\WSSV_BG\WSSV_BG-24-img-2.jpg,WSSV_BG,True,False,-1
WSSV_BG-25-img-1.jpg,C:\Users\Asus\PycharmProjects\AquaVision_v1\datasets\shrimp\ShrimpImages\ShrimpImages\WSSV_BG\WSSV_BG-25-img-1.jpg,WSSV_BG,False,False,2
WSSV_BG-26-img-1.jpg,C:\Users\Asus\PycharmProjects\AquaVision_v1\datasets\shrimp\ShrimpImages\ShrimpImages\WSSV_BG\WSSV_BG-26-img-1.jpg,WSSV_BG,False,False,3
WSSV_BG-26-img-2.jpg,C:\Users\Asus\PycharmProjects\AquaVision_v1\datasets\shrimp\ShrimpImages\ShrimpImages\WSSV_BG\WSSV_BG-26-img-2.jpg,WSSV_BG,False,False,0
WSSV_BG-26-img-3.jpg,C:\Users\Asus\PycharmProjects\AquaVision_v1\datasets\shrimp\ShrimpImages\ShrimpImages\WSSV_BG\WSSV_BG-26-img-3.jpg,WSSV_BG,False,False,1
WSSV_BG-27-img-1.jpg,C:\Users\Asus\PycharmProjects\AquaVision_v1\datasets\shrimp\ShrimpImages\ShrimpImages\WSSV_BG\WSSV_BG-27-img-1.jpg,WSSV_BG,False,False,3
WSSV_BG-28-img-1.jpg,C:\Users\Asus\PycharmProjects\AquaVision_v1\datasets\shrimp\ShrimpImages\ShrimpImages\WSSV_BG\WSSV_BG-28-img-1.jpg,WSSV_BG,False,False,4
WSSV_BG-28-img-2.jpg,C:\Users\Asus\PycharmProjects\AquaVision_v1\datasets\shrimp\ShrimpImages\ShrimpImages\WSSV_BG\WSSV_BG-28-img-2.jpg,WSSV_BG,False,False,1
WSSV_BG-28-img-3.jpg,C:\Users\Asus\PycharmProjects\AquaVision_v1\datasets\shrimp\ShrimpImages\ShrimpImages\WSSV_BG\WSSV_BG-28-img-3.jpg,WSSV_BG,False,False,4
WSSV_BG-29-img-2.jpg,C:\Users\Asus\PycharmProjects\AquaVision_v1\datasets\shrimp\ShrimpImages\ShrimpImages\WSSV_BG\WSSV_BG-29-img-2.jpg,WSSV_BG,False,False,0
WSSV_BG-3-img-1.jpg,C:\Users\Asus\PycharmProjects\AquaVision_v1\datasets\shrimp\ShrimpImages\ShrimpImages\WSSV_BG\WSSV_BG-3-img-1.jpg,WSSV_BG,False,False,4
WSSV_BG-3-img-2.jpg,C:\Users\Asus\PycharmProjects\AquaVision_v1\datasets\shrimp\ShrimpImages\ShrimpImages\WSSV_BG\WSSV_BG-3-img-2.jpg,WSSV_BG,False,False,2
WSSV_BG-3-img-3.jpg,C:\Users\Asus\PycharmProjects\AquaVision_v1\datasets\shrimp\ShrimpImages\ShrimpImages\WSSV_BG\WSSV_BG-3-img-3.jpg,WSSV_BG,False,False,0
WSSV_BG-30-img-1.jpg,C:\Users\Asus\PycharmProjects\AquaVision_v1\datasets\shrimp\ShrimpImages\ShrimpImages\WSSV_BG\WSSV_BG-30-img-1.jpg,WSSV_BG,False,False,0
WSSV_BG-30-img-2.jpg,C:\Users\Asus\PycharmProjects\AquaVision_v1\datasets\shrimp\ShrimpImages\ShrimpImages\WSSV_BG\WSSV_BG-30-img-2.jpg,WSSV_BG,False,False,2
WSSV_BG-31-img-1.jpg,C:\Users\Asus\PycharmProjects\AquaVision_v1\datasets\shrimp\ShrimpImages\ShrimpImages\WSSV_BG\WSSV_BG-31-img-1.jpg,WSSV_BG,False,False,1
WSSV_BG-31-img-2.jpg,C:\Users\Asus\PycharmProjects\AquaVision_v1\datasets\shrimp\ShrimpImages\ShrimpImages\WSSV_BG\WSSV_BG-31-img-2.jpg,WSSV_BG,False,False,0
WSSV_BG-31-img-3.jpg,C:\Users\Asus\PycharmProjects\AquaVision_v1\datasets\shrimp\ShrimpImages\ShrimpImages\WSSV_BG\WSSV_BG-31-img-3.jpg,WSSV_BG,True,False,-1
WSSV_BG-32-img-1.jpg,C:\Users\Asus\PycharmProjects\AquaVision_v1\datasets\shrimp\ShrimpImages\ShrimpImages\WSSV_BG\WSSV_BG-32-img-1.jpg,WSSV_BG,False,False,2
WSSV_BG-32-img-2.jpg,C:\Users\Asus\PycharmProjects\AquaVision_v1\datasets\shrimp\ShrimpImages\ShrimpImages\WSSV_BG\WSSV_BG-32-img-2.jpg,WSSV_BG,True,False,-1
WSSV_BG-32-img-3.jpg,C:\Users\Asus\PycharmProjects\AquaVision_v1\datasets\shrimp\ShrimpImages\ShrimpImages\WSSV_BG\WSSV_BG-32-img-3.jpg,WSSV_BG,False,False,2
WSSV_BG-33-img-1.jpg,C:\Users\Asus\PycharmProjects\AquaVision_v1\datasets\shrimp\ShrimpImages\ShrimpImages\WSSV_BG\WSSV_BG-33-img-1.jpg,WSSV_BG,False,False,2
WSSV_BG-33-img-3.jpg,C:\Users\Asus\PycharmProjects\AquaVision_v1\datasets\shrimp\ShrimpImages\ShrimpImages\WSSV_BG\WSSV_BG-33-img-3.jpg,WSSV_BG,True,False,-1
WSSV_BG-34-img-1.jpg,C:\Users\Asus\PycharmProjects\AquaVision_v1\datasets\shrimp\ShrimpImages\ShrimpImages\WSSV_BG\WSSV_BG-34-img-1.jpg,WSSV_BG,True,False,-1
WSSV_BG-35-img-1.jpg,C:\Users\Asus\PycharmProjects\AquaVision_v1\datasets\shrimp\ShrimpImages\ShrimpImages\WSSV_BG\WSSV_BG-35-img-1.jpg,WSSV_BG,False,False,1
WSSV_BG-35-img-2.jpg,C:\Users\Asus\PycharmProjects\AquaVision_v1\datasets\shrimp\ShrimpImages\ShrimpImages\WSSV_BG\WSSV_BG-35-img-2.jpg,WSSV_BG,False,False,0
WSSV_BG-36-img-1.jpg,C:\Users\Asus\PycharmProjects\AquaVision_v1\datasets\shrimp\ShrimpImages\ShrimpImages\WSSV_BG\WSSV_BG-36-img-1.jpg,WSSV_BG,False,False,0
WSSV_BG-36-img-3.jpg,C:\Users\Asus\PycharmProjects\AquaVision_v1\datasets\shrimp\ShrimpImages\ShrimpImages\WSSV_BG\WSSV_BG-36-img-3.jpg,WSSV_BG,False,False,1
WSSV_BG-37-img-1.jpg,C:\Users\Asus\PycharmProjects\AquaVision_v1\datasets\shrimp\ShrimpImages\ShrimpImages\WSSV_BG\WSSV_BG-37-img-1.jpg,WSSV_BG,False,False,2
WSSV_BG-37-img-3.jpg,C:\Users\Asus\PycharmProjects\AquaVision_v1\datasets\shrimp\ShrimpImages\ShrimpImages\WSSV_BG\WSSV_BG-37-img-3.jpg,WSSV_BG,False,False,2
WSSV_BG-4-img-1.jpg,C:\Users\Asus\PycharmProjects\AquaVision_v1\datasets\shrimp\ShrimpImages\ShrimpImages\WSSV_BG\WSSV_BG-4-img-1.jpg,WSSV_BG,False,False,4
WSSV_BG-4-img-2.jpg,C:\Users\Asus\PycharmProjects\AquaVision_v1\datasets\shrimp\ShrimpImages\ShrimpImages\WSSV_BG\WSSV_BG-4-img-2.jpg,WSSV_BG,True,False,-1
WSSV_BG-40-img-1.jpg,C:\Users\Asus\PycharmProjects\AquaVision_v1\datasets\shrimp\ShrimpImages\ShrimpImages\WSSV_BG\WSSV_BG-40-img-1.jpg,WSSV_BG,False,False,3
WSSV_BG-40-img-2.jpg,C:\Users\Asus\PycharmProjects\AquaVision_v1\datasets\shrimp\ShrimpImages\ShrimpImages\WSSV_BG\WSSV_BG-40-img-2.jpg,WSSV_BG,False,False,0
WSSV_BG-40-img-3.jpg,C:\Users\Asus\PycharmProjects\AquaVision_v1\datasets\shrimp\ShrimpImages\ShrimpImages\WSSV_BG\WSSV_BG-40-img-3.jpg,WSSV_BG,False,False,4
WSSV_BG-41-img-1.jpg,C:\Users\Asus\PycharmProjects\AquaVision_v1\datasets\shrimp\ShrimpImages\ShrimpImages\WSSV_BG\WSSV_BG-41-img-1.jpg,WSSV_BG,True,False,-1
WSSV_BG-41-img-3.jpg,C:\Users\Asus\PycharmProjects\AquaVision_v1\datasets\shrimp\ShrimpImages\ShrimpImages\WSSV_BG\WSSV_BG-41-img-3.jpg,WSSV_BG,False,False,4
WSSV_BG-42-img-1.jpg,C:\Users\Asus\PycharmProjects\AquaVision_v1\datasets\shrimp\ShrimpImages\ShrimpImages\WSSV_BG\WSSV_BG-42-img-1.jpg,WSSV_BG,False,False,3
WSSV_BG-42-img-2.jpg,C:\Users\Asus\PycharmProjects\AquaVision_v1\datasets\shrimp\ShrimpImages\ShrimpImages\WSSV_BG\WSSV_BG-42-img-2.jpg,WSSV_BG,False,False,0
WSSV_BG-42-img-3.jpg,C:\Users\Asus\PycharmProjects\AquaVision_v1\datasets\shrimp\ShrimpImages\ShrimpImages\WSSV_BG\WSSV_BG-42-img-3.jpg,WSSV_BG,False,False,2
WSSV_BG-43-img-2.jpg,C:\Users\Asus\PycharmProjects\AquaVision_v1\datasets\shrimp\ShrimpImages\ShrimpImages\WSSV_BG\WSSV_BG-43-img-2.jpg,WSSV_BG,False,False,3
WSSV_BG-44-img-1.jpg,C:\Users\Asus\PycharmProjects\AquaVision_v1\datasets\shrimp\ShrimpImages\ShrimpImages\WSSV_BG\WSSV_BG-44-img-1.jpg,WSSV_BG,False,False,3
WSSV_BG-44-img-2.jpg,C:\Users\Asus\PycharmProjects\AquaVision_v1\datasets\shrimp\ShrimpImages\ShrimpImages\WSSV_BG\WSSV_BG-44-img-2.jpg,WSSV_BG,False,False,3
WSSV_BG-46-img-2.jpg,C:\Users\Asus\PycharmProjects\AquaVision_v1\datasets\shrimp\ShrimpImages\ShrimpImages\WSSV_BG\WSSV_BG-46-img-2.jpg,WSSV_BG,False,False,4
WSSV_BG-46-img-3.jpg,C:\Users\Asus\PycharmProjects\AquaVision_v1\datasets\shrimp\ShrimpImages\ShrimpImages\WSSV_BG\WSSV_BG-46-img-3.jpg,WSSV_BG,False,False,4
WSSV_BG-47-img-2.jpg,C:\Users\Asus\PycharmProjects\AquaVision_v1\datasets\shrimp\ShrimpImages\ShrimpImages\WSSV_BG\WSSV_BG-47-img-2.jpg,WSSV_BG,False,False,3
WSSV_BG-47-img-3.jpg,C:\Users\Asus\PycharmProjects\AquaVision_v1\datasets\shrimp\ShrimpImages\ShrimpImages\WSSV_BG\WSSV_BG-47-img-3.jpg,WSSV_BG,True,False,-1
WSSV_BG-48-img-1.jpg,C:\Users\Asus\PycharmProjects\AquaVision_v1\datasets\shrimp\ShrimpImages\ShrimpImages\WSSV_BG\WSSV_BG-48-img-1.jpg,WSSV_BG,False,False,0
WSSV_BG-48-img-3.jpg,C:\Users\Asus\PycharmProjects\AquaVision_v1\datasets\shrimp\ShrimpImages\ShrimpImages\WSSV_BG\WSSV_BG-48-img-3.jpg,WSSV_BG,False,False,1
WSSV_BG-49-img-1.jpg,C:\Users\Asus\PycharmProjects\AquaVision_v1\datasets\shrimp\ShrimpImages\ShrimpImages\WSSV_BG\WSSV_BG-49-img-1.jpg,WSSV_BG,False,False,1
WSSV_BG-5-img-1.jpg,C:\Users\Asus\PycharmProjects\AquaVision_v1\datasets\shrimp\ShrimpImages\ShrimpImages\WSSV_BG\WSSV_BG-5-img-1.jpg,WSSV_BG,False,False,0
WSSV_BG-5-img-2.jpg,C:\Users\Asus\PycharmProjects\AquaVision_v1\datasets\shrimp\ShrimpImages\ShrimpImages\WSSV_BG\WSSV_BG-5-img-2.jpg,WSSV_BG,False,False,3
WSSV_BG-5-img-3.jpg,C:\Users\Asus\PycharmProjects\AquaVision_v1\datasets\shrimp\ShrimpImages\ShrimpImages\WSSV_BG\WSSV_BG-5-img-3.jpg,WSSV_BG,False,False,4
WSSV_BG-50-img-2.jpg,C:\Users\Asus\PycharmProjects\AquaVision_v1\datasets\shrimp\ShrimpImages\ShrimpImages\WSSV_BG\WSSV_BG-50-img-2.jpg,WSSV_BG,False,False,2
WSSV_BG-50-img-3.jpg,C:\Users\Asus\PycharmProjects\AquaVision_v1\datasets\shrimp\ShrimpImages\ShrimpImages\WSSV_BG\WSSV_BG-50-img-3.jpg,WSSV_BG,False,False,3
WSSV_BG-51-img-1.jpg,C:\Users\Asus\PycharmProjects\AquaVision_v1\datasets\shrimp\ShrimpImages\ShrimpImages\WSSV_BG\WSSV_BG-51-img-1.jpg,WSSV_BG,True,False,-1
WSSV_BG-51-img-2.jpg,C:\Users\Asus\PycharmProjects\AquaVision_v1\datasets\shrimp\ShrimpImages\ShrimpImages\WSSV_BG\WSSV_BG-51-img-2.jpg,WSSV_BG,True,False,-1
WSSV_BG-51-img-3.jpg,C:\Users\Asus\PycharmProjects\AquaVision_v1\datasets\shrimp\ShrimpImages\ShrimpImages\WSSV_BG\WSSV_BG-51-img-3.jpg,WSSV_BG,False,False,3
WSSV_BG-52-img-1.jpg,C:\Users\Asus\PycharmProjects\AquaVision_v1\datasets\shrimp\ShrimpImages\ShrimpImages\WSSV_BG\WSSV_BG-52-img-1.jpg,WSSV_BG,False,False,0
WSSV_BG-52-img-2.jpg,C:\Users\Asus\PycharmProjects\AquaVision_v1\datasets\shrimp\ShrimpImages\ShrimpImages\WSSV_BG\WSSV_BG-52-img-2.jpg,WSSV_BG,False,False,4
WSSV_BG-52-img-3.jpg,C:\Users\Asus\PycharmProjects\AquaVision_v1\datasets\shrimp\ShrimpImages\ShrimpImages\WSSV_BG\WSSV_BG-52-img-3.jpg,WSSV_BG,True,False,-1
WSSV_BG-53-img-1.jpg,C:\Users\Asus\PycharmProjects\AquaVision_v1\datasets\shrimp\ShrimpImages\ShrimpImages\WSSV_BG\WSSV_BG-53-img-1.jpg,WSSV_BG,False,False,1
WSSV_BG-54-img-1.jpg,C:\Users\Asus\PycharmProjects\AquaVision_v1\datasets\shrimp\ShrimpImages\ShrimpImages\WSSV_BG\WSSV_BG-54-img-1.jpg,WSSV_BG,False,False,3
WSSV_BG-54-img-2.jpg,C:\Users\Asus\PycharmProjects\AquaVision_v1\datasets\shrimp\ShrimpImages\ShrimpImages\WSSV_BG\WSSV_BG-54-img-2.jpg,WSSV_BG,False,False,2
WSSV_BG-56-img-1.jpg,C:\Users\Asus\PycharmProjects\AquaVision_v1\datasets\shrimp\ShrimpImages\ShrimpImages\WSSV_BG\WSSV_BG-56-img-1.jpg,WSSV_BG,True,False,-1
WSSV_BG-56-img-2.jpg,C:\Users\Asus\PycharmProjects\AquaVision_v1\datasets\shrimp\ShrimpImages\ShrimpImages\WSSV_BG\WSSV_BG-56-img-2.jpg,WSSV_BG,True,False,-1
WSSV_BG-56-img-3.jpg,C:\Users\Asus\PycharmProjects\AquaVision_v1\datasets\shrimp\ShrimpImages\ShrimpImages\WSSV_BG\WSSV_BG-56-img-3.jpg,WSSV_BG,False,False,4
WSSV_BG-57-img-1.jpg,C:\Users\Asus\PycharmProjects\AquaVision_v1\datasets\shrimp\ShrimpImages\ShrimpImages\WSSV_BG\WSSV_BG-57-img-1.jpg,WSSV_BG,False,False,3
WSSV_BG-57-img-2.jpg,C:\Users\Asus\PycharmProjects\AquaVision_v1\datasets\shrimp\ShrimpImages\ShrimpImages\WSSV_BG\WSSV_BG-57-img-2.jpg,WSSV_BG,False,False,2
WSSV_BG-57-img-3.jpg,C:\Users\Asus\PycharmProjects\AquaVision_v1\datasets\shrimp\ShrimpImages\ShrimpImages\WSSV_BG\WSSV_BG-57-img-3.jpg,WSSV_BG,False,False,4
WSSV_BG-58-img-3.jpg,C:\Users\Asus\PycharmProjects\AquaVision_v1\datasets\shrimp\ShrimpImages\ShrimpImages\WSSV_BG\WSSV_BG-58-img-3.jpg,WSSV_BG,False,False,0
WSSV_BG-59-img-1.jpg,C:\Users\Asus\PycharmProjects\AquaVision_v1\datasets\shrimp\ShrimpImages\ShrimpImages\WSSV_BG\WSSV_BG-59-img-1.jpg,WSSV_BG,False,False,4
WSSV_BG-6-img-1.jpg,C:\Users\Asus\PycharmProjects\AquaVision_v1\datasets\shrimp\ShrimpImages\ShrimpImages\WSSV_BG\WSSV_BG-6-img-1.jpg,WSSV_BG,False,False,1
WSSV_BG-6-img-2.jpg,C:\Users\Asus\PycharmProjects\AquaVision_v1\datasets\shrimp\ShrimpImages\ShrimpImages\WSSV_BG\WSSV_BG-6-img-2.jpg,WSSV_BG,False,False,3
WSSV_BG-6-img-3.jpg,C:\Users\Asus\PycharmProjects\AquaVision_v1\datasets\shrimp\ShrimpImages\ShrimpImages\WSSV_BG\WSSV_BG-6-img-3.jpg,WSSV_BG,False,False,3
WSSV_BG-61-img-3.jpg,C:\Users\Asus\PycharmProjects\AquaVision_v1\datasets\shrimp\ShrimpImages\ShrimpImages\WSSV_BG\WSSV_BG-61-img-3.jpg,WSSV_BG,False,False,4
WSSV_BG-62-img-3.jpg,C:\Users\Asus\PycharmProjects\AquaVision_v1\datasets\shrimp\ShrimpImages\ShrimpImages\WSSV_BG\WSSV_BG-62-img-3.jpg,WSSV_BG,False,False,4
WSSV_BG-63-img-1.jpg,C:\Users\Asus\PycharmProjects\AquaVision_v1\datasets\shrimp\ShrimpImages\ShrimpImages\WSSV_BG\WSSV_BG-63-img-1.jpg,WSSV_BG,False,False,1
WSSV_BG-63-img-2.jpg,C:\Users\Asus\PycharmProjects\AquaVision_v1\datasets\shrimp\ShrimpImages\ShrimpImages\WSSV_BG\WSSV_BG-63-img-2.jpg,WSSV_BG,False,False,1
WSSV_BG-63-img-3.jpg,C:\Users\Asus\PycharmProjects\AquaVision_v1\datasets\shrimp\ShrimpImages\ShrimpImages\WSSV_BG\WSSV_BG-63-img-3.jpg,WSSV_BG,False,False,1
WSSV_BG-64-img-1.jpg,C:\Users\Asus\PycharmProjects\AquaVision_v1\datasets\shrimp\ShrimpImages\ShrimpImages\WSSV_BG\WSSV_BG-64-img-1.jpg,WSSV_BG,False,False,0
WSSV_BG-64-img-3.jpg,C:\Users\Asus\PycharmProjects\AquaVision_v1\datasets\shrimp\ShrimpImages\ShrimpImages\WSSV_BG\WSSV_BG-64-img-3.jpg,WSSV_BG,True,False,-1
WSSV_BG-65-img-1.jpg,C:\Users\Asus\PycharmProjects\AquaVision_v1\datasets\shrimp\ShrimpImages\ShrimpImages\WSSV_BG\WSSV_BG-65-img-1.jpg,WSSV_BG,True,False,-1
WSSV_BG-65-img-3.jpg,C:\Users\Asus\PycharmProjects\AquaVision_v1\datasets\shrimp\ShrimpImages\ShrimpImages\WSSV_BG\WSSV_BG-65-img-3.jpg,WSSV_BG,False,False,0
WSSV_BG-66-img-3.jpg,C:\Users\Asus\PycharmProjects\AquaVision_v1\datasets\shrimp\ShrimpImages\ShrimpImages\WSSV_BG\WSSV_BG-66-img-3.jpg,WSSV_BG,False,False,3
WSSV_BG-67-img-1.jpg,C:\Users\Asus\PycharmProjects\AquaVision_v1\datasets\shrimp\ShrimpImages\ShrimpImages\WSSV_BG\WSSV_BG-67-img-1.jpg,WSSV_BG,False,False,2
WSSV_BG-67-img-3.jpg,C:\Users\Asus\PycharmProjects\AquaVision_v1\datasets\shrimp\ShrimpImages\ShrimpImages\WSSV_BG\WSSV_BG-67-img-3.jpg,WSSV_BG,False,False,4
WSSV_BG-68-img-2.jpg,C:\Users\Asus\PycharmProjects\AquaVision_v1\datasets\shrimp\ShrimpImages\ShrimpImages\WSSV_BG\WSSV_BG-68-img-2.jpg,WSSV_BG,False,False,1
WSSV_BG-68-img-3.jpg,C:\Users\Asus\PycharmProjects\AquaVision_v1\datasets\shrimp\ShrimpImages\ShrimpImages\WSSV_BG\WSSV_BG-68-img-3.jpg,WSSV_BG,False,False,4
WSSV_BG-69-img-3.jpg,C:\Users\Asus\PycharmProjects\AquaVision_v1\datasets\shrimp\ShrimpImages\ShrimpImages\WSSV_BG\WSSV_BG-69-img-3.jpg,WSSV_BG,False,False,0
WSSV_BG-7-img-1.jpg,C:\Users\Asus\PycharmProjects\AquaVision_v1\datasets\shrimp\ShrimpImages\ShrimpImages\WSSV_BG\WSSV_BG-7-img-1.jpg,WSSV_BG,False,False,1
WSSV_BG-7-img-2.jpg,C:\Users\Asus\PycharmProjects\AquaVision_v1\datasets\shrimp\ShrimpImages\ShrimpImages\WSSV_BG\WSSV_BG-7-img-2.jpg,WSSV_BG,False,False,3
WSSV_BG-7-img-3.jpg,C:\Users\Asus\PycharmProjects\AquaVision_v1\datasets\shrimp\ShrimpImages\ShrimpImages\WSSV_BG\WSSV_BG-7-img-3.jpg,WSSV_BG,False,False,4
WSSV_BG-70-img-1.jpg,C:\Users\Asus\PycharmProjects\AquaVision_v1\datasets\shrimp\ShrimpImages\ShrimpImages\WSSV_BG\WSSV_BG-70-img-1.jpg,WSSV_BG,False,False,3
WSSV_BG-71-img-1.jpg,C:\Users\Asus\PycharmProjects\AquaVision_v1\datasets\shrimp\ShrimpImages\ShrimpImages\WSSV_BG\WSSV_BG-71-img-1.jpg,WSSV_BG,False,False,0
WSSV_BG-71-img-3.jpg,C:\Users\Asus\PycharmProjects\AquaVision_v1\datasets\shrimp\ShrimpImages\ShrimpImages\WSSV_BG\WSSV_BG-71-img-3.jpg,WSSV_BG,False,False,1
WSSV_BG-73-img-1.jpg,C:\Users\Asus\PycharmProjects\AquaVision_v1\datasets\shrimp\ShrimpImages\ShrimpImages\WSSV_BG\WSSV_BG-73-img-1.jpg,WSSV_BG,False,False,3
WSSV_BG-74-img-1.jpg,C:\Users\Asus\PycharmProjects\AquaVision_v1\datasets\shrimp\ShrimpImages\ShrimpImages\WSSV_BG\WSSV_BG-74-img-1.jpg,WSSV_BG,False,False,3
WSSV_BG-74-img-3.jpg,C:\Users\Asus\PycharmProjects\AquaVision_v1\datasets\shrimp\ShrimpImages\ShrimpImages\WSSV_BG\WSSV_BG-74-img-3.jpg,WSSV_BG,False,False,0
WSSV_BG-75-img-1.jpg,C:\Users\Asus\PycharmProjects\AquaVision_v1\datasets\shrimp\ShrimpImages\ShrimpImages\WSSV_BG\WSSV_BG-75-img-1.jpg,WSSV_BG,True,False,-1
WSSV_BG-75-img-2.jpg,C:\Users\Asus\PycharmProjects\AquaVision_v1\datasets\shrimp\ShrimpImages\ShrimpImages\WSSV_BG\WSSV_BG-75-img-2.jpg,WSSV_BG,True,False,-1
WSSV_BG-76-img-1.jpg,C:\Users\Asus\PycharmProjects\AquaVision_v1\datasets\shrimp\ShrimpImages\ShrimpImages\WSSV_BG\WSSV_BG-76-img-1.jpg,WSSV_BG,False,False,4
WSSV_BG-76-img-2.jpg,C:\Users\Asus\PycharmProjects\AquaVision_v1\datasets\shrimp\ShrimpImages\ShrimpImages\WSSV_BG\WSSV_BG-76-img-2.jpg,WSSV_BG,False,False,0
WSSV_BG-76-img-3.jpg,C:\Users\Asus\PycharmProjects\AquaVision_v1\datasets\shrimp\ShrimpImages\ShrimpImages\WSSV_BG\WSSV_BG-76-img-3.jpg,WSSV_BG,False,False,3
WSSV_BG-77-img-1.jpg,C:\Users\Asus\PycharmProjects\AquaVision_v1\datasets\shrimp\ShrimpImages\ShrimpImages\WSSV_BG\WSSV_BG-77-img-1.jpg,WSSV_BG,False,False,3
WSSV_BG-77-img-2.jpg,C:\Users\Asus\PycharmProjects\AquaVision_v1\datasets\shrimp\ShrimpImages\ShrimpImages\WSSV_BG\WSSV_BG-77-img-2.jpg,WSSV_BG,False,False,2
WSSV_BG-77-img-3.jpg,C:\Users\Asus\PycharmProjects\AquaVision_v1\datasets\shrimp\ShrimpImages\ShrimpImages\WSSV_BG\WSSV_BG-77-img-3.jpg,WSSV_BG,False,False,1
WSSV_BG-78-img-1.jpg,C:\Users\Asus\PycharmProjects\AquaVision_v1\datasets\shrimp\ShrimpImages\ShrimpImages\WSSV_BG\WSSV_BG-78-img-1.jpg,WSSV_BG,False,False,2
WSSV_BG-78-img-3.jpg,C:\Users\Asus\PycharmProjects\AquaVision_v1\datasets\shrimp\ShrimpImages\ShrimpImages\WSSV_BG\WSSV_BG-78-img-3.jpg,WSSV_BG,False,False,1
WSSV_BG-79-img-1.jpg,C:\Users\Asus\PycharmProjects\AquaVision_v1\datasets\shrimp\ShrimpImages\ShrimpImages\WSSV_BG\WSSV_BG-79-img-1.jpg,WSSV_BG,True,False,-1
WSSV_BG-79-img-3.jpg,C:\Users\Asus\PycharmProjects\AquaVision_v1\datasets\shrimp\ShrimpImages\ShrimpImages\WSSV_BG\WSSV_BG-79-img-3.jpg,WSSV_BG,False,False,3
WSSV_BG-8-img-2.jpg,C:\Users\Asus\PycharmProjects\AquaVision_v1\datasets\shrimp\ShrimpImages\ShrimpImages\WSSV_BG\WSSV_BG-8-img-2.jpg,WSSV_BG,False,False,2
WSSV_BG-8-img-3.jpg,C:\Users\Asus\PycharmProjects\AquaVision_v1\datasets\shrimp\ShrimpImages\ShrimpImages\WSSV_BG\WSSV_BG-8-img-3.jpg,WSSV_BG,True,False,-1
WSSV_BG-80-img-1.jpg,C:\Users\Asus\PycharmProjects\AquaVision_v1\datasets\shrimp\ShrimpImages\ShrimpImages\WSSV_BG\WSSV_BG-80-img-1.jpg,WSSV_BG,False,False,1
WSSV_BG-80-img-3.jpg,C:\Users\Asus\PycharmProjects\AquaVision_v1\datasets\shrimp\ShrimpImages\ShrimpImages\WSSV_BG\WSSV_BG-80-img-3.jpg,WSSV_BG,False,False,3
WSSV_BG-81-img-1.jpg,C:\Users\Asus\PycharmProjects\AquaVision_v1\datasets\shrimp\ShrimpImages\ShrimpImages\WSSV_BG\WSSV_BG-81-img-1.jpg,WSSV_BG,False,False,4
WSSV_BG-81-img-2.jpg,C:\Users\Asus\PycharmProjects\AquaVision_v1\datasets\shrimp\ShrimpImages\ShrimpImages\WSSV_BG\WSSV_BG-81-img-2.jpg,WSSV_BG,False,False,3
WSSV_BG-9-img-1.jpg,C:\Users\Asus\PycharmProjects\AquaVision_v1\datasets\shrimp\ShrimpImages\ShrimpImages\WSSV_BG\WSSV_BG-9-img-1.jpg,WSSV_BG,False,False,1
WSSV_BG-9-img-3.jpg,C:\Users\Asus\PycharmProjects\AquaVision_v1\datasets\shrimp\ShrimpImages\ShrimpImages\WSSV_BG\WSSV_BG-9-img-3.jpg,WSSV_BG,False,False,2
aug_0_BG-39-img-3.jpg,C:\Users\Asus\PycharmProjects\AquaVision_v1\datasets\shrimp\Augmented_shrimp\BG\aug_0_BG-39-img-3.jpg,BG,True,True,-1
aug_102_BG-57-img-1.jpg,C:\Users\Asus\PycharmProjects\AquaVision_v1\datasets\shrimp\Augmented_shrimp\BG\aug_102_BG-57-img-1.jpg,BG,False,True,3
aug_103_BG-48-img-1.jpg,C:\Users\Asus\PycharmProjects\AquaVision_v1\datasets\shrimp\Augmented_shrimp\BG\aug_103_BG-48-img-1.jpg,BG,False,True,2
aug_104_BG-54-img-3.jpg,C:\Users\Asus\PycharmProjects\AquaVision_v1\datasets\shrimp\Augmented_shrimp\BG\aug_104_BG-54-img-3.jpg,BG,False,True,3
aug_105_BG-20-img-2.jpg,C:\Users\Asus\PycharmProjects\AquaVision_v1\datasets\shrimp\Augmented_shrimp\BG\aug_105_BG-20-img-2.jpg,BG,False,True,3
aug_106_BG-59-img-2.jpg,C:\Users\Asus\PycharmProjects\AquaVision_v1\datasets\shrimp\Augmented_shrimp\BG\aug_106_BG-59-img-2.jpg,BG,False,True,3
aug_109_BG-46-img-2.jpg,C:\Users\Asus\PycharmProjects\AquaVision_v1\datasets\shrimp\Augmented_shrimp\BG\aug_109_BG-46-img-2.jpg,BG,False,True,1
aug_10_BG-43-img-3.jpg,C:\Users\Asus\PycharmProjects\AquaVision_v1\datasets\shrimp\Augmented_shrimp\BG\aug_10_BG-43-img-3.jpg,BG,False,True,0
aug_110_BG-13-img-1.jpg,C:\Users\Asus\PycharmProjects\AquaVision_v1\datasets\shrimp\Augmented_shrimp\BG\aug_110_BG-13-img-1.jpg,BG,False,True,3
aug_111_BG-55-img-2.jpg,C:\Users\Asus\PycharmProjects\AquaVision_v1\datasets\shrimp\Augmented_shrimp\BG\aug_111_BG-55-img-2.jpg,BG,False,True,3
aug_112_BG-4-img-3.jpg,C:\Users\Asus\PycharmProjects\AquaVision_v1\datasets\shrimp\Augmented_shrimp\BG\aug_112_BG-4-img-3.jpg,BG,False,True,2
aug_113_BG-70-img-1.jpg,C:\Users\Asus\PycharmProjects\AquaVision_v1\datasets\shrimp\Augmented_shrimp\BG\aug_113_BG-70-img-1.jpg,BG,False,True,1
aug_115_BG-27-img-2.jpg,C:\Users\Asus\PycharmProjects\AquaVision_v1\datasets\shrimp\Augmented_shrimp\BG\aug_115_BG-27-img-2.jpg,BG,False,True,3
aug_116_BG-48-img-3.jpg,C:\Users\Asus\PycharmProjects\AquaVision_v1\datasets\shrimp\Augmented_shrimp\BG\aug_116_BG-48-img-3.jpg,BG,True,True,-1
aug_117_BG-2-img-3.jpg,C:\Users\Asus\PycharmProjects\AquaVision_v1\datasets\shrimp\Augmented_shrimp\BG\aug_117_BG-2-img-3.jpg,BG,True,True,-1
aug_118_BG-26-img-1.jpg,C:\Users\Asus\PycharmProjects\AquaVision_v1\datasets\shrimp\Augmented_shrimp\BG\aug_118_BG-26-img-1.jpg,BG,True,True,-1
aug_119_BG-21-img-3.jpg,C:\Users\Asus\PycharmProjects\AquaVision_v1\datasets\shrimp\Augmented_shrimp\BG\aug_119_BG-21-img-3.jpg,BG,False,True,2
aug_11_BG-64-img-2.jpg,C:\Users\Asus\PycharmProjects\AquaVision_v1\datasets\shrimp\Augmented_shrimp\BG\aug_11_BG-64-img-2.jpg,BG,True,True,-1
aug_120_BG-1-img-2.jpg,C:\Users\Asus\PycharmProjects\AquaVision_v1\datasets\shrimp\Augmented_shrimp\BG\aug_120_BG-1-img-2.jpg,BG,False,True,1
aug_121_BG-49-img-3.jpg,C:\Users\Asus\PycharmProjects\AquaVision_v1\datasets\shrimp\Augmented_shrimp\BG\aug_121_BG-49-img-3.jpg,BG,False,True,4
aug_122_BG-47-img-3.jpg,C:\Users\Asus\PycharmProjects\AquaVision_v1\datasets\shrimp\Augmented_shrimp\BG\aug_122_BG-47-img-3.jpg,BG,False,True,4
aug_123_BG-35-img-2.jpg,C:\Users\Asus\PycharmProjects\AquaVision_v1\datasets\shrimp\Augmented_shrimp\BG\aug_123_BG-35-img-2.jpg,BG,False,True,4
aug_124_BG-63-img-2.jpg,C:\Users\Asus\PycharmProjects\AquaVision_v1\datasets\shrimp\Augmented_shrimp\BG\aug_124_BG-63-img-2.jpg,BG,False,True,2
aug_125_BG-56-img-3.jpg,C:\Users\Asus\PycharmProjects\AquaVision_v1\datasets\shrimp\Augmented_shrimp\BG\aug_125_BG-56-img-3.jpg,BG,False,True,4
aug_126_BG-40-img-3.jpg,C:\Users\Asus\PycharmProjects\AquaVision_v1\datasets\shrimp\Augmented_shrimp\BG\aug_126_BG-40-img-3.jpg,BG,False,True,3
aug_127_BG-71-img-3.jpg,C:\Users\Asus\PycharmProjects\AquaVision_v1\datasets\shrimp\Augmented_shrimp\BG\aug_127_BG-71-img-3.jpg,BG,False,True,2
aug_128_BG-51-img-3.jpg,C:\Users\Asus\PycharmProjects\AquaVision_v1\datasets\shrimp\Augmented_shrimp\BG\aug_128_BG-51-img-3.jpg,BG,False,True,3
aug_129_BG-53-img-1.jpg,C:\Users\Asus\PycharmProjects\AquaVision_v1\datasets\shrimp\Augmented_shrimp\BG\aug_129_BG-53-img-1.jpg,BG,False,True,0
aug_12_BG-52-img-2.jpg,C:\Users\Asus\PycharmProjects\AquaVision_v1\datasets\shrimp\Augmented_shrimp\BG\aug_12_BG-52-img-2.jpg,BG,False,True,1
aug_130_BG-38-img-2.jpg,C:\Users\Asus\PycharmProjects\AquaVision_v1\datasets\shrimp\Augmented_shrimp\BG\aug_130_BG-38-img-2.jpg,BG,False,True,2
aug_132_BG-6-img-3.jpg,C:\Users\Asus\PycharmProjects\AquaVision_v1\datasets\shrimp\Augmented_shrimp\BG\aug_132_BG-6-img-3.jpg,BG,False,True,3
aug_134_BG-8-img-1.jpg,C:\Users\Asus\PycharmProjects\AquaVision_v1\datasets\shrimp\Augmented_shrimp\BG\aug_134_BG-8-img-1.jpg,BG,True,True,-1
aug_135_BG-69-img-2.jpg,C:\Users\Asus\PycharmProjects\AquaVision_v1\datasets\shrimp\Augmented_shrimp\BG\aug_135_BG-69-img-2.jpg,BG,False,True,1
aug_136_BG-44-img-2.jpg,C:\Users\Asus\PycharmProjects\AquaVision_v1\datasets\shrimp\Augmented_shrimp\BG\aug_136_BG-44-img-2.jpg,BG,False,True,4
aug_138_BG-1-img-3.jpg,C:\Users\Asus\PycharmProjects\AquaVision_v1\datasets\shrimp\Augmented_shrimp\BG\aug_138_BG-1-img-3.jpg,BG,False,True,4
aug_139_BG-10-img-2.jpg,C:\Users\Asus\PycharmProjects\AquaVision_v1\datasets\shrimp\Augmented_shrimp\BG\aug_139_BG-10-img-2.jpg,BG,False,True,1
aug_13_BG-55-img-3.jpg,C:\Users\Asus\PycharmProjects\AquaVision_v1\datasets\shrimp\Augmented_shrimp\BG\aug_13_BG-55-img-3.jpg,BG,False,True,1
aug_141_BG-63-img-1.jpg,C:\Users\Asus\PycharmProjects\AquaVision_v1\datasets\shrimp\Augmented_shrimp\BG\aug_141_BG-63-img-1.jpg,BG,False,True,0
aug_142_BG-38-img-3.jpg,C:\Users\Asus\PycharmProjects\AquaVision_v1\datasets\shrimp\Augmented_shrimp\BG\aug_142_BG-38-img-3.jpg,BG,False,True,1
aug_143_BG-25-img-1.jpg,C:\Users\Asus\PycharmProjects\AquaVision_v1\datasets\shrimp\Augmented_shrimp\BG\aug_143_BG-25-img-1.jpg,BG,False,True,4
aug_144_BG-49-img-2.jpg,C:\Users\Asus\PycharmProjects\AquaVision_v1\datasets\shrimp\Augmented_shrimp\BG\aug_144_BG-49-img-2.jpg,BG,True,True,-1
aug_145_BG-59-img-1.jpg,C:\Users\Asus\PycharmProjects\AquaVision_v1\datasets\shrimp\Augmented_shrimp\BG\aug_145_BG-59-img-1.jpg,BG,False,True,1
aug_146_BG-67-img-3.jpg,C:\Users\Asus\PycharmProjects\AquaVision_v1\datasets\shrimp\Augmented_shrimp\BG\aug_146_BG-67-img-3.jpg,BG,False,True,2
aug_147_BG-28-img-2.jpg,C:\Users\Asus\PycharmProjects\AquaVision_v1\datasets\shrimp\Augmented_shrimp\BG\aug_147_BG-28-img-2.jpg,BG,False,True,3
aug_148_BG-34-img-3.jpg,C:\Users\Asus\PycharmProjects\AquaVision_v1\datasets\shrimp\Augmented_shrimp\BG\aug_148_BG-34-img-3.jpg,BG,False,True,1
aug_149_BG-33-img-1.jpg,C:\Users\Asus\PycharmProjects\AquaVision_v1\datasets\shrimp\Augmented_shrimp\BG\aug_149_BG-33-img-1.jpg,BG,False,True,2
aug_151_BG-73-img-1.jpg,C:\Users\Asus\PycharmProjects\AquaVision_v1\datasets\shrimp\Augmented_shrimp\BG\aug_151_BG-73-img-1.jpg,BG,False,True,4
aug_152_BG-35-img-1.jpg,C:\Users\Asus\PycharmProjects\AquaVision_v1\datasets\shrimp\Augmented_shrimp\BG\aug_152_BG-35-img-1.jpg,BG,False,True,0
aug_153_BG-37-img-1.jpg,C:\Users\Asus\PycharmProjects\AquaVision_v1\datasets\shrimp\Augmented_shrimp\BG\aug_153_BG-37-img-1.jpg,BG,False,True,4
aug_154_BG-30-img-3.jpg,C:\Users\Asus\PycharmProjects\AquaVision_v1\datasets\shrimp\Augmented_shrimp\BG\aug_154_BG-30-img-3.jpg,BG,False,True,0
aug_156_BG-54-img-1.jpg,C:\Users\Asus\PycharmProjects\AquaVision_v1\datasets\shrimp\Augmented_shrimp\BG\aug_156_BG-54-img-1.jpg,BG,False,True,3
aug_157_BG-15-img-2.jpg,C:\Users\Asus\PycharmProjects\AquaVision_v1\datasets\shrimp\Augmented_shrimp\BG\aug_157_BG-15-img-2.jpg,BG,False,True,1
aug_158_BG-21-img-1.jpg,C:\Users\Asus\PycharmProjects\AquaVision_v1\datasets\shrimp\Augmented_shrimp\BG\aug_158_BG-21-img-1.jpg,BG,False,True,2
aug_159_BG-36-img-1.jpg,C:\Users\Asus\PycharmProjects\AquaVision_v1\datasets\shrimp\Augmented_shrimp\BG\aug_159_BG-36-img-1.jpg,BG,False,True,1
aug_15_BG-2-img-1.jpg,C:\Users\Asus\PycharmProjects\AquaVision_v1\datasets\shrimp\Augmented_shrimp\BG\aug_15_BG-2-img-1.jpg,BG,False,True,2
aug_160_BG-13-img-2.jpg,C:\Users\Asus\PycharmProjects\AquaVision_v1\datasets\shrimp\Augmented_shrimp\BG\aug_160_BG-13-img-2.jpg,BG,False,True,0
aug_161_BG-41-img-1.jpg,C:\Users\Asus\PycharmProjects\AquaVision_v1\datasets\shrimp\Augmented_shrimp\BG\aug_161_BG-41-img-1.jpg,BG,False,True,0
aug_162_BG-44-img-1.jpg,C:\Users\Asus\PycharmProjects\AquaVision_v1\datasets\shrimp\Augmented_shrimp\BG\aug_162_BG-44-img-1.jpg,BG,False,True,0
aug_163_BG-1-img-1.jpg,C:\Users\Asus\PycharmProjects\AquaVision_v1\datasets\shrimp\Augmented_shrimp\BG\aug_163_BG-1-img-1.jpg,BG,False,True,2
aug_166_BG-61-img-1.jpg,C:\Users\Asus\PycharmProjects\AquaVision_v1\datasets\shrimp\Augmented_shrimp\BG\aug_166_BG-61-img-1.jpg,BG,False,True,2
aug_167_BG-12-img-3.jpg,C:\Users\Asus\PycharmProjects\AquaVision_v1\datasets\shrimp\Augmented_shrimp\BG\aug_167_BG-12-img-3.jpg,BG,False,True,4
aug_168_BG-12-img-2.jpg,C:\Users\Asus\PycharmProjects\AquaVision_v1\datasets\shrimp\Augmented_shrimp\BG\aug_168_BG-12-img-2.jpg,BG,True,True,-1
aug_16_BG-19-img-2.jpg,C:\Users\Asus\PycharmProjects\AquaVision_v1\datasets\shrimp\Augmented_shrimp\BG\aug_16_BG-19-img-2.jpg,BG,False,True,1
aug_170_BG-40-img-1.jpg,C:\Users\Asus\PycharmProjects\AquaVision_v1\datasets\shrimp\Augmented_shrimp\BG\aug_170_BG-40-img-1.jpg,BG,False,True,4
aug_171_BG-75-img-2.jpg,C:\Users\Asus\PycharmProjects\AquaVision_v1\datasets\shrimp\Augmented_shrimp\BG\aug_171_BG-75-img-2.jpg,BG,False,True,0
aug_172_BG-28-img-1.jpg,C:\Users\Asus\PycharmProjects\AquaVision_v1\datasets\shrimp\Augmented_shrimp\BG\aug_172_BG-28-img-1.jpg,BG,False,True,1
aug_173_BG-52-img-1.jpg,C:\Users\Asus\PycharmProjects\AquaVision_v1\datasets\shrimp\Augmented_shrimp\BG\aug_173_BG-52-img-1.jpg,BG,False,True,4
aug_174_BG-62-img-3.jpg,C:\Users\Asus\PycharmProjects\AquaVision_v1\datasets\shrimp\Augmented_shrimp\BG\aug_174_BG-62-img-3.jpg,BG,True,True,-1
aug_175_BG-69-img-1.jpg,C:\Users\Asus\PycharmProjects\AquaVision_v1\datasets\shrimp\Augmented_shrimp\BG\aug_175_BG-69-img-1.jpg,BG,False,True,2
aug_176_BG-68-img-1.jpg,C:\Users\Asus\PycharmProjects\AquaVision_v1\datasets\shrimp\Augmented_shrimp\BG\aug_176_BG-68-img-1.jpg,BG,True,True,-1
aug_177_BG-4-img-2.jpg,C:\Users\Asus\PycharmProjects\AquaVision_v1\datasets\shrimp\Augmented_shrimp\BG\aug_177_BG-4-img-2.jpg,BG,False,True,3
aug_178_BG-22-img-1.jpg,C:\Users\Asus\PycharmProjects\AquaVision_v1\datasets\shrimp\Augmented_shrimp\BG\aug_178_BG-22-img-1.jpg,BG,False,True,1
aug_179_BG-66-img-1.jpg,C:\Users\Asus\PycharmProjects\AquaVision_v1\datasets\shrimp\Augmented_shrimp\BG\aug_179_BG-66-img-1.jpg,BG,False,True,0
aug_180_BG-5-img-1.jpg,C:\Users\Asus\PycharmProjects\AquaVision_v1\datasets\shrimp\Augmented_shrimp\BG\aug_180_BG-5-img-1.jpg,BG,False,True,1
aug_181_BG-6-img-2.jpg,C:\Users\Asus\PycharmProjects\AquaVision_v1\datasets\shrimp\Augmented_shrimp\BG\aug_181_BG-6-img-2.jpg,BG,False,True,3
aug_182_BG-45-img-3.jpg,C:\Users\Asus\PycharmProjects\AquaVision_v1\datasets\shrimp\Augmented_shrimp\BG\aug_182_BG-45-img-3.jpg,BG,False,True,3
aug_183_BG-32-img-2.jpg,C:\Users\Asus\PycharmProjects\AquaVision_v1\datasets\shrimp\Augmented_shrimp\BG\aug_183_BG-32-img-2.jpg,BG,False,True,2
aug_184_BG-53-img-3.jpg,C:\Users\Asus\PycharmProjects\AquaVision_v1\datasets\shrimp\Augmented_shrimp\BG\aug_184_BG-53-img-3.jpg,BG,False,True,0
aug_185_BG-42-img-3.jpg,C:\Users\Asus\PycharmProjects\AquaVision_v1\datasets\shrimp\Augmented_shrimp\BG\aug_185_BG-42-img-3.jpg,BG,True,True,-1
aug_187_BG-43-img-1.jpg,C:\Users\Asus\PycharmProjects\AquaVision_v1\datasets\shrimp\Augmented_shrimp\BG\aug_187_BG-43-img-1.jpg,BG,False,True,4
aug_188_BG-35-img-3.jpg,C:\Users\Asus\PycharmProjects\AquaVision_v1\datasets\shrimp\Augmented_shrimp\BG\aug_188_BG-35-img-3.jpg,BG,False,True,2
aug_189_BG-29-img-2.jpg,C:\Users\Asus\PycharmProjects\AquaVision_v1\datasets\shrimp\Augmented_shrimp\BG\aug_189_BG-29-img-2.jpg,BG,False,True,4
aug_190_BG-18-img-1.jpg,C:\Users\Asus\PycharmProjects\AquaVision_v1\datasets\shrimp\Augmented_shrimp\BG\aug_190_BG-18-img-1.jpg,BG,False,True,3
aug_191_BG-58-img-3.jpg,C:\Users\Asus\PycharmProjects\AquaVision_v1\datasets\shrimp\Augmented_shrimp\BG\aug_191_BG-58-img-3.jpg,BG,True,True,-1
aug_192_BG-38-img-1.jpg,C:\Users\Asus\PycharmProjects\AquaVision_v1\datasets\shrimp\Augmented_shrimp\BG\aug_192_BG-38-img-1.jpg,BG,False,True,0
aug_193_BG-75-img-1.jpg,C:\Users\Asus\PycharmProjects\AquaVision_v1\datasets\shrimp\Augmented_shrimp\BG\aug_193_BG-75-img-1.jpg,BG,False,True,4
aug_194_BG-40-img-2.jpg,C:\Users\Asus\PycharmProjects\AquaVision_v1\datasets\shrimp\Augmented_shrimp\BG\aug_194_BG-40-img-2.jpg,BG,False,True,4
aug_199_BG-42-img-1.jpg,C:\Users\Asus\PycharmProjects\AquaVision_v1\datasets\shrimp\Augmented_shrimp\BG\aug_199_BG-42-img-1.jpg,BG,False,True,4
aug_19_BG-14-img-1.jpg,C:\Users\Asus\PycharmProjects\AquaVision_v1\datasets\shrimp\Augmented_shrimp\BG\aug_19_BG-14-img-1.jpg,BG,False,True,1
aug_200_BG-37-img-2.jpg,C:\Users\Asus\PycharmProjects\AquaVision_v1\datasets\shrimp\Augmented_shrimp\BG\aug_200_BG-37-img-2.jpg,BG,True,True,-1
aug_202_BG-27-img-1.jpg,C:\Users\Asus\PycharmProjects\AquaVision_v1\datasets\shrimp\Augmented_shrimp\BG\aug_202_BG-27-img-1.jpg,BG,True,True,-1
aug_203_BG-45-img-1.jpg,C:\Users\Asus\PycharmProjects\AquaVision_v1\datasets\shrimp\Augmented_shrimp\BG\aug_203_BG-45-img-1.jpg,BG,False,True,2
aug_204_BG-72-img-3.jpg,C:\Users\Asus\PycharmProjects\AquaVision_v1\datasets\shrimp\Augmented_shrimp\BG\aug_204_BG-72-img-3.jpg,BG,False,True,4
aug_206_BG-37-img-3.jpg,C:\Users\Asus\PycharmProjects\AquaVision_v1\datasets\shrimp\Augmented_shrimp\BG\aug_206_BG-37-img-3.jpg,BG,False,True,3
aug_207_BG-60-img-2.jpg,C:\Users\Asus\PycharmProjects\AquaVision_v1\datasets\shrimp\Augmented_shrimp\BG\aug_207_BG-60-img-2.jpg,BG,False,True,3
aug_210_BG-52-img-2.jpg,C:\Users\Asus\PycharmProjects\AquaVision_v1\datasets\shrimp\Augmented_shrimp\BG\aug_210_BG-52-img-2.jpg,BG,False,True,1
aug_211_BG-55-img-3.jpg,C:\Users\Asus\PycharmProjects\AquaVision_v1\datasets\shrimp\Augmented_shrimp\BG\aug_211_BG-55-img-3.jpg,BG,True,True,-1
aug_212_BG-72-img-2.jpg,C:\Users\Asus\PycharmProjects\AquaVision_v1\datasets\shrimp\Augmented_shrimp\BG\aug_212_BG-72-img-2.jpg,BG,False,True,2
aug_213_BG-2-img-1.jpg,C:\Users\Asus\PycharmProjects\AquaVision_v1\datasets\shrimp\Augmented_shrimp\BG\aug_213_BG-2-img-1.jpg,BG,False,True,1
aug_214_BG-19-img-2.jpg,C:\Users\Asus\PycharmProjects\AquaVision_v1\datasets\shrimp\Augmented_shrimp\BG\aug_214_BG-19-img-2.jpg,BG,True,True,-1
aug_215_BG-29-img-1.jpg,C:\Users\Asus\PycharmProjects\AquaVision_v1\datasets\shrimp\Augmented_shrimp\BG\aug_215_BG-29-img-1.jpg,BG,False,True,0
aug_216_BG-36-img-3.jpg,C:\Users\Asus\PycharmProjects\AquaVision_v1\datasets\shrimp\Augmented_shrimp\BG\aug_216_BG-36-img-3.jpg,BG,False,True,3
aug_218_BG-61-img-3.jpg,C:\Users\Asus\PycharmProjects\AquaVision_v1\datasets\shrimp\Augmented_shrimp\BG\aug_218_BG-61-img-3.jpg,BG,True,True,-1
aug_219_BG-50-img-2.jpg,C:\Users\Asus\PycharmProjects\AquaVision_v1\datasets\shrimp\Augmented_shrimp\BG\aug_219_BG-50-img-2.jpg,BG,False,True,0
aug_21_BG-50-img-2.jpg,C:\Users\Asus\PycharmProjects\AquaVision_v1\datasets\shrimp\Augmented_shrimp\BG\aug_21_BG-50-img-2.jpg,BG,False,True,2
aug_220_BG-53-img-2.jpg,C:\Users\Asus\PycharmProjects\AquaVision_v1\datasets\shrimp\Augmented_shrimp\BG\aug_220_BG-53-img-2.jpg,BG,False,True,0
aug_221_BG-64-img-1.jpg,C:\Users\Asus\PycharmProjects\AquaVision_v1\datasets\shrimp\Augmented_shrimp\BG\aug_221_BG-64-img-1.jpg,BG,False,True,3
aug_223_BG-62-img-1.jpg,C:\Users\Asus\PycharmProjects\AquaVision_v1\datasets\shrimp\Augmented_shrimp\BG\aug_223_BG-62-img-1.jpg,BG,False,True,4
aug_224_BG-65-img-1.jpg,C:\Users\Asus\PycharmProjects\AquaVision_v1\datasets\shrimp\Augmented_shrimp\BG\aug_224_BG-65-img-1.jpg,BG,False,True,0
aug_225_BG-39-img-1.jpg,C:\Users\Asus\PycharmProjects\AquaVision_v1\datasets\shrimp\Augmented_shrimp\BG\aug_225_BG-39-img-1.jpg,BG,False,True,4
aug_226_BG-47-img-1.jpg,C:\Users\Asus\PycharmProjects\AquaVision_v1\datasets\shrimp\Augmented_shrimp\BG\aug_226_BG-47-img-1.jpg,BG,False,True,2
aug_227_BG-9-img-3.jpg,C:\Users\Asus\PycharmProjects\AquaVision_v1\datasets\shrimp\Augmented_shrimp\BG\aug_227_BG-9-img-3.jpg,BG,False,True,4
aug_228_BG-22-img-3.jpg,C:\Users\Asus\PycharmProjects\AquaVision_v1\datasets\shrimp\Augmented_shrimp\BG\aug_228_BG-22-img-3.jpg,BG,False,True,0
aug_22_BG-53-img-2.jpg,C:\Users\Asus\PycharmProjects\AquaVision_v1\datasets\shrimp\Augmented_shrimp\BG\aug_22_BG-53-img-2.jpg,BG,False,True,4
aug_231_BG-24-img-2.jpg,C:\Users\Asus\PycharmProjects\AquaVision_v1\datasets\shrimp\Augmented_shrimp\BG\aug_231_BG-24-img-2.jpg,BG,False,True,3
aug_232_BG-34-img-2.jpg,C:\Users\Asus\PycharmProjects\AquaVision_v1\datasets\shrimp\Augmented_shrimp\BG\aug_232_BG-34-img-2.jpg,BG,False,True,3
aug_233_BG-39-img-2.jpg,C:\Users\Asus\PycharmProjects\AquaVision_v1\datasets\shrimp\Augmented_shrimp\BG\aug_233_BG-39-img-2.jpg,BG,False,True,0
aug_234_BG-30-img-1.jpg,C:\Users\Asus\PycharmProjects\AquaVision_v1\datasets\shrimp\Augmented_shrimp\BG\aug_234_BG-30-img-1.jpg,BG,False,True,1
aug_235_BG-8-img-3.jpg,C:\Users\Asus\PycharmProjects\AquaVision_v1\datasets\shrimp\Augmented_shrimp\BG\aug_235_BG-8-img-3.jpg,BG,False,True,0
aug_236_BG-3-img-1.jpg,C:\Users\Asus\PycharmProjects\AquaVision_v1\datasets\shrimp\Augmented_shrimp\BG\aug_236_BG-3-img-1.jpg,BG,True,True,-1
aug_237_BG-31-img-3.jpg,C:\Users\Asus\PycharmProjects\AquaVision_v1\datasets\shrimp\Augmented_shrimp\BG\aug_237_BG-31-img-3.jpg,BG,False,True,4
aug_238_BG-24-img-3.jpg,C:\Users\Asus\PycharmProjects\AquaVision_v1\datasets\shrimp\Augmented_shrimp\BG\aug_238_BG-24-img-3.jpg,BG,False,True,2
aug_239_BG-31-img-1.jpg,C:\Users\Asus\PycharmProjects\AquaVision_v1\datasets\shrimp\Augmented_shrimp\BG\aug_239_BG-31-img-1.jpg,BG,False,True,3
aug_23_BG-64-img-1.jpg,C:\Users\Asus\PycharmProjects\AquaVision_v1\datasets\shrimp\Augmented_shrimp\BG\aug_23_BG-64-img-1.jpg,BG,False,True,4
aug_240_BG-51-img-2.jpg,C:\Users\Asus\PycharmProjects\AquaVision_v1\datasets\shrimp\Augmented_shrimp\BG\aug_240_BG-51-img-2.jpg,BG,False,True,3
aug_241_BG-30-img-2.jpg,C:\Users\Asus\PycharmProjects\AquaVision_v1\datasets\shrimp\Augmented_shrimp\BG\aug_241_BG-30-img-2.jpg,BG,False,True,2
aug_242_BG-51-img-1.jpg,C:\Users\Asus\PycharmProjects\AquaVision_v1\datasets\shrimp\Augmented_shrimp\BG\aug_242_BG-51-img-1.jpg,BG,False,True,0
aug_243_BG-4-img-1.jpg,C:\Users\Asus\PycharmProjects\AquaVision_v1\datasets\shrimp\Augmented_shrimp\BG\aug_243_BG-4-img-1.jpg,BG,False,True,2
aug_244_BG-9-img-2.jpg,C:\Users\Asus\PycharmProjects\AquaVision_v1\datasets\shrimp\Augmented_shrimp\BG\aug_244_BG-9-img-2.jpg,BG,False,True,1
aug_245_BG-3-img-2.jpg,C:\Users\Asus\PycharmProjects\AquaVision_v1\datasets\shrimp\Augmented_shrimp\BG\aug_245_BG-3-img-2.jpg,BG,False,True,0
aug_246_BG-71-img-2.jpg,C:\Users\Asus\PycharmProjects\AquaVision_v1\datasets\shrimp\Augmented_shrimp\BG\aug_246_BG-71-img-2.jpg,BG,False,True,0
aug_247_BG-32-img-1.jpg,C:\Users\Asus\PycharmProjects\AquaVision_v1\datasets\shrimp\Augmented_shrimp\BG\aug_247_BG-32-img-1.jpg,BG,False,True,0
aug_24_BG-55-img-1.jpg,C:\Users\Asus\PycharmProjects\AquaVision_v1\datasets\shrimp\Augmented_shrimp\BG\aug_24_BG-55-img-1.jpg,BG,True,True,-1
aug_250_BG-27-img-3.jpg,C:\Users\Asus\PycharmProjects\AquaVision_v1\datasets\shrimp\Augmented_shrimp\BG\aug_250_BG-27-img-3.jpg,BG,False,True,2
aug_251_BG-3-img-3.jpg,C:\Users\Asus\PycharmProjects\AquaVision_v1\datasets\shrimp\Augmented_shrimp\BG\aug_251_BG-3-img-3.jpg,BG,True,True,-1
aug_252_BG-70-img-3.jpg,C:\Users\Asus\PycharmProjects\AquaVision_v1\datasets\shrimp\Augmented_shrimp\BG\aug_252_BG-70-img-3.jpg,BG,False,True,0
aug_253_BG-59-img-3.jpg,C:\Users\Asus\PycharmProjects\AquaVision_v1\datasets\shrimp\Augmented_shrimp\BG\aug_253_BG-59-img-3.jpg,BG,False,True,4
aug_254_BG-23-img-2.jpg,C:\Users\Asus\PycharmProjects\AquaVision_v1\datasets\shrimp\Augmented_shrimp\BG\aug_254_BG-23-img-2.jpg,BG,False,True,4
aug_256_BG-74-img-1.jpg,C:\Users\Asus\PycharmProjects\AquaVision_v1\datasets\shrimp\Augmented_shrimp\BG\aug_256_BG-74-img-1.jpg,BG,False,True,3
aug_257_BG-67-img-2.jpg,C:\Users\Asus\PycharmProjects\AquaVision_v1\datasets\shrimp\Augmented_shrimp\BG\aug_257_BG-67-img-2.jpg,BG,True,True,-1
aug_258_BG-41-img-3.jpg,C:\Users\Asus\PycharmProjects\AquaVision_v1\datasets\shrimp\Augmented_shrimp\BG\aug_258_BG-41-img-3.jpg,BG,False,True,4
aug_25_BG-62-img-1.jpg,C:\Users\Asus\PycharmProjects\AquaVision_v1\datasets\shrimp\Augmented_shrimp\BG\aug_25_BG-62-img-1.jpg,BG,True,True,-1
aug_261_BG-69-img-3.jpg,C:\Users\Asus\PycharmProjects\AquaVision_v1\datasets\shrimp\Augmented_shrimp\BG\aug_261_BG-69-img-3.jpg,BG,False,True,3
aug_262_BG-46-img-1.jpg,C:\Users\Asus\PycharmProjects\AquaVision_v1\datasets\shrimp\Augmented_shrimp\BG\aug_262_BG-46-img-1.jpg,BG,False,True,3
aug_263_BG-56-img-2.jpg,C:\Users\Asus\PycharmProjects\AquaVision_v1\datasets\shrimp\Augmented_shrimp\BG\aug_263_BG-56-img-2.jpg,BG,False,True,3
aug_264_BG-75-img-3.jpg,C:\Users\Asus\PycharmProjects\AquaVision_v1\datasets\shrimp\Augmented_shrimp\BG\aug_264_BG-75-img-3.jpg,BG,True,True,-1
aug_265_BG-44-img-3.jpg,C:\Users\Asus\PycharmProjects\AquaVision_v1\datasets\shrimp\Augmented_shrimp\BG\aug_265_BG-44-img-3.jpg,BG,False,True,4
aug_266_BG-20-img-1.jpg,C:\Users\Asus\PycharmProjects\AquaVision_v1\datasets\shrimp\Augmented_shrimp\BG\aug_266_BG-20-img-1.jpg,BG,False,True,3
aug_267_BG-66-img-2.jpg,C:\Users\Asus\PycharmProjects\AquaVision_v1\datasets\shrimp\Augmented_shrimp\BG\aug_267_BG-66-img-2.jpg,BG,False,True,4
aug_269_BG-67-img-1.jpg,C:\Users\Asus\PycharmProjects\AquaVision_v1\datasets\shrimp\Augmented_shrimp\BG\aug_269_BG-67-img-1.jpg,BG,False,True,4
aug_26_BG-65-img-1.jpg,C:\Users\Asus\PycharmProjects\AquaVision_v1\datasets\shrimp\Augmented_shrimp\BG\aug_26_BG-65-img-1.jpg,BG,False,True,4
aug_271_BG-56-img-1.jpg,C:\Users\Asus\PycharmProjects\AquaVision_v1\datasets\shrimp\Augmented_shrimp\BG\aug_271_BG-56-img-1.jpg,BG,False,True,2
aug_272_BG-73-img-3.jpg,C:\Users\Asus\PycharmProjects\AquaVision_v1\datasets\shrimp\Augmented_shrimp\BG\aug_272_BG-73-img-3.jpg,BG,False,True,2
aug_274_BG-64-img-3.jpg,C:\Users\Asus\PycharmProjects\AquaVision_v1\datasets\shrimp\Augmented_shrimp\BG\aug_274_BG-64-img-3.jpg,BG,False,True,0
aug_277_BG-24-img-1.jpg,C:\Users\Asus\PycharmProjects\AquaVision_v1\datasets\shrimp\Augmented_shrimp\BG\aug_277_BG-24-img-1.jpg,BG,True,True,-1
aug_278_BG-62-img-2.jpg,C:\Users\Asus\PycharmProjects\AquaVision_v1\datasets\shrimp\Augmented_shrimp\BG\aug_278_BG-62-img-2.jpg,BG,False,True,3
aug_279_BG-15-img-1.jpg,C:\Users\Asus\PycharmProjects\AquaVision_v1\datasets\shrimp\Augmented_shrimp\BG\aug_279_BG-15-img-1.jpg,BG,True,True,-1
aug_280_BG-6-img-1.jpg,C:\Users\Asus\PycharmProjects\AquaVision_v1\datasets\shrimp\Augmented_shrimp\BG\aug_280_BG-6-img-1.jpg,BG,False,True,2
aug_281_BG-68-img-3.jpg,C:\Users\Asus\PycharmProjects\AquaVision_v1\datasets\shrimp\Augmented_shrimp\BG\aug_281_BG-68-img-3.jpg,BG,False,True,3
aug_282_BG-41-img-2.jpg,C:\Users\Asus\PycharmProjects\AquaVision_v1\datasets\shrimp\Augmented_shrimp\BG\aug_282_BG-41-img-2.jpg,BG,False,True,1
aug_283_BG-47-img-2.jpg,C:\Users\Asus\PycharmProjects\AquaVision_v1\datasets\shrimp\Augmented_shrimp\BG\aug_283_BG-47-img-2.jpg,BG,False,True,0
aug_284_BG-54-img-2.jpg,C:\Users\Asus\PycharmProjects\AquaVision_v1\datasets\shrimp\Augmented_shrimp\BG\aug_284_BG-54-img-2.jpg,BG,False,True,0
aug_285_BG-70-img-2.jpg,C:\Users\Asus\PycharmProjects\AquaVision_v1\datasets\shrimp\Augmented_shrimp\BG\aug_285_BG-70-img-2.jpg,BG,False,True,0
aug_286_BG-12-img-1.jpg,C:\Users\Asus\PycharmProjects\AquaVision_v1\datasets\shrimp\Augmented_shrimp\BG\aug_286_BG-12-img-1.jpg,BG,False,True,1
aug_288_BG-73-img-2.jpg,C:\Users\Asus\PycharmProjects\AquaVision_v1\datasets\shrimp\Augmented_shrimp\BG\aug_288_BG-73-img-2.jpg,BG,False,True,3
aug_289_BG-45-img-2.jpg,C:\Users\Asus\PycharmProjects\AquaVision_v1\datasets\shrimp\Augmented_shrimp\BG\aug_289_BG-45-img-2.jpg,BG,True,True,-1
aug_28_BG-47-img-1.jpg,C:\Users\Asus\PycharmProjects\AquaVision_v1\datasets\shrimp\Augmented_shrimp\BG\aug_28_BG-47-img-1.jpg,BG,False,True,0
aug_290_BG-25-img-2.jpg,C:\Users\Asus\PycharmProjects\AquaVision_v1\datasets\shrimp\Augmented_shrimp\BG\aug_290_BG-25-img-2.jpg,BG,False,True,3
aug_291_BG-21-img-2.jpg,C:\Users\Asus\PycharmProjects\AquaVision_v1\datasets\shrimp\Augmented_shrimp\BG\aug_291_BG-21-img-2.jpg,BG,False,True,1
aug_292_BG-31-img-2.jpg,C:\Users\Asus\PycharmProjects\AquaVision_v1\datasets\shrimp\Augmented_shrimp\BG\aug_292_BG-31-img-2.jpg,BG,True,True,-1
aug_293_BG-60-img-1.jpg,C:\Users\Asus\PycharmProjects\AquaVision_v1\datasets\shrimp\Augmented_shrimp\BG\aug_293_BG-60-img-1.jpg,BG,True,True,-1
aug_294_BG-19-img-1.jpg,C:\Users\Asus\PycharmProjects\AquaVision_v1\datasets\shrimp\Augmented_shrimp\BG\aug_294_BG-19-img-1.jpg,BG,False,True,0
aug_295_BG-52-img-3.jpg,C:\Users\Asus\PycharmProjects\AquaVision_v1\datasets\shrimp\Augmented_shrimp\BG\aug_295_BG-52-img-3.jpg,BG,False,True,3
aug_29_BG-9-img-3.jpg,C:\Users\Asus\PycharmProjects\AquaVision_v1\datasets\shrimp\Augmented_shrimp\BG\aug_29_BG-9-img-3.jpg,BG,False,True,3
aug_2_BG-37-img-2.jpg,C:\Users\Asus\PycharmProjects\AquaVision_v1\datasets\shrimp\Augmented_shrimp\BG\aug_2_BG-37-img-2.jpg,BG,True,True,-1
aug_300_BG-57-img-1.jpg,C:\Users\Asus\PycharmProjects\AquaVision_v1\datasets\shrimp\Augmented_shrimp\BG\aug_300_BG-57-img-1.jpg,BG,False,True,0
aug_32_BG-42-img-2.jpg,C:\Users\Asus\PycharmProjects\AquaVision_v1\datasets\shrimp\Augmented_shrimp\BG\aug_32_BG-42-img-2.jpg,BG,False,True,1
aug_34_BG-34-img-2.jpg,C:\Users\Asus\PycharmProjects\AquaVision_v1\datasets\shrimp\Augmented_shrimp\BG\aug_34_BG-34-img-2.jpg,BG,False,True,4
aug_35_BG-39-img-2.jpg,C:\Users\Asus\PycharmProjects\AquaVision_v1\datasets\shrimp\Augmented_shrimp\BG\aug_35_BG-39-img-2.jpg,BG,False,True,2
aug_36_BG-30-img-1.jpg,C:\Users\Asus\PycharmProjects\AquaVision_v1\datasets\shrimp\Augmented_shrimp\BG\aug_36_BG-30-img-1.jpg,BG,False,True,4
aug_38_BG-3-img-1.jpg,C:\Users\Asus\PycharmProjects\AquaVision_v1\datasets\shrimp\Augmented_shrimp\BG\aug_38_BG-3-img-1.jpg,BG,False,True,1
aug_39_BG-31-img-3.jpg,C:\Users\Asus\PycharmProjects\AquaVision_v1\datasets\shrimp\Augmented_shrimp\BG\aug_39_BG-31-img-3.jpg,BG,False,True,4
aug_3_BG-29-img-3.jpg,C:\Users\Asus\PycharmProjects\AquaVision_v1\datasets\shrimp\Augmented_shrimp\BG\aug_3_BG-29-img-3.jpg,BG,False,True,3
aug_40_BG-24-img-3.jpg,C:\Users\Asus\PycharmProjects\AquaVision_v1\datasets\shrimp\Augmented_shrimp\BG\aug_40_BG-24-img-3.jpg,BG,False,True,0
aug_44_BG-51-img-1.jpg,C:\Users\Asus\PycharmProjects\AquaVision_v1\datasets\shrimp\Augmented_shrimp\BG\aug_44_BG-51-img-1.jpg,BG,False,True,0
aug_45_BG-4-img-1.jpg,C:\Users\Asus\PycharmProjects\AquaVision_v1\datasets\shrimp\Augmented_shrimp\BG\aug_45_BG-4-img-1.jpg,BG,True,True,-1
aug_46_BG-9-img-2.jpg,C:\Users\Asus\PycharmProjects\AquaVision_v1\datasets\shrimp\Augmented_shrimp\BG\aug_46_BG-9-img-2.jpg,BG,False,True,2
aug_48_BG-71-img-2.jpg,C:\Users\Asus\PycharmProjects\AquaVision_v1\datasets\shrimp\Augmented_shrimp\BG\aug_48_BG-71-img-2.jpg,BG,False,True,2
aug_4_BG-27-img-1.jpg,C:\Users\Asus\PycharmProjects\AquaVision_v1\datasets\shrimp\Augmented_shrimp\BG\aug_4_BG-27-img-1.jpg,BG,False,True,4
aug_50_BG-25-img-3.jpg,C:\Users\Asus\PycharmProjects\AquaVision_v1\datasets\shrimp\Augmented_shrimp\BG\aug_50_BG-25-img-3.jpg,BG,False,True,2
aug_53_BG-3-img-3.jpg,C:\Users\Asus\PycharmProjects\AquaVision_v1\datasets\shrimp\Augmented_shrimp\BG\aug_53_BG-3-img-3.jpg,BG,False,True,2
aug_54_BG-70-img-3.jpg,C:\Users\Asus\PycharmProjects\AquaVision_v1\datasets\shrimp\Augmented_shrimp\BG\aug_54_BG-70-img-3.jpg,BG,False,True,0
aug_59_BG-67-img-2.jpg,C:\Users\Asus\PycharmProjects\AquaVision_v1\datasets\shrimp\Augmented_shrimp\BG\aug_59_BG-67-img-2.jpg,BG,False,True,0
aug_5_BG-45-img-1.jpg,C:\Users\Asus\PycharmProjects\AquaVision_v1\datasets\shrimp\Augmented_shrimp\BG\aug_5_BG-45-img-1.jpg,BG,False,True,3
aug_60_BG-41-img-3.jpg,C:\Users\Asus\PycharmProjects\AquaVision_v1\datasets\shrimp\Augmented_shrimp\BG\aug_60_BG-41-img-3.jpg,BG,False,True,3
aug_63_BG-69-img-3.jpg,C:\Users\Asus\PycharmProjects\AquaVision_v1\datasets\shrimp\Augmented_shrimp\BG\aug_63_BG-69-img-3.jpg,BG,False,True,0
aug_64_BG-46-img-1.jpg,C:\Users\Asus\PycharmProjects\AquaVision_v1\datasets\shrimp\Augmented_shrimp\BG\aug_64_BG-46-img-1.jpg,BG,False,True,4
aug_65_BG-56-img-2.jpg,C:\Users\Asus\PycharmProjects\AquaVision_v1\datasets\shrimp\Augmented_shrimp\BG\aug_65_BG-56-img-2.jpg,BG,False,True,2
aug_67_BG-44-img-3.jpg,C:\Users\Asus\PycharmProjects\AquaVision_v1\datasets\shrimp\Augmented_shrimp\BG\aug_67_BG-44-img-3.jpg,BG,True,True,-1
aug_70_BG-74-img-3.jpg,C:\Users\Asus\PycharmProjects\AquaVision_v1\datasets\shrimp\Augmented_shrimp\BG\aug_70_BG-74-img-3.jpg,BG,False,True,4
aug_71_BG-67-img-1.jpg,C:\Users\Asus\PycharmProjects\AquaVision_v1\datasets\shrimp\Augmented_shrimp\BG\aug_71_BG-67-img-1.jpg,BG,False,True,2
aug_72_BG-11-img-3.jpg,C:\Users\Asus\PycharmProjects\AquaVision_v1\datasets\shrimp\Augmented_shrimp\BG\aug_72_BG-11-img-3.jpg,BG,False,True,4
aug_73_BG-56-img-1.jpg,C:\Users\Asus\PycharmProjects\AquaVision_v1\datasets\shrimp\Augmented_shrimp\BG\aug_73_BG-56-img-1.jpg,BG,False,True,3
aug_74_BG-73-img-3.jpg,C:\Users\Asus\PycharmProjects\AquaVision_v1\datasets\shrimp\Augmented_shrimp\BG\aug_74_BG-73-img-3.jpg,BG,False,True,4
aug_75_BG-10-img-1.jpg,C:\Users\Asus\PycharmProjects\AquaVision_v1\datasets\shrimp\Augmented_shrimp\BG\aug_75_BG-10-img-1.jpg,BG,False,True,2
aug_76_BG-64-img-3.jpg,C:\Users\Asus\PycharmProjects\AquaVision_v1\datasets\shrimp\Augmented_shrimp\BG\aug_76_BG-64-img-3.jpg,BG,True,True,-1
aug_77_BG-71-img-1.jpg,C:\Users\Asus\PycharmProjects\AquaVision_v1\datasets\shrimp\Augmented_shrimp\BG\aug_77_BG-71-img-1.jpg,BG,False,True,1
aug_7_BG-36-img-2.jpg,C:\Users\Asus\PycharmProjects\AquaVision_v1\datasets\shrimp\Augmented_shrimp\BG\aug_7_BG-36-img-2.jpg,BG,False,True,2
aug_82_BG-6-img-1.jpg,C:\Users\Asus\PycharmProjects\AquaVision_v1\datasets\shrimp\Augmented_shrimp\BG\aug_82_BG-6-img-1.jpg,BG,False,True,1
aug_85_BG-47-img-2.jpg,C:\Users\Asus\PycharmProjects\AquaVision_v1\datasets\shrimp\Augmented_shrimp\BG\aug_85_BG-47-img-2.jpg,BG,False,True,1
aug_88_BG-12-img-1.jpg,C:\Users\Asus\PycharmProjects\AquaVision_v1\datasets\shrimp\Augmented_shrimp\BG\aug_88_BG-12-img-1.jpg,BG,False,True,3
aug_8_BG-37-img-3.jpg,C:\Users\Asus\PycharmProjects\AquaVision_v1\datasets\shrimp\Augmented_shrimp\BG\aug_8_BG-37-img-3.jpg,BG,False,True,1
aug_90_BG-73-img-2.jpg,C:\Users\Asus\PycharmProjects\AquaVision_v1\datasets\shrimp\Augmented_shrimp\BG\aug_90_BG-73-img-2.jpg,BG,False,True,4
aug_93_BG-21-img-2.jpg,C:\Users\Asus\PycharmProjects\AquaVision_v1\datasets\shrimp\Augmented_shrimp\BG\aug_93_BG-21-img-2.jpg,BG,False,True,0
aug_94_BG-31-img-2.jpg,C:\Users\Asus\PycharmProjects\AquaVision_v1\datasets\shrimp\Augmented_shrimp\BG\aug_94_BG-31-img-2.jpg,BG,False,True,2
aug_95_BG-60-img-1.jpg,C:\Users\Asus\PycharmProjects\AquaVision_v1\datasets\shrimp\Augmented_shrimp\BG\aug_95_BG-60-img-1.jpg,BG,True,True,-1
aug_96_BG-19-img-1.jpg,C:\Users\Asus\PycharmProjects\AquaVision_v1\datasets\shrimp\Augmented_shrimp\BG\aug_96_BG-19-img-1.jpg,BG,False,True,1
aug_97_BG-52-img-3.jpg,C:\Users\Asus\PycharmProjects\AquaVision_v1\datasets\shrimp\Augmented_shrimp\BG\aug_97_BG-52-img-3.jpg,BG,False,True,1
aug_98_BG-23-img-3.jpg,C:\Users\Asus\PycharmProjects\AquaVision_v1\datasets\shrimp\Augmented_shrimp\BG\aug_98_BG-23-img-3.jpg,BG,False,True,4
aug_99_BG-58-img-2.jpg,C:\Users\Asus\PycharmProjects\AquaVision_v1\datasets\shrimp\Augmented_shrimp\BG\aug_99_BG-58-img-2.jpg,BG,True,True,-1
aug_9_BG-60-img-2.jpg,C:\Users\Asus\PycharmProjects\AquaVision_v1\datasets\shrimp\Augmented_shrimp\BG\aug_9_BG-60-img-2.jpg,BG,False,True,1
aug_10_Healthy-50-img-2.jpg,C:\Users\Asus\PycharmProjects\AquaVision_v1\datasets\shrimp\Augmented_shrimp\Healthy\aug_10_Healthy-50-img-2.jpg,Healthy,False,True,1
aug_11_Healthy-106-img-2.jpg,C:\Users\Asus\PycharmProjects\AquaVision_v1\datasets\shrimp\Augmented_shrimp\Healthy\aug_11_Healthy-106-img-2.jpg,Healthy,False,True,1
aug_12_Healthy-4-img-1.jpg,C:\Users\Asus\PycharmProjects\AquaVision_v1\datasets\shrimp\Augmented_shrimp\Healthy\aug_12_Healthy-4-img-1.jpg,Healthy,False,True,3
aug_13_Healthy-28-img-2.jpg,C:\Users\Asus\PycharmProjects\AquaVision_v1\datasets\shrimp\Augmented_shrimp\Healthy\aug_13_Healthy-28-img-2.jpg,Healthy,False,True,0
aug_14_Healthy-8-img-2.jpg,C:\Users\Asus\PycharmProjects\AquaVision_v1\datasets\shrimp\Augmented_shrimp\Healthy\aug_14_Healthy-8-img-2.jpg,Healthy,False,True,1
aug_15_Healthy-129-img-2.jpg,C:\Users\Asus\PycharmProjects\AquaVision_v1\datasets\shrimp\Augmented_shrimp\Healthy\aug_15_Healthy-129-img-2.jpg,Healthy,False,True,4
aug_17_Healthy-100-img-1.jpg,C:\Users\Asus\PycharmProjects\AquaVision_v1\datasets\shrimp\Augmented_shrimp\Healthy\aug_17_Healthy-100-img-1.jpg,Healthy,False,True,1
aug_18_Healthy-96-img-2.jpg,C:\Users\Asus\PycharmProjects\AquaVision_v1\datasets\shrimp\Augmented_shrimp\Healthy\aug_18_Healthy-96-img-2.jpg,Healthy,False,True,1
aug_19_Healthy-52-img-1.jpg,C:\Users\Asus\PycharmProjects\AquaVision_v1\datasets\shrimp\Augmented_shrimp\Healthy\aug_19_Healthy-52-img-1.jpg,Healthy,False,True,1
aug_1_Healthy-79-img-2.jpg,C:\Users\Asus\PycharmProjects\AquaVision_v1\datasets\shrimp\Augmented_shrimp\Healthy\aug_1_Healthy-79-img-2.jpg,Healthy,False,True,3
aug_20_Healthy-3-img-3.jpg,C:\Users\Asus\PycharmProjects\AquaVision_v1\datasets\shrimp\Augmented_shrimp\Healthy\aug_20_Healthy-3-img-3.jpg,Healthy,False,True,4
aug_21_Healthy-96-img-1.jpg,C:\Users\Asus\PycharmProjects\AquaVision_v1\datasets\shrimp\Augmented_shrimp\Healthy\aug_21_Healthy-96-img-1.jpg,Healthy,False,True,4
aug_22_Healthy-52-img-3.jpg,C:\Users\Asus\PycharmProjects\AquaVision_v1\datasets\shrimp\Augmented_shrimp\Healthy\aug_22_Healthy-52-img-3.jpg,Healthy,False,True,4
aug_23_Healthy-52-img-2.jpg,C:\Users\Asus\PycharmProjects\AquaVision_v1\datasets\shrimp\Augmented_shrimp\Healthy\aug_23_Healthy-52-img-2.jpg,Healthy,False,True,1
aug_24_Healthy-123-img-1.jpg,C:\Users\Asus\PycharmProjects\AquaVision_v1\datasets\shrimp\Augmented_shrimp\Healthy\aug_24_Healthy-123-img-1.jpg,Healthy,False,True,2
aug_26_Healthy-139-img-1.jpg,C:\Users\Asus\PycharmProjects\AquaVision_v1\datasets\shrimp\Augmented_shrimp\Healthy\aug_26_Healthy-139-img-1.jpg,Healthy,False,True,2
aug_27_Healthy-115-img-2.jpg,C:\Users\Asus\PycharmProjects\AquaVision_v1\datasets\shrimp\Augmented_shrimp\Healthy\aug_27_Healthy-115-img-2.jpg,Healthy,False,True,2
aug_29_Healthy-40-img-1.jpg,C:\Users\Asus\PycharmProjects\AquaVision_v1\datasets\shrimp\Augmented_shrimp\Healthy\aug_29_Healthy-40-img-1.jpg,Healthy,False,True,1
aug_30_Healthy-49-img-1.jpg,C:\Users\Asus\PycharmProjects\AquaVision_v1\datasets\shrimp\Augmented_shrimp\Healthy\aug_30_Healthy-49-img-1.jpg,Healthy,False,True,1
aug_31_Healthy-135-img-1.jpg,C:\Users\Asus\PycharmProjects\AquaVision_v1\datasets\shrimp\Augmented_shrimp\Healthy\aug_31_Healthy-135-img-1.jpg,Healthy,False,True,3
aug_32_Healthy-76-img-3.jpg,C:\Users\Asus\PycharmProjects\AquaVision_v1\datasets\shrimp\Augmented_shrimp\Healthy\aug_32_Healthy-76-img-3.jpg,Healthy,False,True,2
aug_33_Healthy-98-img-3.jpg,C:\Users\Asus\PycharmProjects\AquaVision_v1\datasets\shrimp\Augmented_shrimp\Healthy\aug_33_Healthy-98-img-3.jpg,Healthy,False,True,0
aug_35_Healthy-60-img-1.jpg,C:\Users\Asus\PycharmProjects\AquaVision_v1\datasets\shrimp\Augmented_shrimp\Healthy\aug_35_Healthy-60-img-1.jpg,Healthy,False,True,3
aug_36_Healthy-20-img-3.jpg,C:\Users\Asus\PycharmProjects\AquaVision_v1\datasets\shrimp\Augmented_shrimp\Healthy\aug_36_Healthy-20-img-3.jpg,Healthy,False,True,2
aug_37_Healthy-141-img-2.jpg,C:\Users\Asus\PycharmProjects\AquaVision_v1\datasets\shrimp\Augmented_shrimp\Healthy\aug_37_Healthy-141-img-2.jpg,Healthy,True,True,-1
aug_38_Healthy-131-img-2.jpg,C:\Users\Asus\PycharmProjects\AquaVision_v1\datasets\shrimp\Augmented_shrimp\Healthy\aug_38_Healthy-131-img-2.jpg,Healthy,False,True,1
aug_39_Healthy-40-img-3.jpg,C:\Users\Asus\PycharmProjects\AquaVision_v1\datasets\shrimp\Augmented_shrimp\Healthy\aug_39_Healthy-40-img-3.jpg,Healthy,False,True,0
aug_3_Healthy-137-img-3.jpg,C:\Users\Asus\PycharmProjects\AquaVision_v1\datasets\shrimp\Augmented_shrimp\Healthy\aug_3_Healthy-137-img-3.jpg,Healthy,False,True,1
aug_40_Healthy-48-img-2.jpg,C:\Users\Asus\PycharmProjects\AquaVision_v1\datasets\shrimp\Augmented_shrimp\Healthy\aug_40_Healthy-48-img-2.jpg,Healthy,True,True,-1
aug_41_Healthy-115-img-3.jpg,C:\Users\Asus\PycharmProjects\AquaVision_v1\datasets\shrimp\Augmented_shrimp\Healthy\aug_41_Healthy-115-img-3.jpg,Healthy,False,True,0
aug_42_Healthy-34-img-3.jpg,C:\Users\Asus\PycharmProjects\AquaVision_v1\datasets\shrimp\Augmented_shrimp\Healthy\aug_42_Healthy-34-img-3.jpg,Healthy,False,True,0
aug_43_Healthy-24-img-1.jpg,C:\Users\Asus\PycharmProjects\AquaVision_v1\datasets\shrimp\Augmented_shrimp\Healthy\aug_43_Healthy-24-img-1.jpg,Healthy,False,True,4
aug_44_Healthy-120-img-2.jpg,C:\Users\Asus\PycharmProjects\AquaVision_v1\datasets\shrimp\Augmented_shrimp\Healthy\aug_44_Healthy-120-img-2.jpg,Healthy,False,True,1
aug_46_Healthy-102-img-2.jpg,C:\Users\Asus\PycharmProjects\AquaVision_v1\datasets\shrimp\Augmented_shrimp\Healthy\aug_46_Healthy-102-img-2.jpg,Healthy,True,True,-1
aug_47_Healthy-3-img-1.jpg,C:\Users\Asus\PycharmProjects\AquaVision_v1\datasets\shrimp\Augmented_shrimp\Healthy\aug_47_Healthy-3-img-1.jpg,Healthy,False,True,0
aug_4_Healthy-56-img-3.jpg,C:\Users\Asus\PycharmProjects\AquaVision_v1\datasets\shrimp\Augmented_shrimp\Healthy\aug_4_Healthy-56-img-3.jpg,Healthy,False,True,4
aug_50_Healthy-134-img-3.jpg,C:\Users\Asus\PycharmProjects\AquaVision_v1\datasets\shrimp\Augmented_shrimp\Healthy\aug_50_Healthy-134-img-3.jpg,Healthy,False,True,4
aug_51_Healthy-112-img-3.jpg,C:\Users\Asus\PycharmProjects\AquaVision_v1\datasets\shrimp\Augmented_shrimp\Healthy\aug_51_Healthy-112-img-3.jpg,Healthy,False,True,2
aug_53_Healthy-119-img-2.jpg,C:\Users\Asus\PycharmProjects\AquaVision_v1\datasets\shrimp\Augmented_shrimp\Healthy\aug_53_Healthy-119-img-2.jpg,Healthy,False,True,4
aug_54_Healthy-100-img-2.jpg,C:\Users\Asus\PycharmProjects\AquaVision_v1\datasets\shrimp\Augmented_shrimp\Healthy\aug_54_Healthy-100-img-2.jpg,Healthy,False,True,0
aug_55_Healthy-18-img-1.jpg,C:\Users\Asus\PycharmProjects\AquaVision_v1\datasets\shrimp\Augmented_shrimp\Healthy\aug_55_Healthy-18-img-1.jpg,Healthy,False,True,2
aug_56_Healthy-133-img-2.jpg,C:\Users\Asus\PycharmProjects\AquaVision_v1\datasets\shrimp\Augmented_shrimp\Healthy\aug_56_Healthy-133-img-2.jpg,Healthy,False,True,1
aug_57_Healthy-124-img-3.jpg,C:\Users\Asus\PycharmProjects\AquaVision_v1\datasets\shrimp\Augmented_shrimp\Healthy\aug_57_Healthy-124-img-3.jpg,Healthy,False,True,2
aug_58_Healthy-106-img-1.jpg,C:\Users\Asus\PycharmProjects\AquaVision_v1\datasets\shrimp\Augmented_shrimp\Healthy\aug_58_Healthy-106-img-1.jpg,Healthy,True,True,-1
aug_59_Healthy-65-img-2.jpg,C:\Users\Asus\PycharmProjects\AquaVision_v1\datasets\shrimp\Augmented_shrimp\Healthy\aug_59_Healthy-65-img-2.jpg,Healthy,False,True,0
aug_5_Healthy-132-img-1.jpg,C:\Users\Asus\PycharmProjects\AquaVision_v1\datasets\shrimp\Augmented_shrimp\Healthy\aug_5_Healthy-132-img-1.jpg,Healthy,False,True,2
aug_61_Healthy-88-img-2.jpg,C:\Users\Asus\PycharmProjects\AquaVision_v1\datasets\shrimp\Augmented_shrimp\Healthy\aug_61_Healthy-88-img-2.jpg,Healthy,True,True,-1
aug_62_Healthy-79-img-1.jpg,C:\Users\Asus\PycharmProjects\AquaVision_v1\datasets\shrimp\Augmented_shrimp\Healthy\aug_62_Healthy-79-img-1.jpg,Healthy,False,True,2
aug_63_Healthy-119-img-1.jpg,C:\Users\Asus\PycharmProjects\AquaVision_v1\datasets\shrimp\Augmented_shrimp\Healthy\aug_63_Healthy-119-img-1.jpg,Healthy,True,True,-1
aug_66_Healthy-32-img-2.jpg,C:\Users\Asus\PycharmProjects\AquaVision_v1\datasets\shrimp\Augmented_shrimp\Healthy\aug_66_Healthy-32-img-2.jpg,Healthy,False,True,0
aug_67_Healthy-110-img-1.jpg,C:\Users\Asus\PycharmProjects\AquaVision_v1\datasets\shrimp\Augmented_shrimp\Healthy\aug_67_Healthy-110-img-1.jpg,Healthy,True,True,-1
aug_68_Healthy-81-img-2.jpg,C:\Users\Asus\PycharmProjects\AquaVision_v1\datasets\shrimp\Augmented_shrimp\Healthy\aug_68_Healthy-81-img-2.jpg,Healthy,False,True,3
aug_70_Healthy-8-img-1.jpg,C:\Users\Asus\PycharmProjects\AquaVision_v1\datasets\shrimp\Augmented_shrimp\Healthy\aug_70_Healthy-8-img-1.jpg,Healthy,False,True,4
aug_72_Healthy-7-img-1.jpg,C:\Users\Asus\PycharmProjects\AquaVision_v1\datasets\shrimp\Augmented_shrimp\Healthy\aug_72_Healthy-7-img-1.jpg,Healthy,False,True,1
aug_74_Healthy-56-img-1.jpg,C:\Users\Asus\PycharmProjects\AquaVision_v1\datasets\shrimp\Augmented_shrimp\Healthy\aug_74_Healthy-56-img-1.jpg,Healthy,False,True,2
aug_75_Healthy-66-img-3.jpg,C:\Users\Asus\PycharmProjects\AquaVision_v1\datasets\shrimp\Augmented_shrimp\Healthy\aug_75_Healthy-66-img-3.jpg,Healthy,False,True,2
aug_76_Healthy-133-img-3.jpg,C:\Users\Asus\PycharmProjects\AquaVision_v1\datasets\shrimp\Augmented_shrimp\Healthy\aug_76_Healthy-133-img-3.jpg,Healthy,False,True,3
aug_77_Healthy-85-img-3.jpg,C:\Users\Asus\PycharmProjects\AquaVision_v1\datasets\shrimp\Augmented_shrimp\Healthy\aug_77_Healthy-85-img-3.jpg,Healthy,False,True,0
aug_78_Healthy-85-img-1.jpg,C:\Users\Asus\PycharmProjects\AquaVision_v1\datasets\shrimp\Augmented_shrimp\Healthy\aug_78_Healthy-85-img-1.jpg,Healthy,True,True,-1
aug_79_Healthy-107-img-3.jpg,C:\Users\Asus\PycharmProjects\AquaVision_v1\datasets\shrimp\Augmented_shrimp\Healthy\aug_79_Healthy-107-img-3.jpg,Healthy,False,True,2
aug_80_Healthy-139-img-3.jpg,C:\Users\Asus\PycharmProjects\AquaVision_v1\datasets\shrimp\Augmented_shrimp\Healthy\aug_80_Healthy-139-img-3.jpg,Healthy,False,True,0
aug_81_Healthy-117-img-3.jpg,C:\Users\Asus\PycharmProjects\AquaVision_v1\datasets\shrimp\Augmented_shrimp\Healthy\aug_81_Healthy-117-img-3.jpg,Healthy,False,True,4
aug_83_Healthy-136-img-2.jpg,C:\Users\Asus\PycharmProjects\AquaVision_v1\datasets\shrimp\Augmented_shrimp\Healthy\aug_83_Healthy-136-img-2.jpg,Healthy,False,True,4
aug_84_Healthy-7-img-2.jpg,C:\Users\Asus\PycharmProjects\AquaVision_v1\datasets\shrimp\Augmented_shrimp\Healthy\aug_84_Healthy-7-img-2.jpg,Healthy,False,True,0
aug_85_Healthy-101-img-1.jpg,C:\Users\Asus\PycharmProjects\AquaVision_v1\datasets\shrimp\Augmented_shrimp\Healthy\aug_85_Healthy-101-img-1.jpg,Healthy,False,True,4
aug_86_Healthy-108-img-2.jpg,C:\Users\Asus\PycharmProjects\AquaVision_v1\datasets\shrimp\Augmented_shrimp\Healthy\aug_86_Healthy-108-img-2.jpg,Healthy,False,True,0
aug_87_Healthy-119-img-3.jpg,C:\Users\Asus\PycharmProjects\AquaVision_v1\datasets\shrimp\Augmented_shrimp\Healthy\aug_87_Healthy-119-img-3.jpg,Healthy,False,True,3
aug_89_Healthy-27-img-1.jpg,C:\Users\Asus\PycharmProjects\AquaVision_v1\datasets\shrimp\Augmented_shrimp\Healthy\aug_89_Healthy-27-img-1.jpg,Healthy,False,True,2
aug_90_Healthy-109-img-3.jpg,C:\Users\Asus\PycharmProjects\AquaVision_v1\datasets\shrimp\Augmented_shrimp\Healthy\aug_90_Healthy-109-img-3.jpg,Healthy,False,True,0
aug_93_Healthy-64-img-3.jpg,C:\Users\Asus\PycharmProjects\AquaVision_v1\datasets\shrimp\Augmented_shrimp\Healthy\aug_93_Healthy-64-img-3.jpg,Healthy,False,True,2
aug_94_Healthy-2-img-3.jpg,C:\Users\Asus\PycharmProjects\AquaVision_v1\datasets\shrimp\Augmented_shrimp\Healthy\aug_94_Healthy-2-img-3.jpg,Healthy,False,True,3
aug_95_Healthy-62-img-2.jpg,C:\Users\Asus\PycharmProjects\AquaVision_v1\datasets\shrimp\Augmented_shrimp\Healthy\aug_95_Healthy-62-img-2.jpg,Healthy,False,True,4
aug_96_Healthy-2-img-1.jpg,C:\Users\Asus\PycharmProjects\AquaVision_v1\datasets\shrimp\Augmented_shrimp\Healthy\aug_96_Healthy-2-img-1.jpg,Healthy,False,True,1
Healthy-100-img-3.jpg,C:\Users\Asus\PycharmProjects\AquaVision_v1\datasets\shrimp\Augmented_shrimp\Healthy\Healthy-100-img-3.jpg,Healthy,False,False,4
aug_101_WSSV-38-img-1.jpg,C:\Users\Asus\PycharmProjects\AquaVision_v1\datasets\shrimp\Augmented_shrimp\WSSV\aug_101_WSSV-38-img-1.jpg,WSSV,False,True,4
aug_105_WSSV-36-img-2.jpg,C:\Users\Asus\PycharmProjects\AquaVision_v1\datasets\shrimp\Augmented_shrimp\WSSV\aug_105_WSSV-36-img-2.jpg,WSSV,False,True,1
aug_106_WSSV-27-img-2.jpg,C:\Users\Asus\PycharmProjects\AquaVision_v1\datasets\shrimp\Augmented_shrimp\WSSV\aug_106_WSSV-27-img-2.jpg,WSSV,True,True,-1
aug_107_WSSV-79-img-3.jpg,C:\Users\Asus\PycharmProjects\AquaVision_v1\datasets\shrimp\Augmented_shrimp\WSSV\aug_107_WSSV-79-img-3.jpg,WSSV,False,True,0
aug_108_WSSV-31-img-2.jpg,C:\Users\Asus\PycharmProjects\AquaVision_v1\datasets\shrimp\Augmented_shrimp\WSSV\aug_108_WSSV-31-img-2.jpg,WSSV,False,True,2
aug_109_WSSV-68-img-1.jpg,C:\Users\Asus\PycharmProjects\AquaVision_v1\datasets\shrimp\Augmented_shrimp\WSSV\aug_109_WSSV-68-img-1.jpg,WSSV,False,True,2
aug_10_WSSV-4-img-1.jpg,C:\Users\Asus\PycharmProjects\AquaVision_v1\datasets\shrimp\Augmented_shrimp\WSSV\aug_10_WSSV-4-img-1.jpg,WSSV,True,True,-1
aug_110_WSSV-97-img-2.jpg,C:\Users\Asus\PycharmProjects\AquaVision_v1\datasets\shrimp\Augmented_shrimp\WSSV\aug_110_WSSV-97-img-2.jpg,WSSV,False,True,1
aug_111_WSSV-50-img-3.jpg,C:\Users\Asus\PycharmProjects\AquaVision_v1\datasets\shrimp\Augmented_shrimp\WSSV\aug_111_WSSV-50-img-3.jpg,WSSV,False,True,2
aug_112_WSSV-30-img-2.jpg,C:\Users\Asus\PycharmProjects\AquaVision_v1\datasets\shrimp\Augmented_shrimp\WSSV\aug_112_WSSV-30-img-2.jpg,WSSV,False,True,3
aug_113_WSSV-112-img-1.jpg,C:\Users\Asus\PycharmProjects\AquaVision_v1\datasets\shrimp\Augmented_shrimp\WSSV\aug_113_WSSV-112-img-1.jpg,WSSV,True,True,-1
aug_114_WSSV-36-img-3.jpg,C:\Users\Asus\PycharmProjects\AquaVision_v1\datasets\shrimp\Augmented_shrimp\WSSV\aug_114_WSSV-36-img-3.jpg,WSSV,False,True,1
aug_118_WSSV-54-img-1.jpg,C:\Users\Asus\PycharmProjects\AquaVision_v1\datasets\shrimp\Augmented_shrimp\WSSV\aug_118_WSSV-54-img-1.jpg,WSSV,False,True,3
aug_119_WSSV-6-img-3.jpg,C:\Users\Asus\PycharmProjects\AquaVision_v1\datasets\shrimp\Augmented_shrimp\WSSV\aug_119_WSSV-6-img-3.jpg,WSSV,False,True,0
aug_11_WSSV-107-img-1.jpg,C:\Users\Asus\PycharmProjects\AquaVision_v1\datasets\shrimp\Augmented_shrimp\WSSV\aug_11_WSSV-107-img-1.jpg,WSSV,False,True,4
aug_120_WSSV-8-img-3.jpg,C:\Users\Asus\PycharmProjects\AquaVision_v1\datasets\shrimp\Augmented_shrimp\WSSV\aug_120_WSSV-8-img-3.jpg,WSSV,False,True,3
aug_121_WSSV-42-img-2.jpg,C:\Users\Asus\PycharmProjects\AquaVision_v1\datasets\shrimp\Augmented_shrimp\WSSV\aug_121_WSSV-42-img-2.jpg,WSSV,False,True,1
aug_122_WSSV-34-img-1.jpg,C:\Users\Asus\PycharmProjects\AquaVision_v1\datasets\shrimp\Augmented_shrimp\WSSV\aug_122_WSSV-34-img-1.jpg,WSSV,False,True,4
aug_123_WSSV-28-img-2.jpg,C:\Users\Asus\PycharmProjects\AquaVision_v1\datasets\shrimp\Augmented_shrimp\WSSV\aug_123_WSSV-28-img-2.jpg,WSSV,False,True,0
aug_124_WSSV-26-img-1.jpg,C:\Users\Asus\PycharmProjects\AquaVision_v1\datasets\shrimp\Augmented_shrimp\WSSV\aug_124_WSSV-26-img-1.jpg,WSSV,False,True,2
aug_125_WSSV-13-img-3.jpg,C:\Users\Asus\PycharmProjects\AquaVision_v1\datasets\shrimp\Augmented_shrimp\WSSV\aug_125_WSSV-13-img-3.jpg,WSSV,False,True,4
aug_127_WSSV-65-img-1.jpg,C:\Users\Asus\PycharmProjects\AquaVision_v1\datasets\shrimp\Augmented_shrimp\WSSV\aug_127_WSSV-65-img-1.jpg,WSSV,False,True,3
aug_128_WSSV-84-img-3.jpg,C:\Users\Asus\PycharmProjects\AquaVision_v1\datasets\shrimp\Augmented_shrimp\WSSV\aug_128_WSSV-84-img-3.jpg,WSSV,False,True,4
aug_129_WSSV-108-img-1.jpg,C:\Users\Asus\PycharmProjects\AquaVision_v1\datasets\shrimp\Augmented_shrimp\WSSV\aug_129_WSSV-108-img-1.jpg,WSSV,False,True,1
aug_130_WSSV-74-img-3.jpg,C:\Users\Asus\PycharmProjects\AquaVision_v1\datasets\shrimp\Augmented_shrimp\WSSV\aug_130_WSSV-74-img-3.jpg,WSSV,False,True,2
aug_132_WSSV-80-img-2.jpg,C:\Users\Asus\PycharmProjects\AquaVision_v1\datasets\shrimp\Augmented_shrimp\WSSV\aug_132_WSSV-80-img-2.jpg,WSSV,False,True,2
aug_133_WSSV-4-img-3.jpg,C:\Users\Asus\PycharmProjects\AquaVision_v1\datasets\shrimp\Augmented_shrimp\WSSV\aug_133_WSSV-4-img-3.jpg,WSSV,False,True,1
aug_134_WSSV-98-img-2.jpg,C:\Users\Asus\PycharmProjects\AquaVision_v1\datasets\shrimp\Augmented_shrimp\WSSV\aug_134_WSSV-98-img-2.jpg,WSSV,False,True,1
aug_135_WSSV-68-img-2.jpg,C:\Users\Asus\PycharmProjects\AquaVision_v1\datasets\shrimp\Augmented_shrimp\WSSV\aug_135_WSSV-68-img-2.jpg,WSSV,False,True,3
aug_136_WSSV-77-img-2.jpg,C:\Users\Asus\PycharmProjects\AquaVision_v1\datasets\shrimp\Augmented_shrimp\WSSV\aug_136_WSSV-77-img-2.jpg,WSSV,False,True,0
aug_137_WSSV-19-img-2.jpg,C:\Users\Asus\PycharmProjects\AquaVision_v1\datasets\shrimp\Augmented_shrimp\WSSV\aug_137_WSSV-19-img-2.jpg,WSSV,True,True,-1
aug_138_WSSV-86-img-3.jpg,C:\Users\Asus\PycharmProjects\AquaVision_v1\datasets\shrimp\Augmented_shrimp\WSSV\aug_138_WSSV-86-img-3.jpg,WSSV,False,True,3
aug_139_WSSV-17-img-2.jpg,C:\Users\Asus\PycharmProjects\AquaVision_v1\datasets\shrimp\Augmented_shrimp\WSSV\aug_139_WSSV-17-img-2.jpg,WSSV,False,True,1
aug_13_WSSV-13-img-1.jpg,C:\Users\Asus\PycharmProjects\AquaVision_v1\datasets\shrimp\Augmented_shrimp\WSSV\aug_13_WSSV-13-img-1.jpg,WSSV,False,True,4
aug_140_WSSV-35-img-1.jpg,C:\Users\Asus\PycharmProjects\AquaVision_v1\datasets\shrimp\Augmented_shrimp\WSSV\aug_140_WSSV-35-img-1.jpg,WSSV,True,True,-1
aug_141_WSSV-26-img-2.jpg,C:\Users\Asus\PycharmProjects\AquaVision_v1\datasets\shrimp\Augmented_shrimp\WSSV\aug_141_WSSV-26-img-2.jpg,WSSV,True,True,-1
aug_142_WSSV-55-img-1.jpg,C:\Users\Asus\PycharmProjects\AquaVision_v1\datasets\shrimp\Augmented_shrimp\WSSV\aug_142_WSSV-55-img-1.jpg,WSSV,False,True,3
aug_143_WSSV-29-img-2.jpg,C:\Users\Asus\PycharmProjects\AquaVision_v1\datasets\shrimp\Augmented_shrimp\WSSV\aug_143_WSSV-29-img-2.jpg,WSSV,False,True,4
aug_144_WSSV-39-img-1.jpg,C:\Users\Asus\PycharmProjects\AquaVision_v1\datasets\shrimp\Augmented_shrimp\WSSV\aug_144_WSSV-39-img-1.jpg,WSSV,False,True,4
aug_145_WSSV-18-img-2.jpg,C:\Users\Asus\PycharmProjects\AquaVision_v1\datasets\shrimp\Augmented_shrimp\WSSV\aug_145_WSSV-18-img-2.jpg,WSSV,False,True,4
aug_146_WSSV-15-img-3.jpg,C:\Users\Asus\PycharmProjects\AquaVision_v1\datasets\shrimp\Augmented_shrimp\WSSV\aug_146_WSSV-15-img-3.jpg,WSSV,False,True,1
aug_148_WSSV-75-img-2.jpg,C:\Users\Asus\PycharmProjects\AquaVision_v1\datasets\shrimp\Augmented_shrimp\WSSV\aug_148_WSSV-75-img-2.jpg,WSSV,False,True,3
aug_149_WSSV-42-img-3.jpg,C:\Users\Asus\PycharmProjects\AquaVision_v1\datasets\shrimp\Augmented_shrimp\WSSV\aug_149_WSSV-42-img-3.jpg,WSSV,False,True,1
aug_14_WSSV-113-img-2.jpg,C:\Users\Asus\PycharmProjects\AquaVision_v1\datasets\shrimp\Augmented_shrimp\WSSV\aug_14_WSSV-113-img-2.jpg,WSSV,False,True,0
aug_151_WSSV-39-img-2.jpg,C:\Users\Asus\PycharmProjects\AquaVision_v1\datasets\shrimp\Augmented_shrimp\WSSV\aug_151_WSSV-39-img-2.jpg,WSSV,False,True,1
aug_152_WSSV-95-img-3.jpg,C:\Users\Asus\PycharmProjects\AquaVision_v1\datasets\shrimp\Augmented_shrimp\WSSV\aug_152_WSSV-95-img-3.jpg,WSSV,True,True,-1
aug_153_WSSV-53-img-2.jpg,C:\Users\Asus\PycharmProjects\AquaVision_v1\datasets\shrimp\Augmented_shrimp\WSSV\aug_153_WSSV-53-img-2.jpg,WSSV,False,True,4
aug_154_WSSV-93-img-3.jpg,C:\Users\Asus\PycharmProjects\AquaVision_v1\datasets\shrimp\Augmented_shrimp\WSSV\aug_154_WSSV-93-img-3.jpg,WSSV,False,True,2
aug_156_WSSV-50-img-2.jpg,C:\Users\Asus\PycharmProjects\AquaVision_v1\datasets\shrimp\Augmented_shrimp\WSSV\aug_156_WSSV-50-img-2.jpg,WSSV,False,True,2
aug_157_WSSV-70-img-1.jpg,C:\Users\Asus\PycharmProjects\AquaVision_v1\datasets\shrimp\Augmented_shrimp\WSSV\aug_157_WSSV-70-img-1.jpg,WSSV,False,True,2
aug_158_WSSV-2-img-1.jpg,C:\Users\Asus\PycharmProjects\AquaVision_v1\datasets\shrimp\Augmented_shrimp\WSSV\aug_158_WSSV-2-img-1.jpg,WSSV,False,True,0
aug_15_WSSV-73-img-2.jpg,C:\Users\Asus\PycharmProjects\AquaVision_v1\datasets\shrimp\Augmented_shrimp\WSSV\aug_15_WSSV-73-img-2.jpg,WSSV,False,True,4
aug_160_WSSV-46-img-3.jpg,C:\Users\Asus\PycharmProjects\AquaVision_v1\datasets\shrimp\Augmented_shrimp\WSSV\aug_160_WSSV-46-img-3.jpg,WSSV,False,True,1
aug_161_WSSV-61-img-2.jpg,C:\Users\Asus\PycharmProjects\AquaVision_v1\datasets\shrimp\Augmented_shrimp\WSSV\aug_161_WSSV-61-img-2.jpg,WSSV,False,True,4
aug_162_WSSV-98-img-1.jpg,C:\Users\Asus\PycharmProjects\AquaVision_v1\datasets\shrimp\Augmented_shrimp\WSSV\aug_162_WSSV-98-img-1.jpg,WSSV,True,True,-1
aug_163_WSSV-41-img-2.jpg,C:\Users\Asus\PycharmProjects\AquaVision_v1\datasets\shrimp\Augmented_shrimp\WSSV\aug_163_WSSV-41-img-2.jpg,WSSV,False,True,1
aug_164_WSSV-10-img-1.jpg,C:\Users\Asus\PycharmProjects\AquaVision_v1\datasets\shrimp\Augmented_shrimp\WSSV\aug_164_WSSV-10-img-1.jpg,WSSV,False,True,3
aug_165_WSSV-84-img-1.jpg,C:\Users\Asus\PycharmProjects\AquaVision_v1\datasets\shrimp\Augmented_shrimp\WSSV\aug_165_WSSV-84-img-1.jpg,WSSV,False,True,0
aug_166_WSSV-44-img-1.jpg,C:\Users\Asus\PycharmProjects\AquaVision_v1\datasets\shrimp\Augmented_shrimp\WSSV\aug_166_WSSV-44-img-1.jpg,WSSV,False,True,2
aug_167_WSSV-108-img-2.jpg,C:\Users\Asus\PycharmProjects\AquaVision_v1\datasets\shrimp\Augmented_shrimp\WSSV\aug_167_WSSV-108-img-2.jpg,WSSV,False,True,3
aug_168_WSSV-104-img-1.jpg,C:\Users\Asus\PycharmProjects\AquaVision_v1\datasets\shrimp\Augmented_shrimp\WSSV\aug_168_WSSV-104-img-1.jpg,WSSV,False,True,4
aug_169_WSSV-52-img-1.jpg,C:\Users\Asus\PycharmProjects\AquaVision_v1\datasets\shrimp\Augmented_shrimp\WSSV\aug_169_WSSV-52-img-1.jpg,WSSV,False,True,3
aug_16_WSSV-44-img-2.jpg,C:\Users\Asus\PycharmProjects\AquaVision_v1\datasets\shrimp\Augmented_shrimp\WSSV\aug_16_WSSV-44-img-2.jpg,WSSV,False,True,3
aug_170_WSSV-68-img-3.jpg,C:\Users\Asus\PycharmProjects\AquaVision_v1\datasets\shrimp\Augmented_shrimp\WSSV\aug_170_WSSV-68-img-3.jpg,WSSV,False,True,2
aug_171_WSSV-42-img-1.jpg,C:\Users\Asus\PycharmProjects\AquaVision_v1\datasets\shrimp\Augmented_shrimp\WSSV\aug_171_WSSV-42-img-1.jpg,WSSV,False,True,1
aug_18_WSSV-11-img-3.jpg,C:\Users\Asus\PycharmProjects\AquaVision_v1\datasets\shrimp\Augmented_shrimp\WSSV\aug_18_WSSV-11-img-3.jpg,WSSV,False,True,1
aug_19_WSSV-25-img-3.jpg,C:\Users\Asus\PycharmProjects\AquaVision_v1\datasets\shrimp\Augmented_shrimp\WSSV\aug_19_WSSV-25-img-3.jpg,WSSV,False,True,1
aug_21_WSSV-46-img-1.jpg,C:\Users\Asus\PycharmProjects\AquaVision_v1\datasets\shrimp\Augmented_shrimp\WSSV\aug_21_WSSV-46-img-1.jpg,WSSV,False,True,3
aug_22_WSSV-95-img-1.jpg,C:\Users\Asus\PycharmProjects\AquaVision_v1\datasets\shrimp\Augmented_shrimp\WSSV\aug_22_WSSV-95-img-1.jpg,WSSV,False,True,3
aug_23_WSSV-94-img-3.jpg,C:\Users\Asus\PycharmProjects\AquaVision_v1\datasets\shrimp\Augmented_shrimp\WSSV\aug_23_WSSV-94-img-3.jpg,WSSV,False,True,3
aug_24_WSSV-54-img-3.jpg,C:\Users\Asus\PycharmProjects\AquaVision_v1\datasets\shrimp\Augmented_shrimp\WSSV\aug_24_WSSV-54-img-3.jpg,WSSV,True,True,-1
aug_26_WSSV-64-img-2.jpg,C:\Users\Asus\PycharmProjects\AquaVision_v1\datasets\shrimp\Augmented_shrimp\WSSV\aug_26_WSSV-64-img-2.jpg,WSSV,False,True,1
aug_27_WSSV-115-img-3.jpg,C:\Users\Asus\PycharmProjects\AquaVision_v1\datasets\shrimp\Augmented_shrimp\WSSV\aug_27_WSSV-115-img-3.jpg,WSSV,True,True,-1
aug_29_WSSV-31-img-1.jpg,C:\Users\Asus\PycharmProjects\AquaVision_v1\datasets\shrimp\Augmented_shrimp\WSSV\aug_29_WSSV-31-img-1.jpg,WSSV,False,True,4
aug_2_WSSV-50-img-1.jpg,C:\Users\Asus\PycharmProjects\AquaVision_v1\datasets\shrimp\Augmented_shrimp\WSSV\aug_2_WSSV-50-img-1.jpg,WSSV,False,True,3
aug_30_WSSV-23-img-1.jpg,C:\Users\Asus\PycharmProjects\AquaVision_v1\datasets\shrimp\Augmented_shrimp\WSSV\aug_30_WSSV-23-img-1.jpg,WSSV,False,True,3
aug_32_WSSV-33-img-2.jpg,C:\Users\Asus\PycharmProjects\AquaVision_v1\datasets\shrimp\Augmented_shrimp\WSSV\aug_32_WSSV-33-img-2.jpg,WSSV,False,True,0
aug_33_WSSV-91-img-2.jpg,C:\Users\Asus\PycharmProjects\AquaVision_v1\datasets\shrimp\Augmented_shrimp\WSSV\aug_33_WSSV-91-img-2.jpg,WSSV,False,True,4
aug_34_WSSV-34-img-2.jpg,C:\Users\Asus\PycharmProjects\AquaVision_v1\datasets\shrimp\Augmented_shrimp\WSSV\aug_34_WSSV-34-img-2.jpg,WSSV,False,True,4
aug_35_WSSV-87-img-1.jpg,C:\Users\Asus\PycharmProjects\AquaVision_v1\datasets\shrimp\Augmented_shrimp\WSSV\aug_35_WSSV-87-img-1.jpg,WSSV,True,True,-1
aug_37_WSSV-102-img-1.jpg,C:\Users\Asus\PycharmProjects\AquaVision_v1\datasets\shrimp\Augmented_shrimp\WSSV\aug_37_WSSV-102-img-1.jpg,WSSV,False,True,1
aug_3_WSSV-14-img-3.jpg,C:\Users\Asus\PycharmProjects\AquaVision_v1\datasets\shrimp\Augmented_shrimp\WSSV\aug_3_WSSV-14-img-3.jpg,WSSV,False,True,2
aug_41_WSSV-106-img-3.jpg,C:\Users\Asus\PycharmProjects\AquaVision_v1\datasets\shrimp\Augmented_shrimp\WSSV\aug_41_WSSV-106-img-3.jpg,WSSV,False,True,3
aug_42_WSSV-48-img-1.jpg,C:\Users\Asus\PycharmProjects\AquaVision_v1\datasets\shrimp\Augmented_shrimp\WSSV\aug_42_WSSV-48-img-1.jpg,WSSV,False,True,2
aug_43_WSSV-4-img-2.jpg,C:\Users\Asus\PycharmProjects\AquaVision_v1\datasets\shrimp\Augmented_shrimp\WSSV\aug_43_WSSV-4-img-2.jpg,WSSV,False,True,0
aug_46_WSSV-89-img-2.jpg,C:\Users\Asus\PycharmProjects\AquaVision_v1\datasets\shrimp\Augmented_shrimp\WSSV\aug_46_WSSV-89-img-2.jpg,WSSV,False,True,1
aug_47_WSSV-37-img-2.jpg,C:\Users\Asus\PycharmProjects\AquaVision_v1\datasets\shrimp\Augmented_shrimp\WSSV\aug_47_WSSV-37-img-2.jpg,WSSV,False,True,1
aug_4_WSSV-65-img-2.jpg,C:\Users\Asus\PycharmProjects\AquaVision_v1\datasets\shrimp\Augmented_shrimp\WSSV\aug_4_WSSV-65-img-2.jpg,WSSV,False,True,0
aug_50_WSSV-19-img-3.jpg,C:\Users\Asus\PycharmProjects\AquaVision_v1\datasets\shrimp\Augmented_shrimp\WSSV\aug_50_WSSV-19-img-3.jpg,WSSV,False,True,4
aug_51_WSSV-57-img-1.jpg,C:\Users\Asus\PycharmProjects\AquaVision_v1\datasets\shrimp\Augmented_shrimp\WSSV\aug_51_WSSV-57-img-1.jpg,WSSV,True,True,-1
aug_53_WSSV-5-img-1.jpg,C:\Users\Asus\PycharmProjects\AquaVision_v1\datasets\shrimp\Augmented_shrimp\WSSV\aug_53_WSSV-5-img-1.jpg,WSSV,False,True,3
aug_54_WSSV-60-img-3.jpg,C:\Users\Asus\PycharmProjects\AquaVision_v1\datasets\shrimp\Augmented_shrimp\WSSV\aug_54_WSSV-60-img-3.jpg,WSSV,False,True,2
aug_55_WSSV-111-img-3.jpg,C:\Users\Asus\PycharmProjects\AquaVision_v1\datasets\shrimp\Augmented_shrimp\WSSV\aug_55_WSSV-111-img-3.jpg,WSSV,False,True,0
aug_56_WSSV-54-img-2.jpg,C:\Users\Asus\PycharmProjects\AquaVision_v1\datasets\shrimp\Augmented_shrimp\WSSV\aug_56_WSSV-54-img-2.jpg,WSSV,False,True,0
aug_57_WSSV-47-img-2.jpg,C:\Users\Asus\PycharmProjects\AquaVision_v1\datasets\shrimp\Augmented_shrimp\WSSV\aug_57_WSSV-47-img-2.jpg,WSSV,False,True,1
aug_58_WSSV-1-img-3.jpg,C:\Users\Asus\PycharmProjects\AquaVision_v1\datasets\shrimp\Augmented_shrimp\WSSV\aug_58_WSSV-1-img-3.jpg,WSSV,False,True,1
aug_59_WSSV-47-img-1.jpg,C:\Users\Asus\PycharmProjects\AquaVision_v1\datasets\shrimp\Augmented_shrimp\WSSV\aug_59_WSSV-47-img-1.jpg,WSSV,False,True,2
aug_5_WSSV-99-img-1.jpg,C:\Users\Asus\PycharmProjects\AquaVision_v1\datasets\shrimp\Augmented_shrimp\WSSV\aug_5_WSSV-99-img-1.jpg,WSSV,False,True,1
aug_60_WSSV-111-img-1.jpg,C:\Users\Asus\PycharmProjects\AquaVision_v1\datasets\shrimp\Augmented_shrimp\WSSV\aug_60_WSSV-111-img-1.jpg,WSSV,False,True,3
aug_61_WSSV-77-img-1.jpg,C:\Users\Asus\PycharmProjects\AquaVision_v1\datasets\shrimp\Augmented_shrimp\WSSV\aug_61_WSSV-77-img-1.jpg,WSSV,False,True,2
aug_62_WSSV-41-img-3.jpg,C:\Users\Asus\PycharmProjects\AquaVision_v1\datasets\shrimp\Augmented_shrimp\WSSV\aug_62_WSSV-41-img-3.jpg,WSSV,False,True,0
aug_63_WSSV-72-img-2.jpg,C:\Users\Asus\PycharmProjects\AquaVision_v1\datasets\shrimp\Augmented_shrimp\WSSV\aug_63_WSSV-72-img-2.jpg,WSSV,False,True,0
aug_64_WSSV-82-img-2.jpg,C:\Users\Asus\PycharmProjects\AquaVision_v1\datasets\shrimp\Augmented_shrimp\WSSV\aug_64_WSSV-82-img-2.jpg,WSSV,False,True,4
aug_65_WSSV-17-img-3.jpg,C:\Users\Asus\PycharmProjects\AquaVision_v1\datasets\shrimp\Augmented_shrimp\WSSV\aug_65_WSSV-17-img-3.jpg,WSSV,False,True,2
aug_66_WSSV-74-img-1.jpg,C:\Users\Asus\PycharmProjects\AquaVision_v1\datasets\shrimp\Augmented_shrimp\WSSV\aug_66_WSSV-74-img-1.jpg,WSSV,False,True,3
aug_67_WSSV-3-img-1.jpg,C:\Users\Asus\PycharmProjects\AquaVision_v1\datasets\shrimp\Augmented_shrimp\WSSV\aug_67_WSSV-3-img-1.jpg,WSSV,True,True,-1
aug_6_WSSV-16-img-2.jpg,C:\Users\Asus\PycharmProjects\AquaVision_v1\datasets\shrimp\Augmented_shrimp\WSSV\aug_6_WSSV-16-img-2.jpg,WSSV,False,True,0
aug_70_WSSV-89-img-1.jpg,C:\Users\Asus\PycharmProjects\AquaVision_v1\datasets\shrimp\Augmented_shrimp\WSSV\aug_70_WSSV-89-img-1.jpg,WSSV,False,True,1
aug_71_WSSV-88-img-2.jpg,C:\Users\Asus\PycharmProjects\AquaVision_v1\datasets\shrimp\Augmented_shrimp\WSSV\aug_71_WSSV-88-img-2.jpg,WSSV,False,True,1
aug_73_WSSV-108-img-3.jpg,C:\Users\Asus\PycharmProjects\AquaVision_v1\datasets\shrimp\Augmented_shrimp\WSSV\aug_73_WSSV-108-img-3.jpg,WSSV,False,True,1
aug_74_WSSV-12-img-2.jpg,C:\Users\Asus\PycharmProjects\AquaVision_v1\datasets\shrimp\Augmented_shrimp\WSSV\aug_74_WSSV-12-img-2.jpg,WSSV,False,True,4
aug_76_WSSV-23-img-2.jpg,C:\Users\Asus\PycharmProjects\AquaVision_v1\datasets\shrimp\Augmented_shrimp\WSSV\aug_76_WSSV-23-img-2.jpg,WSSV,True,True,-1
aug_78_WSSV-32-img-3.jpg,C:\Users\Asus\PycharmProjects\AquaVision_v1\datasets\shrimp\Augmented_shrimp\WSSV\aug_78_WSSV-32-img-3.jpg,WSSV,False,True,4
aug_79_WSSV-49-img-3.jpg,C:\Users\Asus\PycharmProjects\AquaVision_v1\datasets\shrimp\Augmented_shrimp\WSSV\aug_79_WSSV-49-img-3.jpg,WSSV,True,True,-1
aug_7_WSSV-56-img-3.jpg,C:\Users\Asus\PycharmProjects\AquaVision_v1\datasets\shrimp\Augmented_shrimp\WSSV\aug_7_WSSV-56-img-3.jpg,WSSV,False,True,3
aug_83_WSSV-103-img-2.jpg,C:\Users\Asus\PycharmProjects\AquaVision_v1\datasets\shrimp\Augmented_shrimp\WSSV\aug_83_WSSV-103-img-2.jpg,WSSV,False,True,0
aug_85_WSSV-10-img-3.jpg,C:\Users\Asus\PycharmProjects\AquaVision_v1\datasets\shrimp\Augmented_shrimp\WSSV\aug_85_WSSV-10-img-3.jpg,WSSV,False,True,4
aug_86_WSSV-27-img-1.jpg,C:\Users\Asus\PycharmProjects\AquaVision_v1\datasets\shrimp\Augmented_shrimp\WSSV\aug_86_WSSV-27-img-1.jpg,WSSV,True,True,-1
aug_88_WSSV-46-img-2.jpg,C:\Users\Asus\PycharmProjects\AquaVision_v1\datasets\shrimp\Augmented_shrimp\WSSV\aug_88_WSSV-46-img-2.jpg,WSSV,False,True,4
aug_8_WSSV-45-img-3.jpg,C:\Users\Asus\PycharmProjects\AquaVision_v1\datasets\shrimp\Augmented_shrimp\WSSV\aug_8_WSSV-45-img-3.jpg,WSSV,False,True,2
aug_90_WSSV-96-img-3.jpg,C:\Users\Asus\PycharmProjects\AquaVision_v1\datasets\shrimp\Augmented_shrimp\WSSV\aug_90_WSSV-96-img-3.jpg,WSSV,False,True,3
aug_91_WSSV-19-img-1.jpg,C:\Users\Asus\PycharmProjects\AquaVision_v1\datasets\shrimp\Augmented_shrimp\WSSV\aug_91_WSSV-19-img-1.jpg,WSSV,True,True,-1
aug_92_WSSV-63-img-3.jpg,C:\Users\Asus\PycharmProjects\AquaVision_v1\datasets\shrimp\Augmented_shrimp\WSSV\aug_92_WSSV-63-img-3.jpg,WSSV,False,True,3
aug_95_WSSV-93-img-2.jpg,C:\Users\Asus\PycharmProjects\AquaVision_v1\datasets\shrimp\Augmented_shrimp\WSSV\aug_95_WSSV-93-img-2.jpg,WSSV,False,True,2
aug_96_WSSV-92-img-1.jpg,C:\Users\Asus\PycharmProjects\AquaVision_v1\datasets\shrimp\Augmented_shrimp\WSSV\aug_96_WSSV-92-img-1.jpg,WSSV,True,True,-1
aug_97_WSSV-9-img-2.jpg,C:\Users\Asus\PycharmProjects\AquaVision_v1\datasets\shrimp\Augmented_shrimp\WSSV\aug_97_WSSV-9-img-2.jpg,WSSV,False,True,1
aug_98_WSSV-58-img-3.jpg,C:\Users\Asus\PycharmProjects\AquaVision_v1\datasets\shrimp\Augmented_shrimp\WSSV\aug_98_WSSV-58-img-3.jpg,WSSV,True,True,-1
aug_99_WSSV-15-img-1.jpg,C:\Users\Asus\PycharmProjects\AquaVision_v1\datasets\shrimp\Augmented_shrimp\WSSV\aug_99_WSSV-15-img-1.jpg,WSSV,False,True,4
aug_9_WSSV-74-img-2.jpg,C:\Users\Asus\PycharmProjects\AquaVision_v1\datasets\shrimp\Augmented_shrimp\WSSV\aug_9_WSSV-74-img-2.jpg,WSSV,False,True,1
WSSV-110-img-1.jpg,C:\Users\Asus\PycharmProjects\AquaVision_v1\datasets\shrimp\Augmented_shrimp\WSSV\WSSV-110-img-1.jpg,WSSV,False,False,0
WSSV-19-img-1.jpg,C:\Users\Asus\PycharmProjects\AquaVision_v1\datasets\shrimp\Augmented_shrimp\WSSV\WSSV-19-img-1.jpg,WSSV,False,False,3
aug_100_WSSV_BG-45-img-1.jpg,C:\Users\Asus\PycharmProjects\AquaVision_v1\datasets\shrimp\Augmented_shrimp\WSSV_BG\aug_100_WSSV_BG-45-img-1.jpg,WSSV_BG,False,True,0
aug_101_WSSV_BG-33-img-1.jpg,C:\Users\Asus\PycharmProjects\AquaVision_v1\datasets\shrimp\Augmented_shrimp\WSSV_BG\aug_101_WSSV_BG-33-img-1.jpg,WSSV_BG,False,True,0
aug_102_WSSV_BG-13-img-3.jpg,C:\Users\Asus\PycharmProjects\AquaVision_v1\datasets\shrimp\Augmented_shrimp\WSSV_BG\aug_102_WSSV_BG-13-img-3.jpg,WSSV_BG,False,True,0
aug_103_WSSV_BG-47-img-3.jpg,C:\Users\Asus\PycharmProjects\AquaVision_v1\datasets\shrimp\Augmented_shrimp\WSSV_BG\aug_103_WSSV_BG-47-img-3.jpg,WSSV_BG,False,True,2
aug_104_WSSV_BG-56-img-2.jpg,C:\Users\Asus\PycharmProjects\AquaVision_v1\datasets\shrimp\Augmented_shrimp\WSSV_BG\aug_104_WSSV_BG-56-img-2.jpg,WSSV_BG,False,True,2
aug_106_WSSV_BG-59-img-1.jpg,C:\Users\Asus\PycharmProjects\AquaVision_v1\datasets\shrimp\Augmented_shrimp\WSSV_BG\aug_106_WSSV_BG-59-img-1.jpg,WSSV_BG,False,True,0
aug_107_WSSV_BG-50-img-2.jpg,C:\Users\Asus\PycharmProjects\AquaVision_v1\datasets\shrimp\Augmented_shrimp\WSSV_BG\aug_107_WSSV_BG-50-img-2.jpg,WSSV_BG,False,True,1
aug_108_WSSV_BG-18-img-1.jpg,C:\Users\Asus\PycharmProjects\AquaVision_v1\datasets\shrimp\Augmented_shrimp\WSSV_BG\aug_108_WSSV_BG-18-img-1.jpg,WSSV_BG,True,True,-1
aug_109_WSSV_BG-54-img-1.jpg,C:\Users\Asus\PycharmProjects\AquaVision_v1\datasets\shrimp\Augmented_shrimp\WSSV_BG\aug_109_WSSV_BG-54-img-1.jpg,WSSV_BG,False,True,4
aug_10_WSSV_BG-79-img-1.jpg,C:\Users\Asus\PycharmProjects\AquaVision_v1\datasets\shrimp\Augmented_shrimp\WSSV_BG\aug_10_WSSV_BG-79-img-1.jpg,WSSV_BG,False,True,3
aug_110_WSSV_BG-54-img-2.jpg,C:\Users\Asus\PycharmProjects\AquaVision_v1\datasets\shrimp\Augmented_shrimp\WSSV_BG\aug_110_WSSV_BG-54-img-2.jpg,WSSV_BG,False,True,1
aug_111_WSSV_BG-16-img-2.jpg,C:\Users\Asus\PycharmProjects\AquaVision_v1\datasets\shrimp\Augmented_shrimp\WSSV_BG\aug_111_WSSV_BG-16-img-2.jpg,WSSV_BG,True,True,-1
aug_112_WSSV_BG-1-img-3.jpg,C:\Users\Asus\PycharmProjects\AquaVision_v1\datasets\shrimp\Augmented_shrimp\WSSV_BG\aug_112_WSSV_BG-1-img-3.jpg,WSSV_BG,False,True,2
aug_113_WSSV_BG-70-img-1.jpg,C:\Users\Asus\PycharmProjects\AquaVision_v1\datasets\shrimp\Augmented_shrimp\WSSV_BG\aug_113_WSSV_BG-70-img-1.jpg,WSSV_BG,False,True,3
aug_114_WSSV_BG-4-img-3.jpg,C:\Users\Asus\PycharmProjects\AquaVision_v1\datasets\shrimp\Augmented_shrimp\WSSV_BG\aug_114_WSSV_BG-4-img-3.jpg,WSSV_BG,False,True,3
aug_115_WSSV_BG-33-img-2.jpg,C:\Users\Asus\PycharmProjects\AquaVision_v1\datasets\shrimp\Augmented_shrimp\WSSV_BG\aug_115_WSSV_BG-33-img-2.jpg,WSSV_BG,True,True,-1
aug_116_WSSV_BG-79-img-3.jpg,C:\Users\Asus\PycharmProjects\AquaVision_v1\datasets\shrimp\Augmented_shrimp\WSSV_BG\aug_116_WSSV_BG-79-img-3.jpg,WSSV_BG,False,True,4
aug_117_WSSV_BG-68-img-2.jpg,C:\Users\Asus\PycharmProjects\AquaVision_v1\datasets\shrimp\Augmented_shrimp\WSSV_BG\aug_117_WSSV_BG-68-img-2.jpg,WSSV_BG,False,True,4
aug_119_WSSV_BG-35-img-2.jpg,C:\Users\Asus\PycharmProjects\AquaVision_v1\datasets\shrimp\Augmented_shrimp\WSSV_BG\aug_119_WSSV_BG-35-img-2.jpg,WSSV_BG,False,True,1
aug_11_WSSV_BG-16-img-1.jpg,C:\Users\Asus\PycharmProjects\AquaVision_v1\datasets\shrimp\Augmented_shrimp\WSSV_BG\aug_11_WSSV_BG-16-img-1.jpg,WSSV_BG,False,True,1
aug_122_WSSV_BG-59-img-2.jpg,C:\Users\Asus\PycharmProjects\AquaVision_v1\datasets\shrimp\Augmented_shrimp\WSSV_BG\aug_122_WSSV_BG-59-img-2.jpg,WSSV_BG,False,True,1
aug_123_WSSV_BG-76-img-1.jpg,C:\Users\Asus\PycharmProjects\AquaVision_v1\datasets\shrimp\Augmented_shrimp\WSSV_BG\aug_123_WSSV_BG-76-img-1.jpg,WSSV_BG,False,True,0
aug_124_WSSV_BG-20-img-3.jpg,C:\Users\Asus\PycharmProjects\AquaVision_v1\datasets\shrimp\Augmented_shrimp\WSSV_BG\aug_124_WSSV_BG-20-img-3.jpg,WSSV_BG,False,True,1
aug_125_WSSV_BG-18-img-2.jpg,C:\Users\Asus\PycharmProjects\AquaVision_v1\datasets\shrimp\Augmented_shrimp\WSSV_BG\aug_125_WSSV_BG-18-img-2.jpg,WSSV_BG,False,True,4
aug_126_WSSV_BG-2-img-1.jpg,C:\Users\Asus\PycharmProjects\AquaVision_v1\datasets\shrimp\Augmented_shrimp\WSSV_BG\aug_126_WSSV_BG-2-img-1.jpg,WSSV_BG,True,True,-1
aug_129_WSSV_BG-48-img-2.jpg,C:\Users\Asus\PycharmProjects\AquaVision_v1\datasets\shrimp\Augmented_shrimp\WSSV_BG\aug_129_WSSV_BG-48-img-2.jpg,WSSV_BG,False,True,3
aug_130_WSSV_BG-75-img-2.jpg,C:\Users\Asus\PycharmProjects\AquaVision_v1\datasets\shrimp\Augmented_shrimp\WSSV_BG\aug_130_WSSV_BG-75-img-2.jpg,WSSV_BG,False,True,1
aug_132_WSSV_BG-63-img-3.jpg,C:\Users\Asus\PycharmProjects\AquaVision_v1\datasets\shrimp\Augmented_shrimp\WSSV_BG\aug_132_WSSV_BG-63-img-3.jpg,WSSV_BG,True,True,-1
aug_133_WSSV_BG-4-img-1.jpg,C:\Users\Asus\PycharmProjects\AquaVision_v1\datasets\shrimp\Augmented_shrimp\WSSV_BG\aug_133_WSSV_BG-4-img-1.jpg,WSSV_BG,False,True,2
aug_135_WSSV_BG-61-img-2.jpg,C:\Users\Asus\PycharmProjects\AquaVision_v1\datasets\shrimp\Augmented_shrimp\WSSV_BG\aug_135_WSSV_BG-61-img-2.jpg,WSSV_BG,False,True,2
aug_136_WSSV_BG-11-img-1.jpg,C:\Users\Asus\PycharmProjects\AquaVision_v1\datasets\shrimp\Augmented_shrimp\WSSV_BG\aug_136_WSSV_BG-11-img-1.jpg,WSSV_BG,False,True,1
aug_137_WSSV_BG-36-img-1.jpg,C:\Users\Asus\PycharmProjects\AquaVision_v1\datasets\shrimp\Augmented_shrimp\WSSV_BG\aug_137_WSSV_BG-36-img-1.jpg,WSSV_BG,False,True,2
aug_138_WSSV_BG-36-img-3.jpg,C:\Users\Asus\PycharmProjects\AquaVision_v1\datasets\shrimp\Augmented_shrimp\WSSV_BG\aug_138_WSSV_BG-36-img-3.jpg,WSSV_BG,False,True,0
aug_139_WSSV_BG-64-img-2.jpg,C:\Users\Asus\PycharmProjects\AquaVision_v1\datasets\shrimp\Augmented_shrimp\WSSV_BG\aug_139_WSSV_BG-64-img-2.jpg,WSSV_BG,False,True,1
aug_13_WSSV_BG-10-img-3.jpg,C:\Users\Asus\PycharmProjects\AquaVision_v1\datasets\shrimp\Augmented_shrimp\WSSV_BG\aug_13_WSSV_BG-10-img-3.jpg,WSSV_BG,False,True,2
aug_141_WSSV_BG-63-img-2.jpg,C:\Users\Asus\PycharmProjects\AquaVision_v1\datasets\shrimp\Augmented_shrimp\WSSV_BG\aug_141_WSSV_BG-63-img-2.jpg,WSSV_BG,False,True,4
aug_142_WSSV_BG-6-img-1.jpg,C:\Users\Asus\PycharmProjects\AquaVision_v1\datasets\shrimp\Augmented_shrimp\WSSV_BG\aug_142_WSSV_BG-6-img-1.jpg,WSSV_BG,False,True,3
aug_143_WSSV_BG-41-img-2.jpg,C:\Users\Asus\PycharmProjects\AquaVision_v1\datasets\shrimp\Augmented_shrimp\WSSV_BG\aug_143_WSSV_BG-41-img-2.jpg,WSSV_BG,False,True,1
aug_144_WSSV_BG-1-img-2.jpg,C:\Users\Asus\PycharmProjects\AquaVision_v1\datasets\shrimp\Augmented_shrimp\WSSV_BG\aug_144_WSSV_BG-1-img-2.jpg,WSSV_BG,True,True,-1
aug_145_WSSV_BG-14-img-2.jpg,C:\Users\Asus\PycharmProjects\AquaVision_v1\datasets\shrimp\Augmented_shrimp\WSSV_BG\aug_145_WSSV_BG-14-img-2.jpg,WSSV_BG,False,True,3
aug_146_WSSV_BG-18-img-3.jpg,C:\Users\Asus\PycharmProjects\AquaVision_v1\datasets\shrimp\Augmented_shrimp\WSSV_BG\aug_146_WSSV_BG-18-img-3.jpg,WSSV_BG,False,True,0
aug_147_WSSV_BG-40-img-3.jpg,C:\Users\Asus\PycharmProjects\AquaVision_v1\datasets\shrimp\Augmented_shrimp\WSSV_BG\aug_147_WSSV_BG-40-img-3.jpg,WSSV_BG,False,True,3
aug_149_WSSV_BG-63-img-1.jpg,C:\Users\Asus\PycharmProjects\AquaVision_v1\datasets\shrimp\Augmented_shrimp\WSSV_BG\aug_149_WSSV_BG-63-img-1.jpg,WSSV_BG,False,True,0
aug_14_WSSV_BG-37-img-2.jpg,C:\Users\Asus\PycharmProjects\AquaVision_v1\datasets\shrimp\Augmented_shrimp\WSSV_BG\aug_14_WSSV_BG-37-img-2.jpg,WSSV_BG,True,True,-1
aug_150_WSSV_BG-29-img-1.jpg,C:\Users\Asus\PycharmProjects\AquaVision_v1\datasets\shrimp\Augmented_shrimp\WSSV_BG\aug_150_WSSV_BG-29-img-1.jpg,WSSV_BG,False,True,2
aug_151_WSSV_BG-69-img-2.jpg,C:\Users\Asus\PycharmProjects\AquaVision_v1\datasets\shrimp\Augmented_shrimp\WSSV_BG\aug_151_WSSV_BG-69-img-2.jpg,WSSV_BG,False,True,2
aug_152_WSSV_BG-26-img-1.jpg,C:\Users\Asus\PycharmProjects\AquaVision_v1\datasets\shrimp\Augmented_shrimp\WSSV_BG\aug_152_WSSV_BG-26-img-1.jpg,WSSV_BG,False,True,3
aug_153_WSSV_BG-77-img-3.jpg,C:\Users\Asus\PycharmProjects\AquaVision_v1\datasets\shrimp\Augmented_shrimp\WSSV_BG\aug_153_WSSV_BG-77-img-3.jpg,WSSV_BG,False,True,3
aug_154_WSSV_BG-80-img-2.jpg,C:\Users\Asus\PycharmProjects\AquaVision_v1\datasets\shrimp\Augmented_shrimp\WSSV_BG\aug_154_WSSV_BG-80-img-2.jpg,WSSV_BG,False,True,0
aug_155_WSSV_BG-28-img-2.jpg,C:\Users\Asus\PycharmProjects\AquaVision_v1\datasets\shrimp\Augmented_shrimp\WSSV_BG\aug_155_WSSV_BG-28-img-2.jpg,WSSV_BG,False,True,3
aug_156_WSSV_BG-49-img-3.jpg,C:\Users\Asus\PycharmProjects\AquaVision_v1\datasets\shrimp\Augmented_shrimp\WSSV_BG\aug_156_WSSV_BG-49-img-3.jpg,WSSV_BG,False,True,4
aug_157_WSSV_BG-65-img-3.jpg,C:\Users\Asus\PycharmProjects\AquaVision_v1\datasets\shrimp\Augmented_shrimp\WSSV_BG\aug_157_WSSV_BG-65-img-3.jpg,WSSV_BG,False,True,2
aug_159_WSSV_BG-79-img-2.jpg,C:\Users\Asus\PycharmProjects\AquaVision_v1\datasets\shrimp\Augmented_shrimp\WSSV_BG\aug_159_WSSV_BG-79-img-2.jpg,WSSV_BG,False,True,4
aug_15_WSSV_BG-53-img-1.jpg,C:\Users\Asus\PycharmProjects\AquaVision_v1\datasets\shrimp\Augmented_shrimp\WSSV_BG\aug_15_WSSV_BG-53-img-1.jpg,WSSV_BG,False,True,0
aug_161_WSSV_BG-73-img-1.jpg,C:\Users\Asus\PycharmProjects\AquaVision_v1\datasets\shrimp\Augmented_shrimp\WSSV_BG\aug_161_WSSV_BG-73-img-1.jpg,WSSV_BG,False,True,4
aug_162_WSSV_BG-15-img-2.jpg,C:\Users\Asus\PycharmProjects\AquaVision_v1\datasets\shrimp\Augmented_shrimp\WSSV_BG\aug_162_WSSV_BG-15-img-2.jpg,WSSV_BG,False,True,3
aug_163_WSSV_BG-62-img-3.jpg,C:\Users\Asus\PycharmProjects\AquaVision_v1\datasets\shrimp\Augmented_shrimp\WSSV_BG\aug_163_WSSV_BG-62-img-3.jpg,WSSV_BG,False,True,0
aug_164_WSSV_BG-69-img-3.jpg,C:\Users\Asus\PycharmProjects\AquaVision_v1\datasets\shrimp\Augmented_shrimp\WSSV_BG\aug_164_WSSV_BG-69-img-3.jpg,WSSV_BG,False,True,3
aug_168_WSSV_BG-2-img-2.jpg,C:\Users\Asus\PycharmProjects\AquaVision_v1\datasets\shrimp\Augmented_shrimp\WSSV_BG\aug_168_WSSV_BG-2-img-2.jpg,WSSV_BG,False,True,1
aug_169_WSSV_BG-70-img-2.jpg,C:\Users\Asus\PycharmProjects\AquaVision_v1\datasets\shrimp\Augmented_shrimp\WSSV_BG\aug_169_WSSV_BG-70-img-2.jpg,WSSV_BG,False,True,3
aug_170_WSSV_BG-75-img-1.jpg,C:\Users\Asus\PycharmProjects\AquaVision_v1\datasets\shrimp\Augmented_shrimp\WSSV_BG\aug_170_WSSV_BG-75-img-1.jpg,WSSV_BG,True,True,-1
aug_172_WSSV_BG-68-img-3.jpg,C:\Users\Asus\PycharmProjects\AquaVision_v1\datasets\shrimp\Augmented_shrimp\WSSV_BG\aug_172_WSSV_BG-68-img-3.jpg,WSSV_BG,False,True,2
aug_173_WSSV_BG-7-img-2.jpg,C:\Users\Asus\PycharmProjects\AquaVision_v1\datasets\shrimp\Augmented_shrimp\WSSV_BG\aug_173_WSSV_BG-7-img-2.jpg,WSSV_BG,False,True,1
aug_174_WSSV_BG-2-img-3.jpg,C:\Users\Asus\PycharmProjects\AquaVision_v1\datasets\shrimp\Augmented_shrimp\WSSV_BG\aug_174_WSSV_BG-2-img-3.jpg,WSSV_BG,False,True,3
aug_176_WSSV_BG-14-img-1.jpg,C:\Users\Asus\PycharmProjects\AquaVision_v1\datasets\shrimp\Augmented_shrimp\WSSV_BG\aug_176_WSSV_BG-14-img-1.jpg,WSSV_BG,True,True,-1
aug_177_WSSV_BG-43-img-2.jpg,C:\Users\Asus\PycharmProjects\AquaVision_v1\datasets\shrimp\Augmented_shrimp\WSSV_BG\aug_177_WSSV_BG-43-img-2.jpg,WSSV_BG,False,True,0
aug_178_WSSV_BG-27-img-1.jpg,C:\Users\Asus\PycharmProjects\AquaVision_v1\datasets\shrimp\Augmented_shrimp\WSSV_BG\aug_178_WSSV_BG-27-img-1.jpg,WSSV_BG,False,True,2
aug_179_WSSV_BG-19-img-3.jpg,C:\Users\Asus\PycharmProjects\AquaVision_v1\datasets\shrimp\Augmented_shrimp\WSSV_BG\aug_179_WSSV_BG-19-img-3.jpg,WSSV_BG,False,True,3
aug_180_WSSV_BG-12-img-2.jpg,C:\Users\Asus\PycharmProjects\AquaVision_v1\datasets\shrimp\Augmented_shrimp\WSSV_BG\aug_180_WSSV_BG-12-img-2.jpg,WSSV_BG,False,True,0
aug_181_WSSV_BG-41-img-1.jpg,C:\Users\Asus\PycharmProjects\AquaVision_v1\datasets\shrimp\Augmented_shrimp\WSSV_BG\aug_181_WSSV_BG-41-img-1.jpg,WSSV_BG,False,True,0
aug_182_WSSV_BG-65-img-2.jpg,C:\Users\Asus\PycharmProjects\AquaVision_v1\datasets\shrimp\Augmented_shrimp\WSSV_BG\aug_182_WSSV_BG-65-img-2.jpg,WSSV_BG,False,True,0
aug_183_WSSV_BG-77-img-1.jpg,C:\Users\Asus\PycharmProjects\AquaVision_v1\datasets\shrimp\Augmented_shrimp\WSSV_BG\aug_183_WSSV_BG-77-img-1.jpg,WSSV_BG,True,True,-1
aug_184_WSSV_BG-34-img-2.jpg,C:\Users\Asus\PycharmProjects\AquaVision_v1\datasets\shrimp\Augmented_shrimp\WSSV_BG\aug_184_WSSV_BG-34-img-2.jpg,WSSV_BG,False,True,0
aug_185_WSSV_BG-71-img-1.jpg,C:\Users\Asus\PycharmProjects\AquaVision_v1\datasets\shrimp\Augmented_shrimp\WSSV_BG\aug_185_WSSV_BG-71-img-1.jpg,WSSV_BG,True,True,-1
aug_187_WSSV_BG-57-img-2.jpg,C:\Users\Asus\PycharmProjects\AquaVision_v1\datasets\shrimp\Augmented_shrimp\WSSV_BG\aug_187_WSSV_BG-57-img-2.jpg,WSSV_BG,False,True,2
aug_189_WSSV_BG-44-img-2.jpg,C:\Users\Asus\PycharmProjects\AquaVision_v1\datasets\shrimp\Augmented_shrimp\WSSV_BG\aug_189_WSSV_BG-44-img-2.jpg,WSSV_BG,False,True,2
aug_18_WSSV_BG-15-img-1.jpg,C:\Users\Asus\PycharmProjects\AquaVision_v1\datasets\shrimp\Augmented_shrimp\WSSV_BG\aug_18_WSSV_BG-15-img-1.jpg,WSSV_BG,False,True,0
aug_190_WSSV_BG-42-img-2.jpg,C:\Users\Asus\PycharmProjects\AquaVision_v1\datasets\shrimp\Augmented_shrimp\WSSV_BG\aug_190_WSSV_BG-42-img-2.jpg,WSSV_BG,False,True,1
aug_191_WSSV_BG-66-img-2.jpg,C:\Users\Asus\PycharmProjects\AquaVision_v1\datasets\shrimp\Augmented_shrimp\WSSV_BG\aug_191_WSSV_BG-66-img-2.jpg,WSSV_BG,True,True,-1
aug_192_WSSV_BG-52-img-1.jpg,C:\Users\Asus\PycharmProjects\AquaVision_v1\datasets\shrimp\Augmented_shrimp\WSSV_BG\aug_192_WSSV_BG-52-img-1.jpg,WSSV_BG,False,True,1
aug_194_WSSV_BG-48-img-1.jpg,C:\Users\Asus\PycharmProjects\AquaVision_v1\datasets\shrimp\Augmented_shrimp\WSSV_BG\aug_194_WSSV_BG-48-img-1.jpg,WSSV_BG,False,True,2
aug_197_WSSV_BG-25-img-3.jpg,C:\Users\Asus\PycharmProjects\AquaVision_v1\datasets\shrimp\Augmented_shrimp\WSSV_BG\aug_197_WSSV_BG-25-img-3.jpg,WSSV_BG,False,True,1
aug_19_WSSV_BG-14-img-3.jpg,C:\Users\Asus\PycharmProjects\AquaVision_v1\datasets\shrimp\Augmented_shrimp\WSSV_BG\aug_19_WSSV_BG-14-img-3.jpg,WSSV_BG,False,True,0
aug_201_WSSV_BG-26-img-3.jpg,C:\Users\Asus\PycharmProjects\AquaVision_v1\datasets\shrimp\Augmented_shrimp\WSSV_BG\aug_201_WSSV_BG-26-img-3.jpg,WSSV_BG,False,True,2
aug_202_WSSV_BG-49-img-2.jpg,C:\Users\Asus\PycharmProjects\AquaVision_v1\datasets\shrimp\Augmented_shrimp\WSSV_BG\aug_202_WSSV_BG-49-img-2.jpg,WSSV_BG,False,True,2
aug_203_WSSV_BG-16-img-3.jpg,C:\Users\Asus\PycharmProjects\AquaVision_v1\datasets\shrimp\Augmented_shrimp\WSSV_BG\aug_203_WSSV_BG-16-img-3.jpg,WSSV_BG,False,True,4
aug_204_WSSV_BG-67-img-3.jpg,C:\Users\Asus\PycharmProjects\AquaVision_v1\datasets\shrimp\Augmented_shrimp\WSSV_BG\aug_204_WSSV_BG-67-img-3.jpg,WSSV_BG,False,True,1
aug_206_WSSV_BG-37-img-3.jpg,C:\Users\Asus\PycharmProjects\AquaVision_v1\datasets\shrimp\Augmented_shrimp\WSSV_BG\aug_206_WSSV_BG-37-img-3.jpg,WSSV_BG,False,True,3
aug_207_WSSV_BG-71-img-2.jpg,C:\Users\Asus\PycharmProjects\AquaVision_v1\datasets\shrimp\Augmented_shrimp\WSSV_BG\aug_207_WSSV_BG-71-img-2.jpg,WSSV_BG,True,True,-1
aug_209_WSSV_BG-39-img-2.jpg,C:\Users\Asus\PycharmProjects\AquaVision_v1\datasets\shrimp\Augmented_shrimp\WSSV_BG\aug_209_WSSV_BG-39-img-2.jpg,WSSV_BG,False,True,2
aug_20_WSSV_BG-74-img-3.jpg,C:\Users\Asus\PycharmProjects\AquaVision_v1\datasets\shrimp\Augmented_shrimp\WSSV_BG\aug_20_WSSV_BG-74-img-3.jpg,WSSV_BG,False,True,1
aug_210_WSSV_BG-50-img-1.jpg,C:\Users\Asus\PycharmProjects\AquaVision_v1\datasets\shrimp\Augmented_shrimp\WSSV_BG\aug_210_WSSV_BG-50-img-1.jpg,WSSV_BG,False,True,3
aug_212_WSSV_BG-1-img-1.jpg,C:\Users\Asus\PycharmProjects\AquaVision_v1\datasets\shrimp\Augmented_shrimp\WSSV_BG\aug_212_WSSV_BG-1-img-1.jpg,WSSV_BG,False,True,4
aug_213_WSSV_BG-19-img-1.jpg,C:\Users\Asus\PycharmProjects\AquaVision_v1\datasets\shrimp\Augmented_shrimp\WSSV_BG\aug_213_WSSV_BG-19-img-1.jpg,WSSV_BG,False,True,3
aug_214_WSSV_BG-80-img-3.jpg,C:\Users\Asus\PycharmProjects\AquaVision_v1\datasets\shrimp\Augmented_shrimp\WSSV_BG\aug_214_WSSV_BG-80-img-3.jpg,WSSV_BG,False,True,3
aug_215_WSSV_BG-3-img-2.jpg,C:\Users\Asus\PycharmProjects\AquaVision_v1\datasets\shrimp\Augmented_shrimp\WSSV_BG\aug_215_WSSV_BG-3-img-2.jpg,WSSV_BG,False,True,4
aug_216_WSSV_BG-30-img-1.jpg,C:\Users\Asus\PycharmProjects\AquaVision_v1\datasets\shrimp\Augmented_shrimp\WSSV_BG\aug_216_WSSV_BG-30-img-1.jpg,WSSV_BG,True,True,-1
aug_218_WSSV_BG-9-img-3.jpg,C:\Users\Asus\PycharmProjects\AquaVision_v1\datasets\shrimp\Augmented_shrimp\WSSV_BG\aug_218_WSSV_BG-9-img-3.jpg,WSSV_BG,False,True,2
aug_219_WSSV_BG-50-img-3.jpg,C:\Users\Asus\PycharmProjects\AquaVision_v1\datasets\shrimp\Augmented_shrimp\WSSV_BG\aug_219_WSSV_BG-50-img-3.jpg,WSSV_BG,True,True,-1
aug_21_WSSV_BG-38-img-1.jpg,C:\Users\Asus\PycharmProjects\AquaVision_v1\datasets\shrimp\Augmented_shrimp\WSSV_BG\aug_21_WSSV_BG-38-img-1.jpg,WSSV_BG,False,True,1
aug_220_WSSV_BG-31-img-1.jpg,C:\Users\Asus\PycharmProjects\AquaVision_v1\datasets\shrimp\Augmented_shrimp\WSSV_BG\aug_220_WSSV_BG-31-img-1.jpg,WSSV_BG,False,True,0
aug_224_WSSV_BG-13-img-1.jpg,C:\Users\Asus\PycharmProjects\AquaVision_v1\datasets\shrimp\Augmented_shrimp\WSSV_BG\aug_224_WSSV_BG-13-img-1.jpg,WSSV_BG,False,True,1
aug_225_WSSV_BG-64-img-1.jpg,C:\Users\Asus\PycharmProjects\AquaVision_v1\datasets\shrimp\Augmented_shrimp\WSSV_BG\aug_225_WSSV_BG-64-img-1.jpg,WSSV_BG,False,True,4
aug_227_WSSV_BG-35-img-1.jpg,C:\Users\Asus\PycharmProjects\AquaVision_v1\datasets\shrimp\Augmented_shrimp\WSSV_BG\aug_227_WSSV_BG-35-img-1.jpg,WSSV_BG,False,True,4
aug_228_WSSV_BG-7-img-1.jpg,C:\Users\Asus\PycharmProjects\AquaVision_v1\datasets\shrimp\Augmented_shrimp\WSSV_BG\aug_228_WSSV_BG-7-img-1.jpg,WSSV_BG,True,True,-1
aug_229_WSSV_BG-23-img-1.jpg,C:\Users\Asus\PycharmProjects\AquaVision_v1\datasets\shrimp\Augmented_shrimp\WSSV_BG\aug_229_WSSV_BG-23-img-1.jpg,WSSV_BG,False,True,3
aug_230_WSSV_BG-79-img-1.jpg,C:\Users\Asus\PycharmProjects\AquaVision_v1\datasets\shrimp\Augmented_shrimp\WSSV_BG\aug_230_WSSV_BG-79-img-1.jpg,WSSV_BG,True,True,-1
aug_231_WSSV_BG-16-img-1.jpg,C:\Users\Asus\PycharmProjects\AquaVision_v1\datasets\shrimp\Augmented_shrimp\WSSV_BG\aug_231_WSSV_BG-16-img-1.jpg,WSSV_BG,False,True,4
aug_234_WSSV_BG-37-img-2.jpg,C:\Users\Asus\PycharmProjects\AquaVision_v1\datasets\shrimp\Augmented_shrimp\WSSV_BG\aug_234_WSSV_BG-37-img-2.jpg,WSSV_BG,False,True,4
aug_235_WSSV_BG-53-img-1.jpg,C:\Users\Asus\PycharmProjects\AquaVision_v1\datasets\shrimp\Augmented_shrimp\WSSV_BG\aug_235_WSSV_BG-53-img-1.jpg,WSSV_BG,False,True,4
aug_236_WSSV_BG-24-img-3.jpg,C:\Users\Asus\PycharmProjects\AquaVision_v1\datasets\shrimp\Augmented_shrimp\WSSV_BG\aug_236_WSSV_BG-24-img-3.jpg,WSSV_BG,False,True,4
aug_238_WSSV_BG-15-img-1.jpg,C:\Users\Asus\PycharmProjects\AquaVision_v1\datasets\shrimp\Augmented_shrimp\WSSV_BG\aug_238_WSSV_BG-15-img-1.jpg,WSSV_BG,False,True,0
aug_23_WSSV_BG-42-img-1.jpg,C:\Users\Asus\PycharmProjects\AquaVision_v1\datasets\shrimp\Augmented_shrimp\WSSV_BG\aug_23_WSSV_BG-42-img-1.jpg,WSSV_BG,False,True,2
aug_243_WSSV_BG-42-img-1.jpg,C:\Users\Asus\PycharmProjects\AquaVision_v1\datasets\shrimp\Augmented_shrimp\WSSV_BG\aug_243_WSSV_BG-42-img-1.jpg,WSSV_BG,True,True,-1
aug_244_WSSV_BG-40-img-1.jpg,C:\Users\Asus\PycharmProjects\AquaVision_v1\datasets\shrimp\Augmented_shrimp\WSSV_BG\aug_244_WSSV_BG-40-img-1.jpg,WSSV_BG,False,True,1
aug_247_WSSV_BG-11-img-3.jpg,C:\Users\Asus\PycharmProjects\AquaVision_v1\datasets\shrimp\Augmented_shrimp\WSSV_BG\aug_247_WSSV_BG-11-img-3.jpg,WSSV_BG,True,True,-1
aug_248_WSSV_BG-17-img-1.jpg,C:\Users\Asus\PycharmProjects\AquaVision_v1\datasets\shrimp\Augmented_shrimp\WSSV_BG\aug_248_WSSV_BG-17-img-1.jpg,WSSV_BG,False,True,0
aug_249_WSSV_BG-76-img-3.jpg,C:\Users\Asus\PycharmProjects\AquaVision_v1\datasets\shrimp\Augmented_shrimp\WSSV_BG\aug_249_WSSV_BG-76-img-3.jpg,WSSV_BG,False,True,0
aug_24_WSSV_BG-40-img-1.jpg,C:\Users\Asus\PycharmProjects\AquaVision_v1\datasets\shrimp\Augmented_shrimp\WSSV_BG\aug_24_WSSV_BG-40-img-1.jpg,WSSV_BG,False,True,0
aug_251_WSSV_BG-43-img-1.jpg,C:\Users\Asus\PycharmProjects\AquaVision_v1\datasets\shrimp\Augmented_shrimp\WSSV_BG\aug_251_WSSV_BG-43-img-1.jpg,WSSV_BG,False,True,0
aug_257_WSSV_BG-49-img-1.jpg,C:\Users\Asus\PycharmProjects\AquaVision_v1\datasets\shrimp\Augmented_shrimp\WSSV_BG\aug_257_WSSV_BG-49-img-1.jpg,WSSV_BG,False,True,2
aug_258_WSSV_BG-57-img-1.jpg,C:\Users\Asus\PycharmProjects\AquaVision_v1\datasets\shrimp\Augmented_shrimp\WSSV_BG\aug_258_WSSV_BG-57-img-1.jpg,WSSV_BG,False,True,2
aug_259_WSSV_BG-33-img-3.jpg,C:\Users\Asus\PycharmProjects\AquaVision_v1\datasets\shrimp\Augmented_shrimp\WSSV_BG\aug_259_WSSV_BG-33-img-3.jpg,WSSV_BG,False,True,1
aug_25_WSSV_BG-40-img-2.jpg,C:\Users\Asus\PycharmProjects\AquaVision_v1\datasets\shrimp\Augmented_shrimp\WSSV_BG\aug_25_WSSV_BG-40-img-2.jpg,WSSV_BG,False,True,2
aug_260_WSSV_BG-78-img-2.jpg,C:\Users\Asus\PycharmProjects\AquaVision_v1\datasets\shrimp\Augmented_shrimp\WSSV_BG\aug_260_WSSV_BG-78-img-2.jpg,WSSV_BG,False,True,2
aug_264_WSSV_BG-57-img-3.jpg,C:\Users\Asus\PycharmProjects\AquaVision_v1\datasets\shrimp\Augmented_shrimp\WSSV_BG\aug_264_WSSV_BG-57-img-3.jpg,WSSV_BG,False,True,3
aug_265_WSSV_BG-78-img-3.jpg,C:\Users\Asus\PycharmProjects\AquaVision_v1\datasets\shrimp\Augmented_shrimp\WSSV_BG\aug_265_WSSV_BG-78-img-3.jpg,WSSV_BG,False,True,1
aug_267_WSSV_BG-77-img-2.jpg,C:\Users\Asus\PycharmProjects\AquaVision_v1\datasets\shrimp\Augmented_shrimp\WSSV_BG\aug_267_WSSV_BG-77-img-2.jpg,WSSV_BG,False,True,1
aug_268_WSSV_BG-69-img-1.jpg,C:\Users\Asus\PycharmProjects\AquaVision_v1\datasets\shrimp\Augmented_shrimp\WSSV_BG\aug_268_WSSV_BG-69-img-1.jpg,WSSV_BG,False,True,4
aug_269_WSSV_BG-32-img-3.jpg,C:\Users\Asus\PycharmProjects\AquaVision_v1\datasets\shrimp\Augmented_shrimp\WSSV_BG\aug_269_WSSV_BG-32-img-3.jpg,WSSV_BG,False,True,4
aug_271_WSSV_BG-56-img-3.jpg,C:\Users\Asus\PycharmProjects\AquaVision_v1\datasets\shrimp\Augmented_shrimp\WSSV_BG\aug_271_WSSV_BG-56-img-3.jpg,WSSV_BG,False,True,4
aug_272_WSSV_BG-22-img-3.jpg,C:\Users\Asus\PycharmProjects\AquaVision_v1\datasets\shrimp\Augmented_shrimp\WSSV_BG\aug_272_WSSV_BG-22-img-3.jpg,WSSV_BG,False,True,2
aug_273_WSSV_BG-5-img-2.jpg,C:\Users\Asus\PycharmProjects\AquaVision_v1\datasets\shrimp\Augmented_shrimp\WSSV_BG\aug_273_WSSV_BG-5-img-2.jpg,WSSV_BG,False,True,4
aug_274_WSSV_BG-31-img-3.jpg,C:\Users\Asus\PycharmProjects\AquaVision_v1\datasets\shrimp\Augmented_shrimp\WSSV_BG\aug_274_WSSV_BG-31-img-3.jpg,WSSV_BG,False,True,4
aug_276_WSSV_BG-26-img-2.jpg,C:\Users\Asus\PycharmProjects\AquaVision_v1\datasets\shrimp\Augmented_shrimp\WSSV_BG\aug_276_WSSV_BG-26-img-2.jpg,WSSV_BG,True,True,-1
aug_279_WSSV_BG-51-img-2.jpg,C:\Users\Asus\PycharmProjects\AquaVision_v1\datasets\shrimp\Augmented_shrimp\WSSV_BG\aug_279_WSSV_BG-51-img-2.jpg,WSSV_BG,True,True,-1
aug_29_WSSV_BG-76-img-3.jpg,C:\Users\Asus\PycharmProjects\AquaVision_v1\datasets\shrimp\Augmented_shrimp\WSSV_BG\aug_29_WSSV_BG-76-img-3.jpg,WSSV_BG,False,True,3
aug_30_WSSV_BG-17-img-3.jpg,C:\Users\Asus\PycharmProjects\AquaVision_v1\datasets\shrimp\Augmented_shrimp\WSSV_BG\aug_30_WSSV_BG-17-img-3.jpg,WSSV_BG,True,True,-1
aug_31_WSSV_BG-43-img-1.jpg,C:\Users\Asus\PycharmProjects\AquaVision_v1\datasets\shrimp\Augmented_shrimp\WSSV_BG\aug_31_WSSV_BG-43-img-1.jpg,WSSV_BG,False,True,3
aug_32_WSSV_BG-25-img-2.jpg,C:\Users\Asus\PycharmProjects\AquaVision_v1\datasets\shrimp\Augmented_shrimp\WSSV_BG\aug_32_WSSV_BG-25-img-2.jpg,WSSV_BG,False,True,3
aug_34_WSSV_BG-36-img-2.jpg,C:\Users\Asus\PycharmProjects\AquaVision_v1\datasets\shrimp\Augmented_shrimp\WSSV_BG\aug_34_WSSV_BG-36-img-2.jpg,WSSV_BG,False,True,1
aug_36_WSSV_BG-32-img-2.jpg,C:\Users\Asus\PycharmProjects\AquaVision_v1\datasets\shrimp\Augmented_shrimp\WSSV_BG\aug_36_WSSV_BG-32-img-2.jpg,WSSV_BG,False,True,3
aug_37_WSSV_BG-49-img-1.jpg,C:\Users\Asus\PycharmProjects\AquaVision_v1\datasets\shrimp\Augmented_shrimp\WSSV_BG\aug_37_WSSV_BG-49-img-1.jpg,WSSV_BG,False,True,0
aug_38_WSSV_BG-57-img-1.jpg,C:\Users\Asus\PycharmProjects\AquaVision_v1\datasets\shrimp\Augmented_shrimp\WSSV_BG\aug_38_WSSV_BG-57-img-1.jpg,WSSV_BG,False,True,2
aug_39_WSSV_BG-33-img-3.jpg,C:\Users\Asus\PycharmProjects\AquaVision_v1\datasets\shrimp\Augmented_shrimp\WSSV_BG\aug_39_WSSV_BG-33-img-3.jpg,WSSV_BG,False,True,2
aug_3_WSSV_BG-12-img-3.jpg,C:\Users\Asus\PycharmProjects\AquaVision_v1\datasets\shrimp\Augmented_shrimp\WSSV_BG\aug_3_WSSV_BG-12-img-3.jpg,WSSV_BG,False,True,4
aug_43_WSSV_BG-44-img-1.jpg,C:\Users\Asus\PycharmProjects\AquaVision_v1\datasets\shrimp\Augmented_shrimp\WSSV_BG\aug_43_WSSV_BG-44-img-1.jpg,WSSV_BG,False,True,2
aug_47_WSSV_BG-77-img-2.jpg,C:\Users\Asus\PycharmProjects\AquaVision_v1\datasets\shrimp\Augmented_shrimp\WSSV_BG\aug_47_WSSV_BG-77-img-2.jpg,WSSV_BG,False,True,4
aug_49_WSSV_BG-32-img-3.jpg,C:\Users\Asus\PycharmProjects\AquaVision_v1\datasets\shrimp\Augmented_shrimp\WSSV_BG\aug_49_WSSV_BG-32-img-3.jpg,WSSV_BG,False,True,1
aug_4_WSSV_BG-13-img-1.jpg,C:\Users\Asus\PycharmProjects\AquaVision_v1\datasets\shrimp\Augmented_shrimp\WSSV_BG\aug_4_WSSV_BG-13-img-1.jpg,WSSV_BG,False,True,2
aug_50_WSSV_BG-5-img-3.jpg,C:\Users\Asus\PycharmProjects\AquaVision_v1\datasets\shrimp\Augmented_shrimp\WSSV_BG\aug_50_WSSV_BG-5-img-3.jpg,WSSV_BG,False,True,0
aug_51_WSSV_BG-56-img-3.jpg,C:\Users\Asus\PycharmProjects\AquaVision_v1\datasets\shrimp\Augmented_shrimp\WSSV_BG\aug_51_WSSV_BG-56-img-3.jpg,WSSV_BG,False,True,0
aug_52_WSSV_BG-22-img-3.jpg,C:\Users\Asus\PycharmProjects\AquaVision_v1\datasets\shrimp\Augmented_shrimp\WSSV_BG\aug_52_WSSV_BG-22-img-3.jpg,WSSV_BG,False,True,1
aug_53_WSSV_BG-5-img-2.jpg,C:\Users\Asus\PycharmProjects\AquaVision_v1\datasets\shrimp\Augmented_shrimp\WSSV_BG\aug_53_WSSV_BG-5-img-2.jpg,WSSV_BG,False,True,3
aug_54_WSSV_BG-31-img-3.jpg,C:\Users\Asus\PycharmProjects\AquaVision_v1\datasets\shrimp\Augmented_shrimp\WSSV_BG\aug_54_WSSV_BG-31-img-3.jpg,WSSV_BG,True,True,-1
aug_56_WSSV_BG-26-img-2.jpg,C:\Users\Asus\PycharmProjects\AquaVision_v1\datasets\shrimp\Augmented_shrimp\WSSV_BG\aug_56_WSSV_BG-26-img-2.jpg,WSSV_BG,False,True,4
aug_58_WSSV_BG-6-img-3.jpg,C:\Users\Asus\PycharmProjects\AquaVision_v1\datasets\shrimp\Augmented_shrimp\WSSV_BG\aug_58_WSSV_BG-6-img-3.jpg,WSSV_BG,False,True,1
aug_59_WSSV_BG-51-img-2.jpg,C:\Users\Asus\PycharmProjects\AquaVision_v1\datasets\shrimp\Augmented_shrimp\WSSV_BG\aug_59_WSSV_BG-51-img-2.jpg,WSSV_BG,False,True,0
aug_60_WSSV_BG-5-img-1.jpg,C:\Users\Asus\PycharmProjects\AquaVision_v1\datasets\shrimp\Augmented_shrimp\WSSV_BG\aug_60_WSSV_BG-5-img-1.jpg,WSSV_BG,True,True,-1
aug_61_WSSV_BG-10-img-1.jpg,C:\Users\Asus\PycharmProjects\AquaVision_v1\datasets\shrimp\Augmented_shrimp\WSSV_BG\aug_61_WSSV_BG-10-img-1.jpg,WSSV_BG,False,True,4
aug_64_WSSV_BG-6-img-2.jpg,C:\Users\Asus\PycharmProjects\AquaVision_v1\datasets\shrimp\Augmented_shrimp\WSSV_BG\aug_64_WSSV_BG-6-img-2.jpg,WSSV_BG,True,True,-1
aug_65_WSSV_BG-10-img-2.jpg,C:\Users\Asus\PycharmProjects\AquaVision_v1\datasets\shrimp\Augmented_shrimp\WSSV_BG\aug_65_WSSV_BG-10-img-2.jpg,WSSV_BG,True,True,-1
aug_66_WSSV_BG-39-img-1.jpg,C:\Users\Asus\PycharmProjects\AquaVision_v1\datasets\shrimp\Augmented_shrimp\WSSV_BG\aug_66_WSSV_BG-39-img-1.jpg,WSSV_BG,False,True,4
aug_68_WSSV_BG-52-img-3.jpg,C:\Users\Asus\PycharmProjects\AquaVision_v1\datasets\shrimp\Augmented_shrimp\WSSV_BG\aug_68_WSSV_BG-52-img-3.jpg,WSSV_BG,False,True,2
aug_69_WSSV_BG-34-img-1.jpg,C:\Users\Asus\PycharmProjects\AquaVision_v1\datasets\shrimp\Augmented_shrimp\WSSV_BG\aug_69_WSSV_BG-34-img-1.jpg,WSSV_BG,False,True,1
aug_72_WSSV_BG-7-img-3.jpg,C:\Users\Asus\PycharmProjects\AquaVision_v1\datasets\shrimp\Augmented_shrimp\WSSV_BG\aug_72_WSSV_BG-7-img-3.jpg,WSSV_BG,False,True,0
aug_73_WSSV_BG-76-img-2.jpg,C:\Users\Asus\PycharmProjects\AquaVision_v1\datasets\shrimp\Augmented_shrimp\WSSV_BG\aug_73_WSSV_BG-76-img-2.jpg,WSSV_BG,False,True,4
aug_74_WSSV_BG-66-img-3.jpg,C:\Users\Asus\PycharmProjects\AquaVision_v1\datasets\shrimp\Augmented_shrimp\WSSV_BG\aug_74_WSSV_BG-66-img-3.jpg,WSSV_BG,True,True,-1
aug_75_WSSV_BG-60-img-1.jpg,C:\Users\Asus\PycharmProjects\AquaVision_v1\datasets\shrimp\Augmented_shrimp\WSSV_BG\aug_75_WSSV_BG-60-img-1.jpg,WSSV_BG,False,True,4
aug_77_WSSV_BG-61-img-1.jpg,C:\Users\Asus\PycharmProjects\AquaVision_v1\datasets\shrimp\Augmented_shrimp\WSSV_BG\aug_77_WSSV_BG-61-img-1.jpg,WSSV_BG,False,True,1
aug_78_WSSV_BG-48-img-3.jpg,C:\Users\Asus\PycharmProjects\AquaVision_v1\datasets\shrimp\Augmented_shrimp\WSSV_BG\aug_78_WSSV_BG-48-img-3.jpg,WSSV_BG,False,True,2
aug_79_WSSV_BG-51-img-1.jpg,C:\Users\Asus\PycharmProjects\AquaVision_v1\datasets\shrimp\Augmented_shrimp\WSSV_BG\aug_79_WSSV_BG-51-img-1.jpg,WSSV_BG,False,True,3
aug_7_WSSV_BG-35-img-1.jpg,C:\Users\Asus\PycharmProjects\AquaVision_v1\datasets\shrimp\Augmented_shrimp\WSSV_BG\aug_7_WSSV_BG-35-img-1.jpg,WSSV_BG,False,True,0
aug_80_WSSV_BG-47-img-1.jpg,C:\Users\Asus\PycharmProjects\AquaVision_v1\datasets\shrimp\Augmented_shrimp\WSSV_BG\aug_80_WSSV_BG-47-img-1.jpg,WSSV_BG,False,True,4
aug_81_WSSV_BG-81-img-2.jpg,C:\Users\Asus\PycharmProjects\AquaVision_v1\datasets\shrimp\Augmented_shrimp\WSSV_BG\aug_81_WSSV_BG-81-img-2.jpg,WSSV_BG,False,True,4
aug_83_WSSV_BG-74-img-2.jpg,C:\Users\Asus\PycharmProjects\AquaVision_v1\datasets\shrimp\Augmented_shrimp\WSSV_BG\aug_83_WSSV_BG-74-img-2.jpg,WSSV_BG,False,True,3
aug_84_WSSV_BG-37-img-1.jpg,C:\Users\Asus\PycharmProjects\AquaVision_v1\datasets\shrimp\Augmented_shrimp\WSSV_BG\aug_84_WSSV_BG-37-img-1.jpg,WSSV_BG,True,True,-1
aug_85_WSSV_BG-27-img-2.jpg,C:\Users\Asus\PycharmProjects\AquaVision_v1\datasets\shrimp\Augmented_shrimp\WSSV_BG\aug_85_WSSV_BG-27-img-2.jpg,WSSV_BG,False,True,2
aug_86_WSSV_BG-3-img-3.jpg,C:\Users\Asus\PycharmProjects\AquaVision_v1\datasets\shrimp\Augmented_shrimp\WSSV_BG\aug_86_WSSV_BG-3-img-3.jpg,WSSV_BG,False,True,2
aug_87_WSSV_BG-8-img-3.jpg,C:\Users\Asus\PycharmProjects\AquaVision_v1\datasets\shrimp\Augmented_shrimp\WSSV_BG\aug_87_WSSV_BG-8-img-3.jpg,WSSV_BG,False,True,2
aug_88_WSSV_BG-30-img-2.jpg,C:\Users\Asus\PycharmProjects\AquaVision_v1\datasets\shrimp\Augmented_shrimp\WSSV_BG\aug_88_WSSV_BG-30-img-2.jpg,WSSV_BG,False,True,1
aug_89_WSSV_BG-12-img-1.jpg,C:\Users\Asus\PycharmProjects\AquaVision_v1\datasets\shrimp\Augmented_shrimp\WSSV_BG\aug_89_WSSV_BG-12-img-1.jpg,WSSV_BG,False,True,0
aug_92_WSSV_BG-66-img-1.jpg,C:\Users\Asus\PycharmProjects\AquaVision_v1\datasets\shrimp\Augmented_shrimp\WSSV_BG\aug_92_WSSV_BG-66-img-1.jpg,WSSV_BG,False,True,2
aug_93_WSSV_BG-74-img-1.jpg,C:\Users\Asus\PycharmProjects\AquaVision_v1\datasets\shrimp\Augmented_shrimp\WSSV_BG\aug_93_WSSV_BG-74-img-1.jpg,WSSV_BG,False,True,3
aug_94_WSSV_BG-3-img-1.jpg,C:\Users\Asus\PycharmProjects\AquaVision_v1\datasets\shrimp\Augmented_shrimp\WSSV_BG\aug_94_WSSV_BG-3-img-1.jpg,WSSV_BG,True,True,-1
aug_95_WSSV_BG-28-img-3.jpg,C:\Users\Asus\PycharmProjects\AquaVision_v1\datasets\shrimp\Augmented_shrimp\WSSV_BG\aug_95_WSSV_BG-28-img-3.jpg,WSSV_BG,False,True,0
aug_96_WSSV_BG-42-img-3.jpg,C:\Users\Asus\PycharmProjects\AquaVision_v1\datasets\shrimp\Augmented_shrimp\WSSV_BG\aug_96_WSSV_BG-42-img-3.jpg,WSSV_BG,False,True,1
aug_97_WSSV_BG-4-img-2.jpg,C:\Users\Asus\PycharmProjects\AquaVision_v1\datasets\shrimp\Augmented_shrimp\WSSV_BG\aug_97_WSSV_BG-4-img-2.jpg,WSSV_BG,False,True,1
aug_98_WSSV_BG-13-img-2.jpg,C:\Users\Asus\PycharmProjects\AquaVision_v1\datasets\shrimp\Augmented_shrimp\WSSV_BG\aug_98_WSSV_BG-13-img-2.jpg,WSSV_BG,False,True,0
