image_path,label,species,split,is_augmented
C:\Users\Asus\PycharmProjects\AquaVision_v1\datasets\fish\New Dataset\test_split\Bacterial diseases - Aeromoniasis_Bacterial diseases - Aeromoniasis_103.jpg,test_split,fish,train,False
C:\Users\Asus\PycharmProjects\AquaVision_v1\datasets\fish\New Dataset\test_split\Bacterial diseases - Aeromoniasis_Bacterial diseases - Aeromoniasis_112.jpg,test_split,fish,train,False
C:\Users\Asus\PycharmProjects\AquaVision_v1\datasets\fish\New Dataset\test_split\Bacterial diseases - Aeromoniasis_Bacterial diseases - Aeromoniasis_113.jpg,test_split,fish,train,False
C:\Users\Asus\PycharmProjects\AquaVision_v1\datasets\fish\New Dataset\test_split\Bacterial diseases - Aeromoniasis_Bacterial diseases - Aeromoniasis_115.png,test_split,fish,train,False
C:\Users\Asus\PycharmProjects\AquaVision_v1\datasets\fish\New Dataset\test_split\Bacterial diseases - Aeromoniasis_Bacterial diseases - Aeromoniasis_116.jpg,test_split,fish,train,False
C:\Users\Asus\PycharmProjects\AquaVision_v1\datasets\fish\New Dataset\test_split\Bacterial diseases - Aeromoniasis_Bacterial diseases - Aeromoniasis_121.jpg,test_split,fish,train,False
C:\Users\Asus\PycharmProjects\AquaVision_v1\datasets\fish\New Dataset\test_split\Bacterial diseases - Aeromoniasis_Bacterial diseases - Aeromoniasis_122.jpg,test_split,fish,train,False
C:\Users\Asus\PycharmProjects\AquaVision_v1\datasets\fish\New Dataset\test_split\Bacterial diseases - Aeromoniasis_Bacterial diseases - Aeromoniasis_133.jpg,test_split,fish,train,False
C:\Users\Asus\PycharmProjects\AquaVision_v1\datasets\fish\New Dataset\test_split\Bacterial diseases - Aeromoniasis_Bacterial diseases - Aeromoniasis_134.jpg,test_split,fish,train,False
C:\Users\Asus\PycharmProjects\AquaVision_v1\datasets\fish\New Dataset\test_split\Bacterial diseases - Aeromoniasis_Bacterial diseases - Aeromoniasis_138.jpg,test_split,fish,train,False
C:\Users\Asus\PycharmProjects\AquaVision_v1\datasets\fish\New Dataset\test_split\Bacterial diseases - Aeromoniasis_Bacterial diseases - Aeromoniasis_141.jpg,test_split,fish,train,False
C:\Users\Asus\PycharmProjects\AquaVision_v1\datasets\fish\New Dataset\test_split\Bacterial diseases - Aeromoniasis_Bacterial diseases - Aeromoniasis_144.jpg,test_split,fish,train,False
C:\Users\Asus\PycharmProjects\AquaVision_v1\datasets\fish\New Dataset\test_split\Bacterial diseases - Aeromoniasis_Bacterial diseases - Aeromoniasis_146.jpg,test_split,fish,train,False
C:\Users\Asus\PycharmProjects\AquaVision_v1\datasets\fish\New Dataset\test_split\Bacterial diseases - Aeromoniasis_Bacterial diseases - Aeromoniasis_148.jpg,test_split,fish,train,False
C:\Users\Asus\PycharmProjects\AquaVision_v1\datasets\fish\New Dataset\test_split\Bacterial diseases - Aeromoniasis_Bacterial diseases - Aeromoniasis_149.jpg,test_split,fish,train,False
C:\Users\Asus\PycharmProjects\AquaVision_v1\datasets\fish\New Dataset\test_split\Bacterial diseases - Aeromoniasis_Bacterial diseases - Aeromoniasis_153.jpg,test_split,fish,train,False
C:\Users\Asus\PycharmProjects\AquaVision_v1\datasets\fish\New Dataset\test_split\Bacterial diseases - Aeromoniasis_Bacterial diseases - Aeromoniasis_161.jpg,test_split,fish,train,False
C:\Users\Asus\PycharmProjects\AquaVision_v1\datasets\fish\New Dataset\test_split\Bacterial diseases - Aeromoniasis_Bacterial diseases - Aeromoniasis_171.jpg,test_split,fish,train,False
C:\Users\Asus\PycharmProjects\AquaVision_v1\datasets\fish\New Dataset\test_split\Bacterial diseases - Aeromoniasis_Bacterial diseases - Aeromoniasis_180.jpg,test_split,fish,train,False
C:\Users\Asus\PycharmProjects\AquaVision_v1\datasets\fish\New Dataset\test_split\Bacterial diseases - Aeromoniasis_Bacterial diseases - Aeromoniasis_182.jpg,test_split,fish,train,False
C:\Users\Asus\PycharmProjects\AquaVision_v1\datasets\fish\New Dataset\test_split\Bacterial diseases - Aeromoniasis_Bacterial diseases - Aeromoniasis_185.jpg,test_split,fish,train,False
C:\Users\Asus\PycharmProjects\AquaVision_v1\datasets\fish\New Dataset\test_split\Bacterial diseases - Aeromoniasis_Bacterial diseases - Aeromoniasis_20.jpg,test_split,fish,train,False
C:\Users\Asus\PycharmProjects\AquaVision_v1\datasets\fish\New Dataset\test_split\Bacterial diseases - Aeromoniasis_Bacterial diseases - Aeromoniasis_202.jpg,test_split,fish,train,False
C:\Users\Asus\PycharmProjects\AquaVision_v1\datasets\fish\New Dataset\test_split\Bacterial diseases - Aeromoniasis_Bacterial diseases - Aeromoniasis_208.jpg,test_split,fish,train,False
C:\Users\Asus\PycharmProjects\AquaVision_v1\datasets\fish\New Dataset\test_split\Bacterial diseases - Aeromoniasis_Bacterial diseases - Aeromoniasis_210.jpg,test_split,fish,train,False
C:\Users\Asus\PycharmProjects\AquaVision_v1\datasets\fish\New Dataset\test_split\Bacterial diseases - Aeromoniasis_Bacterial diseases - Aeromoniasis_212.jpg,test_split,fish,train,False
C:\Users\Asus\PycharmProjects\AquaVision_v1\datasets\fish\New Dataset\test_split\Bacterial diseases - Aeromoniasis_Bacterial diseases - Aeromoniasis_213.jpg,test_split,fish,train,False
C:\Users\Asus\PycharmProjects\AquaVision_v1\datasets\fish\New Dataset\test_split\Bacterial diseases - Aeromoniasis_Bacterial diseases - Aeromoniasis_215.jpg,test_split,fish,train,False
C:\Users\Asus\PycharmProjects\AquaVision_v1\datasets\fish\New Dataset\test_split\Bacterial diseases - Aeromoniasis_Bacterial diseases - Aeromoniasis_217.jpg,test_split,fish,train,False
C:\Users\Asus\PycharmProjects\AquaVision_v1\datasets\fish\New Dataset\test_split\Bacterial diseases - Aeromoniasis_Bacterial diseases - Aeromoniasis_22.jpg,test_split,fish,train,False
C:\Users\Asus\PycharmProjects\AquaVision_v1\datasets\fish\New Dataset\test_split\Bacterial diseases - Aeromoniasis_Bacterial diseases - Aeromoniasis_225.jpg,test_split,fish,train,False
C:\Users\Asus\PycharmProjects\AquaVision_v1\datasets\fish\New Dataset\test_split\Bacterial diseases - Aeromoniasis_Bacterial diseases - Aeromoniasis_234.jpg,test_split,fish,train,False
C:\Users\Asus\PycharmProjects\AquaVision_v1\datasets\fish\New Dataset\test_split\Bacterial diseases - Aeromoniasis_Bacterial diseases - Aeromoniasis_235.jpg,test_split,fish,train,False
C:\Users\Asus\PycharmProjects\AquaVision_v1\datasets\fish\New Dataset\test_split\Bacterial diseases - Aeromoniasis_Bacterial diseases - Aeromoniasis_239.jpg,test_split,fish,train,False
C:\Users\Asus\PycharmProjects\AquaVision_v1\datasets\fish\New Dataset\test_split\Bacterial diseases - Aeromoniasis_Bacterial diseases - Aeromoniasis_240.jpg,test_split,fish,train,False
C:\Users\Asus\PycharmProjects\AquaVision_v1\datasets\fish\New Dataset\test_split\Bacterial diseases - Aeromoniasis_Bacterial diseases - Aeromoniasis_246.jpg,test_split,fish,train,False
C:\Users\Asus\PycharmProjects\AquaVision_v1\datasets\fish\New Dataset\test_split\Bacterial diseases - Aeromoniasis_Bacterial diseases - Aeromoniasis_249.jpg,test_split,fish,train,False
C:\Users\Asus\PycharmProjects\AquaVision_v1\datasets\fish\New Dataset\test_split\Bacterial diseases - Aeromoniasis_Bacterial diseases - Aeromoniasis_43.jpg,test_split,fish,train,False
C:\Users\Asus\PycharmProjects\AquaVision_v1\datasets\fish\New Dataset\test_split\Bacterial diseases - Aeromoniasis_Bacterial diseases - Aeromoniasis_45.jpg,test_split,fish,train,False
C:\Users\Asus\PycharmProjects\AquaVision_v1\datasets\fish\New Dataset\test_split\Bacterial diseases - Aeromoniasis_Bacterial diseases - Aeromoniasis_49.jpg,test_split,fish,train,False
C:\Users\Asus\PycharmProjects\AquaVision_v1\datasets\fish\New Dataset\test_split\Bacterial diseases - Aeromoniasis_Bacterial diseases - Aeromoniasis_58.jpg,test_split,fish,train,False
C:\Users\Asus\PycharmProjects\AquaVision_v1\datasets\fish\New Dataset\test_split\Bacterial diseases - Aeromoniasis_Bacterial diseases - Aeromoniasis_6.jpg,test_split,fish,train,False
C:\Users\Asus\PycharmProjects\AquaVision_v1\datasets\fish\New Dataset\test_split\Bacterial diseases - Aeromoniasis_Bacterial diseases - Aeromoniasis_61.jpg,test_split,fish,train,False
C:\Users\Asus\PycharmProjects\AquaVision_v1\datasets\fish\New Dataset\test_split\Bacterial diseases - Aeromoniasis_Bacterial diseases - Aeromoniasis_62.jpg,test_split,fish,train,False
C:\Users\Asus\PycharmProjects\AquaVision_v1\datasets\fish\New Dataset\test_split\Bacterial diseases - Aeromoniasis_Bacterial diseases - Aeromoniasis_65.jpg,test_split,fish,train,False
C:\Users\Asus\PycharmProjects\AquaVision_v1\datasets\fish\New Dataset\test_split\Bacterial diseases - Aeromoniasis_Bacterial diseases - Aeromoniasis_69.jpg,test_split,fish,train,False
C:\Users\Asus\PycharmProjects\AquaVision_v1\datasets\fish\New Dataset\test_split\Bacterial diseases - Aeromoniasis_Bacterial diseases - Aeromoniasis_7.jpg,test_split,fish,train,False
C:\Users\Asus\PycharmProjects\AquaVision_v1\datasets\fish\New Dataset\test_split\Bacterial diseases - Aeromoniasis_Bacterial diseases - Aeromoniasis_90.jpg,test_split,fish,train,False
C:\Users\Asus\PycharmProjects\AquaVision_v1\datasets\fish\New Dataset\test_split\Bacterial diseases - Aeromoniasis_Bacterial diseases - Aeromoniasis_92.jpg,test_split,fish,train,False
C:\Users\Asus\PycharmProjects\AquaVision_v1\datasets\fish\New Dataset\test_split\Bacterial gill disease_Bacterial gill disease_10.jpeg,test_split,fish,train,False
C:\Users\Asus\PycharmProjects\AquaVision_v1\datasets\fish\New Dataset\test_split\Bacterial gill disease_Bacterial gill disease_13.jpg,test_split,fish,train,False
C:\Users\Asus\PycharmProjects\AquaVision_v1\datasets\fish\New Dataset\test_split\Bacterial gill disease_Bacterial gill disease_134.jpg,test_split,fish,train,False
C:\Users\Asus\PycharmProjects\AquaVision_v1\datasets\fish\New Dataset\test_split\Bacterial gill disease_Bacterial gill disease_15.jpg,test_split,fish,train,False
C:\Users\Asus\PycharmProjects\AquaVision_v1\datasets\fish\New Dataset\test_split\Bacterial gill disease_Bacterial gill disease_158.jpg,test_split,fish,train,False
C:\Users\Asus\PycharmProjects\AquaVision_v1\datasets\fish\New Dataset\test_split\Bacterial gill disease_Bacterial gill disease_161.jpg,test_split,fish,train,False
C:\Users\Asus\PycharmProjects\AquaVision_v1\datasets\fish\New Dataset\test_split\Bacterial gill disease_Bacterial gill disease_169.jpg,test_split,fish,train,False
C:\Users\Asus\PycharmProjects\AquaVision_v1\datasets\fish\New Dataset\test_split\Bacterial gill disease_Bacterial gill disease_172.jpg,test_split,fish,train,False
C:\Users\Asus\PycharmProjects\AquaVision_v1\datasets\fish\New Dataset\test_split\Bacterial gill disease_Bacterial gill disease_176.jpg,test_split,fish,train,False
C:\Users\Asus\PycharmProjects\AquaVision_v1\datasets\fish\New Dataset\test_split\Bacterial gill disease_Bacterial gill disease_178.jpg,test_split,fish,train,False
C:\Users\Asus\PycharmProjects\AquaVision_v1\datasets\fish\New Dataset\test_split\Bacterial gill disease_Bacterial gill disease_209.jpg,test_split,fish,train,False
C:\Users\Asus\PycharmProjects\AquaVision_v1\datasets\fish\New Dataset\test_split\Bacterial gill disease_Bacterial gill disease_211.jpg,test_split,fish,train,False
C:\Users\Asus\PycharmProjects\AquaVision_v1\datasets\fish\New Dataset\test_split\Bacterial gill disease_Bacterial gill disease_219.jpg,test_split,fish,train,False
C:\Users\Asus\PycharmProjects\AquaVision_v1\datasets\fish\New Dataset\test_split\Bacterial gill disease_Bacterial gill disease_22.jpeg,test_split,fish,train,False
C:\Users\Asus\PycharmProjects\AquaVision_v1\datasets\fish\New Dataset\test_split\Bacterial gill disease_Bacterial gill disease_221.jpg,test_split,fish,train,False
C:\Users\Asus\PycharmProjects\AquaVision_v1\datasets\fish\New Dataset\test_split\Bacterial gill disease_Bacterial gill disease_228.jpg,test_split,fish,train,False
C:\Users\Asus\PycharmProjects\AquaVision_v1\datasets\fish\New Dataset\test_split\Bacterial gill disease_Bacterial gill disease_23.jpg,test_split,fish,train,False
C:\Users\Asus\PycharmProjects\AquaVision_v1\datasets\fish\New Dataset\test_split\Bacterial gill disease_Bacterial gill disease_248.jpg,test_split,fish,train,False
C:\Users\Asus\PycharmProjects\AquaVision_v1\datasets\fish\New Dataset\test_split\Bacterial gill disease_Bacterial gill disease_26.jpeg,test_split,fish,train,False
C:\Users\Asus\PycharmProjects\AquaVision_v1\datasets\fish\New Dataset\test_split\Bacterial gill disease_Bacterial gill disease_275.jpg,test_split,fish,train,False
C:\Users\Asus\PycharmProjects\AquaVision_v1\datasets\fish\New Dataset\test_split\Bacterial gill disease_Bacterial gill disease_276.jpg,test_split,fish,train,False
C:\Users\Asus\PycharmProjects\AquaVision_v1\datasets\fish\New Dataset\test_split\Bacterial gill disease_Bacterial gill disease_288.jpg,test_split,fish,train,False
C:\Users\Asus\PycharmProjects\AquaVision_v1\datasets\fish\New Dataset\test_split\Bacterial gill disease_Bacterial gill disease_305.jpg,test_split,fish,train,False
C:\Users\Asus\PycharmProjects\AquaVision_v1\datasets\fish\New Dataset\test_split\Bacterial gill disease_Bacterial gill disease_31.jpg,test_split,fish,train,False
C:\Users\Asus\PycharmProjects\AquaVision_v1\datasets\fish\New Dataset\test_split\Bacterial gill disease_Bacterial gill disease_316.jpg,test_split,fish,train,False
C:\Users\Asus\PycharmProjects\AquaVision_v1\datasets\fish\New Dataset\test_split\Bacterial gill disease_Bacterial gill disease_33.jpg,test_split,fish,train,False
C:\Users\Asus\PycharmProjects\AquaVision_v1\datasets\fish\New Dataset\test_split\Bacterial gill disease_Bacterial gill disease_35.png,test_split,fish,train,False
C:\Users\Asus\PycharmProjects\AquaVision_v1\datasets\fish\New Dataset\test_split\Bacterial gill disease_Bacterial gill disease_36.jpg,test_split,fish,train,False
C:\Users\Asus\PycharmProjects\AquaVision_v1\datasets\fish\New Dataset\test_split\Bacterial gill disease_Bacterial gill disease_362.jpg,test_split,fish,train,False
C:\Users\Asus\PycharmProjects\AquaVision_v1\datasets\fish\New Dataset\test_split\Bacterial gill disease_Bacterial gill disease_364.jpg,test_split,fish,train,False
C:\Users\Asus\PycharmProjects\AquaVision_v1\datasets\fish\New Dataset\test_split\Bacterial gill disease_Bacterial gill disease_37.jpg,test_split,fish,train,False
C:\Users\Asus\PycharmProjects\AquaVision_v1\datasets\fish\New Dataset\test_split\Bacterial gill disease_Bacterial gill disease_376.jpg,test_split,fish,train,False
C:\Users\Asus\PycharmProjects\AquaVision_v1\datasets\fish\New Dataset\test_split\Bacterial gill disease_Bacterial gill disease_406.jpg,test_split,fish,train,False
C:\Users\Asus\PycharmProjects\AquaVision_v1\datasets\fish\New Dataset\test_split\Bacterial gill disease_Bacterial gill disease_48.jpg,test_split,fish,train,False
C:\Users\Asus\PycharmProjects\AquaVision_v1\datasets\fish\New Dataset\test_split\Bacterial gill disease_Bacterial gill disease_50.jpeg,test_split,fish,train,False
C:\Users\Asus\PycharmProjects\AquaVision_v1\datasets\fish\New Dataset\test_split\Bacterial gill disease_Bacterial gill disease_59.jpg,test_split,fish,train,False
C:\Users\Asus\PycharmProjects\AquaVision_v1\datasets\fish\New Dataset\test_split\Bacterial gill disease_Bacterial gill disease_6.jpg,test_split,fish,train,False
C:\Users\Asus\PycharmProjects\AquaVision_v1\datasets\fish\New Dataset\test_split\Bacterial gill disease_Bacterial gill disease_61.jpg,test_split,fish,train,False
C:\Users\Asus\PycharmProjects\AquaVision_v1\datasets\fish\New Dataset\test_split\Bacterial gill disease_Bacterial gill disease_67.jpg,test_split,fish,train,False
C:\Users\Asus\PycharmProjects\AquaVision_v1\datasets\fish\New Dataset\test_split\Bacterial gill disease_Bacterial gill disease_72.jpg,test_split,fish,train,False
C:\Users\Asus\PycharmProjects\AquaVision_v1\datasets\fish\New Dataset\test_split\Bacterial gill disease_Bacterial gill disease_75.jpg,test_split,fish,train,False
C:\Users\Asus\PycharmProjects\AquaVision_v1\datasets\fish\New Dataset\test_split\Bacterial gill disease_Bacterial gill disease_76.jpg,test_split,fish,train,False
C:\Users\Asus\PycharmProjects\AquaVision_v1\datasets\fish\New Dataset\test_split\Bacterial gill disease_Bacterial gill disease_79.jpeg,test_split,fish,train,False
C:\Users\Asus\PycharmProjects\AquaVision_v1\datasets\fish\New Dataset\test_split\Bacterial gill disease_Bacterial gill disease_94.jpg,test_split,fish,train,False
C:\Users\Asus\PycharmProjects\AquaVision_v1\datasets\fish\New Dataset\test_split\Bacterial gill disease_Bacterial gill disease_98.jpg,test_split,fish,train,False
C:\Users\Asus\PycharmProjects\AquaVision_v1\datasets\fish\New Dataset\test_split\Bacterial Red disease_Bacterial Red disease_1.jpeg,test_split,fish,train,False
C:\Users\Asus\PycharmProjects\AquaVision_v1\datasets\fish\New Dataset\test_split\Bacterial Red disease_Bacterial Red disease_12.jpg,test_split,fish,train,False
C:\Users\Asus\PycharmProjects\AquaVision_v1\datasets\fish\New Dataset\test_split\Bacterial Red disease_Bacterial Red disease_124.jpg,test_split,fish,train,False
C:\Users\Asus\PycharmProjects\AquaVision_v1\datasets\fish\New Dataset\test_split\Bacterial Red disease_Bacterial Red disease_129.jpg,test_split,fish,train,False
C:\Users\Asus\PycharmProjects\AquaVision_v1\datasets\fish\New Dataset\test_split\Bacterial Red disease_Bacterial Red disease_130.jpg,test_split,fish,train,False
C:\Users\Asus\PycharmProjects\AquaVision_v1\datasets\fish\New Dataset\test_split\Bacterial Red disease_Bacterial Red disease_15.jpg,test_split,fish,train,False
C:\Users\Asus\PycharmProjects\AquaVision_v1\datasets\fish\New Dataset\test_split\Bacterial Red disease_Bacterial Red disease_155.jpg,test_split,fish,train,False
C:\Users\Asus\PycharmProjects\AquaVision_v1\datasets\fish\New Dataset\test_split\Bacterial Red disease_Bacterial Red disease_16.jpg,test_split,fish,train,False
C:\Users\Asus\PycharmProjects\AquaVision_v1\datasets\fish\New Dataset\test_split\Bacterial Red disease_Bacterial Red disease_164.jpg,test_split,fish,train,False
C:\Users\Asus\PycharmProjects\AquaVision_v1\datasets\fish\New Dataset\test_split\Bacterial Red disease_Bacterial Red disease_165.jpg,test_split,fish,train,False
C:\Users\Asus\PycharmProjects\AquaVision_v1\datasets\fish\New Dataset\test_split\Bacterial Red disease_Bacterial Red disease_180.jpg,test_split,fish,train,False
C:\Users\Asus\PycharmProjects\AquaVision_v1\datasets\fish\New Dataset\test_split\Bacterial Red disease_Bacterial Red disease_186.jpg,test_split,fish,train,False
C:\Users\Asus\PycharmProjects\AquaVision_v1\datasets\fish\New Dataset\test_split\Bacterial Red disease_Bacterial Red disease_191.jpg,test_split,fish,train,False
C:\Users\Asus\PycharmProjects\AquaVision_v1\datasets\fish\New Dataset\test_split\Bacterial Red disease_Bacterial Red disease_20.jpeg,test_split,fish,train,False
C:\Users\Asus\PycharmProjects\AquaVision_v1\datasets\fish\New Dataset\test_split\Bacterial Red disease_Bacterial Red disease_203.jpg,test_split,fish,train,False
C:\Users\Asus\PycharmProjects\AquaVision_v1\datasets\fish\New Dataset\test_split\Bacterial Red disease_Bacterial Red disease_210.jpg,test_split,fish,train,False
C:\Users\Asus\PycharmProjects\AquaVision_v1\datasets\fish\New Dataset\test_split\Bacterial Red disease_Bacterial Red disease_212.jpg,test_split,fish,train,False
C:\Users\Asus\PycharmProjects\AquaVision_v1\datasets\fish\New Dataset\test_split\Bacterial Red disease_Bacterial Red disease_221.jpg,test_split,fish,train,False
C:\Users\Asus\PycharmProjects\AquaVision_v1\datasets\fish\New Dataset\test_split\Bacterial Red disease_Bacterial Red disease_224.jpg,test_split,fish,train,False
C:\Users\Asus\PycharmProjects\AquaVision_v1\datasets\fish\New Dataset\test_split\Bacterial Red disease_Bacterial Red disease_39.jpg,test_split,fish,train,False
C:\Users\Asus\PycharmProjects\AquaVision_v1\datasets\fish\New Dataset\test_split\Bacterial Red disease_Bacterial Red disease_41.jpg,test_split,fish,train,False
C:\Users\Asus\PycharmProjects\AquaVision_v1\datasets\fish\New Dataset\test_split\Bacterial Red disease_Bacterial Red disease_65.jpg,test_split,fish,train,False
C:\Users\Asus\PycharmProjects\AquaVision_v1\datasets\fish\New Dataset\test_split\Bacterial Red disease_Bacterial Red disease_67.jpg,test_split,fish,train,False
C:\Users\Asus\PycharmProjects\AquaVision_v1\datasets\fish\New Dataset\test_split\Bacterial Red disease_Bacterial Red disease_73.jpg,test_split,fish,train,False
C:\Users\Asus\PycharmProjects\AquaVision_v1\datasets\fish\New Dataset\test_split\Bacterial Red disease_Bacterial Red disease_74.jpg,test_split,fish,train,False
C:\Users\Asus\PycharmProjects\AquaVision_v1\datasets\fish\New Dataset\test_split\Bacterial Red disease_Bacterial Red disease_79.jpeg,test_split,fish,train,False
C:\Users\Asus\PycharmProjects\AquaVision_v1\datasets\fish\New Dataset\test_split\Bacterial Red disease_Bacterial Red disease_81.jpg,test_split,fish,train,False
C:\Users\Asus\PycharmProjects\AquaVision_v1\datasets\fish\New Dataset\test_split\Bacterial Red disease_Bacterial Red disease_9.jpg,test_split,fish,train,False
C:\Users\Asus\PycharmProjects\AquaVision_v1\datasets\fish\New Dataset\test_split\EUS_EUS_133.jpg,test_split,fish,train,False
C:\Users\Asus\PycharmProjects\AquaVision_v1\datasets\fish\New Dataset\test_split\EUS_EUS_139.jpg,test_split,fish,train,False
C:\Users\Asus\PycharmProjects\AquaVision_v1\datasets\fish\New Dataset\test_split\EUS_EUS_141.jpg,test_split,fish,train,False
C:\Users\Asus\PycharmProjects\AquaVision_v1\datasets\fish\New Dataset\test_split\EUS_EUS_142.jpg,test_split,fish,train,False
C:\Users\Asus\PycharmProjects\AquaVision_v1\datasets\fish\New Dataset\test_split\EUS_EUS_145.jpg,test_split,fish,train,False
C:\Users\Asus\PycharmProjects\AquaVision_v1\datasets\fish\New Dataset\test_split\EUS_EUS_15.jpg,test_split,fish,train,False
C:\Users\Asus\PycharmProjects\AquaVision_v1\datasets\fish\New Dataset\test_split\EUS_EUS_151.jpg,test_split,fish,train,False
C:\Users\Asus\PycharmProjects\AquaVision_v1\datasets\fish\New Dataset\test_split\EUS_EUS_154.jpg,test_split,fish,train,False
C:\Users\Asus\PycharmProjects\AquaVision_v1\datasets\fish\New Dataset\test_split\EUS_EUS_156.jpg,test_split,fish,train,False
C:\Users\Asus\PycharmProjects\AquaVision_v1\datasets\fish\New Dataset\test_split\EUS_EUS_157.jpg,test_split,fish,train,False
C:\Users\Asus\PycharmProjects\AquaVision_v1\datasets\fish\New Dataset\test_split\EUS_EUS_159.jpg,test_split,fish,train,False
C:\Users\Asus\PycharmProjects\AquaVision_v1\datasets\fish\New Dataset\test_split\EUS_EUS_16.jpg,test_split,fish,train,False
C:\Users\Asus\PycharmProjects\AquaVision_v1\datasets\fish\New Dataset\test_split\EUS_EUS_162.jpg,test_split,fish,train,False
C:\Users\Asus\PycharmProjects\AquaVision_v1\datasets\fish\New Dataset\test_split\EUS_EUS_168.jpg,test_split,fish,train,False
C:\Users\Asus\PycharmProjects\AquaVision_v1\datasets\fish\New Dataset\test_split\EUS_EUS_173.jpg,test_split,fish,train,False
C:\Users\Asus\PycharmProjects\AquaVision_v1\datasets\fish\New Dataset\test_split\EUS_EUS_176.jpg,test_split,fish,train,False
C:\Users\Asus\PycharmProjects\AquaVision_v1\datasets\fish\New Dataset\test_split\EUS_EUS_178.jpg,test_split,fish,train,False
C:\Users\Asus\PycharmProjects\AquaVision_v1\datasets\fish\New Dataset\test_split\EUS_EUS_187.jpg,test_split,fish,train,False
C:\Users\Asus\PycharmProjects\AquaVision_v1\datasets\fish\New Dataset\test_split\EUS_EUS_19.jpg,test_split,fish,train,False
C:\Users\Asus\PycharmProjects\AquaVision_v1\datasets\fish\New Dataset\test_split\EUS_EUS_190.jpg,test_split,fish,train,False
C:\Users\Asus\PycharmProjects\AquaVision_v1\datasets\fish\New Dataset\test_split\EUS_EUS_224.jpg,test_split,fish,train,False
C:\Users\Asus\PycharmProjects\AquaVision_v1\datasets\fish\New Dataset\test_split\EUS_EUS_226.jpg,test_split,fish,train,False
C:\Users\Asus\PycharmProjects\AquaVision_v1\datasets\fish\New Dataset\test_split\EUS_EUS_231.jpg,test_split,fish,train,False
C:\Users\Asus\PycharmProjects\AquaVision_v1\datasets\fish\New Dataset\test_split\EUS_EUS_233.jpg,test_split,fish,train,False
C:\Users\Asus\PycharmProjects\AquaVision_v1\datasets\fish\New Dataset\test_split\EUS_EUS_251.jpg,test_split,fish,train,False
C:\Users\Asus\PycharmProjects\AquaVision_v1\datasets\fish\New Dataset\test_split\EUS_EUS_263.jpg,test_split,fish,train,False
C:\Users\Asus\PycharmProjects\AquaVision_v1\datasets\fish\New Dataset\test_split\EUS_EUS_27.jpg,test_split,fish,train,False
C:\Users\Asus\PycharmProjects\AquaVision_v1\datasets\fish\New Dataset\test_split\EUS_EUS_273.jpg,test_split,fish,train,False
C:\Users\Asus\PycharmProjects\AquaVision_v1\datasets\fish\New Dataset\test_split\EUS_EUS_282.jpg,test_split,fish,train,False
C:\Users\Asus\PycharmProjects\AquaVision_v1\datasets\fish\New Dataset\test_split\EUS_EUS_283.jpg,test_split,fish,train,False
C:\Users\Asus\PycharmProjects\AquaVision_v1\datasets\fish\New Dataset\test_split\EUS_EUS_289.jpg,test_split,fish,train,False
C:\Users\Asus\PycharmProjects\AquaVision_v1\datasets\fish\New Dataset\test_split\EUS_EUS_291.jpg,test_split,fish,train,False
C:\Users\Asus\PycharmProjects\AquaVision_v1\datasets\fish\New Dataset\test_split\EUS_EUS_293.jpg,test_split,fish,train,False
C:\Users\Asus\PycharmProjects\AquaVision_v1\datasets\fish\New Dataset\test_split\EUS_EUS_30.jpg,test_split,fish,train,False
C:\Users\Asus\PycharmProjects\AquaVision_v1\datasets\fish\New Dataset\test_split\EUS_EUS_306.jpg,test_split,fish,train,False
C:\Users\Asus\PycharmProjects\AquaVision_v1\datasets\fish\New Dataset\test_split\EUS_EUS_307.jpg,test_split,fish,train,False
C:\Users\Asus\PycharmProjects\AquaVision_v1\datasets\fish\New Dataset\test_split\EUS_EUS_315.jpg,test_split,fish,train,False
C:\Users\Asus\PycharmProjects\AquaVision_v1\datasets\fish\New Dataset\test_split\EUS_EUS_316.jpg,test_split,fish,train,False
C:\Users\Asus\PycharmProjects\AquaVision_v1\datasets\fish\New Dataset\test_split\EUS_EUS_320.jpg,test_split,fish,train,False
C:\Users\Asus\PycharmProjects\AquaVision_v1\datasets\fish\New Dataset\test_split\EUS_EUS_330.jpg,test_split,fish,train,False
C:\Users\Asus\PycharmProjects\AquaVision_v1\datasets\fish\New Dataset\test_split\EUS_EUS_337.jpg,test_split,fish,train,False
C:\Users\Asus\PycharmProjects\AquaVision_v1\datasets\fish\New Dataset\test_split\EUS_EUS_338.jpg,test_split,fish,train,False
C:\Users\Asus\PycharmProjects\AquaVision_v1\datasets\fish\New Dataset\test_split\EUS_EUS_340.jpg,test_split,fish,train,False
C:\Users\Asus\PycharmProjects\AquaVision_v1\datasets\fish\New Dataset\test_split\EUS_EUS_349.jpg,test_split,fish,train,False
C:\Users\Asus\PycharmProjects\AquaVision_v1\datasets\fish\New Dataset\test_split\EUS_EUS_352.jpg,test_split,fish,train,False
C:\Users\Asus\PycharmProjects\AquaVision_v1\datasets\fish\New Dataset\test_split\EUS_EUS_39.jpg,test_split,fish,train,False
C:\Users\Asus\PycharmProjects\AquaVision_v1\datasets\fish\New Dataset\test_split\EUS_EUS_4.jpg,test_split,fish,train,False
C:\Users\Asus\PycharmProjects\AquaVision_v1\datasets\fish\New Dataset\test_split\EUS_EUS_49.jpg,test_split,fish,train,False
C:\Users\Asus\PycharmProjects\AquaVision_v1\datasets\fish\New Dataset\test_split\EUS_EUS_53.jpg,test_split,fish,train,False
C:\Users\Asus\PycharmProjects\AquaVision_v1\datasets\fish\New Dataset\test_split\EUS_EUS_54.jpg,test_split,fish,train,False
C:\Users\Asus\PycharmProjects\AquaVision_v1\datasets\fish\New Dataset\test_split\EUS_EUS_64.jpg,test_split,fish,train,False
C:\Users\Asus\PycharmProjects\AquaVision_v1\datasets\fish\New Dataset\test_split\EUS_EUS_68.jpg,test_split,fish,train,False
C:\Users\Asus\PycharmProjects\AquaVision_v1\datasets\fish\New Dataset\test_split\EUS_EUS_73.jpg,test_split,fish,train,False
C:\Users\Asus\PycharmProjects\AquaVision_v1\datasets\fish\New Dataset\test_split\EUS_EUS_80.jpg,test_split,fish,train,False
C:\Users\Asus\PycharmProjects\AquaVision_v1\datasets\fish\New Dataset\test_split\EUS_EUS_81.jpg,test_split,fish,train,False
C:\Users\Asus\PycharmProjects\AquaVision_v1\datasets\fish\New Dataset\test_split\EUS_EUS_94.jpg,test_split,fish,train,False
C:\Users\Asus\PycharmProjects\AquaVision_v1\datasets\fish\New Dataset\test_split\Fungal diseases Saprolegniasis_Fungal diseases Saprolegniasis_1.jpeg,test_split,fish,train,False
C:\Users\Asus\PycharmProjects\AquaVision_v1\datasets\fish\New Dataset\test_split\Fungal diseases Saprolegniasis_Fungal diseases Saprolegniasis_128.jpg,test_split,fish,train,False
C:\Users\Asus\PycharmProjects\AquaVision_v1\datasets\fish\New Dataset\test_split\Fungal diseases Saprolegniasis_Fungal diseases Saprolegniasis_13.jpg,test_split,fish,train,False
C:\Users\Asus\PycharmProjects\AquaVision_v1\datasets\fish\New Dataset\test_split\Fungal diseases Saprolegniasis_Fungal diseases Saprolegniasis_141.jpg,test_split,fish,train,False
C:\Users\Asus\PycharmProjects\AquaVision_v1\datasets\fish\New Dataset\test_split\Fungal diseases Saprolegniasis_Fungal diseases Saprolegniasis_144.jpg,test_split,fish,train,False
C:\Users\Asus\PycharmProjects\AquaVision_v1\datasets\fish\New Dataset\test_split\Fungal diseases Saprolegniasis_Fungal diseases Saprolegniasis_15.jpg,test_split,fish,train,False
C:\Users\Asus\PycharmProjects\AquaVision_v1\datasets\fish\New Dataset\test_split\Fungal diseases Saprolegniasis_Fungal diseases Saprolegniasis_182.jpg,test_split,fish,train,False
C:\Users\Asus\PycharmProjects\AquaVision_v1\datasets\fish\New Dataset\test_split\Fungal diseases Saprolegniasis_Fungal diseases Saprolegniasis_184.jpg,test_split,fish,train,False
C:\Users\Asus\PycharmProjects\AquaVision_v1\datasets\fish\New Dataset\test_split\Fungal diseases Saprolegniasis_Fungal diseases Saprolegniasis_222.jpg,test_split,fish,train,False
C:\Users\Asus\PycharmProjects\AquaVision_v1\datasets\fish\New Dataset\test_split\Fungal diseases Saprolegniasis_Fungal diseases Saprolegniasis_248.jpg,test_split,fish,train,False
C:\Users\Asus\PycharmProjects\AquaVision_v1\datasets\fish\New Dataset\test_split\Fungal diseases Saprolegniasis_Fungal diseases Saprolegniasis_29.jpeg,test_split,fish,train,False
C:\Users\Asus\PycharmProjects\AquaVision_v1\datasets\fish\New Dataset\test_split\Fungal diseases Saprolegniasis_Fungal diseases Saprolegniasis_52.jpg,test_split,fish,train,False
C:\Users\Asus\PycharmProjects\AquaVision_v1\datasets\fish\New Dataset\test_split\Fungal diseases Saprolegniasis_Fungal diseases Saprolegniasis_53.jpg,test_split,fish,train,False
C:\Users\Asus\PycharmProjects\AquaVision_v1\datasets\fish\New Dataset\test_split\Fungal diseases Saprolegniasis_Fungal diseases Saprolegniasis_57.jpg,test_split,fish,train,False
C:\Users\Asus\PycharmProjects\AquaVision_v1\datasets\fish\New Dataset\test_split\Fungal diseases Saprolegniasis_Fungal diseases Saprolegniasis_75.jpg,test_split,fish,train,False
C:\Users\Asus\PycharmProjects\AquaVision_v1\datasets\fish\New Dataset\test_split\Fungal diseases Saprolegniasis_Fungal diseases Saprolegniasis_79.jpg,test_split,fish,train,False
C:\Users\Asus\PycharmProjects\AquaVision_v1\datasets\fish\New Dataset\test_split\Fungal diseases Saprolegniasis_Fungal diseases Saprolegniasis_80.jpg,test_split,fish,train,False
C:\Users\Asus\PycharmProjects\AquaVision_v1\datasets\fish\New Dataset\test_split\Fungal diseases Saprolegniasis_Fungal diseases Saprolegniasis_91.jpg,test_split,fish,train,False
C:\Users\Asus\PycharmProjects\AquaVision_v1\datasets\fish\New Dataset\test_split\Fungal diseases Saprolegniasis_Fungal diseases Saprolegniasis_92.jpg,test_split,fish,train,False
C:\Users\Asus\PycharmProjects\AquaVision_v1\datasets\fish\New Dataset\test_split\Healthy Fish_Healthy Fish_163.jpg,test_split,fish,train,False
C:\Users\Asus\PycharmProjects\AquaVision_v1\datasets\fish\New Dataset\test_split\Healthy Fish_Healthy Fish_183.jpg,test_split,fish,train,False
C:\Users\Asus\PycharmProjects\AquaVision_v1\datasets\fish\New Dataset\test_split\Healthy Fish_Healthy Fish_201.jpg,test_split,fish,train,False
C:\Users\Asus\PycharmProjects\AquaVision_v1\datasets\fish\New Dataset\test_split\Healthy Fish_Healthy Fish_220.jpg,test_split,fish,train,False
C:\Users\Asus\PycharmProjects\AquaVision_v1\datasets\fish\New Dataset\test_split\Healthy Fish_Healthy Fish_228.jpg,test_split,fish,train,False
C:\Users\Asus\PycharmProjects\AquaVision_v1\datasets\fish\New Dataset\test_split\Healthy Fish_Healthy Fish_244.jpg,test_split,fish,train,False
C:\Users\Asus\PycharmProjects\AquaVision_v1\datasets\fish\New Dataset\test_split\Healthy Fish_Healthy Fish_249.jpg,test_split,fish,train,False
C:\Users\Asus\PycharmProjects\AquaVision_v1\datasets\fish\New Dataset\test_split\Healthy Fish_Healthy Fish_256.jpg,test_split,fish,train,False
C:\Users\Asus\PycharmProjects\AquaVision_v1\datasets\fish\New Dataset\test_split\Healthy Fish_Healthy Fish_278.jpg,test_split,fish,train,False
C:\Users\Asus\PycharmProjects\AquaVision_v1\datasets\fish\New Dataset\test_split\Healthy Fish_Healthy Fish_294.jpg,test_split,fish,train,False
C:\Users\Asus\PycharmProjects\AquaVision_v1\datasets\fish\New Dataset\test_split\Healthy Fish_Healthy Fish_302.jpg,test_split,fish,train,False
C:\Users\Asus\PycharmProjects\AquaVision_v1\datasets\fish\New Dataset\test_split\Healthy Fish_Healthy Fish_303.jpg,test_split,fish,train,False
C:\Users\Asus\PycharmProjects\AquaVision_v1\datasets\fish\New Dataset\test_split\Healthy Fish_Healthy Fish_307.jpg,test_split,fish,train,False
C:\Users\Asus\PycharmProjects\AquaVision_v1\datasets\fish\New Dataset\test_split\Healthy Fish_Healthy Fish_310.jpg,test_split,fish,train,False
C:\Users\Asus\PycharmProjects\AquaVision_v1\datasets\fish\New Dataset\test_split\Healthy Fish_Healthy Fish_317.jpg,test_split,fish,train,False
C:\Users\Asus\PycharmProjects\AquaVision_v1\datasets\fish\New Dataset\test_split\Healthy Fish_Healthy Fish_334.jpg,test_split,fish,train,False
C:\Users\Asus\PycharmProjects\AquaVision_v1\datasets\fish\New Dataset\test_split\Healthy Fish_Healthy Fish_340.jpg,test_split,fish,train,False
C:\Users\Asus\PycharmProjects\AquaVision_v1\datasets\fish\New Dataset\test_split\Healthy Fish_Healthy Fish_345.jpg,test_split,fish,train,False
C:\Users\Asus\PycharmProjects\AquaVision_v1\datasets\fish\New Dataset\test_split\Healthy Fish_Healthy Fish_349.jpg,test_split,fish,train,False
C:\Users\Asus\PycharmProjects\AquaVision_v1\datasets\fish\New Dataset\test_split\Healthy Fish_Healthy Fish_350.jpg,test_split,fish,train,False
C:\Users\Asus\PycharmProjects\AquaVision_v1\datasets\fish\New Dataset\test_split\Healthy Fish_Healthy Fish_351.jpg,test_split,fish,train,False
C:\Users\Asus\PycharmProjects\AquaVision_v1\datasets\fish\New Dataset\test_split\Healthy Fish_Healthy Fish_354.jpg,test_split,fish,train,False
C:\Users\Asus\PycharmProjects\AquaVision_v1\datasets\fish\New Dataset\test_split\Healthy Fish_Healthy Fish_365.jpg,test_split,fish,train,False
C:\Users\Asus\PycharmProjects\AquaVision_v1\datasets\fish\New Dataset\test_split\Healthy Fish_Healthy Fish_367.jpg,test_split,fish,train,False
C:\Users\Asus\PycharmProjects\AquaVision_v1\datasets\fish\New Dataset\test_split\Healthy Fish_Healthy Fish_370.jpg,test_split,fish,train,False
C:\Users\Asus\PycharmProjects\AquaVision_v1\datasets\fish\New Dataset\test_split\Healthy Fish_Healthy Fish_379.jpg,test_split,fish,train,False
C:\Users\Asus\PycharmProjects\AquaVision_v1\datasets\fish\New Dataset\test_split\Healthy Fish_Healthy Fish_381.jpg,test_split,fish,train,False
C:\Users\Asus\PycharmProjects\AquaVision_v1\datasets\fish\New Dataset\test_split\Healthy Fish_Healthy Fish_385.jpg,test_split,fish,train,False
C:\Users\Asus\PycharmProjects\AquaVision_v1\datasets\fish\New Dataset\test_split\Healthy Fish_Healthy Fish_397.jpg,test_split,fish,train,False
C:\Users\Asus\PycharmProjects\AquaVision_v1\datasets\fish\New Dataset\test_split\Healthy Fish_Healthy Fish_398.jpg,test_split,fish,train,False
C:\Users\Asus\PycharmProjects\AquaVision_v1\datasets\fish\New Dataset\test_split\Healthy Fish_Healthy Fish_400.jpg,test_split,fish,train,False
C:\Users\Asus\PycharmProjects\AquaVision_v1\datasets\fish\New Dataset\test_split\Healthy Fish_Healthy Fish_401.jpg,test_split,fish,train,False
C:\Users\Asus\PycharmProjects\AquaVision_v1\datasets\fish\New Dataset\test_split\Healthy Fish_Healthy Fish_405.jpg,test_split,fish,train,False
C:\Users\Asus\PycharmProjects\AquaVision_v1\datasets\fish\New Dataset\test_split\Healthy Fish_Healthy Fish_419.jpg,test_split,fish,train,False
C:\Users\Asus\PycharmProjects\AquaVision_v1\datasets\fish\New Dataset\test_split\Healthy Fish_Healthy Fish_421.jpg,test_split,fish,train,False
C:\Users\Asus\PycharmProjects\AquaVision_v1\datasets\fish\New Dataset\test_split\Healthy Fish_Healthy Fish_431.jpg,test_split,fish,train,False
C:\Users\Asus\PycharmProjects\AquaVision_v1\datasets\fish\New Dataset\test_split\Healthy Fish_Healthy Fish_44.jpg,test_split,fish,train,False
C:\Users\Asus\PycharmProjects\AquaVision_v1\datasets\fish\New Dataset\test_split\Healthy Fish_Healthy Fish_440.jpg,test_split,fish,train,False
C:\Users\Asus\PycharmProjects\AquaVision_v1\datasets\fish\New Dataset\test_split\Healthy Fish_Healthy Fish_443.jpg,test_split,fish,train,False
C:\Users\Asus\PycharmProjects\AquaVision_v1\datasets\fish\New Dataset\test_split\Healthy Fish_Healthy Fish_456.jpg,test_split,fish,train,False
C:\Users\Asus\PycharmProjects\AquaVision_v1\datasets\fish\New Dataset\test_split\Healthy Fish_Healthy Fish_466.jpg,test_split,fish,train,False
C:\Users\Asus\PycharmProjects\AquaVision_v1\datasets\fish\New Dataset\test_split\Healthy Fish_Healthy Fish_474.jpg,test_split,fish,train,False
C:\Users\Asus\PycharmProjects\AquaVision_v1\datasets\fish\New Dataset\test_split\Healthy Fish_Healthy Fish_477.jpg,test_split,fish,train,False
C:\Users\Asus\PycharmProjects\AquaVision_v1\datasets\fish\New Dataset\test_split\Healthy Fish_Healthy Fish_478.jpg,test_split,fish,train,False
C:\Users\Asus\PycharmProjects\AquaVision_v1\datasets\fish\New Dataset\test_split\Healthy Fish_Healthy Fish_48.jpg,test_split,fish,train,False
C:\Users\Asus\PycharmProjects\AquaVision_v1\datasets\fish\New Dataset\test_split\Healthy Fish_Healthy Fish_482.jpg,test_split,fish,train,False
C:\Users\Asus\PycharmProjects\AquaVision_v1\datasets\fish\New Dataset\test_split\Healthy Fish_Healthy Fish_55.jpg,test_split,fish,train,False
C:\Users\Asus\PycharmProjects\AquaVision_v1\datasets\fish\New Dataset\test_split\Parasitic diseases_Parasitic diseases_103.jpg,test_split,fish,train,False
C:\Users\Asus\PycharmProjects\AquaVision_v1\datasets\fish\New Dataset\test_split\Parasitic diseases_Parasitic diseases_104.jpg,test_split,fish,train,False
C:\Users\Asus\PycharmProjects\AquaVision_v1\datasets\fish\New Dataset\test_split\Parasitic diseases_Parasitic diseases_107.jpg,test_split,fish,train,False
C:\Users\Asus\PycharmProjects\AquaVision_v1\datasets\fish\New Dataset\test_split\Parasitic diseases_Parasitic diseases_11.jpg,test_split,fish,train,False
C:\Users\Asus\PycharmProjects\AquaVision_v1\datasets\fish\New Dataset\test_split\Parasitic diseases_Parasitic diseases_12.jpg,test_split,fish,train,False
C:\Users\Asus\PycharmProjects\AquaVision_v1\datasets\fish\New Dataset\test_split\Parasitic diseases_Parasitic diseases_137.jpg,test_split,fish,train,False
C:\Users\Asus\PycharmProjects\AquaVision_v1\datasets\fish\New Dataset\test_split\Parasitic diseases_Parasitic diseases_139.jpg,test_split,fish,train,False
C:\Users\Asus\PycharmProjects\AquaVision_v1\datasets\fish\New Dataset\test_split\Parasitic diseases_Parasitic diseases_145.jpg,test_split,fish,train,False
C:\Users\Asus\PycharmProjects\AquaVision_v1\datasets\fish\New Dataset\test_split\Parasitic diseases_Parasitic diseases_149.jpg,test_split,fish,train,False
C:\Users\Asus\PycharmProjects\AquaVision_v1\datasets\fish\New Dataset\test_split\Parasitic diseases_Parasitic diseases_152.jpg,test_split,fish,train,False
C:\Users\Asus\PycharmProjects\AquaVision_v1\datasets\fish\New Dataset\test_split\Parasitic diseases_Parasitic diseases_159.jpg,test_split,fish,train,False
C:\Users\Asus\PycharmProjects\AquaVision_v1\datasets\fish\New Dataset\test_split\Parasitic diseases_Parasitic diseases_16.jpg,test_split,fish,train,False
C:\Users\Asus\PycharmProjects\AquaVision_v1\datasets\fish\New Dataset\test_split\Parasitic diseases_Parasitic diseases_160.jpg,test_split,fish,train,False
C:\Users\Asus\PycharmProjects\AquaVision_v1\datasets\fish\New Dataset\test_split\Parasitic diseases_Parasitic diseases_166.jpg,test_split,fish,train,False
C:\Users\Asus\PycharmProjects\AquaVision_v1\datasets\fish\New Dataset\test_split\Parasitic diseases_Parasitic diseases_169.jpg,test_split,fish,train,False
C:\Users\Asus\PycharmProjects\AquaVision_v1\datasets\fish\New Dataset\test_split\Parasitic diseases_Parasitic diseases_17.jpg,test_split,fish,train,False
C:\Users\Asus\PycharmProjects\AquaVision_v1\datasets\fish\New Dataset\test_split\Parasitic diseases_Parasitic diseases_177.jpg,test_split,fish,train,False
C:\Users\Asus\PycharmProjects\AquaVision_v1\datasets\fish\New Dataset\test_split\Parasitic diseases_Parasitic diseases_194.jpg,test_split,fish,train,False
C:\Users\Asus\PycharmProjects\AquaVision_v1\datasets\fish\New Dataset\test_split\Parasitic diseases_Parasitic diseases_201.jpg,test_split,fish,train,False
C:\Users\Asus\PycharmProjects\AquaVision_v1\datasets\fish\New Dataset\test_split\Parasitic diseases_Parasitic diseases_202.jpg,test_split,fish,train,False
C:\Users\Asus\PycharmProjects\AquaVision_v1\datasets\fish\New Dataset\test_split\Parasitic diseases_Parasitic diseases_217.jpg,test_split,fish,train,False
C:\Users\Asus\PycharmProjects\AquaVision_v1\datasets\fish\New Dataset\test_split\Parasitic diseases_Parasitic diseases_221.jpg,test_split,fish,train,False
C:\Users\Asus\PycharmProjects\AquaVision_v1\datasets\fish\New Dataset\test_split\Parasitic diseases_Parasitic diseases_241.jpg,test_split,fish,train,False
C:\Users\Asus\PycharmProjects\AquaVision_v1\datasets\fish\New Dataset\test_split\Parasitic diseases_Parasitic diseases_31.jpeg,test_split,fish,train,False
C:\Users\Asus\PycharmProjects\AquaVision_v1\datasets\fish\New Dataset\test_split\Parasitic diseases_Parasitic diseases_34.jpg,test_split,fish,train,False
C:\Users\Asus\PycharmProjects\AquaVision_v1\datasets\fish\New Dataset\test_split\Parasitic diseases_Parasitic diseases_38.jpg,test_split,fish,train,False
C:\Users\Asus\PycharmProjects\AquaVision_v1\datasets\fish\New Dataset\test_split\Parasitic diseases_Parasitic diseases_40.jpg,test_split,fish,train,False
C:\Users\Asus\PycharmProjects\AquaVision_v1\datasets\fish\New Dataset\test_split\Parasitic diseases_Parasitic diseases_41.jpg,test_split,fish,train,False
C:\Users\Asus\PycharmProjects\AquaVision_v1\datasets\fish\New Dataset\test_split\Parasitic diseases_Parasitic diseases_47.jpg,test_split,fish,train,False
C:\Users\Asus\PycharmProjects\AquaVision_v1\datasets\fish\New Dataset\test_split\Parasitic diseases_Parasitic diseases_48.jpg,test_split,fish,train,False
C:\Users\Asus\PycharmProjects\AquaVision_v1\datasets\fish\New Dataset\test_split\Parasitic diseases_Parasitic diseases_52.jpg,test_split,fish,train,False
C:\Users\Asus\PycharmProjects\AquaVision_v1\datasets\fish\New Dataset\test_split\Parasitic diseases_Parasitic diseases_60.jpg,test_split,fish,train,False
C:\Users\Asus\PycharmProjects\AquaVision_v1\datasets\fish\New Dataset\test_split\Parasitic diseases_Parasitic diseases_63.jpg,test_split,fish,train,False
C:\Users\Asus\PycharmProjects\AquaVision_v1\datasets\fish\New Dataset\test_split\Parasitic diseases_Parasitic diseases_66.jpeg,test_split,fish,train,False
C:\Users\Asus\PycharmProjects\AquaVision_v1\datasets\fish\New Dataset\test_split\Parasitic diseases_Parasitic diseases_73.jpg,test_split,fish,train,False
C:\Users\Asus\PycharmProjects\AquaVision_v1\datasets\fish\New Dataset\test_split\Parasitic diseases_Parasitic diseases_8.jpg,test_split,fish,train,False
C:\Users\Asus\PycharmProjects\AquaVision_v1\datasets\fish\New Dataset\test_split\Parasitic diseases_Parasitic diseases_96.jpg,test_split,fish,train,False
C:\Users\Asus\PycharmProjects\AquaVision_v1\datasets\fish\New Dataset\test_split\Viral diseases White tail disease_Viral diseases White tail disease_129.jpg,test_split,fish,train,False
C:\Users\Asus\PycharmProjects\AquaVision_v1\datasets\fish\New Dataset\test_split\Viral diseases White tail disease_Viral diseases White tail disease_154.jpg,test_split,fish,train,False
C:\Users\Asus\PycharmProjects\AquaVision_v1\datasets\fish\New Dataset\test_split\Viral diseases White tail disease_Viral diseases White tail disease_171.jpg,test_split,fish,train,False
C:\Users\Asus\PycharmProjects\AquaVision_v1\datasets\fish\New Dataset\test_split\Viral diseases White tail disease_Viral diseases White tail disease_198.jpg,test_split,fish,train,False
C:\Users\Asus\PycharmProjects\AquaVision_v1\datasets\fish\New Dataset\test_split\Viral diseases White tail disease_Viral diseases White tail disease_201.jpg,test_split,fish,train,False
C:\Users\Asus\PycharmProjects\AquaVision_v1\datasets\fish\New Dataset\test_split\Viral diseases White tail disease_Viral diseases White tail disease_212.jpg,test_split,fish,train,False
C:\Users\Asus\PycharmProjects\AquaVision_v1\datasets\fish\New Dataset\test_split\Viral diseases White tail disease_Viral diseases White tail disease_220.jpg,test_split,fish,train,False
C:\Users\Asus\PycharmProjects\AquaVision_v1\datasets\fish\New Dataset\test_split\Viral diseases White tail disease_Viral diseases White tail disease_221.jpg,test_split,fish,train,False
C:\Users\Asus\PycharmProjects\AquaVision_v1\datasets\fish\New Dataset\test_split\Viral diseases White tail disease_Viral diseases White tail disease_223.jpg,test_split,fish,train,False
C:\Users\Asus\PycharmProjects\AquaVision_v1\datasets\fish\New Dataset\test_split\Viral diseases White tail disease_Viral diseases White tail disease_240.jpg,test_split,fish,train,False
C:\Users\Asus\PycharmProjects\AquaVision_v1\datasets\fish\New Dataset\test_split\Viral diseases White tail disease_Viral diseases White tail disease_243.jpg,test_split,fish,train,False
C:\Users\Asus\PycharmProjects\AquaVision_v1\datasets\fish\New Dataset\test_split\Viral diseases White tail disease_Viral diseases White tail disease_25.jpg,test_split,fish,train,False
C:\Users\Asus\PycharmProjects\AquaVision_v1\datasets\fish\New Dataset\test_split\Viral diseases White tail disease_Viral diseases White tail disease_27.jpg,test_split,fish,train,False
C:\Users\Asus\PycharmProjects\AquaVision_v1\datasets\fish\New Dataset\test_split\Viral diseases White tail disease_Viral diseases White tail disease_40.jpg,test_split,fish,train,False
C:\Users\Asus\PycharmProjects\AquaVision_v1\datasets\fish\New Dataset\test_split\Viral diseases White tail disease_Viral diseases White tail disease_44.jpg,test_split,fish,train,False
C:\Users\Asus\PycharmProjects\AquaVision_v1\datasets\fish\New Dataset\test_split\Viral diseases White tail disease_Viral diseases White tail disease_66.jpg,test_split,fish,train,False
C:\Users\Asus\PycharmProjects\AquaVision_v1\datasets\fish\New Dataset\test_split\Viral diseases White tail disease_Viral diseases White tail disease_7.jpg,test_split,fish,train,False
C:\Users\Asus\PycharmProjects\AquaVision_v1\datasets\fish\New Dataset\test_split\Viral diseases White tail disease_Viral diseases White tail disease_73.jpg,test_split,fish,train,False
C:\Users\Asus\PycharmProjects\AquaVision_v1\datasets\fish\New Dataset\test_split\Viral diseases White tail disease_Viral diseases White tail disease_77.jpg,test_split,fish,train,False
C:\Users\Asus\PycharmProjects\AquaVision_v1\datasets\fish\New Dataset\test_split\Viral diseases White tail disease_Viral diseases White tail disease_90.jpg,test_split,fish,train,False
C:\Users\Asus\PycharmProjects\AquaVision_v1\datasets\fish\New Dataset\test_split\Viral diseases White tail disease_Viral diseases White tail disease_96.jpg,test_split,fish,train,False
C:\Users\Asus\PycharmProjects\AquaVision_v1\datasets\fish\New Dataset\test_split\Viral diseases White tail disease_Viral diseases White tail disease_97.jpg,test_split,fish,train,False
C:\Users\Asus\PycharmProjects\AquaVision_v1\datasets\fish\New Dataset\train_split\Bacterial diseases - Aeromoniasis\Bacterial diseases - Aeromoniasis_100.jpg,Bacterial diseases - Aeromoniasis,fish,train,False
C:\Users\Asus\PycharmProjects\AquaVision_v1\datasets\fish\New Dataset\train_split\Bacterial diseases - Aeromoniasis\Bacterial diseases - Aeromoniasis_101.jpg,Bacterial diseases - Aeromoniasis,fish,train,False
C:\Users\Asus\PycharmProjects\AquaVision_v1\datasets\fish\New Dataset\train_split\Bacterial diseases - Aeromoniasis\Bacterial diseases - Aeromoniasis_102.jpg,Bacterial diseases - Aeromoniasis,fish,train,False
C:\Users\Asus\PycharmProjects\AquaVision_v1\datasets\fish\New Dataset\train_split\Bacterial diseases - Aeromoniasis\Bacterial diseases - Aeromoniasis_104.jpg,Bacterial diseases - Aeromoniasis,fish,train,False
C:\Users\Asus\PycharmProjects\AquaVision_v1\datasets\fish\New Dataset\train_split\Bacterial diseases - Aeromoniasis\Bacterial diseases - Aeromoniasis_105.jpg,Bacterial diseases - Aeromoniasis,fish,train,False
C:\Users\Asus\PycharmProjects\AquaVision_v1\datasets\fish\New Dataset\train_split\Bacterial diseases - Aeromoniasis\Bacterial diseases - Aeromoniasis_106.jpg,Bacterial diseases - Aeromoniasis,fish,train,False
C:\Users\Asus\PycharmProjects\AquaVision_v1\datasets\fish\New Dataset\train_split\Bacterial diseases - Aeromoniasis\Bacterial diseases - Aeromoniasis_107.jpg,Bacterial diseases - Aeromoniasis,fish,train,False
C:\Users\Asus\PycharmProjects\AquaVision_v1\datasets\fish\New Dataset\train_split\Bacterial diseases - Aeromoniasis\Bacterial diseases - Aeromoniasis_108.jpg,Bacterial diseases - Aeromoniasis,fish,train,False
C:\Users\Asus\PycharmProjects\AquaVision_v1\datasets\fish\New Dataset\train_split\Bacterial diseases - Aeromoniasis\Bacterial diseases - Aeromoniasis_109.jpg,Bacterial diseases - Aeromoniasis,fish,train,False
C:\Users\Asus\PycharmProjects\AquaVision_v1\datasets\fish\New Dataset\train_split\Bacterial diseases - Aeromoniasis\Bacterial diseases - Aeromoniasis_110.jpg,Bacterial diseases - Aeromoniasis,fish,train,False
C:\Users\Asus\PycharmProjects\AquaVision_v1\datasets\fish\New Dataset\train_split\Bacterial diseases - Aeromoniasis\Bacterial diseases - Aeromoniasis_111.jpg,Bacterial diseases - Aeromoniasis,fish,train,False
C:\Users\Asus\PycharmProjects\AquaVision_v1\datasets\fish\New Dataset\train_split\Bacterial diseases - Aeromoniasis\Bacterial diseases - Aeromoniasis_114.jpeg,Bacterial diseases - Aeromoniasis,fish,train,False
C:\Users\Asus\PycharmProjects\AquaVision_v1\datasets\fish\New Dataset\train_split\Bacterial diseases - Aeromoniasis\Bacterial diseases - Aeromoniasis_117.jpg,Bacterial diseases - Aeromoniasis,fish,train,False
C:\Users\Asus\PycharmProjects\AquaVision_v1\datasets\fish\New Dataset\train_split\Bacterial diseases - Aeromoniasis\Bacterial diseases - Aeromoniasis_118.jpg,Bacterial diseases - Aeromoniasis,fish,train,False
C:\Users\Asus\PycharmProjects\AquaVision_v1\datasets\fish\New Dataset\train_split\Bacterial diseases - Aeromoniasis\Bacterial diseases - Aeromoniasis_119.jpg,Bacterial diseases - Aeromoniasis,fish,train,False
C:\Users\Asus\PycharmProjects\AquaVision_v1\datasets\fish\New Dataset\train_split\Bacterial diseases - Aeromoniasis\Bacterial diseases - Aeromoniasis_12.jpg,Bacterial diseases - Aeromoniasis,fish,train,False
C:\Users\Asus\PycharmProjects\AquaVision_v1\datasets\fish\New Dataset\train_split\Bacterial diseases - Aeromoniasis\Bacterial diseases - Aeromoniasis_120.jpg,Bacterial diseases - Aeromoniasis,fish,train,False
C:\Users\Asus\PycharmProjects\AquaVision_v1\datasets\fish\New Dataset\train_split\Bacterial diseases - Aeromoniasis\Bacterial diseases - Aeromoniasis_123.jpg,Bacterial diseases - Aeromoniasis,fish,train,False
C:\Users\Asus\PycharmProjects\AquaVision_v1\datasets\fish\New Dataset\train_split\Bacterial diseases - Aeromoniasis\Bacterial diseases - Aeromoniasis_124.jpg,Bacterial diseases - Aeromoniasis,fish,train,False
C:\Users\Asus\PycharmProjects\AquaVision_v1\datasets\fish\New Dataset\train_split\Bacterial diseases - Aeromoniasis\Bacterial diseases - Aeromoniasis_125.jpg,Bacterial diseases - Aeromoniasis,fish,train,False
C:\Users\Asus\PycharmProjects\AquaVision_v1\datasets\fish\New Dataset\train_split\Bacterial diseases - Aeromoniasis\Bacterial diseases - Aeromoniasis_126.jpg,Bacterial diseases - Aeromoniasis,fish,train,False
C:\Users\Asus\PycharmProjects\AquaVision_v1\datasets\fish\New Dataset\train_split\Bacterial diseases - Aeromoniasis\Bacterial diseases - Aeromoniasis_127.jpg,Bacterial diseases - Aeromoniasis,fish,train,False
C:\Users\Asus\PycharmProjects\AquaVision_v1\datasets\fish\New Dataset\train_split\Bacterial diseases - Aeromoniasis\Bacterial diseases - Aeromoniasis_128.jpg,Bacterial diseases - Aeromoniasis,fish,train,False
C:\Users\Asus\PycharmProjects\AquaVision_v1\datasets\fish\New Dataset\train_split\Bacterial diseases - Aeromoniasis\Bacterial diseases - Aeromoniasis_129.jpg,Bacterial diseases - Aeromoniasis,fish,train,False
C:\Users\Asus\PycharmProjects\AquaVision_v1\datasets\fish\New Dataset\train_split\Bacterial diseases - Aeromoniasis\Bacterial diseases - Aeromoniasis_13.jpg,Bacterial diseases - Aeromoniasis,fish,train,False
C:\Users\Asus\PycharmProjects\AquaVision_v1\datasets\fish\New Dataset\train_split\Bacterial diseases - Aeromoniasis\Bacterial diseases - Aeromoniasis_130.jpg,Bacterial diseases - Aeromoniasis,fish,train,False
C:\Users\Asus\PycharmProjects\AquaVision_v1\datasets\fish\New Dataset\train_split\Bacterial diseases - Aeromoniasis\Bacterial diseases - Aeromoniasis_131.jpg,Bacterial diseases - Aeromoniasis,fish,train,False
C:\Users\Asus\PycharmProjects\AquaVision_v1\datasets\fish\New Dataset\train_split\Bacterial diseases - Aeromoniasis\Bacterial diseases - Aeromoniasis_132.jpg,Bacterial diseases - Aeromoniasis,fish,train,False
C:\Users\Asus\PycharmProjects\AquaVision_v1\datasets\fish\New Dataset\train_split\Bacterial diseases - Aeromoniasis\Bacterial diseases - Aeromoniasis_135.jpg,Bacterial diseases - Aeromoniasis,fish,train,False
C:\Users\Asus\PycharmProjects\AquaVision_v1\datasets\fish\New Dataset\train_split\Bacterial diseases - Aeromoniasis\Bacterial diseases - Aeromoniasis_136.jpg,Bacterial diseases - Aeromoniasis,fish,train,False
C:\Users\Asus\PycharmProjects\AquaVision_v1\datasets\fish\New Dataset\train_split\Bacterial diseases - Aeromoniasis\Bacterial diseases - Aeromoniasis_137.jpg,Bacterial diseases - Aeromoniasis,fish,train,False
C:\Users\Asus\PycharmProjects\AquaVision_v1\datasets\fish\New Dataset\train_split\Bacterial diseases - Aeromoniasis\Bacterial diseases - Aeromoniasis_139.jpg,Bacterial diseases - Aeromoniasis,fish,train,False
C:\Users\Asus\PycharmProjects\AquaVision_v1\datasets\fish\New Dataset\train_split\Bacterial diseases - Aeromoniasis\Bacterial diseases - Aeromoniasis_14.jpg,Bacterial diseases - Aeromoniasis,fish,train,False
C:\Users\Asus\PycharmProjects\AquaVision_v1\datasets\fish\New Dataset\train_split\Bacterial diseases - Aeromoniasis\Bacterial diseases - Aeromoniasis_140.jpg,Bacterial diseases - Aeromoniasis,fish,train,False
C:\Users\Asus\PycharmProjects\AquaVision_v1\datasets\fish\New Dataset\train_split\Bacterial diseases - Aeromoniasis\Bacterial diseases - Aeromoniasis_142.jpg,Bacterial diseases - Aeromoniasis,fish,train,False
C:\Users\Asus\PycharmProjects\AquaVision_v1\datasets\fish\New Dataset\train_split\Bacterial diseases - Aeromoniasis\Bacterial diseases - Aeromoniasis_143.jpg,Bacterial diseases - Aeromoniasis,fish,train,False
C:\Users\Asus\PycharmProjects\AquaVision_v1\datasets\fish\New Dataset\train_split\Bacterial diseases - Aeromoniasis\Bacterial diseases - Aeromoniasis_145.jpg,Bacterial diseases - Aeromoniasis,fish,train,False
C:\Users\Asus\PycharmProjects\AquaVision_v1\datasets\fish\New Dataset\train_split\Bacterial diseases - Aeromoniasis\Bacterial diseases - Aeromoniasis_147.jpg,Bacterial diseases - Aeromoniasis,fish,train,False
C:\Users\Asus\PycharmProjects\AquaVision_v1\datasets\fish\New Dataset\train_split\Bacterial diseases - Aeromoniasis\Bacterial diseases - Aeromoniasis_15.jpg,Bacterial diseases - Aeromoniasis,fish,train,False
C:\Users\Asus\PycharmProjects\AquaVision_v1\datasets\fish\New Dataset\train_split\Bacterial diseases - Aeromoniasis\Bacterial diseases - Aeromoniasis_150.jpg,Bacterial diseases - Aeromoniasis,fish,train,False
C:\Users\Asus\PycharmProjects\AquaVision_v1\datasets\fish\New Dataset\train_split\Bacterial diseases - Aeromoniasis\Bacterial diseases - Aeromoniasis_151.jpg,Bacterial diseases - Aeromoniasis,fish,train,False
C:\Users\Asus\PycharmProjects\AquaVision_v1\datasets\fish\New Dataset\train_split\Bacterial diseases - Aeromoniasis\Bacterial diseases - Aeromoniasis_152.jpg,Bacterial diseases - Aeromoniasis,fish,train,False
C:\Users\Asus\PycharmProjects\AquaVision_v1\datasets\fish\New Dataset\train_split\Bacterial diseases - Aeromoniasis\Bacterial diseases - Aeromoniasis_154.jpg,Bacterial diseases - Aeromoniasis,fish,train,False
C:\Users\Asus\PycharmProjects\AquaVision_v1\datasets\fish\New Dataset\train_split\Bacterial diseases - Aeromoniasis\Bacterial diseases - Aeromoniasis_155.jpg,Bacterial diseases - Aeromoniasis,fish,train,False
C:\Users\Asus\PycharmProjects\AquaVision_v1\datasets\fish\New Dataset\train_split\Bacterial diseases - Aeromoniasis\Bacterial diseases - Aeromoniasis_158.jpg,Bacterial diseases - Aeromoniasis,fish,train,False
C:\Users\Asus\PycharmProjects\AquaVision_v1\datasets\fish\New Dataset\train_split\Bacterial diseases - Aeromoniasis\Bacterial diseases - Aeromoniasis_16.jpg,Bacterial diseases - Aeromoniasis,fish,train,False
C:\Users\Asus\PycharmProjects\AquaVision_v1\datasets\fish\New Dataset\train_split\Bacterial diseases - Aeromoniasis\Bacterial diseases - Aeromoniasis_160.jpg,Bacterial diseases - Aeromoniasis,fish,train,False
C:\Users\Asus\PycharmProjects\AquaVision_v1\datasets\fish\New Dataset\train_split\Bacterial diseases - Aeromoniasis\Bacterial diseases - Aeromoniasis_163.jpg,Bacterial diseases - Aeromoniasis,fish,train,False
C:\Users\Asus\PycharmProjects\AquaVision_v1\datasets\fish\New Dataset\train_split\Bacterial diseases - Aeromoniasis\Bacterial diseases - Aeromoniasis_164.jpg,Bacterial diseases - Aeromoniasis,fish,train,False
C:\Users\Asus\PycharmProjects\AquaVision_v1\datasets\fish\New Dataset\train_split\Bacterial diseases - Aeromoniasis\Bacterial diseases - Aeromoniasis_165.jpg,Bacterial diseases - Aeromoniasis,fish,train,False
C:\Users\Asus\PycharmProjects\AquaVision_v1\datasets\fish\New Dataset\train_split\Bacterial diseases - Aeromoniasis\Bacterial diseases - Aeromoniasis_167.jpg,Bacterial diseases - Aeromoniasis,fish,train,False
C:\Users\Asus\PycharmProjects\AquaVision_v1\datasets\fish\New Dataset\train_split\Bacterial diseases - Aeromoniasis\Bacterial diseases - Aeromoniasis_169.jpg,Bacterial diseases - Aeromoniasis,fish,train,False
C:\Users\Asus\PycharmProjects\AquaVision_v1\datasets\fish\New Dataset\train_split\Bacterial diseases - Aeromoniasis\Bacterial diseases - Aeromoniasis_17.jpg,Bacterial diseases - Aeromoniasis,fish,train,False
C:\Users\Asus\PycharmProjects\AquaVision_v1\datasets\fish\New Dataset\train_split\Bacterial diseases - Aeromoniasis\Bacterial diseases - Aeromoniasis_170.jpg,Bacterial diseases - Aeromoniasis,fish,train,False
C:\Users\Asus\PycharmProjects\AquaVision_v1\datasets\fish\New Dataset\train_split\Bacterial diseases - Aeromoniasis\Bacterial diseases - Aeromoniasis_173.jpg,Bacterial diseases - Aeromoniasis,fish,train,False
C:\Users\Asus\PycharmProjects\AquaVision_v1\datasets\fish\New Dataset\train_split\Bacterial diseases - Aeromoniasis\Bacterial diseases - Aeromoniasis_174.jpg,Bacterial diseases - Aeromoniasis,fish,train,False
C:\Users\Asus\PycharmProjects\AquaVision_v1\datasets\fish\New Dataset\train_split\Bacterial diseases - Aeromoniasis\Bacterial diseases - Aeromoniasis_175.jpg,Bacterial diseases - Aeromoniasis,fish,train,False
C:\Users\Asus\PycharmProjects\AquaVision_v1\datasets\fish\New Dataset\train_split\Bacterial diseases - Aeromoniasis\Bacterial diseases - Aeromoniasis_176.jpg,Bacterial diseases - Aeromoniasis,fish,train,False
C:\Users\Asus\PycharmProjects\AquaVision_v1\datasets\fish\New Dataset\train_split\Bacterial diseases - Aeromoniasis\Bacterial diseases - Aeromoniasis_177.jpg,Bacterial diseases - Aeromoniasis,fish,train,False
C:\Users\Asus\PycharmProjects\AquaVision_v1\datasets\fish\New Dataset\train_split\Bacterial diseases - Aeromoniasis\Bacterial diseases - Aeromoniasis_178.jpeg,Bacterial diseases - Aeromoniasis,fish,train,False
C:\Users\Asus\PycharmProjects\AquaVision_v1\datasets\fish\New Dataset\train_split\Bacterial diseases - Aeromoniasis\Bacterial diseases - Aeromoniasis_18.jpg,Bacterial diseases - Aeromoniasis,fish,train,False
C:\Users\Asus\PycharmProjects\AquaVision_v1\datasets\fish\New Dataset\train_split\Bacterial diseases - Aeromoniasis\Bacterial diseases - Aeromoniasis_181.jpg,Bacterial diseases - Aeromoniasis,fish,train,False
C:\Users\Asus\PycharmProjects\AquaVision_v1\datasets\fish\New Dataset\train_split\Bacterial diseases - Aeromoniasis\Bacterial diseases - Aeromoniasis_183.jpg,Bacterial diseases - Aeromoniasis,fish,train,False
C:\Users\Asus\PycharmProjects\AquaVision_v1\datasets\fish\New Dataset\train_split\Bacterial diseases - Aeromoniasis\Bacterial diseases - Aeromoniasis_186.jpg,Bacterial diseases - Aeromoniasis,fish,train,False
C:\Users\Asus\PycharmProjects\AquaVision_v1\datasets\fish\New Dataset\train_split\Bacterial diseases - Aeromoniasis\Bacterial diseases - Aeromoniasis_187.jpg,Bacterial diseases - Aeromoniasis,fish,train,False
C:\Users\Asus\PycharmProjects\AquaVision_v1\datasets\fish\New Dataset\train_split\Bacterial diseases - Aeromoniasis\Bacterial diseases - Aeromoniasis_188.jpg,Bacterial diseases - Aeromoniasis,fish,train,False
C:\Users\Asus\PycharmProjects\AquaVision_v1\datasets\fish\New Dataset\train_split\Bacterial diseases - Aeromoniasis\Bacterial diseases - Aeromoniasis_189.jpeg,Bacterial diseases - Aeromoniasis,fish,train,False
C:\Users\Asus\PycharmProjects\AquaVision_v1\datasets\fish\New Dataset\train_split\Bacterial diseases - Aeromoniasis\Bacterial diseases - Aeromoniasis_19.jpg,Bacterial diseases - Aeromoniasis,fish,train,False
C:\Users\Asus\PycharmProjects\AquaVision_v1\datasets\fish\New Dataset\train_split\Bacterial diseases - Aeromoniasis\Bacterial diseases - Aeromoniasis_192.jpg,Bacterial diseases - Aeromoniasis,fish,train,False
C:\Users\Asus\PycharmProjects\AquaVision_v1\datasets\fish\New Dataset\train_split\Bacterial diseases - Aeromoniasis\Bacterial diseases - Aeromoniasis_193.jpg,Bacterial diseases - Aeromoniasis,fish,train,False
C:\Users\Asus\PycharmProjects\AquaVision_v1\datasets\fish\New Dataset\train_split\Bacterial diseases - Aeromoniasis\Bacterial diseases - Aeromoniasis_194.jpg,Bacterial diseases - Aeromoniasis,fish,train,False
C:\Users\Asus\PycharmProjects\AquaVision_v1\datasets\fish\New Dataset\train_split\Bacterial diseases - Aeromoniasis\Bacterial diseases - Aeromoniasis_195.jpg,Bacterial diseases - Aeromoniasis,fish,train,False
C:\Users\Asus\PycharmProjects\AquaVision_v1\datasets\fish\New Dataset\train_split\Bacterial diseases - Aeromoniasis\Bacterial diseases - Aeromoniasis_196.jpg,Bacterial diseases - Aeromoniasis,fish,train,False
C:\Users\Asus\PycharmProjects\AquaVision_v1\datasets\fish\New Dataset\train_split\Bacterial diseases - Aeromoniasis\Bacterial diseases - Aeromoniasis_197.jpg,Bacterial diseases - Aeromoniasis,fish,train,False
C:\Users\Asus\PycharmProjects\AquaVision_v1\datasets\fish\New Dataset\train_split\Bacterial diseases - Aeromoniasis\Bacterial diseases - Aeromoniasis_198.jpg,Bacterial diseases - Aeromoniasis,fish,train,False
C:\Users\Asus\PycharmProjects\AquaVision_v1\datasets\fish\New Dataset\train_split\Bacterial diseases - Aeromoniasis\Bacterial diseases - Aeromoniasis_199.jpg,Bacterial diseases - Aeromoniasis,fish,train,False
C:\Users\Asus\PycharmProjects\AquaVision_v1\datasets\fish\New Dataset\train_split\Bacterial diseases - Aeromoniasis\Bacterial diseases - Aeromoniasis_2.jpg,Bacterial diseases - Aeromoniasis,fish,train,False
C:\Users\Asus\PycharmProjects\AquaVision_v1\datasets\fish\New Dataset\train_split\Bacterial diseases - Aeromoniasis\Bacterial diseases - Aeromoniasis_200.jpeg,Bacterial diseases - Aeromoniasis,fish,train,False
C:\Users\Asus\PycharmProjects\AquaVision_v1\datasets\fish\New Dataset\train_split\Bacterial diseases - Aeromoniasis\Bacterial diseases - Aeromoniasis_201.jpg,Bacterial diseases - Aeromoniasis,fish,train,False
C:\Users\Asus\PycharmProjects\AquaVision_v1\datasets\fish\New Dataset\train_split\Bacterial diseases - Aeromoniasis\Bacterial diseases - Aeromoniasis_203.jpg,Bacterial diseases - Aeromoniasis,fish,train,False
C:\Users\Asus\PycharmProjects\AquaVision_v1\datasets\fish\New Dataset\train_split\Bacterial diseases - Aeromoniasis\Bacterial diseases - Aeromoniasis_204.jpg,Bacterial diseases - Aeromoniasis,fish,train,False
C:\Users\Asus\PycharmProjects\AquaVision_v1\datasets\fish\New Dataset\train_split\Bacterial diseases - Aeromoniasis\Bacterial diseases - Aeromoniasis_205.jpg,Bacterial diseases - Aeromoniasis,fish,train,False
C:\Users\Asus\PycharmProjects\AquaVision_v1\datasets\fish\New Dataset\train_split\Bacterial diseases - Aeromoniasis\Bacterial diseases - Aeromoniasis_206.jpg,Bacterial diseases - Aeromoniasis,fish,train,False
C:\Users\Asus\PycharmProjects\AquaVision_v1\datasets\fish\New Dataset\train_split\Bacterial diseases - Aeromoniasis\Bacterial diseases - Aeromoniasis_207.jpg,Bacterial diseases - Aeromoniasis,fish,train,False
C:\Users\Asus\PycharmProjects\AquaVision_v1\datasets\fish\New Dataset\train_split\Bacterial diseases - Aeromoniasis\Bacterial diseases - Aeromoniasis_209.jpg,Bacterial diseases - Aeromoniasis,fish,train,False
C:\Users\Asus\PycharmProjects\AquaVision_v1\datasets\fish\New Dataset\train_split\Bacterial diseases - Aeromoniasis\Bacterial diseases - Aeromoniasis_21.jpg,Bacterial diseases - Aeromoniasis,fish,train,False
C:\Users\Asus\PycharmProjects\AquaVision_v1\datasets\fish\New Dataset\train_split\Bacterial diseases - Aeromoniasis\Bacterial diseases - Aeromoniasis_214.jpg,Bacterial diseases - Aeromoniasis,fish,train,False
C:\Users\Asus\PycharmProjects\AquaVision_v1\datasets\fish\New Dataset\train_split\Bacterial diseases - Aeromoniasis\Bacterial diseases - Aeromoniasis_216.jpg,Bacterial diseases - Aeromoniasis,fish,train,False
C:\Users\Asus\PycharmProjects\AquaVision_v1\datasets\fish\New Dataset\train_split\Bacterial diseases - Aeromoniasis\Bacterial diseases - Aeromoniasis_218.jpg,Bacterial diseases - Aeromoniasis,fish,train,False
C:\Users\Asus\PycharmProjects\AquaVision_v1\datasets\fish\New Dataset\train_split\Bacterial diseases - Aeromoniasis\Bacterial diseases - Aeromoniasis_219.jpg,Bacterial diseases - Aeromoniasis,fish,train,False
C:\Users\Asus\PycharmProjects\AquaVision_v1\datasets\fish\New Dataset\train_split\Bacterial diseases - Aeromoniasis\Bacterial diseases - Aeromoniasis_220.jpg,Bacterial diseases - Aeromoniasis,fish,train,False
C:\Users\Asus\PycharmProjects\AquaVision_v1\datasets\fish\New Dataset\train_split\Bacterial diseases - Aeromoniasis\Bacterial diseases - Aeromoniasis_221.jpg,Bacterial diseases - Aeromoniasis,fish,train,False
C:\Users\Asus\PycharmProjects\AquaVision_v1\datasets\fish\New Dataset\train_split\Bacterial diseases - Aeromoniasis\Bacterial diseases - Aeromoniasis_222.jpg,Bacterial diseases - Aeromoniasis,fish,train,False
C:\Users\Asus\PycharmProjects\AquaVision_v1\datasets\fish\New Dataset\train_split\Bacterial diseases - Aeromoniasis\Bacterial diseases - Aeromoniasis_223.jpg,Bacterial diseases - Aeromoniasis,fish,train,False
C:\Users\Asus\PycharmProjects\AquaVision_v1\datasets\fish\New Dataset\train_split\Bacterial diseases - Aeromoniasis\Bacterial diseases - Aeromoniasis_224.jpg,Bacterial diseases - Aeromoniasis,fish,train,False
C:\Users\Asus\PycharmProjects\AquaVision_v1\datasets\fish\New Dataset\train_split\Bacterial diseases - Aeromoniasis\Bacterial diseases - Aeromoniasis_226.jpg,Bacterial diseases - Aeromoniasis,fish,train,False
C:\Users\Asus\PycharmProjects\AquaVision_v1\datasets\fish\New Dataset\train_split\Bacterial diseases - Aeromoniasis\Bacterial diseases - Aeromoniasis_227.jpg,Bacterial diseases - Aeromoniasis,fish,train,False
C:\Users\Asus\PycharmProjects\AquaVision_v1\datasets\fish\New Dataset\train_split\Bacterial diseases - Aeromoniasis\Bacterial diseases - Aeromoniasis_228.jpg,Bacterial diseases - Aeromoniasis,fish,train,False
C:\Users\Asus\PycharmProjects\AquaVision_v1\datasets\fish\New Dataset\train_split\Bacterial diseases - Aeromoniasis\Bacterial diseases - Aeromoniasis_229.jpg,Bacterial diseases - Aeromoniasis,fish,train,False
C:\Users\Asus\PycharmProjects\AquaVision_v1\datasets\fish\New Dataset\train_split\Bacterial diseases - Aeromoniasis\Bacterial diseases - Aeromoniasis_23.jpg,Bacterial diseases - Aeromoniasis,fish,train,False
C:\Users\Asus\PycharmProjects\AquaVision_v1\datasets\fish\New Dataset\train_split\Bacterial diseases - Aeromoniasis\Bacterial diseases - Aeromoniasis_230.jpg,Bacterial diseases - Aeromoniasis,fish,train,False
C:\Users\Asus\PycharmProjects\AquaVision_v1\datasets\fish\New Dataset\train_split\Bacterial diseases - Aeromoniasis\Bacterial diseases - Aeromoniasis_231.jpg,Bacterial diseases - Aeromoniasis,fish,train,False
C:\Users\Asus\PycharmProjects\AquaVision_v1\datasets\fish\New Dataset\train_split\Bacterial diseases - Aeromoniasis\Bacterial diseases - Aeromoniasis_232.jpg,Bacterial diseases - Aeromoniasis,fish,train,False
C:\Users\Asus\PycharmProjects\AquaVision_v1\datasets\fish\New Dataset\train_split\Bacterial diseases - Aeromoniasis\Bacterial diseases - Aeromoniasis_233.jpg,Bacterial diseases - Aeromoniasis,fish,train,False
C:\Users\Asus\PycharmProjects\AquaVision_v1\datasets\fish\New Dataset\train_split\Bacterial diseases - Aeromoniasis\Bacterial diseases - Aeromoniasis_236.jpg,Bacterial diseases - Aeromoniasis,fish,train,False
C:\Users\Asus\PycharmProjects\AquaVision_v1\datasets\fish\New Dataset\train_split\Bacterial diseases - Aeromoniasis\Bacterial diseases - Aeromoniasis_237.jpg,Bacterial diseases - Aeromoniasis,fish,train,False
C:\Users\Asus\PycharmProjects\AquaVision_v1\datasets\fish\New Dataset\train_split\Bacterial diseases - Aeromoniasis\Bacterial diseases - Aeromoniasis_238.jpg,Bacterial diseases - Aeromoniasis,fish,train,False
C:\Users\Asus\PycharmProjects\AquaVision_v1\datasets\fish\New Dataset\train_split\Bacterial diseases - Aeromoniasis\Bacterial diseases - Aeromoniasis_24.jpg,Bacterial diseases - Aeromoniasis,fish,train,False
C:\Users\Asus\PycharmProjects\AquaVision_v1\datasets\fish\New Dataset\train_split\Bacterial diseases - Aeromoniasis\Bacterial diseases - Aeromoniasis_241.jpg,Bacterial diseases - Aeromoniasis,fish,train,False
C:\Users\Asus\PycharmProjects\AquaVision_v1\datasets\fish\New Dataset\train_split\Bacterial diseases - Aeromoniasis\Bacterial diseases - Aeromoniasis_242.jpg,Bacterial diseases - Aeromoniasis,fish,train,False
C:\Users\Asus\PycharmProjects\AquaVision_v1\datasets\fish\New Dataset\train_split\Bacterial diseases - Aeromoniasis\Bacterial diseases - Aeromoniasis_243.jpg,Bacterial diseases - Aeromoniasis,fish,train,False
C:\Users\Asus\PycharmProjects\AquaVision_v1\datasets\fish\New Dataset\train_split\Bacterial diseases - Aeromoniasis\Bacterial diseases - Aeromoniasis_244.jpg,Bacterial diseases - Aeromoniasis,fish,train,False
C:\Users\Asus\PycharmProjects\AquaVision_v1\datasets\fish\New Dataset\train_split\Bacterial diseases - Aeromoniasis\Bacterial diseases - Aeromoniasis_245.jpg,Bacterial diseases - Aeromoniasis,fish,train,False
C:\Users\Asus\PycharmProjects\AquaVision_v1\datasets\fish\New Dataset\train_split\Bacterial diseases - Aeromoniasis\Bacterial diseases - Aeromoniasis_247.jpg,Bacterial diseases - Aeromoniasis,fish,train,False
C:\Users\Asus\PycharmProjects\AquaVision_v1\datasets\fish\New Dataset\train_split\Bacterial diseases - Aeromoniasis\Bacterial diseases - Aeromoniasis_25.jpg,Bacterial diseases - Aeromoniasis,fish,train,False
C:\Users\Asus\PycharmProjects\AquaVision_v1\datasets\fish\New Dataset\train_split\Bacterial diseases - Aeromoniasis\Bacterial diseases - Aeromoniasis_250.jpg,Bacterial diseases - Aeromoniasis,fish,train,False
C:\Users\Asus\PycharmProjects\AquaVision_v1\datasets\fish\New Dataset\train_split\Bacterial diseases - Aeromoniasis\Bacterial diseases - Aeromoniasis_26.jpg,Bacterial diseases - Aeromoniasis,fish,train,False
C:\Users\Asus\PycharmProjects\AquaVision_v1\datasets\fish\New Dataset\train_split\Bacterial diseases - Aeromoniasis\Bacterial diseases - Aeromoniasis_27.jpg,Bacterial diseases - Aeromoniasis,fish,train,False
C:\Users\Asus\PycharmProjects\AquaVision_v1\datasets\fish\New Dataset\train_split\Bacterial diseases - Aeromoniasis\Bacterial diseases - Aeromoniasis_28.jpg,Bacterial diseases - Aeromoniasis,fish,train,False
C:\Users\Asus\PycharmProjects\AquaVision_v1\datasets\fish\New Dataset\train_split\Bacterial diseases - Aeromoniasis\Bacterial diseases - Aeromoniasis_29.jpg,Bacterial diseases - Aeromoniasis,fish,train,False
C:\Users\Asus\PycharmProjects\AquaVision_v1\datasets\fish\New Dataset\train_split\Bacterial diseases - Aeromoniasis\Bacterial diseases - Aeromoniasis_3.png,Bacterial diseases - Aeromoniasis,fish,train,False
C:\Users\Asus\PycharmProjects\AquaVision_v1\datasets\fish\New Dataset\train_split\Bacterial diseases - Aeromoniasis\Bacterial diseases - Aeromoniasis_30.jpg,Bacterial diseases - Aeromoniasis,fish,train,False
C:\Users\Asus\PycharmProjects\AquaVision_v1\datasets\fish\New Dataset\train_split\Bacterial diseases - Aeromoniasis\Bacterial diseases - Aeromoniasis_31.jpg,Bacterial diseases - Aeromoniasis,fish,train,False
C:\Users\Asus\PycharmProjects\AquaVision_v1\datasets\fish\New Dataset\train_split\Bacterial diseases - Aeromoniasis\Bacterial diseases - Aeromoniasis_32.jpg,Bacterial diseases - Aeromoniasis,fish,train,False
C:\Users\Asus\PycharmProjects\AquaVision_v1\datasets\fish\New Dataset\train_split\Bacterial diseases - Aeromoniasis\Bacterial diseases - Aeromoniasis_33.jpg,Bacterial diseases - Aeromoniasis,fish,train,False
C:\Users\Asus\PycharmProjects\AquaVision_v1\datasets\fish\New Dataset\train_split\Bacterial diseases - Aeromoniasis\Bacterial diseases - Aeromoniasis_34.jpg,Bacterial diseases - Aeromoniasis,fish,train,False
C:\Users\Asus\PycharmProjects\AquaVision_v1\datasets\fish\New Dataset\train_split\Bacterial diseases - Aeromoniasis\Bacterial diseases - Aeromoniasis_35.jpg,Bacterial diseases - Aeromoniasis,fish,train,False
C:\Users\Asus\PycharmProjects\AquaVision_v1\datasets\fish\New Dataset\train_split\Bacterial diseases - Aeromoniasis\Bacterial diseases - Aeromoniasis_36.jpg,Bacterial diseases - Aeromoniasis,fish,train,False
C:\Users\Asus\PycharmProjects\AquaVision_v1\datasets\fish\New Dataset\train_split\Bacterial diseases - Aeromoniasis\Bacterial diseases - Aeromoniasis_37.jpg,Bacterial diseases - Aeromoniasis,fish,train,False
C:\Users\Asus\PycharmProjects\AquaVision_v1\datasets\fish\New Dataset\train_split\Bacterial diseases - Aeromoniasis\Bacterial diseases - Aeromoniasis_38.jpg,Bacterial diseases - Aeromoniasis,fish,train,False
C:\Users\Asus\PycharmProjects\AquaVision_v1\datasets\fish\New Dataset\train_split\Bacterial diseases - Aeromoniasis\Bacterial diseases - Aeromoniasis_39.jpg,Bacterial diseases - Aeromoniasis,fish,train,False
C:\Users\Asus\PycharmProjects\AquaVision_v1\datasets\fish\New Dataset\train_split\Bacterial diseases - Aeromoniasis\Bacterial diseases - Aeromoniasis_4.jpg,Bacterial diseases - Aeromoniasis,fish,train,False
C:\Users\Asus\PycharmProjects\AquaVision_v1\datasets\fish\New Dataset\train_split\Bacterial diseases - Aeromoniasis\Bacterial diseases - Aeromoniasis_40.jpg,Bacterial diseases - Aeromoniasis,fish,train,False
C:\Users\Asus\PycharmProjects\AquaVision_v1\datasets\fish\New Dataset\train_split\Bacterial diseases - Aeromoniasis\Bacterial diseases - Aeromoniasis_41.jpg,Bacterial diseases - Aeromoniasis,fish,train,False
C:\Users\Asus\PycharmProjects\AquaVision_v1\datasets\fish\New Dataset\train_split\Bacterial diseases - Aeromoniasis\Bacterial diseases - Aeromoniasis_42.jpg,Bacterial diseases - Aeromoniasis,fish,train,False
C:\Users\Asus\PycharmProjects\AquaVision_v1\datasets\fish\New Dataset\train_split\Bacterial diseases - Aeromoniasis\Bacterial diseases - Aeromoniasis_44.jpg,Bacterial diseases - Aeromoniasis,fish,train,False
C:\Users\Asus\PycharmProjects\AquaVision_v1\datasets\fish\New Dataset\train_split\Bacterial diseases - Aeromoniasis\Bacterial diseases - Aeromoniasis_47.jpg,Bacterial diseases - Aeromoniasis,fish,train,False
C:\Users\Asus\PycharmProjects\AquaVision_v1\datasets\fish\New Dataset\train_split\Bacterial diseases - Aeromoniasis\Bacterial diseases - Aeromoniasis_5.jpg,Bacterial diseases - Aeromoniasis,fish,train,False
C:\Users\Asus\PycharmProjects\AquaVision_v1\datasets\fish\New Dataset\train_split\Bacterial diseases - Aeromoniasis\Bacterial diseases - Aeromoniasis_52.jpg,Bacterial diseases - Aeromoniasis,fish,train,False
C:\Users\Asus\PycharmProjects\AquaVision_v1\datasets\fish\New Dataset\train_split\Bacterial diseases - Aeromoniasis\Bacterial diseases - Aeromoniasis_54.jpg,Bacterial diseases - Aeromoniasis,fish,train,False
C:\Users\Asus\PycharmProjects\AquaVision_v1\datasets\fish\New Dataset\train_split\Bacterial diseases - Aeromoniasis\Bacterial diseases - Aeromoniasis_57.jpg,Bacterial diseases - Aeromoniasis,fish,train,False
C:\Users\Asus\PycharmProjects\AquaVision_v1\datasets\fish\New Dataset\train_split\Bacterial diseases - Aeromoniasis\Bacterial diseases - Aeromoniasis_59.jpg,Bacterial diseases - Aeromoniasis,fish,train,False
C:\Users\Asus\PycharmProjects\AquaVision_v1\datasets\fish\New Dataset\train_split\Bacterial diseases - Aeromoniasis\Bacterial diseases - Aeromoniasis_60.jpg,Bacterial diseases - Aeromoniasis,fish,train,False
C:\Users\Asus\PycharmProjects\AquaVision_v1\datasets\fish\New Dataset\train_split\Bacterial diseases - Aeromoniasis\Bacterial diseases - Aeromoniasis_63.jpg,Bacterial diseases - Aeromoniasis,fish,train,False
C:\Users\Asus\PycharmProjects\AquaVision_v1\datasets\fish\New Dataset\train_split\Bacterial diseases - Aeromoniasis\Bacterial diseases - Aeromoniasis_64.jpg,Bacterial diseases - Aeromoniasis,fish,train,False
C:\Users\Asus\PycharmProjects\AquaVision_v1\datasets\fish\New Dataset\train_split\Bacterial diseases - Aeromoniasis\Bacterial diseases - Aeromoniasis_66.jpg,Bacterial diseases - Aeromoniasis,fish,train,False
C:\Users\Asus\PycharmProjects\AquaVision_v1\datasets\fish\New Dataset\train_split\Bacterial diseases - Aeromoniasis\Bacterial diseases - Aeromoniasis_67.jpg,Bacterial diseases - Aeromoniasis,fish,train,False
C:\Users\Asus\PycharmProjects\AquaVision_v1\datasets\fish\New Dataset\train_split\Bacterial diseases - Aeromoniasis\Bacterial diseases - Aeromoniasis_68.jpg,Bacterial diseases - Aeromoniasis,fish,train,False
C:\Users\Asus\PycharmProjects\AquaVision_v1\datasets\fish\New Dataset\train_split\Bacterial diseases - Aeromoniasis\Bacterial diseases - Aeromoniasis_70.jpg,Bacterial diseases - Aeromoniasis,fish,train,False
C:\Users\Asus\PycharmProjects\AquaVision_v1\datasets\fish\New Dataset\train_split\Bacterial diseases - Aeromoniasis\Bacterial diseases - Aeromoniasis_71.jpg,Bacterial diseases - Aeromoniasis,fish,train,False
C:\Users\Asus\PycharmProjects\AquaVision_v1\datasets\fish\New Dataset\train_split\Bacterial diseases - Aeromoniasis\Bacterial diseases - Aeromoniasis_72.jpg,Bacterial diseases - Aeromoniasis,fish,train,False
C:\Users\Asus\PycharmProjects\AquaVision_v1\datasets\fish\New Dataset\train_split\Bacterial diseases - Aeromoniasis\Bacterial diseases - Aeromoniasis_73.jpg,Bacterial diseases - Aeromoniasis,fish,train,False
C:\Users\Asus\PycharmProjects\AquaVision_v1\datasets\fish\New Dataset\train_split\Bacterial diseases - Aeromoniasis\Bacterial diseases - Aeromoniasis_74.jpg,Bacterial diseases - Aeromoniasis,fish,train,False
C:\Users\Asus\PycharmProjects\AquaVision_v1\datasets\fish\New Dataset\train_split\Bacterial diseases - Aeromoniasis\Bacterial diseases - Aeromoniasis_75.jpg,Bacterial diseases - Aeromoniasis,fish,train,False
C:\Users\Asus\PycharmProjects\AquaVision_v1\datasets\fish\New Dataset\train_split\Bacterial diseases - Aeromoniasis\Bacterial diseases - Aeromoniasis_76.jpg,Bacterial diseases - Aeromoniasis,fish,train,False
C:\Users\Asus\PycharmProjects\AquaVision_v1\datasets\fish\New Dataset\train_split\Bacterial diseases - Aeromoniasis\Bacterial diseases - Aeromoniasis_77.jpg,Bacterial diseases - Aeromoniasis,fish,train,False
C:\Users\Asus\PycharmProjects\AquaVision_v1\datasets\fish\New Dataset\train_split\Bacterial diseases - Aeromoniasis\Bacterial diseases - Aeromoniasis_78.jpg,Bacterial diseases - Aeromoniasis,fish,train,False
C:\Users\Asus\PycharmProjects\AquaVision_v1\datasets\fish\New Dataset\train_split\Bacterial diseases - Aeromoniasis\Bacterial diseases - Aeromoniasis_79.jpg,Bacterial diseases - Aeromoniasis,fish,train,False
C:\Users\Asus\PycharmProjects\AquaVision_v1\datasets\fish\New Dataset\train_split\Bacterial diseases - Aeromoniasis\Bacterial diseases - Aeromoniasis_80.jpg,Bacterial diseases - Aeromoniasis,fish,train,False
C:\Users\Asus\PycharmProjects\AquaVision_v1\datasets\fish\New Dataset\train_split\Bacterial diseases - Aeromoniasis\Bacterial diseases - Aeromoniasis_82.jpg,Bacterial diseases - Aeromoniasis,fish,train,False
C:\Users\Asus\PycharmProjects\AquaVision_v1\datasets\fish\New Dataset\train_split\Bacterial diseases - Aeromoniasis\Bacterial diseases - Aeromoniasis_83.jpg,Bacterial diseases - Aeromoniasis,fish,train,False
C:\Users\Asus\PycharmProjects\AquaVision_v1\datasets\fish\New Dataset\train_split\Bacterial diseases - Aeromoniasis\Bacterial diseases - Aeromoniasis_84.jpg,Bacterial diseases - Aeromoniasis,fish,train,False
C:\Users\Asus\PycharmProjects\AquaVision_v1\datasets\fish\New Dataset\train_split\Bacterial diseases - Aeromoniasis\Bacterial diseases - Aeromoniasis_85.jpg,Bacterial diseases - Aeromoniasis,fish,train,False
C:\Users\Asus\PycharmProjects\AquaVision_v1\datasets\fish\New Dataset\train_split\Bacterial diseases - Aeromoniasis\Bacterial diseases - Aeromoniasis_86.jpg,Bacterial diseases - Aeromoniasis,fish,train,False
C:\Users\Asus\PycharmProjects\AquaVision_v1\datasets\fish\New Dataset\train_split\Bacterial diseases - Aeromoniasis\Bacterial diseases - Aeromoniasis_88.jpg,Bacterial diseases - Aeromoniasis,fish,train,False
C:\Users\Asus\PycharmProjects\AquaVision_v1\datasets\fish\New Dataset\train_split\Bacterial diseases - Aeromoniasis\Bacterial diseases - Aeromoniasis_89.jpg,Bacterial diseases - Aeromoniasis,fish,train,False
C:\Users\Asus\PycharmProjects\AquaVision_v1\datasets\fish\New Dataset\train_split\Bacterial diseases - Aeromoniasis\Bacterial diseases - Aeromoniasis_9.jpg,Bacterial diseases - Aeromoniasis,fish,train,False
C:\Users\Asus\PycharmProjects\AquaVision_v1\datasets\fish\New Dataset\train_split\Bacterial diseases - Aeromoniasis\Bacterial diseases - Aeromoniasis_91.jpg,Bacterial diseases - Aeromoniasis,fish,train,False
C:\Users\Asus\PycharmProjects\AquaVision_v1\datasets\fish\New Dataset\train_split\Bacterial diseases - Aeromoniasis\Bacterial diseases - Aeromoniasis_93.jpg,Bacterial diseases - Aeromoniasis,fish,train,False
C:\Users\Asus\PycharmProjects\AquaVision_v1\datasets\fish\New Dataset\train_split\Bacterial diseases - Aeromoniasis\Bacterial diseases - Aeromoniasis_94.jpg,Bacterial diseases - Aeromoniasis,fish,train,False
C:\Users\Asus\PycharmProjects\AquaVision_v1\datasets\fish\New Dataset\train_split\Bacterial diseases - Aeromoniasis\Bacterial diseases - Aeromoniasis_95.jpg,Bacterial diseases - Aeromoniasis,fish,train,False
C:\Users\Asus\PycharmProjects\AquaVision_v1\datasets\fish\New Dataset\train_split\Bacterial diseases - Aeromoniasis\Bacterial diseases - Aeromoniasis_96.jpg,Bacterial diseases - Aeromoniasis,fish,train,False
C:\Users\Asus\PycharmProjects\AquaVision_v1\datasets\fish\New Dataset\train_split\Bacterial diseases - Aeromoniasis\Bacterial diseases - Aeromoniasis_97.jpg,Bacterial diseases - Aeromoniasis,fish,train,False
C:\Users\Asus\PycharmProjects\AquaVision_v1\datasets\fish\New Dataset\train_split\Bacterial diseases - Aeromoniasis\Bacterial diseases - Aeromoniasis_98.jpg,Bacterial diseases - Aeromoniasis,fish,train,False
C:\Users\Asus\PycharmProjects\AquaVision_v1\datasets\fish\New Dataset\train_split\Bacterial diseases - Aeromoniasis\Bacterial diseases - Aeromoniasis_99.jpg,Bacterial diseases - Aeromoniasis,fish,train,False
C:\Users\Asus\PycharmProjects\AquaVision_v1\datasets\fish\New Dataset\train_split\Bacterial diseases - Aeromoniasis\Bacterial diseases - Aeromoniasis_aug_0.jpg,Bacterial diseases - Aeromoniasis,fish,train,True
C:\Users\Asus\PycharmProjects\AquaVision_v1\datasets\fish\New Dataset\train_split\Bacterial diseases - Aeromoniasis\Bacterial diseases - Aeromoniasis_aug_1.jpg,Bacterial diseases - Aeromoniasis,fish,train,True
C:\Users\Asus\PycharmProjects\AquaVision_v1\datasets\fish\New Dataset\train_split\Bacterial diseases - Aeromoniasis\Bacterial diseases - Aeromoniasis_aug_10.jpg,Bacterial diseases - Aeromoniasis,fish,train,True
C:\Users\Asus\PycharmProjects\AquaVision_v1\datasets\fish\New Dataset\train_split\Bacterial diseases - Aeromoniasis\Bacterial diseases - Aeromoniasis_aug_100.jpg,Bacterial diseases - Aeromoniasis,fish,train,True
C:\Users\Asus\PycharmProjects\AquaVision_v1\datasets\fish\New Dataset\train_split\Bacterial diseases - Aeromoniasis\Bacterial diseases - Aeromoniasis_aug_101.jpg,Bacterial diseases - Aeromoniasis,fish,train,True
C:\Users\Asus\PycharmProjects\AquaVision_v1\datasets\fish\New Dataset\train_split\Bacterial diseases - Aeromoniasis\Bacterial diseases - Aeromoniasis_aug_103.jpg,Bacterial diseases - Aeromoniasis,fish,train,True
C:\Users\Asus\PycharmProjects\AquaVision_v1\datasets\fish\New Dataset\train_split\Bacterial diseases - Aeromoniasis\Bacterial diseases - Aeromoniasis_aug_104.jpg,Bacterial diseases - Aeromoniasis,fish,train,True
C:\Users\Asus\PycharmProjects\AquaVision_v1\datasets\fish\New Dataset\train_split\Bacterial diseases - Aeromoniasis\Bacterial diseases - Aeromoniasis_aug_106.jpg,Bacterial diseases - Aeromoniasis,fish,train,True
C:\Users\Asus\PycharmProjects\AquaVision_v1\datasets\fish\New Dataset\train_split\Bacterial diseases - Aeromoniasis\Bacterial diseases - Aeromoniasis_aug_107.jpg,Bacterial diseases - Aeromoniasis,fish,train,True
C:\Users\Asus\PycharmProjects\AquaVision_v1\datasets\fish\New Dataset\train_split\Bacterial diseases - Aeromoniasis\Bacterial diseases - Aeromoniasis_aug_109.jpg,Bacterial diseases - Aeromoniasis,fish,train,True
C:\Users\Asus\PycharmProjects\AquaVision_v1\datasets\fish\New Dataset\train_split\Bacterial diseases - Aeromoniasis\Bacterial diseases - Aeromoniasis_aug_11.jpg,Bacterial diseases - Aeromoniasis,fish,train,True
C:\Users\Asus\PycharmProjects\AquaVision_v1\datasets\fish\New Dataset\train_split\Bacterial diseases - Aeromoniasis\Bacterial diseases - Aeromoniasis_aug_110.jpg,Bacterial diseases - Aeromoniasis,fish,train,True
C:\Users\Asus\PycharmProjects\AquaVision_v1\datasets\fish\New Dataset\train_split\Bacterial diseases - Aeromoniasis\Bacterial diseases - Aeromoniasis_aug_111.jpg,Bacterial diseases - Aeromoniasis,fish,train,True
C:\Users\Asus\PycharmProjects\AquaVision_v1\datasets\fish\New Dataset\train_split\Bacterial diseases - Aeromoniasis\Bacterial diseases - Aeromoniasis_aug_112.jpg,Bacterial diseases - Aeromoniasis,fish,train,True
C:\Users\Asus\PycharmProjects\AquaVision_v1\datasets\fish\New Dataset\train_split\Bacterial diseases - Aeromoniasis\Bacterial diseases - Aeromoniasis_aug_113.jpg,Bacterial diseases - Aeromoniasis,fish,train,True
C:\Users\Asus\PycharmProjects\AquaVision_v1\datasets\fish\New Dataset\train_split\Bacterial diseases - Aeromoniasis\Bacterial diseases - Aeromoniasis_aug_114.jpg,Bacterial diseases - Aeromoniasis,fish,train,True
C:\Users\Asus\PycharmProjects\AquaVision_v1\datasets\fish\New Dataset\train_split\Bacterial diseases - Aeromoniasis\Bacterial diseases - Aeromoniasis_aug_115.jpg,Bacterial diseases - Aeromoniasis,fish,train,True
C:\Users\Asus\PycharmProjects\AquaVision_v1\datasets\fish\New Dataset\train_split\Bacterial diseases - Aeromoniasis\Bacterial diseases - Aeromoniasis_aug_116.jpg,Bacterial diseases - Aeromoniasis,fish,train,True
C:\Users\Asus\PycharmProjects\AquaVision_v1\datasets\fish\New Dataset\train_split\Bacterial diseases - Aeromoniasis\Bacterial diseases - Aeromoniasis_aug_117.jpg,Bacterial diseases - Aeromoniasis,fish,train,True
C:\Users\Asus\PycharmProjects\AquaVision_v1\datasets\fish\New Dataset\train_split\Bacterial diseases - Aeromoniasis\Bacterial diseases - Aeromoniasis_aug_118.jpg,Bacterial diseases - Aeromoniasis,fish,train,True
C:\Users\Asus\PycharmProjects\AquaVision_v1\datasets\fish\New Dataset\train_split\Bacterial diseases - Aeromoniasis\Bacterial diseases - Aeromoniasis_aug_119.jpg,Bacterial diseases - Aeromoniasis,fish,train,True
C:\Users\Asus\PycharmProjects\AquaVision_v1\datasets\fish\New Dataset\train_split\Bacterial diseases - Aeromoniasis\Bacterial diseases - Aeromoniasis_aug_12.jpg,Bacterial diseases - Aeromoniasis,fish,train,True
C:\Users\Asus\PycharmProjects\AquaVision_v1\datasets\fish\New Dataset\train_split\Bacterial diseases - Aeromoniasis\Bacterial diseases - Aeromoniasis_aug_120.jpg,Bacterial diseases - Aeromoniasis,fish,train,True
C:\Users\Asus\PycharmProjects\AquaVision_v1\datasets\fish\New Dataset\train_split\Bacterial diseases - Aeromoniasis\Bacterial diseases - Aeromoniasis_aug_121.jpg,Bacterial diseases - Aeromoniasis,fish,train,True
C:\Users\Asus\PycharmProjects\AquaVision_v1\datasets\fish\New Dataset\train_split\Bacterial diseases - Aeromoniasis\Bacterial diseases - Aeromoniasis_aug_122.jpg,Bacterial diseases - Aeromoniasis,fish,train,True
C:\Users\Asus\PycharmProjects\AquaVision_v1\datasets\fish\New Dataset\train_split\Bacterial diseases - Aeromoniasis\Bacterial diseases - Aeromoniasis_aug_123.jpg,Bacterial diseases - Aeromoniasis,fish,train,True
C:\Users\Asus\PycharmProjects\AquaVision_v1\datasets\fish\New Dataset\train_split\Bacterial diseases - Aeromoniasis\Bacterial diseases - Aeromoniasis_aug_124.jpg,Bacterial diseases - Aeromoniasis,fish,train,True
C:\Users\Asus\PycharmProjects\AquaVision_v1\datasets\fish\New Dataset\train_split\Bacterial diseases - Aeromoniasis\Bacterial diseases - Aeromoniasis_aug_125.jpg,Bacterial diseases - Aeromoniasis,fish,train,True
C:\Users\Asus\PycharmProjects\AquaVision_v1\datasets\fish\New Dataset\train_split\Bacterial diseases - Aeromoniasis\Bacterial diseases - Aeromoniasis_aug_126.jpg,Bacterial diseases - Aeromoniasis,fish,train,True
C:\Users\Asus\PycharmProjects\AquaVision_v1\datasets\fish\New Dataset\train_split\Bacterial diseases - Aeromoniasis\Bacterial diseases - Aeromoniasis_aug_127.jpg,Bacterial diseases - Aeromoniasis,fish,train,True
C:\Users\Asus\PycharmProjects\AquaVision_v1\datasets\fish\New Dataset\train_split\Bacterial diseases - Aeromoniasis\Bacterial diseases - Aeromoniasis_aug_128.jpg,Bacterial diseases - Aeromoniasis,fish,train,True
C:\Users\Asus\PycharmProjects\AquaVision_v1\datasets\fish\New Dataset\train_split\Bacterial diseases - Aeromoniasis\Bacterial diseases - Aeromoniasis_aug_13.jpg,Bacterial diseases - Aeromoniasis,fish,train,True
C:\Users\Asus\PycharmProjects\AquaVision_v1\datasets\fish\New Dataset\train_split\Bacterial diseases - Aeromoniasis\Bacterial diseases - Aeromoniasis_aug_130.jpg,Bacterial diseases - Aeromoniasis,fish,train,True
C:\Users\Asus\PycharmProjects\AquaVision_v1\datasets\fish\New Dataset\train_split\Bacterial diseases - Aeromoniasis\Bacterial diseases - Aeromoniasis_aug_131.jpg,Bacterial diseases - Aeromoniasis,fish,train,True
C:\Users\Asus\PycharmProjects\AquaVision_v1\datasets\fish\New Dataset\train_split\Bacterial diseases - Aeromoniasis\Bacterial diseases - Aeromoniasis_aug_132.jpg,Bacterial diseases - Aeromoniasis,fish,train,True
C:\Users\Asus\PycharmProjects\AquaVision_v1\datasets\fish\New Dataset\train_split\Bacterial diseases - Aeromoniasis\Bacterial diseases - Aeromoniasis_aug_133.jpg,Bacterial diseases - Aeromoniasis,fish,train,True
C:\Users\Asus\PycharmProjects\AquaVision_v1\datasets\fish\New Dataset\train_split\Bacterial diseases - Aeromoniasis\Bacterial diseases - Aeromoniasis_aug_134.jpg,Bacterial diseases - Aeromoniasis,fish,train,True
C:\Users\Asus\PycharmProjects\AquaVision_v1\datasets\fish\New Dataset\train_split\Bacterial diseases - Aeromoniasis\Bacterial diseases - Aeromoniasis_aug_135.jpg,Bacterial diseases - Aeromoniasis,fish,train,True
C:\Users\Asus\PycharmProjects\AquaVision_v1\datasets\fish\New Dataset\train_split\Bacterial diseases - Aeromoniasis\Bacterial diseases - Aeromoniasis_aug_136.jpg,Bacterial diseases - Aeromoniasis,fish,train,True
C:\Users\Asus\PycharmProjects\AquaVision_v1\datasets\fish\New Dataset\train_split\Bacterial diseases - Aeromoniasis\Bacterial diseases - Aeromoniasis_aug_137.jpg,Bacterial diseases - Aeromoniasis,fish,train,True
C:\Users\Asus\PycharmProjects\AquaVision_v1\datasets\fish\New Dataset\train_split\Bacterial diseases - Aeromoniasis\Bacterial diseases - Aeromoniasis_aug_138.jpg,Bacterial diseases - Aeromoniasis,fish,train,True
C:\Users\Asus\PycharmProjects\AquaVision_v1\datasets\fish\New Dataset\train_split\Bacterial diseases - Aeromoniasis\Bacterial diseases - Aeromoniasis_aug_139.jpg,Bacterial diseases - Aeromoniasis,fish,train,True
C:\Users\Asus\PycharmProjects\AquaVision_v1\datasets\fish\New Dataset\train_split\Bacterial diseases - Aeromoniasis\Bacterial diseases - Aeromoniasis_aug_14.jpg,Bacterial diseases - Aeromoniasis,fish,train,True
C:\Users\Asus\PycharmProjects\AquaVision_v1\datasets\fish\New Dataset\train_split\Bacterial diseases - Aeromoniasis\Bacterial diseases - Aeromoniasis_aug_140.jpg,Bacterial diseases - Aeromoniasis,fish,train,True
C:\Users\Asus\PycharmProjects\AquaVision_v1\datasets\fish\New Dataset\train_split\Bacterial diseases - Aeromoniasis\Bacterial diseases - Aeromoniasis_aug_141.jpg,Bacterial diseases - Aeromoniasis,fish,train,True
C:\Users\Asus\PycharmProjects\AquaVision_v1\datasets\fish\New Dataset\train_split\Bacterial diseases - Aeromoniasis\Bacterial diseases - Aeromoniasis_aug_142.jpg,Bacterial diseases - Aeromoniasis,fish,train,True
C:\Users\Asus\PycharmProjects\AquaVision_v1\datasets\fish\New Dataset\train_split\Bacterial diseases - Aeromoniasis\Bacterial diseases - Aeromoniasis_aug_144.jpg,Bacterial diseases - Aeromoniasis,fish,train,True
C:\Users\Asus\PycharmProjects\AquaVision_v1\datasets\fish\New Dataset\train_split\Bacterial diseases - Aeromoniasis\Bacterial diseases - Aeromoniasis_aug_145.jpg,Bacterial diseases - Aeromoniasis,fish,train,True
C:\Users\Asus\PycharmProjects\AquaVision_v1\datasets\fish\New Dataset\train_split\Bacterial diseases - Aeromoniasis\Bacterial diseases - Aeromoniasis_aug_146.jpg,Bacterial diseases - Aeromoniasis,fish,train,True
C:\Users\Asus\PycharmProjects\AquaVision_v1\datasets\fish\New Dataset\train_split\Bacterial diseases - Aeromoniasis\Bacterial diseases - Aeromoniasis_aug_147.jpg,Bacterial diseases - Aeromoniasis,fish,train,True
C:\Users\Asus\PycharmProjects\AquaVision_v1\datasets\fish\New Dataset\train_split\Bacterial diseases - Aeromoniasis\Bacterial diseases - Aeromoniasis_aug_149.jpg,Bacterial diseases - Aeromoniasis,fish,train,True
C:\Users\Asus\PycharmProjects\AquaVision_v1\datasets\fish\New Dataset\train_split\Bacterial diseases - Aeromoniasis\Bacterial diseases - Aeromoniasis_aug_15.jpg,Bacterial diseases - Aeromoniasis,fish,train,True
C:\Users\Asus\PycharmProjects\AquaVision_v1\datasets\fish\New Dataset\train_split\Bacterial diseases - Aeromoniasis\Bacterial diseases - Aeromoniasis_aug_151.jpg,Bacterial diseases - Aeromoniasis,fish,train,True
C:\Users\Asus\PycharmProjects\AquaVision_v1\datasets\fish\New Dataset\train_split\Bacterial diseases - Aeromoniasis\Bacterial diseases - Aeromoniasis_aug_152.jpg,Bacterial diseases - Aeromoniasis,fish,train,True
C:\Users\Asus\PycharmProjects\AquaVision_v1\datasets\fish\New Dataset\train_split\Bacterial diseases - Aeromoniasis\Bacterial diseases - Aeromoniasis_aug_153.jpg,Bacterial diseases - Aeromoniasis,fish,train,True
C:\Users\Asus\PycharmProjects\AquaVision_v1\datasets\fish\New Dataset\train_split\Bacterial diseases - Aeromoniasis\Bacterial diseases - Aeromoniasis_aug_154.jpg,Bacterial diseases - Aeromoniasis,fish,train,True
C:\Users\Asus\PycharmProjects\AquaVision_v1\datasets\fish\New Dataset\train_split\Bacterial diseases - Aeromoniasis\Bacterial diseases - Aeromoniasis_aug_156.jpg,Bacterial diseases - Aeromoniasis,fish,train,True
C:\Users\Asus\PycharmProjects\AquaVision_v1\datasets\fish\New Dataset\train_split\Bacterial diseases - Aeromoniasis\Bacterial diseases - Aeromoniasis_aug_157.jpg,Bacterial diseases - Aeromoniasis,fish,train,True
C:\Users\Asus\PycharmProjects\AquaVision_v1\datasets\fish\New Dataset\train_split\Bacterial diseases - Aeromoniasis\Bacterial diseases - Aeromoniasis_aug_158.jpg,Bacterial diseases - Aeromoniasis,fish,train,True
C:\Users\Asus\PycharmProjects\AquaVision_v1\datasets\fish\New Dataset\train_split\Bacterial diseases - Aeromoniasis\Bacterial diseases - Aeromoniasis_aug_159.jpg,Bacterial diseases - Aeromoniasis,fish,train,True
C:\Users\Asus\PycharmProjects\AquaVision_v1\datasets\fish\New Dataset\train_split\Bacterial diseases - Aeromoniasis\Bacterial diseases - Aeromoniasis_aug_16.jpg,Bacterial diseases - Aeromoniasis,fish,train,True
C:\Users\Asus\PycharmProjects\AquaVision_v1\datasets\fish\New Dataset\train_split\Bacterial diseases - Aeromoniasis\Bacterial diseases - Aeromoniasis_aug_160.jpg,Bacterial diseases - Aeromoniasis,fish,train,True
C:\Users\Asus\PycharmProjects\AquaVision_v1\datasets\fish\New Dataset\train_split\Bacterial diseases - Aeromoniasis\Bacterial diseases - Aeromoniasis_aug_161.jpg,Bacterial diseases - Aeromoniasis,fish,train,True
C:\Users\Asus\PycharmProjects\AquaVision_v1\datasets\fish\New Dataset\train_split\Bacterial diseases - Aeromoniasis\Bacterial diseases - Aeromoniasis_aug_163.jpg,Bacterial diseases - Aeromoniasis,fish,train,True
C:\Users\Asus\PycharmProjects\AquaVision_v1\datasets\fish\New Dataset\train_split\Bacterial diseases - Aeromoniasis\Bacterial diseases - Aeromoniasis_aug_164.jpg,Bacterial diseases - Aeromoniasis,fish,train,True
C:\Users\Asus\PycharmProjects\AquaVision_v1\datasets\fish\New Dataset\train_split\Bacterial diseases - Aeromoniasis\Bacterial diseases - Aeromoniasis_aug_165.jpg,Bacterial diseases - Aeromoniasis,fish,train,True
C:\Users\Asus\PycharmProjects\AquaVision_v1\datasets\fish\New Dataset\train_split\Bacterial diseases - Aeromoniasis\Bacterial diseases - Aeromoniasis_aug_166.jpg,Bacterial diseases - Aeromoniasis,fish,train,True
C:\Users\Asus\PycharmProjects\AquaVision_v1\datasets\fish\New Dataset\train_split\Bacterial diseases - Aeromoniasis\Bacterial diseases - Aeromoniasis_aug_167.jpg,Bacterial diseases - Aeromoniasis,fish,train,True
C:\Users\Asus\PycharmProjects\AquaVision_v1\datasets\fish\New Dataset\train_split\Bacterial diseases - Aeromoniasis\Bacterial diseases - Aeromoniasis_aug_17.jpg,Bacterial diseases - Aeromoniasis,fish,train,True
C:\Users\Asus\PycharmProjects\AquaVision_v1\datasets\fish\New Dataset\train_split\Bacterial diseases - Aeromoniasis\Bacterial diseases - Aeromoniasis_aug_170.jpg,Bacterial diseases - Aeromoniasis,fish,train,True
C:\Users\Asus\PycharmProjects\AquaVision_v1\datasets\fish\New Dataset\train_split\Bacterial diseases - Aeromoniasis\Bacterial diseases - Aeromoniasis_aug_171.jpg,Bacterial diseases - Aeromoniasis,fish,train,True
C:\Users\Asus\PycharmProjects\AquaVision_v1\datasets\fish\New Dataset\train_split\Bacterial diseases - Aeromoniasis\Bacterial diseases - Aeromoniasis_aug_172.jpg,Bacterial diseases - Aeromoniasis,fish,train,True
C:\Users\Asus\PycharmProjects\AquaVision_v1\datasets\fish\New Dataset\train_split\Bacterial diseases - Aeromoniasis\Bacterial diseases - Aeromoniasis_aug_173.jpg,Bacterial diseases - Aeromoniasis,fish,train,True
C:\Users\Asus\PycharmProjects\AquaVision_v1\datasets\fish\New Dataset\train_split\Bacterial diseases - Aeromoniasis\Bacterial diseases - Aeromoniasis_aug_176.jpg,Bacterial diseases - Aeromoniasis,fish,train,True
C:\Users\Asus\PycharmProjects\AquaVision_v1\datasets\fish\New Dataset\train_split\Bacterial diseases - Aeromoniasis\Bacterial diseases - Aeromoniasis_aug_177.jpg,Bacterial diseases - Aeromoniasis,fish,train,True
C:\Users\Asus\PycharmProjects\AquaVision_v1\datasets\fish\New Dataset\train_split\Bacterial diseases - Aeromoniasis\Bacterial diseases - Aeromoniasis_aug_178.jpg,Bacterial diseases - Aeromoniasis,fish,train,True
C:\Users\Asus\PycharmProjects\AquaVision_v1\datasets\fish\New Dataset\train_split\Bacterial diseases - Aeromoniasis\Bacterial diseases - Aeromoniasis_aug_179.jpg,Bacterial diseases - Aeromoniasis,fish,train,True
C:\Users\Asus\PycharmProjects\AquaVision_v1\datasets\fish\New Dataset\train_split\Bacterial diseases - Aeromoniasis\Bacterial diseases - Aeromoniasis_aug_18.jpg,Bacterial diseases - Aeromoniasis,fish,train,True
C:\Users\Asus\PycharmProjects\AquaVision_v1\datasets\fish\New Dataset\train_split\Bacterial diseases - Aeromoniasis\Bacterial diseases - Aeromoniasis_aug_180.jpg,Bacterial diseases - Aeromoniasis,fish,train,True
C:\Users\Asus\PycharmProjects\AquaVision_v1\datasets\fish\New Dataset\train_split\Bacterial diseases - Aeromoniasis\Bacterial diseases - Aeromoniasis_aug_182.jpg,Bacterial diseases - Aeromoniasis,fish,train,True
C:\Users\Asus\PycharmProjects\AquaVision_v1\datasets\fish\New Dataset\train_split\Bacterial diseases - Aeromoniasis\Bacterial diseases - Aeromoniasis_aug_183.jpg,Bacterial diseases - Aeromoniasis,fish,train,True
C:\Users\Asus\PycharmProjects\AquaVision_v1\datasets\fish\New Dataset\train_split\Bacterial diseases - Aeromoniasis\Bacterial diseases - Aeromoniasis_aug_184.jpg,Bacterial diseases - Aeromoniasis,fish,train,True
C:\Users\Asus\PycharmProjects\AquaVision_v1\datasets\fish\New Dataset\train_split\Bacterial diseases - Aeromoniasis\Bacterial diseases - Aeromoniasis_aug_185.jpg,Bacterial diseases - Aeromoniasis,fish,train,True
C:\Users\Asus\PycharmProjects\AquaVision_v1\datasets\fish\New Dataset\train_split\Bacterial diseases - Aeromoniasis\Bacterial diseases - Aeromoniasis_aug_187.jpg,Bacterial diseases - Aeromoniasis,fish,train,True
C:\Users\Asus\PycharmProjects\AquaVision_v1\datasets\fish\New Dataset\train_split\Bacterial diseases - Aeromoniasis\Bacterial diseases - Aeromoniasis_aug_188.jpg,Bacterial diseases - Aeromoniasis,fish,train,True
C:\Users\Asus\PycharmProjects\AquaVision_v1\datasets\fish\New Dataset\train_split\Bacterial diseases - Aeromoniasis\Bacterial diseases - Aeromoniasis_aug_189.jpg,Bacterial diseases - Aeromoniasis,fish,train,True
C:\Users\Asus\PycharmProjects\AquaVision_v1\datasets\fish\New Dataset\train_split\Bacterial diseases - Aeromoniasis\Bacterial diseases - Aeromoniasis_aug_190.jpg,Bacterial diseases - Aeromoniasis,fish,train,True
C:\Users\Asus\PycharmProjects\AquaVision_v1\datasets\fish\New Dataset\train_split\Bacterial diseases - Aeromoniasis\Bacterial diseases - Aeromoniasis_aug_192.jpg,Bacterial diseases - Aeromoniasis,fish,train,True
C:\Users\Asus\PycharmProjects\AquaVision_v1\datasets\fish\New Dataset\train_split\Bacterial diseases - Aeromoniasis\Bacterial diseases - Aeromoniasis_aug_193.jpg,Bacterial diseases - Aeromoniasis,fish,train,True
C:\Users\Asus\PycharmProjects\AquaVision_v1\datasets\fish\New Dataset\train_split\Bacterial diseases - Aeromoniasis\Bacterial diseases - Aeromoniasis_aug_194.jpg,Bacterial diseases - Aeromoniasis,fish,train,True
C:\Users\Asus\PycharmProjects\AquaVision_v1\datasets\fish\New Dataset\train_split\Bacterial diseases - Aeromoniasis\Bacterial diseases - Aeromoniasis_aug_197.jpg,Bacterial diseases - Aeromoniasis,fish,train,True
C:\Users\Asus\PycharmProjects\AquaVision_v1\datasets\fish\New Dataset\train_split\Bacterial diseases - Aeromoniasis\Bacterial diseases - Aeromoniasis_aug_198.jpg,Bacterial diseases - Aeromoniasis,fish,train,True
C:\Users\Asus\PycharmProjects\AquaVision_v1\datasets\fish\New Dataset\train_split\Bacterial diseases - Aeromoniasis\Bacterial diseases - Aeromoniasis_aug_199.jpg,Bacterial diseases - Aeromoniasis,fish,train,True
C:\Users\Asus\PycharmProjects\AquaVision_v1\datasets\fish\New Dataset\train_split\Bacterial diseases - Aeromoniasis\Bacterial diseases - Aeromoniasis_aug_2.jpg,Bacterial diseases - Aeromoniasis,fish,train,True
C:\Users\Asus\PycharmProjects\AquaVision_v1\datasets\fish\New Dataset\train_split\Bacterial diseases - Aeromoniasis\Bacterial diseases - Aeromoniasis_aug_20.jpg,Bacterial diseases - Aeromoniasis,fish,train,True
C:\Users\Asus\PycharmProjects\AquaVision_v1\datasets\fish\New Dataset\train_split\Bacterial diseases - Aeromoniasis\Bacterial diseases - Aeromoniasis_aug_201.jpg,Bacterial diseases - Aeromoniasis,fish,train,True
C:\Users\Asus\PycharmProjects\AquaVision_v1\datasets\fish\New Dataset\train_split\Bacterial diseases - Aeromoniasis\Bacterial diseases - Aeromoniasis_aug_202.jpg,Bacterial diseases - Aeromoniasis,fish,train,True
C:\Users\Asus\PycharmProjects\AquaVision_v1\datasets\fish\New Dataset\train_split\Bacterial diseases - Aeromoniasis\Bacterial diseases - Aeromoniasis_aug_203.jpg,Bacterial diseases - Aeromoniasis,fish,train,True
C:\Users\Asus\PycharmProjects\AquaVision_v1\datasets\fish\New Dataset\train_split\Bacterial diseases - Aeromoniasis\Bacterial diseases - Aeromoniasis_aug_204.jpg,Bacterial diseases - Aeromoniasis,fish,train,True
C:\Users\Asus\PycharmProjects\AquaVision_v1\datasets\fish\New Dataset\train_split\Bacterial diseases - Aeromoniasis\Bacterial diseases - Aeromoniasis_aug_206.jpg,Bacterial diseases - Aeromoniasis,fish,train,True
C:\Users\Asus\PycharmProjects\AquaVision_v1\datasets\fish\New Dataset\train_split\Bacterial diseases - Aeromoniasis\Bacterial diseases - Aeromoniasis_aug_207.jpg,Bacterial diseases - Aeromoniasis,fish,train,True
C:\Users\Asus\PycharmProjects\AquaVision_v1\datasets\fish\New Dataset\train_split\Bacterial diseases - Aeromoniasis\Bacterial diseases - Aeromoniasis_aug_209.jpg,Bacterial diseases - Aeromoniasis,fish,train,True
C:\Users\Asus\PycharmProjects\AquaVision_v1\datasets\fish\New Dataset\train_split\Bacterial diseases - Aeromoniasis\Bacterial diseases - Aeromoniasis_aug_21.jpg,Bacterial diseases - Aeromoniasis,fish,train,True
C:\Users\Asus\PycharmProjects\AquaVision_v1\datasets\fish\New Dataset\train_split\Bacterial diseases - Aeromoniasis\Bacterial diseases - Aeromoniasis_aug_211.jpg,Bacterial diseases - Aeromoniasis,fish,train,True
C:\Users\Asus\PycharmProjects\AquaVision_v1\datasets\fish\New Dataset\train_split\Bacterial diseases - Aeromoniasis\Bacterial diseases - Aeromoniasis_aug_212.jpg,Bacterial diseases - Aeromoniasis,fish,train,True
C:\Users\Asus\PycharmProjects\AquaVision_v1\datasets\fish\New Dataset\train_split\Bacterial diseases - Aeromoniasis\Bacterial diseases - Aeromoniasis_aug_213.jpg,Bacterial diseases - Aeromoniasis,fish,train,True
C:\Users\Asus\PycharmProjects\AquaVision_v1\datasets\fish\New Dataset\train_split\Bacterial diseases - Aeromoniasis\Bacterial diseases - Aeromoniasis_aug_214.jpg,Bacterial diseases - Aeromoniasis,fish,train,True
C:\Users\Asus\PycharmProjects\AquaVision_v1\datasets\fish\New Dataset\train_split\Bacterial diseases - Aeromoniasis\Bacterial diseases - Aeromoniasis_aug_215.jpg,Bacterial diseases - Aeromoniasis,fish,train,True
C:\Users\Asus\PycharmProjects\AquaVision_v1\datasets\fish\New Dataset\train_split\Bacterial diseases - Aeromoniasis\Bacterial diseases - Aeromoniasis_aug_216.jpg,Bacterial diseases - Aeromoniasis,fish,train,True
C:\Users\Asus\PycharmProjects\AquaVision_v1\datasets\fish\New Dataset\train_split\Bacterial diseases - Aeromoniasis\Bacterial diseases - Aeromoniasis_aug_217.jpg,Bacterial diseases - Aeromoniasis,fish,train,True
C:\Users\Asus\PycharmProjects\AquaVision_v1\datasets\fish\New Dataset\train_split\Bacterial diseases - Aeromoniasis\Bacterial diseases - Aeromoniasis_aug_219.jpg,Bacterial diseases - Aeromoniasis,fish,train,True
C:\Users\Asus\PycharmProjects\AquaVision_v1\datasets\fish\New Dataset\train_split\Bacterial diseases - Aeromoniasis\Bacterial diseases - Aeromoniasis_aug_221.jpg,Bacterial diseases - Aeromoniasis,fish,train,True
C:\Users\Asus\PycharmProjects\AquaVision_v1\datasets\fish\New Dataset\train_split\Bacterial diseases - Aeromoniasis\Bacterial diseases - Aeromoniasis_aug_222.jpg,Bacterial diseases - Aeromoniasis,fish,train,True
C:\Users\Asus\PycharmProjects\AquaVision_v1\datasets\fish\New Dataset\train_split\Bacterial diseases - Aeromoniasis\Bacterial diseases - Aeromoniasis_aug_223.jpg,Bacterial diseases - Aeromoniasis,fish,train,True
C:\Users\Asus\PycharmProjects\AquaVision_v1\datasets\fish\New Dataset\train_split\Bacterial diseases - Aeromoniasis\Bacterial diseases - Aeromoniasis_aug_224.jpg,Bacterial diseases - Aeromoniasis,fish,train,True
C:\Users\Asus\PycharmProjects\AquaVision_v1\datasets\fish\New Dataset\train_split\Bacterial diseases - Aeromoniasis\Bacterial diseases - Aeromoniasis_aug_225.jpg,Bacterial diseases - Aeromoniasis,fish,train,True
C:\Users\Asus\PycharmProjects\AquaVision_v1\datasets\fish\New Dataset\train_split\Bacterial diseases - Aeromoniasis\Bacterial diseases - Aeromoniasis_aug_227.jpg,Bacterial diseases - Aeromoniasis,fish,train,True
C:\Users\Asus\PycharmProjects\AquaVision_v1\datasets\fish\New Dataset\train_split\Bacterial diseases - Aeromoniasis\Bacterial diseases - Aeromoniasis_aug_228.jpg,Bacterial diseases - Aeromoniasis,fish,train,True
C:\Users\Asus\PycharmProjects\AquaVision_v1\datasets\fish\New Dataset\train_split\Bacterial diseases - Aeromoniasis\Bacterial diseases - Aeromoniasis_aug_229.jpg,Bacterial diseases - Aeromoniasis,fish,train,True
C:\Users\Asus\PycharmProjects\AquaVision_v1\datasets\fish\New Dataset\train_split\Bacterial diseases - Aeromoniasis\Bacterial diseases - Aeromoniasis_aug_23.jpg,Bacterial diseases - Aeromoniasis,fish,train,True
C:\Users\Asus\PycharmProjects\AquaVision_v1\datasets\fish\New Dataset\train_split\Bacterial diseases - Aeromoniasis\Bacterial diseases - Aeromoniasis_aug_230.jpg,Bacterial diseases - Aeromoniasis,fish,train,True
C:\Users\Asus\PycharmProjects\AquaVision_v1\datasets\fish\New Dataset\train_split\Bacterial diseases - Aeromoniasis\Bacterial diseases - Aeromoniasis_aug_231.jpg,Bacterial diseases - Aeromoniasis,fish,train,True
C:\Users\Asus\PycharmProjects\AquaVision_v1\datasets\fish\New Dataset\train_split\Bacterial diseases - Aeromoniasis\Bacterial diseases - Aeromoniasis_aug_233.jpg,Bacterial diseases - Aeromoniasis,fish,train,True
C:\Users\Asus\PycharmProjects\AquaVision_v1\datasets\fish\New Dataset\train_split\Bacterial diseases - Aeromoniasis\Bacterial diseases - Aeromoniasis_aug_234.jpg,Bacterial diseases - Aeromoniasis,fish,train,True
C:\Users\Asus\PycharmProjects\AquaVision_v1\datasets\fish\New Dataset\train_split\Bacterial diseases - Aeromoniasis\Bacterial diseases - Aeromoniasis_aug_235.jpg,Bacterial diseases - Aeromoniasis,fish,train,True
C:\Users\Asus\PycharmProjects\AquaVision_v1\datasets\fish\New Dataset\train_split\Bacterial diseases - Aeromoniasis\Bacterial diseases - Aeromoniasis_aug_237.jpg,Bacterial diseases - Aeromoniasis,fish,train,True
C:\Users\Asus\PycharmProjects\AquaVision_v1\datasets\fish\New Dataset\train_split\Bacterial diseases - Aeromoniasis\Bacterial diseases - Aeromoniasis_aug_239.jpg,Bacterial diseases - Aeromoniasis,fish,train,True
C:\Users\Asus\PycharmProjects\AquaVision_v1\datasets\fish\New Dataset\train_split\Bacterial diseases - Aeromoniasis\Bacterial diseases - Aeromoniasis_aug_24.jpg,Bacterial diseases - Aeromoniasis,fish,train,True
C:\Users\Asus\PycharmProjects\AquaVision_v1\datasets\fish\New Dataset\train_split\Bacterial diseases - Aeromoniasis\Bacterial diseases - Aeromoniasis_aug_240.jpg,Bacterial diseases - Aeromoniasis,fish,train,True
C:\Users\Asus\PycharmProjects\AquaVision_v1\datasets\fish\New Dataset\train_split\Bacterial diseases - Aeromoniasis\Bacterial diseases - Aeromoniasis_aug_241.jpg,Bacterial diseases - Aeromoniasis,fish,train,True
C:\Users\Asus\PycharmProjects\AquaVision_v1\datasets\fish\New Dataset\train_split\Bacterial diseases - Aeromoniasis\Bacterial diseases - Aeromoniasis_aug_242.jpg,Bacterial diseases - Aeromoniasis,fish,train,True
C:\Users\Asus\PycharmProjects\AquaVision_v1\datasets\fish\New Dataset\train_split\Bacterial diseases - Aeromoniasis\Bacterial diseases - Aeromoniasis_aug_243.jpg,Bacterial diseases - Aeromoniasis,fish,train,True
C:\Users\Asus\PycharmProjects\AquaVision_v1\datasets\fish\New Dataset\train_split\Bacterial diseases - Aeromoniasis\Bacterial diseases - Aeromoniasis_aug_244.jpg,Bacterial diseases - Aeromoniasis,fish,train,True
C:\Users\Asus\PycharmProjects\AquaVision_v1\datasets\fish\New Dataset\train_split\Bacterial diseases - Aeromoniasis\Bacterial diseases - Aeromoniasis_aug_245.jpg,Bacterial diseases - Aeromoniasis,fish,train,True
C:\Users\Asus\PycharmProjects\AquaVision_v1\datasets\fish\New Dataset\train_split\Bacterial diseases - Aeromoniasis\Bacterial diseases - Aeromoniasis_aug_247.jpg,Bacterial diseases - Aeromoniasis,fish,train,True
C:\Users\Asus\PycharmProjects\AquaVision_v1\datasets\fish\New Dataset\train_split\Bacterial diseases - Aeromoniasis\Bacterial diseases - Aeromoniasis_aug_249.jpg,Bacterial diseases - Aeromoniasis,fish,train,True
C:\Users\Asus\PycharmProjects\AquaVision_v1\datasets\fish\New Dataset\train_split\Bacterial diseases - Aeromoniasis\Bacterial diseases - Aeromoniasis_aug_25.jpg,Bacterial diseases - Aeromoniasis,fish,train,True
C:\Users\Asus\PycharmProjects\AquaVision_v1\datasets\fish\New Dataset\train_split\Bacterial diseases - Aeromoniasis\Bacterial diseases - Aeromoniasis_aug_250.jpg,Bacterial diseases - Aeromoniasis,fish,train,True
C:\Users\Asus\PycharmProjects\AquaVision_v1\datasets\fish\New Dataset\train_split\Bacterial diseases - Aeromoniasis\Bacterial diseases - Aeromoniasis_aug_251.jpg,Bacterial diseases - Aeromoniasis,fish,train,True
C:\Users\Asus\PycharmProjects\AquaVision_v1\datasets\fish\New Dataset\train_split\Bacterial diseases - Aeromoniasis\Bacterial diseases - Aeromoniasis_aug_253.jpg,Bacterial diseases - Aeromoniasis,fish,train,True
C:\Users\Asus\PycharmProjects\AquaVision_v1\datasets\fish\New Dataset\train_split\Bacterial diseases - Aeromoniasis\Bacterial diseases - Aeromoniasis_aug_254.jpg,Bacterial diseases - Aeromoniasis,fish,train,True
C:\Users\Asus\PycharmProjects\AquaVision_v1\datasets\fish\New Dataset\train_split\Bacterial diseases - Aeromoniasis\Bacterial diseases - Aeromoniasis_aug_255.jpg,Bacterial diseases - Aeromoniasis,fish,train,True
C:\Users\Asus\PycharmProjects\AquaVision_v1\datasets\fish\New Dataset\train_split\Bacterial diseases - Aeromoniasis\Bacterial diseases - Aeromoniasis_aug_256.jpg,Bacterial diseases - Aeromoniasis,fish,train,True
C:\Users\Asus\PycharmProjects\AquaVision_v1\datasets\fish\New Dataset\train_split\Bacterial diseases - Aeromoniasis\Bacterial diseases - Aeromoniasis_aug_257.jpg,Bacterial diseases - Aeromoniasis,fish,train,True
C:\Users\Asus\PycharmProjects\AquaVision_v1\datasets\fish\New Dataset\train_split\Bacterial diseases - Aeromoniasis\Bacterial diseases - Aeromoniasis_aug_258.jpg,Bacterial diseases - Aeromoniasis,fish,train,True
C:\Users\Asus\PycharmProjects\AquaVision_v1\datasets\fish\New Dataset\train_split\Bacterial diseases - Aeromoniasis\Bacterial diseases - Aeromoniasis_aug_259.jpg,Bacterial diseases - Aeromoniasis,fish,train,True
C:\Users\Asus\PycharmProjects\AquaVision_v1\datasets\fish\New Dataset\train_split\Bacterial diseases - Aeromoniasis\Bacterial diseases - Aeromoniasis_aug_26.jpg,Bacterial diseases - Aeromoniasis,fish,train,True
C:\Users\Asus\PycharmProjects\AquaVision_v1\datasets\fish\New Dataset\train_split\Bacterial diseases - Aeromoniasis\Bacterial diseases - Aeromoniasis_aug_260.jpg,Bacterial diseases - Aeromoniasis,fish,train,True
C:\Users\Asus\PycharmProjects\AquaVision_v1\datasets\fish\New Dataset\train_split\Bacterial diseases - Aeromoniasis\Bacterial diseases - Aeromoniasis_aug_261.jpg,Bacterial diseases - Aeromoniasis,fish,train,True
C:\Users\Asus\PycharmProjects\AquaVision_v1\datasets\fish\New Dataset\train_split\Bacterial diseases - Aeromoniasis\Bacterial diseases - Aeromoniasis_aug_262.jpg,Bacterial diseases - Aeromoniasis,fish,train,True
C:\Users\Asus\PycharmProjects\AquaVision_v1\datasets\fish\New Dataset\train_split\Bacterial diseases - Aeromoniasis\Bacterial diseases - Aeromoniasis_aug_263.jpg,Bacterial diseases - Aeromoniasis,fish,train,True
C:\Users\Asus\PycharmProjects\AquaVision_v1\datasets\fish\New Dataset\train_split\Bacterial diseases - Aeromoniasis\Bacterial diseases - Aeromoniasis_aug_264.jpg,Bacterial diseases - Aeromoniasis,fish,train,True
C:\Users\Asus\PycharmProjects\AquaVision_v1\datasets\fish\New Dataset\train_split\Bacterial diseases - Aeromoniasis\Bacterial diseases - Aeromoniasis_aug_265.jpg,Bacterial diseases - Aeromoniasis,fish,train,True
C:\Users\Asus\PycharmProjects\AquaVision_v1\datasets\fish\New Dataset\train_split\Bacterial diseases - Aeromoniasis\Bacterial diseases - Aeromoniasis_aug_266.jpg,Bacterial diseases - Aeromoniasis,fish,train,True
C:\Users\Asus\PycharmProjects\AquaVision_v1\datasets\fish\New Dataset\train_split\Bacterial diseases - Aeromoniasis\Bacterial diseases - Aeromoniasis_aug_267.jpg,Bacterial diseases - Aeromoniasis,fish,train,True
C:\Users\Asus\PycharmProjects\AquaVision_v1\datasets\fish\New Dataset\train_split\Bacterial diseases - Aeromoniasis\Bacterial diseases - Aeromoniasis_aug_270.jpg,Bacterial diseases - Aeromoniasis,fish,train,True
C:\Users\Asus\PycharmProjects\AquaVision_v1\datasets\fish\New Dataset\train_split\Bacterial diseases - Aeromoniasis\Bacterial diseases - Aeromoniasis_aug_271.jpg,Bacterial diseases - Aeromoniasis,fish,train,True
C:\Users\Asus\PycharmProjects\AquaVision_v1\datasets\fish\New Dataset\train_split\Bacterial diseases - Aeromoniasis\Bacterial diseases - Aeromoniasis_aug_272.jpg,Bacterial diseases - Aeromoniasis,fish,train,True
C:\Users\Asus\PycharmProjects\AquaVision_v1\datasets\fish\New Dataset\train_split\Bacterial diseases - Aeromoniasis\Bacterial diseases - Aeromoniasis_aug_273.jpg,Bacterial diseases - Aeromoniasis,fish,train,True
C:\Users\Asus\PycharmProjects\AquaVision_v1\datasets\fish\New Dataset\train_split\Bacterial diseases - Aeromoniasis\Bacterial diseases - Aeromoniasis_aug_274.jpg,Bacterial diseases - Aeromoniasis,fish,train,True
C:\Users\Asus\PycharmProjects\AquaVision_v1\datasets\fish\New Dataset\train_split\Bacterial diseases - Aeromoniasis\Bacterial diseases - Aeromoniasis_aug_275.jpg,Bacterial diseases - Aeromoniasis,fish,train,True
C:\Users\Asus\PycharmProjects\AquaVision_v1\datasets\fish\New Dataset\train_split\Bacterial diseases - Aeromoniasis\Bacterial diseases - Aeromoniasis_aug_28.jpg,Bacterial diseases - Aeromoniasis,fish,train,True
C:\Users\Asus\PycharmProjects\AquaVision_v1\datasets\fish\New Dataset\train_split\Bacterial diseases - Aeromoniasis\Bacterial diseases - Aeromoniasis_aug_29.jpg,Bacterial diseases - Aeromoniasis,fish,train,True
C:\Users\Asus\PycharmProjects\AquaVision_v1\datasets\fish\New Dataset\train_split\Bacterial diseases - Aeromoniasis\Bacterial diseases - Aeromoniasis_aug_3.jpg,Bacterial diseases - Aeromoniasis,fish,train,True
C:\Users\Asus\PycharmProjects\AquaVision_v1\datasets\fish\New Dataset\train_split\Bacterial diseases - Aeromoniasis\Bacterial diseases - Aeromoniasis_aug_31.jpg,Bacterial diseases - Aeromoniasis,fish,train,True
C:\Users\Asus\PycharmProjects\AquaVision_v1\datasets\fish\New Dataset\train_split\Bacterial diseases - Aeromoniasis\Bacterial diseases - Aeromoniasis_aug_32.jpg,Bacterial diseases - Aeromoniasis,fish,train,True
C:\Users\Asus\PycharmProjects\AquaVision_v1\datasets\fish\New Dataset\train_split\Bacterial diseases - Aeromoniasis\Bacterial diseases - Aeromoniasis_aug_33.jpg,Bacterial diseases - Aeromoniasis,fish,train,True
C:\Users\Asus\PycharmProjects\AquaVision_v1\datasets\fish\New Dataset\train_split\Bacterial diseases - Aeromoniasis\Bacterial diseases - Aeromoniasis_aug_34.jpg,Bacterial diseases - Aeromoniasis,fish,train,True
C:\Users\Asus\PycharmProjects\AquaVision_v1\datasets\fish\New Dataset\train_split\Bacterial diseases - Aeromoniasis\Bacterial diseases - Aeromoniasis_aug_35.jpg,Bacterial diseases - Aeromoniasis,fish,train,True
C:\Users\Asus\PycharmProjects\AquaVision_v1\datasets\fish\New Dataset\train_split\Bacterial diseases - Aeromoniasis\Bacterial diseases - Aeromoniasis_aug_36.jpg,Bacterial diseases - Aeromoniasis,fish,train,True
C:\Users\Asus\PycharmProjects\AquaVision_v1\datasets\fish\New Dataset\train_split\Bacterial diseases - Aeromoniasis\Bacterial diseases - Aeromoniasis_aug_37.jpg,Bacterial diseases - Aeromoniasis,fish,train,True
C:\Users\Asus\PycharmProjects\AquaVision_v1\datasets\fish\New Dataset\train_split\Bacterial diseases - Aeromoniasis\Bacterial diseases - Aeromoniasis_aug_38.jpg,Bacterial diseases - Aeromoniasis,fish,train,True
C:\Users\Asus\PycharmProjects\AquaVision_v1\datasets\fish\New Dataset\train_split\Bacterial diseases - Aeromoniasis\Bacterial diseases - Aeromoniasis_aug_4.jpg,Bacterial diseases - Aeromoniasis,fish,train,True
C:\Users\Asus\PycharmProjects\AquaVision_v1\datasets\fish\New Dataset\train_split\Bacterial diseases - Aeromoniasis\Bacterial diseases - Aeromoniasis_aug_40.jpg,Bacterial diseases - Aeromoniasis,fish,train,True
C:\Users\Asus\PycharmProjects\AquaVision_v1\datasets\fish\New Dataset\train_split\Bacterial diseases - Aeromoniasis\Bacterial diseases - Aeromoniasis_aug_41.jpg,Bacterial diseases - Aeromoniasis,fish,train,True
C:\Users\Asus\PycharmProjects\AquaVision_v1\datasets\fish\New Dataset\train_split\Bacterial diseases - Aeromoniasis\Bacterial diseases - Aeromoniasis_aug_42.jpg,Bacterial diseases - Aeromoniasis,fish,train,True
C:\Users\Asus\PycharmProjects\AquaVision_v1\datasets\fish\New Dataset\train_split\Bacterial diseases - Aeromoniasis\Bacterial diseases - Aeromoniasis_aug_43.jpg,Bacterial diseases - Aeromoniasis,fish,train,True
C:\Users\Asus\PycharmProjects\AquaVision_v1\datasets\fish\New Dataset\train_split\Bacterial diseases - Aeromoniasis\Bacterial diseases - Aeromoniasis_aug_44.jpg,Bacterial diseases - Aeromoniasis,fish,train,True
C:\Users\Asus\PycharmProjects\AquaVision_v1\datasets\fish\New Dataset\train_split\Bacterial diseases - Aeromoniasis\Bacterial diseases - Aeromoniasis_aug_45.jpg,Bacterial diseases - Aeromoniasis,fish,train,True
C:\Users\Asus\PycharmProjects\AquaVision_v1\datasets\fish\New Dataset\train_split\Bacterial diseases - Aeromoniasis\Bacterial diseases - Aeromoniasis_aug_46.jpg,Bacterial diseases - Aeromoniasis,fish,train,True
C:\Users\Asus\PycharmProjects\AquaVision_v1\datasets\fish\New Dataset\train_split\Bacterial diseases - Aeromoniasis\Bacterial diseases - Aeromoniasis_aug_47.jpg,Bacterial diseases - Aeromoniasis,fish,train,True
C:\Users\Asus\PycharmProjects\AquaVision_v1\datasets\fish\New Dataset\train_split\Bacterial diseases - Aeromoniasis\Bacterial diseases - Aeromoniasis_aug_48.jpg,Bacterial diseases - Aeromoniasis,fish,train,True
C:\Users\Asus\PycharmProjects\AquaVision_v1\datasets\fish\New Dataset\train_split\Bacterial diseases - Aeromoniasis\Bacterial diseases - Aeromoniasis_aug_50.jpg,Bacterial diseases - Aeromoniasis,fish,train,True
C:\Users\Asus\PycharmProjects\AquaVision_v1\datasets\fish\New Dataset\train_split\Bacterial diseases - Aeromoniasis\Bacterial diseases - Aeromoniasis_aug_52.jpg,Bacterial diseases - Aeromoniasis,fish,train,True
C:\Users\Asus\PycharmProjects\AquaVision_v1\datasets\fish\New Dataset\train_split\Bacterial diseases - Aeromoniasis\Bacterial diseases - Aeromoniasis_aug_53.jpg,Bacterial diseases - Aeromoniasis,fish,train,True
C:\Users\Asus\PycharmProjects\AquaVision_v1\datasets\fish\New Dataset\train_split\Bacterial diseases - Aeromoniasis\Bacterial diseases - Aeromoniasis_aug_54.jpg,Bacterial diseases - Aeromoniasis,fish,train,True
C:\Users\Asus\PycharmProjects\AquaVision_v1\datasets\fish\New Dataset\train_split\Bacterial diseases - Aeromoniasis\Bacterial diseases - Aeromoniasis_aug_55.jpg,Bacterial diseases - Aeromoniasis,fish,train,True
C:\Users\Asus\PycharmProjects\AquaVision_v1\datasets\fish\New Dataset\train_split\Bacterial diseases - Aeromoniasis\Bacterial diseases - Aeromoniasis_aug_56.jpg,Bacterial diseases - Aeromoniasis,fish,train,True
C:\Users\Asus\PycharmProjects\AquaVision_v1\datasets\fish\New Dataset\train_split\Bacterial diseases - Aeromoniasis\Bacterial diseases - Aeromoniasis_aug_57.jpg,Bacterial diseases - Aeromoniasis,fish,train,True
C:\Users\Asus\PycharmProjects\AquaVision_v1\datasets\fish\New Dataset\train_split\Bacterial diseases - Aeromoniasis\Bacterial diseases - Aeromoniasis_aug_59.jpg,Bacterial diseases - Aeromoniasis,fish,train,True
C:\Users\Asus\PycharmProjects\AquaVision_v1\datasets\fish\New Dataset\train_split\Bacterial diseases - Aeromoniasis\Bacterial diseases - Aeromoniasis_aug_60.jpg,Bacterial diseases - Aeromoniasis,fish,train,True
C:\Users\Asus\PycharmProjects\AquaVision_v1\datasets\fish\New Dataset\train_split\Bacterial diseases - Aeromoniasis\Bacterial diseases - Aeromoniasis_aug_61.jpg,Bacterial diseases - Aeromoniasis,fish,train,True
C:\Users\Asus\PycharmProjects\AquaVision_v1\datasets\fish\New Dataset\train_split\Bacterial diseases - Aeromoniasis\Bacterial diseases - Aeromoniasis_aug_62.jpg,Bacterial diseases - Aeromoniasis,fish,train,True
C:\Users\Asus\PycharmProjects\AquaVision_v1\datasets\fish\New Dataset\train_split\Bacterial diseases - Aeromoniasis\Bacterial diseases - Aeromoniasis_aug_63.jpg,Bacterial diseases - Aeromoniasis,fish,train,True
C:\Users\Asus\PycharmProjects\AquaVision_v1\datasets\fish\New Dataset\train_split\Bacterial diseases - Aeromoniasis\Bacterial diseases - Aeromoniasis_aug_64.jpg,Bacterial diseases - Aeromoniasis,fish,train,True
C:\Users\Asus\PycharmProjects\AquaVision_v1\datasets\fish\New Dataset\train_split\Bacterial diseases - Aeromoniasis\Bacterial diseases - Aeromoniasis_aug_65.jpg,Bacterial diseases - Aeromoniasis,fish,train,True
C:\Users\Asus\PycharmProjects\AquaVision_v1\datasets\fish\New Dataset\train_split\Bacterial diseases - Aeromoniasis\Bacterial diseases - Aeromoniasis_aug_66.jpg,Bacterial diseases - Aeromoniasis,fish,train,True
C:\Users\Asus\PycharmProjects\AquaVision_v1\datasets\fish\New Dataset\train_split\Bacterial diseases - Aeromoniasis\Bacterial diseases - Aeromoniasis_aug_68.jpg,Bacterial diseases - Aeromoniasis,fish,train,True
C:\Users\Asus\PycharmProjects\AquaVision_v1\datasets\fish\New Dataset\train_split\Bacterial diseases - Aeromoniasis\Bacterial diseases - Aeromoniasis_aug_69.jpg,Bacterial diseases - Aeromoniasis,fish,train,True
C:\Users\Asus\PycharmProjects\AquaVision_v1\datasets\fish\New Dataset\train_split\Bacterial diseases - Aeromoniasis\Bacterial diseases - Aeromoniasis_aug_7.jpg,Bacterial diseases - Aeromoniasis,fish,train,True
C:\Users\Asus\PycharmProjects\AquaVision_v1\datasets\fish\New Dataset\train_split\Bacterial diseases - Aeromoniasis\Bacterial diseases - Aeromoniasis_aug_70.jpg,Bacterial diseases - Aeromoniasis,fish,train,True
C:\Users\Asus\PycharmProjects\AquaVision_v1\datasets\fish\New Dataset\train_split\Bacterial diseases - Aeromoniasis\Bacterial diseases - Aeromoniasis_aug_71.jpg,Bacterial diseases - Aeromoniasis,fish,train,True
C:\Users\Asus\PycharmProjects\AquaVision_v1\datasets\fish\New Dataset\train_split\Bacterial diseases - Aeromoniasis\Bacterial diseases - Aeromoniasis_aug_73.jpg,Bacterial diseases - Aeromoniasis,fish,train,True
C:\Users\Asus\PycharmProjects\AquaVision_v1\datasets\fish\New Dataset\train_split\Bacterial diseases - Aeromoniasis\Bacterial diseases - Aeromoniasis_aug_74.jpg,Bacterial diseases - Aeromoniasis,fish,train,True
C:\Users\Asus\PycharmProjects\AquaVision_v1\datasets\fish\New Dataset\train_split\Bacterial diseases - Aeromoniasis\Bacterial diseases - Aeromoniasis_aug_75.jpg,Bacterial diseases - Aeromoniasis,fish,train,True
C:\Users\Asus\PycharmProjects\AquaVision_v1\datasets\fish\New Dataset\train_split\Bacterial diseases - Aeromoniasis\Bacterial diseases - Aeromoniasis_aug_76.jpg,Bacterial diseases - Aeromoniasis,fish,train,True
C:\Users\Asus\PycharmProjects\AquaVision_v1\datasets\fish\New Dataset\train_split\Bacterial diseases - Aeromoniasis\Bacterial diseases - Aeromoniasis_aug_77.jpg,Bacterial diseases - Aeromoniasis,fish,train,True
C:\Users\Asus\PycharmProjects\AquaVision_v1\datasets\fish\New Dataset\train_split\Bacterial diseases - Aeromoniasis\Bacterial diseases - Aeromoniasis_aug_78.jpg,Bacterial diseases - Aeromoniasis,fish,train,True
C:\Users\Asus\PycharmProjects\AquaVision_v1\datasets\fish\New Dataset\train_split\Bacterial diseases - Aeromoniasis\Bacterial diseases - Aeromoniasis_aug_79.jpg,Bacterial diseases - Aeromoniasis,fish,train,True
C:\Users\Asus\PycharmProjects\AquaVision_v1\datasets\fish\New Dataset\train_split\Bacterial diseases - Aeromoniasis\Bacterial diseases - Aeromoniasis_aug_80.jpg,Bacterial diseases - Aeromoniasis,fish,train,True
C:\Users\Asus\PycharmProjects\AquaVision_v1\datasets\fish\New Dataset\train_split\Bacterial diseases - Aeromoniasis\Bacterial diseases - Aeromoniasis_aug_82.jpg,Bacterial diseases - Aeromoniasis,fish,train,True
C:\Users\Asus\PycharmProjects\AquaVision_v1\datasets\fish\New Dataset\train_split\Bacterial diseases - Aeromoniasis\Bacterial diseases - Aeromoniasis_aug_83.jpg,Bacterial diseases - Aeromoniasis,fish,train,True
C:\Users\Asus\PycharmProjects\AquaVision_v1\datasets\fish\New Dataset\train_split\Bacterial diseases - Aeromoniasis\Bacterial diseases - Aeromoniasis_aug_85.jpg,Bacterial diseases - Aeromoniasis,fish,train,True
C:\Users\Asus\PycharmProjects\AquaVision_v1\datasets\fish\New Dataset\train_split\Bacterial diseases - Aeromoniasis\Bacterial diseases - Aeromoniasis_aug_86.jpg,Bacterial diseases - Aeromoniasis,fish,train,True
C:\Users\Asus\PycharmProjects\AquaVision_v1\datasets\fish\New Dataset\train_split\Bacterial diseases - Aeromoniasis\Bacterial diseases - Aeromoniasis_aug_88.jpg,Bacterial diseases - Aeromoniasis,fish,train,True
C:\Users\Asus\PycharmProjects\AquaVision_v1\datasets\fish\New Dataset\train_split\Bacterial diseases - Aeromoniasis\Bacterial diseases - Aeromoniasis_aug_89.jpg,Bacterial diseases - Aeromoniasis,fish,train,True
C:\Users\Asus\PycharmProjects\AquaVision_v1\datasets\fish\New Dataset\train_split\Bacterial diseases - Aeromoniasis\Bacterial diseases - Aeromoniasis_aug_9.jpg,Bacterial diseases - Aeromoniasis,fish,train,True
C:\Users\Asus\PycharmProjects\AquaVision_v1\datasets\fish\New Dataset\train_split\Bacterial diseases - Aeromoniasis\Bacterial diseases - Aeromoniasis_aug_91.jpg,Bacterial diseases - Aeromoniasis,fish,train,True
C:\Users\Asus\PycharmProjects\AquaVision_v1\datasets\fish\New Dataset\train_split\Bacterial diseases - Aeromoniasis\Bacterial diseases - Aeromoniasis_aug_92.jpg,Bacterial diseases - Aeromoniasis,fish,train,True
C:\Users\Asus\PycharmProjects\AquaVision_v1\datasets\fish\New Dataset\train_split\Bacterial diseases - Aeromoniasis\Bacterial diseases - Aeromoniasis_aug_93.jpg,Bacterial diseases - Aeromoniasis,fish,train,True
C:\Users\Asus\PycharmProjects\AquaVision_v1\datasets\fish\New Dataset\train_split\Bacterial diseases - Aeromoniasis\Bacterial diseases - Aeromoniasis_aug_94.jpg,Bacterial diseases - Aeromoniasis,fish,train,True
C:\Users\Asus\PycharmProjects\AquaVision_v1\datasets\fish\New Dataset\train_split\Bacterial diseases - Aeromoniasis\Bacterial diseases - Aeromoniasis_aug_95.jpg,Bacterial diseases - Aeromoniasis,fish,train,True
C:\Users\Asus\PycharmProjects\AquaVision_v1\datasets\fish\New Dataset\train_split\Bacterial diseases - Aeromoniasis\Bacterial diseases - Aeromoniasis_aug_97.jpg,Bacterial diseases - Aeromoniasis,fish,train,True
C:\Users\Asus\PycharmProjects\AquaVision_v1\datasets\fish\New Dataset\train_split\Bacterial diseases - Aeromoniasis\Bacterial diseases - Aeromoniasis_aug_98.jpg,Bacterial diseases - Aeromoniasis,fish,train,True
C:\Users\Asus\PycharmProjects\AquaVision_v1\datasets\fish\New Dataset\train_split\Bacterial diseases - Aeromoniasis\Bacterial diseases - Aeromoniasis_aug_99.jpg,Bacterial diseases - Aeromoniasis,fish,train,True
C:\Users\Asus\PycharmProjects\AquaVision_v1\datasets\fish\New Dataset\train_split\Bacterial gill disease\Bacterial gill disease_100.jpg,Bacterial gill disease,fish,train,False
C:\Users\Asus\PycharmProjects\AquaVision_v1\datasets\fish\New Dataset\train_split\Bacterial gill disease\Bacterial gill disease_101.jpg,Bacterial gill disease,fish,train,False
C:\Users\Asus\PycharmProjects\AquaVision_v1\datasets\fish\New Dataset\train_split\Bacterial gill disease\Bacterial gill disease_103.jpg,Bacterial gill disease,fish,train,False
C:\Users\Asus\PycharmProjects\AquaVision_v1\datasets\fish\New Dataset\train_split\Bacterial gill disease\Bacterial gill disease_11.jpg,Bacterial gill disease,fish,train,False
C:\Users\Asus\PycharmProjects\AquaVision_v1\datasets\fish\New Dataset\train_split\Bacterial gill disease\Bacterial gill disease_112.jpg,Bacterial gill disease,fish,train,False
C:\Users\Asus\PycharmProjects\AquaVision_v1\datasets\fish\New Dataset\train_split\Bacterial gill disease\Bacterial gill disease_115.jpg,Bacterial gill disease,fish,train,False
C:\Users\Asus\PycharmProjects\AquaVision_v1\datasets\fish\New Dataset\train_split\Bacterial gill disease\Bacterial gill disease_116.jpg,Bacterial gill disease,fish,train,False
C:\Users\Asus\PycharmProjects\AquaVision_v1\datasets\fish\New Dataset\train_split\Bacterial gill disease\Bacterial gill disease_117.jpg,Bacterial gill disease,fish,train,False
C:\Users\Asus\PycharmProjects\AquaVision_v1\datasets\fish\New Dataset\train_split\Bacterial gill disease\Bacterial gill disease_118.jpg,Bacterial gill disease,fish,train,False
C:\Users\Asus\PycharmProjects\AquaVision_v1\datasets\fish\New Dataset\train_split\Bacterial gill disease\Bacterial gill disease_119.jpg,Bacterial gill disease,fish,train,False
C:\Users\Asus\PycharmProjects\AquaVision_v1\datasets\fish\New Dataset\train_split\Bacterial gill disease\Bacterial gill disease_12.jpg,Bacterial gill disease,fish,train,False
C:\Users\Asus\PycharmProjects\AquaVision_v1\datasets\fish\New Dataset\train_split\Bacterial gill disease\Bacterial gill disease_120.jpg,Bacterial gill disease,fish,train,False
C:\Users\Asus\PycharmProjects\AquaVision_v1\datasets\fish\New Dataset\train_split\Bacterial gill disease\Bacterial gill disease_121.jpg,Bacterial gill disease,fish,train,False
C:\Users\Asus\PycharmProjects\AquaVision_v1\datasets\fish\New Dataset\train_split\Bacterial gill disease\Bacterial gill disease_122.jpg,Bacterial gill disease,fish,train,False
C:\Users\Asus\PycharmProjects\AquaVision_v1\datasets\fish\New Dataset\train_split\Bacterial gill disease\Bacterial gill disease_123.jpg,Bacterial gill disease,fish,train,False
C:\Users\Asus\PycharmProjects\AquaVision_v1\datasets\fish\New Dataset\train_split\Bacterial gill disease\Bacterial gill disease_124.jpg,Bacterial gill disease,fish,train,False
C:\Users\Asus\PycharmProjects\AquaVision_v1\datasets\fish\New Dataset\train_split\Bacterial gill disease\Bacterial gill disease_127.jpg,Bacterial gill disease,fish,train,False
C:\Users\Asus\PycharmProjects\AquaVision_v1\datasets\fish\New Dataset\train_split\Bacterial gill disease\Bacterial gill disease_129.jpg,Bacterial gill disease,fish,train,False
C:\Users\Asus\PycharmProjects\AquaVision_v1\datasets\fish\New Dataset\train_split\Bacterial gill disease\Bacterial gill disease_130.jpg,Bacterial gill disease,fish,train,False
C:\Users\Asus\PycharmProjects\AquaVision_v1\datasets\fish\New Dataset\train_split\Bacterial gill disease\Bacterial gill disease_131.jpg,Bacterial gill disease,fish,train,False
C:\Users\Asus\PycharmProjects\AquaVision_v1\datasets\fish\New Dataset\train_split\Bacterial gill disease\Bacterial gill disease_135.jpg,Bacterial gill disease,fish,train,False
C:\Users\Asus\PycharmProjects\AquaVision_v1\datasets\fish\New Dataset\train_split\Bacterial gill disease\Bacterial gill disease_136.jpg,Bacterial gill disease,fish,train,False
C:\Users\Asus\PycharmProjects\AquaVision_v1\datasets\fish\New Dataset\train_split\Bacterial gill disease\Bacterial gill disease_137.jpg,Bacterial gill disease,fish,train,False
C:\Users\Asus\PycharmProjects\AquaVision_v1\datasets\fish\New Dataset\train_split\Bacterial gill disease\Bacterial gill disease_138.jpg,Bacterial gill disease,fish,train,False
C:\Users\Asus\PycharmProjects\AquaVision_v1\datasets\fish\New Dataset\train_split\Bacterial gill disease\Bacterial gill disease_139.jpg,Bacterial gill disease,fish,train,False
C:\Users\Asus\PycharmProjects\AquaVision_v1\datasets\fish\New Dataset\train_split\Bacterial gill disease\Bacterial gill disease_14.jpg,Bacterial gill disease,fish,train,False
C:\Users\Asus\PycharmProjects\AquaVision_v1\datasets\fish\New Dataset\train_split\Bacterial gill disease\Bacterial gill disease_140.jpg,Bacterial gill disease,fish,train,False
C:\Users\Asus\PycharmProjects\AquaVision_v1\datasets\fish\New Dataset\train_split\Bacterial gill disease\Bacterial gill disease_141.jpg,Bacterial gill disease,fish,train,False
C:\Users\Asus\PycharmProjects\AquaVision_v1\datasets\fish\New Dataset\train_split\Bacterial gill disease\Bacterial gill disease_142.jpg,Bacterial gill disease,fish,train,False
C:\Users\Asus\PycharmProjects\AquaVision_v1\datasets\fish\New Dataset\train_split\Bacterial gill disease\Bacterial gill disease_143.jpg,Bacterial gill disease,fish,train,False
C:\Users\Asus\PycharmProjects\AquaVision_v1\datasets\fish\New Dataset\train_split\Bacterial gill disease\Bacterial gill disease_145.jpg,Bacterial gill disease,fish,train,False
C:\Users\Asus\PycharmProjects\AquaVision_v1\datasets\fish\New Dataset\train_split\Bacterial gill disease\Bacterial gill disease_146.jpg,Bacterial gill disease,fish,train,False
C:\Users\Asus\PycharmProjects\AquaVision_v1\datasets\fish\New Dataset\train_split\Bacterial gill disease\Bacterial gill disease_151.jpg,Bacterial gill disease,fish,train,False
C:\Users\Asus\PycharmProjects\AquaVision_v1\datasets\fish\New Dataset\train_split\Bacterial gill disease\Bacterial gill disease_152.jpg,Bacterial gill disease,fish,train,False
C:\Users\Asus\PycharmProjects\AquaVision_v1\datasets\fish\New Dataset\train_split\Bacterial gill disease\Bacterial gill disease_153.jpg,Bacterial gill disease,fish,train,False
C:\Users\Asus\PycharmProjects\AquaVision_v1\datasets\fish\New Dataset\train_split\Bacterial gill disease\Bacterial gill disease_154.jpg,Bacterial gill disease,fish,train,False
C:\Users\Asus\PycharmProjects\AquaVision_v1\datasets\fish\New Dataset\train_split\Bacterial gill disease\Bacterial gill disease_155.jpg,Bacterial gill disease,fish,train,False
C:\Users\Asus\PycharmProjects\AquaVision_v1\datasets\fish\New Dataset\train_split\Bacterial gill disease\Bacterial gill disease_156.jpg,Bacterial gill disease,fish,train,False
C:\Users\Asus\PycharmProjects\AquaVision_v1\datasets\fish\New Dataset\train_split\Bacterial gill disease\Bacterial gill disease_157.jpg,Bacterial gill disease,fish,train,False
C:\Users\Asus\PycharmProjects\AquaVision_v1\datasets\fish\New Dataset\train_split\Bacterial gill disease\Bacterial gill disease_159.jpg,Bacterial gill disease,fish,train,False
C:\Users\Asus\PycharmProjects\AquaVision_v1\datasets\fish\New Dataset\train_split\Bacterial gill disease\Bacterial gill disease_16.jpg,Bacterial gill disease,fish,train,False
C:\Users\Asus\PycharmProjects\AquaVision_v1\datasets\fish\New Dataset\train_split\Bacterial gill disease\Bacterial gill disease_160.jpg,Bacterial gill disease,fish,train,False
C:\Users\Asus\PycharmProjects\AquaVision_v1\datasets\fish\New Dataset\train_split\Bacterial gill disease\Bacterial gill disease_162.jpg,Bacterial gill disease,fish,train,False
C:\Users\Asus\PycharmProjects\AquaVision_v1\datasets\fish\New Dataset\train_split\Bacterial gill disease\Bacterial gill disease_163.jpg,Bacterial gill disease,fish,train,False
C:\Users\Asus\PycharmProjects\AquaVision_v1\datasets\fish\New Dataset\train_split\Bacterial gill disease\Bacterial gill disease_164.jpg,Bacterial gill disease,fish,train,False
C:\Users\Asus\PycharmProjects\AquaVision_v1\datasets\fish\New Dataset\train_split\Bacterial gill disease\Bacterial gill disease_165.jpg,Bacterial gill disease,fish,train,False
C:\Users\Asus\PycharmProjects\AquaVision_v1\datasets\fish\New Dataset\train_split\Bacterial gill disease\Bacterial gill disease_166.jpg,Bacterial gill disease,fish,train,False
C:\Users\Asus\PycharmProjects\AquaVision_v1\datasets\fish\New Dataset\train_split\Bacterial gill disease\Bacterial gill disease_167.jpg,Bacterial gill disease,fish,train,False
C:\Users\Asus\PycharmProjects\AquaVision_v1\datasets\fish\New Dataset\train_split\Bacterial gill disease\Bacterial gill disease_168.jpg,Bacterial gill disease,fish,train,False
C:\Users\Asus\PycharmProjects\AquaVision_v1\datasets\fish\New Dataset\train_split\Bacterial gill disease\Bacterial gill disease_17.jpg,Bacterial gill disease,fish,train,False
C:\Users\Asus\PycharmProjects\AquaVision_v1\datasets\fish\New Dataset\train_split\Bacterial gill disease\Bacterial gill disease_170.jpg,Bacterial gill disease,fish,train,False
C:\Users\Asus\PycharmProjects\AquaVision_v1\datasets\fish\New Dataset\train_split\Bacterial gill disease\Bacterial gill disease_171.jpg,Bacterial gill disease,fish,train,False
C:\Users\Asus\PycharmProjects\AquaVision_v1\datasets\fish\New Dataset\train_split\Bacterial gill disease\Bacterial gill disease_173.jpg,Bacterial gill disease,fish,train,False
C:\Users\Asus\PycharmProjects\AquaVision_v1\datasets\fish\New Dataset\train_split\Bacterial gill disease\Bacterial gill disease_174.jpg,Bacterial gill disease,fish,train,False
C:\Users\Asus\PycharmProjects\AquaVision_v1\datasets\fish\New Dataset\train_split\Bacterial gill disease\Bacterial gill disease_175.jpg,Bacterial gill disease,fish,train,False
C:\Users\Asus\PycharmProjects\AquaVision_v1\datasets\fish\New Dataset\train_split\Bacterial gill disease\Bacterial gill disease_177.jpg,Bacterial gill disease,fish,train,False
C:\Users\Asus\PycharmProjects\AquaVision_v1\datasets\fish\New Dataset\train_split\Bacterial gill disease\Bacterial gill disease_179.jpg,Bacterial gill disease,fish,train,False
C:\Users\Asus\PycharmProjects\AquaVision_v1\datasets\fish\New Dataset\train_split\Bacterial gill disease\Bacterial gill disease_18.jpg,Bacterial gill disease,fish,train,False
C:\Users\Asus\PycharmProjects\AquaVision_v1\datasets\fish\New Dataset\train_split\Bacterial gill disease\Bacterial gill disease_180.jpg,Bacterial gill disease,fish,train,False
C:\Users\Asus\PycharmProjects\AquaVision_v1\datasets\fish\New Dataset\train_split\Bacterial gill disease\Bacterial gill disease_182.jpg,Bacterial gill disease,fish,train,False
C:\Users\Asus\PycharmProjects\AquaVision_v1\datasets\fish\New Dataset\train_split\Bacterial gill disease\Bacterial gill disease_183.jpg,Bacterial gill disease,fish,train,False
C:\Users\Asus\PycharmProjects\AquaVision_v1\datasets\fish\New Dataset\train_split\Bacterial gill disease\Bacterial gill disease_184.jpg,Bacterial gill disease,fish,train,False
C:\Users\Asus\PycharmProjects\AquaVision_v1\datasets\fish\New Dataset\train_split\Bacterial gill disease\Bacterial gill disease_186.jpg,Bacterial gill disease,fish,train,False
C:\Users\Asus\PycharmProjects\AquaVision_v1\datasets\fish\New Dataset\train_split\Bacterial gill disease\Bacterial gill disease_19.jpg,Bacterial gill disease,fish,train,False
C:\Users\Asus\PycharmProjects\AquaVision_v1\datasets\fish\New Dataset\train_split\Bacterial gill disease\Bacterial gill disease_192.jpg,Bacterial gill disease,fish,train,False
C:\Users\Asus\PycharmProjects\AquaVision_v1\datasets\fish\New Dataset\train_split\Bacterial gill disease\Bacterial gill disease_193.jpg,Bacterial gill disease,fish,train,False
C:\Users\Asus\PycharmProjects\AquaVision_v1\datasets\fish\New Dataset\train_split\Bacterial gill disease\Bacterial gill disease_194.jpg,Bacterial gill disease,fish,train,False
C:\Users\Asus\PycharmProjects\AquaVision_v1\datasets\fish\New Dataset\train_split\Bacterial gill disease\Bacterial gill disease_195.jpg,Bacterial gill disease,fish,train,False
C:\Users\Asus\PycharmProjects\AquaVision_v1\datasets\fish\New Dataset\train_split\Bacterial gill disease\Bacterial gill disease_196.jpg,Bacterial gill disease,fish,train,False
C:\Users\Asus\PycharmProjects\AquaVision_v1\datasets\fish\New Dataset\train_split\Bacterial gill disease\Bacterial gill disease_198.jpg,Bacterial gill disease,fish,train,False
C:\Users\Asus\PycharmProjects\AquaVision_v1\datasets\fish\New Dataset\train_split\Bacterial gill disease\Bacterial gill disease_199.jpg,Bacterial gill disease,fish,train,False
C:\Users\Asus\PycharmProjects\AquaVision_v1\datasets\fish\New Dataset\train_split\Bacterial gill disease\Bacterial gill disease_20.jpeg,Bacterial gill disease,fish,train,False
C:\Users\Asus\PycharmProjects\AquaVision_v1\datasets\fish\New Dataset\train_split\Bacterial gill disease\Bacterial gill disease_200.jpg,Bacterial gill disease,fish,train,False
C:\Users\Asus\PycharmProjects\AquaVision_v1\datasets\fish\New Dataset\train_split\Bacterial gill disease\Bacterial gill disease_201.jpg,Bacterial gill disease,fish,train,False
C:\Users\Asus\PycharmProjects\AquaVision_v1\datasets\fish\New Dataset\train_split\Bacterial gill disease\Bacterial gill disease_202.jpg,Bacterial gill disease,fish,train,False
C:\Users\Asus\PycharmProjects\AquaVision_v1\datasets\fish\New Dataset\train_split\Bacterial gill disease\Bacterial gill disease_208.jpg,Bacterial gill disease,fish,train,False
C:\Users\Asus\PycharmProjects\AquaVision_v1\datasets\fish\New Dataset\train_split\Bacterial gill disease\Bacterial gill disease_21.jpg,Bacterial gill disease,fish,train,False
C:\Users\Asus\PycharmProjects\AquaVision_v1\datasets\fish\New Dataset\train_split\Bacterial gill disease\Bacterial gill disease_210.jpg,Bacterial gill disease,fish,train,False
C:\Users\Asus\PycharmProjects\AquaVision_v1\datasets\fish\New Dataset\train_split\Bacterial gill disease\Bacterial gill disease_212.jpg,Bacterial gill disease,fish,train,False
C:\Users\Asus\PycharmProjects\AquaVision_v1\datasets\fish\New Dataset\train_split\Bacterial gill disease\Bacterial gill disease_213.jpg,Bacterial gill disease,fish,train,False
C:\Users\Asus\PycharmProjects\AquaVision_v1\datasets\fish\New Dataset\train_split\Bacterial gill disease\Bacterial gill disease_214.jpg,Bacterial gill disease,fish,train,False
C:\Users\Asus\PycharmProjects\AquaVision_v1\datasets\fish\New Dataset\train_split\Bacterial gill disease\Bacterial gill disease_215.jpg,Bacterial gill disease,fish,train,False
C:\Users\Asus\PycharmProjects\AquaVision_v1\datasets\fish\New Dataset\train_split\Bacterial gill disease\Bacterial gill disease_216.jpg,Bacterial gill disease,fish,train,False
C:\Users\Asus\PycharmProjects\AquaVision_v1\datasets\fish\New Dataset\train_split\Bacterial gill disease\Bacterial gill disease_217.jpg,Bacterial gill disease,fish,train,False
C:\Users\Asus\PycharmProjects\AquaVision_v1\datasets\fish\New Dataset\train_split\Bacterial gill disease\Bacterial gill disease_218.jpg,Bacterial gill disease,fish,train,False
C:\Users\Asus\PycharmProjects\AquaVision_v1\datasets\fish\New Dataset\train_split\Bacterial gill disease\Bacterial gill disease_220.jpg,Bacterial gill disease,fish,train,False
C:\Users\Asus\PycharmProjects\AquaVision_v1\datasets\fish\New Dataset\train_split\Bacterial gill disease\Bacterial gill disease_222.jpg,Bacterial gill disease,fish,train,False
C:\Users\Asus\PycharmProjects\AquaVision_v1\datasets\fish\New Dataset\train_split\Bacterial gill disease\Bacterial gill disease_223.jpg,Bacterial gill disease,fish,train,False
C:\Users\Asus\PycharmProjects\AquaVision_v1\datasets\fish\New Dataset\train_split\Bacterial gill disease\Bacterial gill disease_224.jpg,Bacterial gill disease,fish,train,False
C:\Users\Asus\PycharmProjects\AquaVision_v1\datasets\fish\New Dataset\train_split\Bacterial gill disease\Bacterial gill disease_225.jpg,Bacterial gill disease,fish,train,False
C:\Users\Asus\PycharmProjects\AquaVision_v1\datasets\fish\New Dataset\train_split\Bacterial gill disease\Bacterial gill disease_226.jpg,Bacterial gill disease,fish,train,False
C:\Users\Asus\PycharmProjects\AquaVision_v1\datasets\fish\New Dataset\train_split\Bacterial gill disease\Bacterial gill disease_227.jpg,Bacterial gill disease,fish,train,False
C:\Users\Asus\PycharmProjects\AquaVision_v1\datasets\fish\New Dataset\train_split\Bacterial gill disease\Bacterial gill disease_229.jpg,Bacterial gill disease,fish,train,False
C:\Users\Asus\PycharmProjects\AquaVision_v1\datasets\fish\New Dataset\train_split\Bacterial gill disease\Bacterial gill disease_230.jpg,Bacterial gill disease,fish,train,False
C:\Users\Asus\PycharmProjects\AquaVision_v1\datasets\fish\New Dataset\train_split\Bacterial gill disease\Bacterial gill disease_235.jpg,Bacterial gill disease,fish,train,False
C:\Users\Asus\PycharmProjects\AquaVision_v1\datasets\fish\New Dataset\train_split\Bacterial gill disease\Bacterial gill disease_236.jpg,Bacterial gill disease,fish,train,False
C:\Users\Asus\PycharmProjects\AquaVision_v1\datasets\fish\New Dataset\train_split\Bacterial gill disease\Bacterial gill disease_238.jpg,Bacterial gill disease,fish,train,False
C:\Users\Asus\PycharmProjects\AquaVision_v1\datasets\fish\New Dataset\train_split\Bacterial gill disease\Bacterial gill disease_239.jpg,Bacterial gill disease,fish,train,False
C:\Users\Asus\PycharmProjects\AquaVision_v1\datasets\fish\New Dataset\train_split\Bacterial gill disease\Bacterial gill disease_24.jpeg,Bacterial gill disease,fish,train,False
C:\Users\Asus\PycharmProjects\AquaVision_v1\datasets\fish\New Dataset\train_split\Bacterial gill disease\Bacterial gill disease_241.jpg,Bacterial gill disease,fish,train,False
C:\Users\Asus\PycharmProjects\AquaVision_v1\datasets\fish\New Dataset\train_split\Bacterial gill disease\Bacterial gill disease_242.jpg,Bacterial gill disease,fish,train,False
C:\Users\Asus\PycharmProjects\AquaVision_v1\datasets\fish\New Dataset\train_split\Bacterial gill disease\Bacterial gill disease_243.jpg,Bacterial gill disease,fish,train,False
C:\Users\Asus\PycharmProjects\AquaVision_v1\datasets\fish\New Dataset\train_split\Bacterial gill disease\Bacterial gill disease_244.jpg,Bacterial gill disease,fish,train,False
C:\Users\Asus\PycharmProjects\AquaVision_v1\datasets\fish\New Dataset\train_split\Bacterial gill disease\Bacterial gill disease_249.jpg,Bacterial gill disease,fish,train,False
C:\Users\Asus\PycharmProjects\AquaVision_v1\datasets\fish\New Dataset\train_split\Bacterial gill disease\Bacterial gill disease_25.jpg,Bacterial gill disease,fish,train,False
C:\Users\Asus\PycharmProjects\AquaVision_v1\datasets\fish\New Dataset\train_split\Bacterial gill disease\Bacterial gill disease_250.jpg,Bacterial gill disease,fish,train,False
C:\Users\Asus\PycharmProjects\AquaVision_v1\datasets\fish\New Dataset\train_split\Bacterial gill disease\Bacterial gill disease_252.jpg,Bacterial gill disease,fish,train,False
C:\Users\Asus\PycharmProjects\AquaVision_v1\datasets\fish\New Dataset\train_split\Bacterial gill disease\Bacterial gill disease_255.jpg,Bacterial gill disease,fish,train,False
C:\Users\Asus\PycharmProjects\AquaVision_v1\datasets\fish\New Dataset\train_split\Bacterial gill disease\Bacterial gill disease_256.jpg,Bacterial gill disease,fish,train,False
C:\Users\Asus\PycharmProjects\AquaVision_v1\datasets\fish\New Dataset\train_split\Bacterial gill disease\Bacterial gill disease_257.jpg,Bacterial gill disease,fish,train,False
C:\Users\Asus\PycharmProjects\AquaVision_v1\datasets\fish\New Dataset\train_split\Bacterial gill disease\Bacterial gill disease_258.jpg,Bacterial gill disease,fish,train,False
C:\Users\Asus\PycharmProjects\AquaVision_v1\datasets\fish\New Dataset\train_split\Bacterial gill disease\Bacterial gill disease_259.jpg,Bacterial gill disease,fish,train,False
C:\Users\Asus\PycharmProjects\AquaVision_v1\datasets\fish\New Dataset\train_split\Bacterial gill disease\Bacterial gill disease_260.jpg,Bacterial gill disease,fish,train,False
C:\Users\Asus\PycharmProjects\AquaVision_v1\datasets\fish\New Dataset\train_split\Bacterial gill disease\Bacterial gill disease_261.jpg,Bacterial gill disease,fish,train,False
C:\Users\Asus\PycharmProjects\AquaVision_v1\datasets\fish\New Dataset\train_split\Bacterial gill disease\Bacterial gill disease_262.jpg,Bacterial gill disease,fish,train,False
C:\Users\Asus\PycharmProjects\AquaVision_v1\datasets\fish\New Dataset\train_split\Bacterial gill disease\Bacterial gill disease_263.jpg,Bacterial gill disease,fish,train,False
C:\Users\Asus\PycharmProjects\AquaVision_v1\datasets\fish\New Dataset\train_split\Bacterial gill disease\Bacterial gill disease_265.jpg,Bacterial gill disease,fish,train,False
C:\Users\Asus\PycharmProjects\AquaVision_v1\datasets\fish\New Dataset\train_split\Bacterial gill disease\Bacterial gill disease_266.jpg,Bacterial gill disease,fish,train,False
C:\Users\Asus\PycharmProjects\AquaVision_v1\datasets\fish\New Dataset\train_split\Bacterial gill disease\Bacterial gill disease_267.jpg,Bacterial gill disease,fish,train,False
C:\Users\Asus\PycharmProjects\AquaVision_v1\datasets\fish\New Dataset\train_split\Bacterial gill disease\Bacterial gill disease_268.jpg,Bacterial gill disease,fish,train,False
C:\Users\Asus\PycharmProjects\AquaVision_v1\datasets\fish\New Dataset\train_split\Bacterial gill disease\Bacterial gill disease_27.jpg,Bacterial gill disease,fish,train,False
C:\Users\Asus\PycharmProjects\AquaVision_v1\datasets\fish\New Dataset\train_split\Bacterial gill disease\Bacterial gill disease_270.jpg,Bacterial gill disease,fish,train,False
C:\Users\Asus\PycharmProjects\AquaVision_v1\datasets\fish\New Dataset\train_split\Bacterial gill disease\Bacterial gill disease_271.jpg,Bacterial gill disease,fish,train,False
C:\Users\Asus\PycharmProjects\AquaVision_v1\datasets\fish\New Dataset\train_split\Bacterial gill disease\Bacterial gill disease_272.jpg,Bacterial gill disease,fish,train,False
C:\Users\Asus\PycharmProjects\AquaVision_v1\datasets\fish\New Dataset\train_split\Bacterial gill disease\Bacterial gill disease_273.jpg,Bacterial gill disease,fish,train,False
C:\Users\Asus\PycharmProjects\AquaVision_v1\datasets\fish\New Dataset\train_split\Bacterial gill disease\Bacterial gill disease_274.jpg,Bacterial gill disease,fish,train,False
C:\Users\Asus\PycharmProjects\AquaVision_v1\datasets\fish\New Dataset\train_split\Bacterial gill disease\Bacterial gill disease_277.jpg,Bacterial gill disease,fish,train,False
C:\Users\Asus\PycharmProjects\AquaVision_v1\datasets\fish\New Dataset\train_split\Bacterial gill disease\Bacterial gill disease_278.jpg,Bacterial gill disease,fish,train,False
C:\Users\Asus\PycharmProjects\AquaVision_v1\datasets\fish\New Dataset\train_split\Bacterial gill disease\Bacterial gill disease_279.jpg,Bacterial gill disease,fish,train,False
C:\Users\Asus\PycharmProjects\AquaVision_v1\datasets\fish\New Dataset\train_split\Bacterial gill disease\Bacterial gill disease_280.jpg,Bacterial gill disease,fish,train,False
C:\Users\Asus\PycharmProjects\AquaVision_v1\datasets\fish\New Dataset\train_split\Bacterial gill disease\Bacterial gill disease_298.jpg,Bacterial gill disease,fish,train,False
C:\Users\Asus\PycharmProjects\AquaVision_v1\datasets\fish\New Dataset\train_split\Bacterial gill disease\Bacterial gill disease_318.jpg,Bacterial gill disease,fish,train,False
C:\Users\Asus\PycharmProjects\AquaVision_v1\datasets\fish\New Dataset\train_split\Bacterial gill disease\Bacterial gill disease_32.jpg,Bacterial gill disease,fish,train,False
C:\Users\Asus\PycharmProjects\AquaVision_v1\datasets\fish\New Dataset\train_split\Bacterial gill disease\Bacterial gill disease_34.jpg,Bacterial gill disease,fish,train,False
C:\Users\Asus\PycharmProjects\AquaVision_v1\datasets\fish\New Dataset\train_split\Bacterial gill disease\Bacterial gill disease_357.jpg,Bacterial gill disease,fish,train,False
C:\Users\Asus\PycharmProjects\AquaVision_v1\datasets\fish\New Dataset\train_split\Bacterial gill disease\Bacterial gill disease_358.jpg,Bacterial gill disease,fish,train,False
C:\Users\Asus\PycharmProjects\AquaVision_v1\datasets\fish\New Dataset\train_split\Bacterial gill disease\Bacterial gill disease_359.jpg,Bacterial gill disease,fish,train,False
C:\Users\Asus\PycharmProjects\AquaVision_v1\datasets\fish\New Dataset\train_split\Bacterial gill disease\Bacterial gill disease_360.jpg,Bacterial gill disease,fish,train,False
C:\Users\Asus\PycharmProjects\AquaVision_v1\datasets\fish\New Dataset\train_split\Bacterial gill disease\Bacterial gill disease_361.jpg,Bacterial gill disease,fish,train,False
C:\Users\Asus\PycharmProjects\AquaVision_v1\datasets\fish\New Dataset\train_split\Bacterial gill disease\Bacterial gill disease_363.jpg,Bacterial gill disease,fish,train,False
C:\Users\Asus\PycharmProjects\AquaVision_v1\datasets\fish\New Dataset\train_split\Bacterial gill disease\Bacterial gill disease_368.jpg,Bacterial gill disease,fish,train,False
C:\Users\Asus\PycharmProjects\AquaVision_v1\datasets\fish\New Dataset\train_split\Bacterial gill disease\Bacterial gill disease_372.jpg,Bacterial gill disease,fish,train,False
C:\Users\Asus\PycharmProjects\AquaVision_v1\datasets\fish\New Dataset\train_split\Bacterial gill disease\Bacterial gill disease_373.jpg,Bacterial gill disease,fish,train,False
C:\Users\Asus\PycharmProjects\AquaVision_v1\datasets\fish\New Dataset\train_split\Bacterial gill disease\Bacterial gill disease_374.jpg,Bacterial gill disease,fish,train,False
C:\Users\Asus\PycharmProjects\AquaVision_v1\datasets\fish\New Dataset\train_split\Bacterial gill disease\Bacterial gill disease_375.jpg,Bacterial gill disease,fish,train,False
C:\Users\Asus\PycharmProjects\AquaVision_v1\datasets\fish\New Dataset\train_split\Bacterial gill disease\Bacterial gill disease_377.jpg,Bacterial gill disease,fish,train,False
C:\Users\Asus\PycharmProjects\AquaVision_v1\datasets\fish\New Dataset\train_split\Bacterial gill disease\Bacterial gill disease_38.jpg,Bacterial gill disease,fish,train,False
C:\Users\Asus\PycharmProjects\AquaVision_v1\datasets\fish\New Dataset\train_split\Bacterial gill disease\Bacterial gill disease_381.jpg,Bacterial gill disease,fish,train,False
C:\Users\Asus\PycharmProjects\AquaVision_v1\datasets\fish\New Dataset\train_split\Bacterial gill disease\Bacterial gill disease_39.jpg,Bacterial gill disease,fish,train,False
C:\Users\Asus\PycharmProjects\AquaVision_v1\datasets\fish\New Dataset\train_split\Bacterial gill disease\Bacterial gill disease_392.jpg,Bacterial gill disease,fish,train,False
C:\Users\Asus\PycharmProjects\AquaVision_v1\datasets\fish\New Dataset\train_split\Bacterial gill disease\Bacterial gill disease_393.jpg,Bacterial gill disease,fish,train,False
C:\Users\Asus\PycharmProjects\AquaVision_v1\datasets\fish\New Dataset\train_split\Bacterial gill disease\Bacterial gill disease_40.jpg,Bacterial gill disease,fish,train,False
C:\Users\Asus\PycharmProjects\AquaVision_v1\datasets\fish\New Dataset\train_split\Bacterial gill disease\Bacterial gill disease_403.jpg,Bacterial gill disease,fish,train,False
C:\Users\Asus\PycharmProjects\AquaVision_v1\datasets\fish\New Dataset\train_split\Bacterial gill disease\Bacterial gill disease_405.jpg,Bacterial gill disease,fish,train,False
C:\Users\Asus\PycharmProjects\AquaVision_v1\datasets\fish\New Dataset\train_split\Bacterial gill disease\Bacterial gill disease_41.jpg,Bacterial gill disease,fish,train,False
C:\Users\Asus\PycharmProjects\AquaVision_v1\datasets\fish\New Dataset\train_split\Bacterial gill disease\Bacterial gill disease_42.jpg,Bacterial gill disease,fish,train,False
C:\Users\Asus\PycharmProjects\AquaVision_v1\datasets\fish\New Dataset\train_split\Bacterial gill disease\Bacterial gill disease_43.jpeg,Bacterial gill disease,fish,train,False
C:\Users\Asus\PycharmProjects\AquaVision_v1\datasets\fish\New Dataset\train_split\Bacterial gill disease\Bacterial gill disease_44.jpg,Bacterial gill disease,fish,train,False
C:\Users\Asus\PycharmProjects\AquaVision_v1\datasets\fish\New Dataset\train_split\Bacterial gill disease\Bacterial gill disease_45.jpg,Bacterial gill disease,fish,train,False
C:\Users\Asus\PycharmProjects\AquaVision_v1\datasets\fish\New Dataset\train_split\Bacterial gill disease\Bacterial gill disease_46.jpg,Bacterial gill disease,fish,train,False
C:\Users\Asus\PycharmProjects\AquaVision_v1\datasets\fish\New Dataset\train_split\Bacterial gill disease\Bacterial gill disease_47.jpg,Bacterial gill disease,fish,train,False
C:\Users\Asus\PycharmProjects\AquaVision_v1\datasets\fish\New Dataset\train_split\Bacterial gill disease\Bacterial gill disease_49.jpg,Bacterial gill disease,fish,train,False
C:\Users\Asus\PycharmProjects\AquaVision_v1\datasets\fish\New Dataset\train_split\Bacterial gill disease\Bacterial gill disease_5.jpg,Bacterial gill disease,fish,train,False
C:\Users\Asus\PycharmProjects\AquaVision_v1\datasets\fish\New Dataset\train_split\Bacterial gill disease\Bacterial gill disease_51.png,Bacterial gill disease,fish,train,False
C:\Users\Asus\PycharmProjects\AquaVision_v1\datasets\fish\New Dataset\train_split\Bacterial gill disease\Bacterial gill disease_52.jpg,Bacterial gill disease,fish,train,False
C:\Users\Asus\PycharmProjects\AquaVision_v1\datasets\fish\New Dataset\train_split\Bacterial gill disease\Bacterial gill disease_53.jpg,Bacterial gill disease,fish,train,False
C:\Users\Asus\PycharmProjects\AquaVision_v1\datasets\fish\New Dataset\train_split\Bacterial gill disease\Bacterial gill disease_54.jpg,Bacterial gill disease,fish,train,False
C:\Users\Asus\PycharmProjects\AquaVision_v1\datasets\fish\New Dataset\train_split\Bacterial gill disease\Bacterial gill disease_55.jpg,Bacterial gill disease,fish,train,False
C:\Users\Asus\PycharmProjects\AquaVision_v1\datasets\fish\New Dataset\train_split\Bacterial gill disease\Bacterial gill disease_56.jpg,Bacterial gill disease,fish,train,False
C:\Users\Asus\PycharmProjects\AquaVision_v1\datasets\fish\New Dataset\train_split\Bacterial gill disease\Bacterial gill disease_57.jpg,Bacterial gill disease,fish,train,False
C:\Users\Asus\PycharmProjects\AquaVision_v1\datasets\fish\New Dataset\train_split\Bacterial gill disease\Bacterial gill disease_58.jpg,Bacterial gill disease,fish,train,False
C:\Users\Asus\PycharmProjects\AquaVision_v1\datasets\fish\New Dataset\train_split\Bacterial gill disease\Bacterial gill disease_60.jpg,Bacterial gill disease,fish,train,False
C:\Users\Asus\PycharmProjects\AquaVision_v1\datasets\fish\New Dataset\train_split\Bacterial gill disease\Bacterial gill disease_62.png,Bacterial gill disease,fish,train,False
C:\Users\Asus\PycharmProjects\AquaVision_v1\datasets\fish\New Dataset\train_split\Bacterial gill disease\Bacterial gill disease_63.jpg,Bacterial gill disease,fish,train,False
C:\Users\Asus\PycharmProjects\AquaVision_v1\datasets\fish\New Dataset\train_split\Bacterial gill disease\Bacterial gill disease_64.jpg,Bacterial gill disease,fish,train,False
C:\Users\Asus\PycharmProjects\AquaVision_v1\datasets\fish\New Dataset\train_split\Bacterial gill disease\Bacterial gill disease_65.jpg,Bacterial gill disease,fish,train,False
C:\Users\Asus\PycharmProjects\AquaVision_v1\datasets\fish\New Dataset\train_split\Bacterial gill disease\Bacterial gill disease_66.jpg,Bacterial gill disease,fish,train,False
C:\Users\Asus\PycharmProjects\AquaVision_v1\datasets\fish\New Dataset\train_split\Bacterial gill disease\Bacterial gill disease_68.jpg,Bacterial gill disease,fish,train,False
C:\Users\Asus\PycharmProjects\AquaVision_v1\datasets\fish\New Dataset\train_split\Bacterial gill disease\Bacterial gill disease_69.jpeg,Bacterial gill disease,fish,train,False
C:\Users\Asus\PycharmProjects\AquaVision_v1\datasets\fish\New Dataset\train_split\Bacterial gill disease\Bacterial gill disease_70.jpg,Bacterial gill disease,fish,train,False
C:\Users\Asus\PycharmProjects\AquaVision_v1\datasets\fish\New Dataset\train_split\Bacterial gill disease\Bacterial gill disease_71.jpg,Bacterial gill disease,fish,train,False
C:\Users\Asus\PycharmProjects\AquaVision_v1\datasets\fish\New Dataset\train_split\Bacterial gill disease\Bacterial gill disease_74.jpg,Bacterial gill disease,fish,train,False
C:\Users\Asus\PycharmProjects\AquaVision_v1\datasets\fish\New Dataset\train_split\Bacterial gill disease\Bacterial gill disease_77.jpg,Bacterial gill disease,fish,train,False
C:\Users\Asus\PycharmProjects\AquaVision_v1\datasets\fish\New Dataset\train_split\Bacterial gill disease\Bacterial gill disease_78.jpg,Bacterial gill disease,fish,train,False
C:\Users\Asus\PycharmProjects\AquaVision_v1\datasets\fish\New Dataset\train_split\Bacterial gill disease\Bacterial gill disease_8.jpg,Bacterial gill disease,fish,train,False
C:\Users\Asus\PycharmProjects\AquaVision_v1\datasets\fish\New Dataset\train_split\Bacterial gill disease\Bacterial gill disease_80.jpg,Bacterial gill disease,fish,train,False
C:\Users\Asus\PycharmProjects\AquaVision_v1\datasets\fish\New Dataset\train_split\Bacterial gill disease\Bacterial gill disease_81.jpg,Bacterial gill disease,fish,train,False
C:\Users\Asus\PycharmProjects\AquaVision_v1\datasets\fish\New Dataset\train_split\Bacterial gill disease\Bacterial gill disease_82.jpg,Bacterial gill disease,fish,train,False
C:\Users\Asus\PycharmProjects\AquaVision_v1\datasets\fish\New Dataset\train_split\Bacterial gill disease\Bacterial gill disease_83.jpg,Bacterial gill disease,fish,train,False
C:\Users\Asus\PycharmProjects\AquaVision_v1\datasets\fish\New Dataset\train_split\Bacterial gill disease\Bacterial gill disease_84.jpg,Bacterial gill disease,fish,train,False
C:\Users\Asus\PycharmProjects\AquaVision_v1\datasets\fish\New Dataset\train_split\Bacterial gill disease\Bacterial gill disease_85.jpg,Bacterial gill disease,fish,train,False
C:\Users\Asus\PycharmProjects\AquaVision_v1\datasets\fish\New Dataset\train_split\Bacterial gill disease\Bacterial gill disease_86.jpg,Bacterial gill disease,fish,train,False
C:\Users\Asus\PycharmProjects\AquaVision_v1\datasets\fish\New Dataset\train_split\Bacterial gill disease\Bacterial gill disease_9.png,Bacterial gill disease,fish,train,False
C:\Users\Asus\PycharmProjects\AquaVision_v1\datasets\fish\New Dataset\train_split\Bacterial gill disease\Bacterial gill disease_92.jpg,Bacterial gill disease,fish,train,False
C:\Users\Asus\PycharmProjects\AquaVision_v1\datasets\fish\New Dataset\train_split\Bacterial gill disease\Bacterial gill disease_93.jpg,Bacterial gill disease,fish,train,False
C:\Users\Asus\PycharmProjects\AquaVision_v1\datasets\fish\New Dataset\train_split\Bacterial gill disease\Bacterial gill disease_95.jpg,Bacterial gill disease,fish,train,False
C:\Users\Asus\PycharmProjects\AquaVision_v1\datasets\fish\New Dataset\train_split\Bacterial gill disease\Bacterial gill disease_96.jpg,Bacterial gill disease,fish,train,False
C:\Users\Asus\PycharmProjects\AquaVision_v1\datasets\fish\New Dataset\train_split\Bacterial gill disease\Bacterial gill disease_97.jpg,Bacterial gill disease,fish,train,False
C:\Users\Asus\PycharmProjects\AquaVision_v1\datasets\fish\New Dataset\train_split\Bacterial gill disease\Bacterial gill disease_99.jpg,Bacterial gill disease,fish,train,False
C:\Users\Asus\PycharmProjects\AquaVision_v1\datasets\fish\New Dataset\train_split\Bacterial gill disease\Bacterial gill disease_aug_0.jpg,Bacterial gill disease,fish,train,True
C:\Users\Asus\PycharmProjects\AquaVision_v1\datasets\fish\New Dataset\train_split\Bacterial gill disease\Bacterial gill disease_aug_1.jpg,Bacterial gill disease,fish,train,True
C:\Users\Asus\PycharmProjects\AquaVision_v1\datasets\fish\New Dataset\train_split\Bacterial gill disease\Bacterial gill disease_aug_10.jpg,Bacterial gill disease,fish,train,True
C:\Users\Asus\PycharmProjects\AquaVision_v1\datasets\fish\New Dataset\train_split\Bacterial gill disease\Bacterial gill disease_aug_100.jpg,Bacterial gill disease,fish,train,True
C:\Users\Asus\PycharmProjects\AquaVision_v1\datasets\fish\New Dataset\train_split\Bacterial gill disease\Bacterial gill disease_aug_101.jpg,Bacterial gill disease,fish,train,True
C:\Users\Asus\PycharmProjects\AquaVision_v1\datasets\fish\New Dataset\train_split\Bacterial gill disease\Bacterial gill disease_aug_102.jpg,Bacterial gill disease,fish,train,True
C:\Users\Asus\PycharmProjects\AquaVision_v1\datasets\fish\New Dataset\train_split\Bacterial gill disease\Bacterial gill disease_aug_103.jpg,Bacterial gill disease,fish,train,True
C:\Users\Asus\PycharmProjects\AquaVision_v1\datasets\fish\New Dataset\train_split\Bacterial gill disease\Bacterial gill disease_aug_104.jpg,Bacterial gill disease,fish,train,True
C:\Users\Asus\PycharmProjects\AquaVision_v1\datasets\fish\New Dataset\train_split\Bacterial gill disease\Bacterial gill disease_aug_105.jpg,Bacterial gill disease,fish,train,True
C:\Users\Asus\PycharmProjects\AquaVision_v1\datasets\fish\New Dataset\train_split\Bacterial gill disease\Bacterial gill disease_aug_106.jpg,Bacterial gill disease,fish,train,True
C:\Users\Asus\PycharmProjects\AquaVision_v1\datasets\fish\New Dataset\train_split\Bacterial gill disease\Bacterial gill disease_aug_107.jpg,Bacterial gill disease,fish,train,True
C:\Users\Asus\PycharmProjects\AquaVision_v1\datasets\fish\New Dataset\train_split\Bacterial gill disease\Bacterial gill disease_aug_108.jpg,Bacterial gill disease,fish,train,True
C:\Users\Asus\PycharmProjects\AquaVision_v1\datasets\fish\New Dataset\train_split\Bacterial gill disease\Bacterial gill disease_aug_109.jpg,Bacterial gill disease,fish,train,True
C:\Users\Asus\PycharmProjects\AquaVision_v1\datasets\fish\New Dataset\train_split\Bacterial gill disease\Bacterial gill disease_aug_11.jpg,Bacterial gill disease,fish,train,True
C:\Users\Asus\PycharmProjects\AquaVision_v1\datasets\fish\New Dataset\train_split\Bacterial gill disease\Bacterial gill disease_aug_110.jpg,Bacterial gill disease,fish,train,True
C:\Users\Asus\PycharmProjects\AquaVision_v1\datasets\fish\New Dataset\train_split\Bacterial gill disease\Bacterial gill disease_aug_112.jpg,Bacterial gill disease,fish,train,True
C:\Users\Asus\PycharmProjects\AquaVision_v1\datasets\fish\New Dataset\train_split\Bacterial gill disease\Bacterial gill disease_aug_114.jpg,Bacterial gill disease,fish,train,True
C:\Users\Asus\PycharmProjects\AquaVision_v1\datasets\fish\New Dataset\train_split\Bacterial gill disease\Bacterial gill disease_aug_116.jpg,Bacterial gill disease,fish,train,True
C:\Users\Asus\PycharmProjects\AquaVision_v1\datasets\fish\New Dataset\train_split\Bacterial gill disease\Bacterial gill disease_aug_117.jpg,Bacterial gill disease,fish,train,True
C:\Users\Asus\PycharmProjects\AquaVision_v1\datasets\fish\New Dataset\train_split\Bacterial gill disease\Bacterial gill disease_aug_119.jpg,Bacterial gill disease,fish,train,True
C:\Users\Asus\PycharmProjects\AquaVision_v1\datasets\fish\New Dataset\train_split\Bacterial gill disease\Bacterial gill disease_aug_12.jpg,Bacterial gill disease,fish,train,True
C:\Users\Asus\PycharmProjects\AquaVision_v1\datasets\fish\New Dataset\train_split\Bacterial gill disease\Bacterial gill disease_aug_120.jpg,Bacterial gill disease,fish,train,True
C:\Users\Asus\PycharmProjects\AquaVision_v1\datasets\fish\New Dataset\train_split\Bacterial gill disease\Bacterial gill disease_aug_121.jpg,Bacterial gill disease,fish,train,True
C:\Users\Asus\PycharmProjects\AquaVision_v1\datasets\fish\New Dataset\train_split\Bacterial gill disease\Bacterial gill disease_aug_122.jpg,Bacterial gill disease,fish,train,True
C:\Users\Asus\PycharmProjects\AquaVision_v1\datasets\fish\New Dataset\train_split\Bacterial gill disease\Bacterial gill disease_aug_123.jpg,Bacterial gill disease,fish,train,True
C:\Users\Asus\PycharmProjects\AquaVision_v1\datasets\fish\New Dataset\train_split\Bacterial gill disease\Bacterial gill disease_aug_124.jpg,Bacterial gill disease,fish,train,True
C:\Users\Asus\PycharmProjects\AquaVision_v1\datasets\fish\New Dataset\train_split\Bacterial gill disease\Bacterial gill disease_aug_125.jpg,Bacterial gill disease,fish,train,True
C:\Users\Asus\PycharmProjects\AquaVision_v1\datasets\fish\New Dataset\train_split\Bacterial gill disease\Bacterial gill disease_aug_127.jpg,Bacterial gill disease,fish,train,True
C:\Users\Asus\PycharmProjects\AquaVision_v1\datasets\fish\New Dataset\train_split\Bacterial gill disease\Bacterial gill disease_aug_128.jpg,Bacterial gill disease,fish,train,True
C:\Users\Asus\PycharmProjects\AquaVision_v1\datasets\fish\New Dataset\train_split\Bacterial gill disease\Bacterial gill disease_aug_129.jpg,Bacterial gill disease,fish,train,True
C:\Users\Asus\PycharmProjects\AquaVision_v1\datasets\fish\New Dataset\train_split\Bacterial gill disease\Bacterial gill disease_aug_13.jpg,Bacterial gill disease,fish,train,True
C:\Users\Asus\PycharmProjects\AquaVision_v1\datasets\fish\New Dataset\train_split\Bacterial gill disease\Bacterial gill disease_aug_131.jpg,Bacterial gill disease,fish,train,True
C:\Users\Asus\PycharmProjects\AquaVision_v1\datasets\fish\New Dataset\train_split\Bacterial gill disease\Bacterial gill disease_aug_132.jpg,Bacterial gill disease,fish,train,True
C:\Users\Asus\PycharmProjects\AquaVision_v1\datasets\fish\New Dataset\train_split\Bacterial gill disease\Bacterial gill disease_aug_134.jpg,Bacterial gill disease,fish,train,True
C:\Users\Asus\PycharmProjects\AquaVision_v1\datasets\fish\New Dataset\train_split\Bacterial gill disease\Bacterial gill disease_aug_135.jpg,Bacterial gill disease,fish,train,True
C:\Users\Asus\PycharmProjects\AquaVision_v1\datasets\fish\New Dataset\train_split\Bacterial gill disease\Bacterial gill disease_aug_136.jpg,Bacterial gill disease,fish,train,True
C:\Users\Asus\PycharmProjects\AquaVision_v1\datasets\fish\New Dataset\train_split\Bacterial gill disease\Bacterial gill disease_aug_137.jpg,Bacterial gill disease,fish,train,True
C:\Users\Asus\PycharmProjects\AquaVision_v1\datasets\fish\New Dataset\train_split\Bacterial gill disease\Bacterial gill disease_aug_138.jpg,Bacterial gill disease,fish,train,True
C:\Users\Asus\PycharmProjects\AquaVision_v1\datasets\fish\New Dataset\train_split\Bacterial gill disease\Bacterial gill disease_aug_139.jpg,Bacterial gill disease,fish,train,True
C:\Users\Asus\PycharmProjects\AquaVision_v1\datasets\fish\New Dataset\train_split\Bacterial gill disease\Bacterial gill disease_aug_14.jpg,Bacterial gill disease,fish,train,True
C:\Users\Asus\PycharmProjects\AquaVision_v1\datasets\fish\New Dataset\train_split\Bacterial gill disease\Bacterial gill disease_aug_141.jpg,Bacterial gill disease,fish,train,True
C:\Users\Asus\PycharmProjects\AquaVision_v1\datasets\fish\New Dataset\train_split\Bacterial gill disease\Bacterial gill disease_aug_142.jpg,Bacterial gill disease,fish,train,True
C:\Users\Asus\PycharmProjects\AquaVision_v1\datasets\fish\New Dataset\train_split\Bacterial gill disease\Bacterial gill disease_aug_143.jpg,Bacterial gill disease,fish,train,True
C:\Users\Asus\PycharmProjects\AquaVision_v1\datasets\fish\New Dataset\train_split\Bacterial gill disease\Bacterial gill disease_aug_146.jpg,Bacterial gill disease,fish,train,True
C:\Users\Asus\PycharmProjects\AquaVision_v1\datasets\fish\New Dataset\train_split\Bacterial gill disease\Bacterial gill disease_aug_147.jpg,Bacterial gill disease,fish,train,True
C:\Users\Asus\PycharmProjects\AquaVision_v1\datasets\fish\New Dataset\train_split\Bacterial gill disease\Bacterial gill disease_aug_148.jpg,Bacterial gill disease,fish,train,True
C:\Users\Asus\PycharmProjects\AquaVision_v1\datasets\fish\New Dataset\train_split\Bacterial gill disease\Bacterial gill disease_aug_149.jpg,Bacterial gill disease,fish,train,True
C:\Users\Asus\PycharmProjects\AquaVision_v1\datasets\fish\New Dataset\train_split\Bacterial gill disease\Bacterial gill disease_aug_15.jpg,Bacterial gill disease,fish,train,True
C:\Users\Asus\PycharmProjects\AquaVision_v1\datasets\fish\New Dataset\train_split\Bacterial gill disease\Bacterial gill disease_aug_150.jpg,Bacterial gill disease,fish,train,True
C:\Users\Asus\PycharmProjects\AquaVision_v1\datasets\fish\New Dataset\train_split\Bacterial gill disease\Bacterial gill disease_aug_151.jpg,Bacterial gill disease,fish,train,True
C:\Users\Asus\PycharmProjects\AquaVision_v1\datasets\fish\New Dataset\train_split\Bacterial gill disease\Bacterial gill disease_aug_152.jpg,Bacterial gill disease,fish,train,True
C:\Users\Asus\PycharmProjects\AquaVision_v1\datasets\fish\New Dataset\train_split\Bacterial gill disease\Bacterial gill disease_aug_154.jpg,Bacterial gill disease,fish,train,True
C:\Users\Asus\PycharmProjects\AquaVision_v1\datasets\fish\New Dataset\train_split\Bacterial gill disease\Bacterial gill disease_aug_155.jpg,Bacterial gill disease,fish,train,True
C:\Users\Asus\PycharmProjects\AquaVision_v1\datasets\fish\New Dataset\train_split\Bacterial gill disease\Bacterial gill disease_aug_156.jpg,Bacterial gill disease,fish,train,True
C:\Users\Asus\PycharmProjects\AquaVision_v1\datasets\fish\New Dataset\train_split\Bacterial gill disease\Bacterial gill disease_aug_157.jpg,Bacterial gill disease,fish,train,True
C:\Users\Asus\PycharmProjects\AquaVision_v1\datasets\fish\New Dataset\train_split\Bacterial gill disease\Bacterial gill disease_aug_159.jpg,Bacterial gill disease,fish,train,True
C:\Users\Asus\PycharmProjects\AquaVision_v1\datasets\fish\New Dataset\train_split\Bacterial gill disease\Bacterial gill disease_aug_16.jpg,Bacterial gill disease,fish,train,True
C:\Users\Asus\PycharmProjects\AquaVision_v1\datasets\fish\New Dataset\train_split\Bacterial gill disease\Bacterial gill disease_aug_160.jpg,Bacterial gill disease,fish,train,True
C:\Users\Asus\PycharmProjects\AquaVision_v1\datasets\fish\New Dataset\train_split\Bacterial gill disease\Bacterial gill disease_aug_161.jpg,Bacterial gill disease,fish,train,True
C:\Users\Asus\PycharmProjects\AquaVision_v1\datasets\fish\New Dataset\train_split\Bacterial gill disease\Bacterial gill disease_aug_163.jpg,Bacterial gill disease,fish,train,True
C:\Users\Asus\PycharmProjects\AquaVision_v1\datasets\fish\New Dataset\train_split\Bacterial gill disease\Bacterial gill disease_aug_165.jpg,Bacterial gill disease,fish,train,True
C:\Users\Asus\PycharmProjects\AquaVision_v1\datasets\fish\New Dataset\train_split\Bacterial gill disease\Bacterial gill disease_aug_167.jpg,Bacterial gill disease,fish,train,True
C:\Users\Asus\PycharmProjects\AquaVision_v1\datasets\fish\New Dataset\train_split\Bacterial gill disease\Bacterial gill disease_aug_168.jpg,Bacterial gill disease,fish,train,True
C:\Users\Asus\PycharmProjects\AquaVision_v1\datasets\fish\New Dataset\train_split\Bacterial gill disease\Bacterial gill disease_aug_169.jpg,Bacterial gill disease,fish,train,True
C:\Users\Asus\PycharmProjects\AquaVision_v1\datasets\fish\New Dataset\train_split\Bacterial gill disease\Bacterial gill disease_aug_17.jpg,Bacterial gill disease,fish,train,True
C:\Users\Asus\PycharmProjects\AquaVision_v1\datasets\fish\New Dataset\train_split\Bacterial gill disease\Bacterial gill disease_aug_171.jpg,Bacterial gill disease,fish,train,True
C:\Users\Asus\PycharmProjects\AquaVision_v1\datasets\fish\New Dataset\train_split\Bacterial gill disease\Bacterial gill disease_aug_172.jpg,Bacterial gill disease,fish,train,True
C:\Users\Asus\PycharmProjects\AquaVision_v1\datasets\fish\New Dataset\train_split\Bacterial gill disease\Bacterial gill disease_aug_173.jpg,Bacterial gill disease,fish,train,True
C:\Users\Asus\PycharmProjects\AquaVision_v1\datasets\fish\New Dataset\train_split\Bacterial gill disease\Bacterial gill disease_aug_174.jpg,Bacterial gill disease,fish,train,True
C:\Users\Asus\PycharmProjects\AquaVision_v1\datasets\fish\New Dataset\train_split\Bacterial gill disease\Bacterial gill disease_aug_175.jpg,Bacterial gill disease,fish,train,True
C:\Users\Asus\PycharmProjects\AquaVision_v1\datasets\fish\New Dataset\train_split\Bacterial gill disease\Bacterial gill disease_aug_176.jpg,Bacterial gill disease,fish,train,True
C:\Users\Asus\PycharmProjects\AquaVision_v1\datasets\fish\New Dataset\train_split\Bacterial gill disease\Bacterial gill disease_aug_177.jpg,Bacterial gill disease,fish,train,True
C:\Users\Asus\PycharmProjects\AquaVision_v1\datasets\fish\New Dataset\train_split\Bacterial gill disease\Bacterial gill disease_aug_178.jpg,Bacterial gill disease,fish,train,True
C:\Users\Asus\PycharmProjects\AquaVision_v1\datasets\fish\New Dataset\train_split\Bacterial gill disease\Bacterial gill disease_aug_179.jpg,Bacterial gill disease,fish,train,True
C:\Users\Asus\PycharmProjects\AquaVision_v1\datasets\fish\New Dataset\train_split\Bacterial gill disease\Bacterial gill disease_aug_18.jpg,Bacterial gill disease,fish,train,True
C:\Users\Asus\PycharmProjects\AquaVision_v1\datasets\fish\New Dataset\train_split\Bacterial gill disease\Bacterial gill disease_aug_181.jpg,Bacterial gill disease,fish,train,True
C:\Users\Asus\PycharmProjects\AquaVision_v1\datasets\fish\New Dataset\train_split\Bacterial gill disease\Bacterial gill disease_aug_183.jpg,Bacterial gill disease,fish,train,True
C:\Users\Asus\PycharmProjects\AquaVision_v1\datasets\fish\New Dataset\train_split\Bacterial gill disease\Bacterial gill disease_aug_187.jpg,Bacterial gill disease,fish,train,True
C:\Users\Asus\PycharmProjects\AquaVision_v1\datasets\fish\New Dataset\train_split\Bacterial gill disease\Bacterial gill disease_aug_191.jpg,Bacterial gill disease,fish,train,True
C:\Users\Asus\PycharmProjects\AquaVision_v1\datasets\fish\New Dataset\train_split\Bacterial gill disease\Bacterial gill disease_aug_192.jpg,Bacterial gill disease,fish,train,True
C:\Users\Asus\PycharmProjects\AquaVision_v1\datasets\fish\New Dataset\train_split\Bacterial gill disease\Bacterial gill disease_aug_193.jpg,Bacterial gill disease,fish,train,True
C:\Users\Asus\PycharmProjects\AquaVision_v1\datasets\fish\New Dataset\train_split\Bacterial gill disease\Bacterial gill disease_aug_194.jpg,Bacterial gill disease,fish,train,True
C:\Users\Asus\PycharmProjects\AquaVision_v1\datasets\fish\New Dataset\train_split\Bacterial gill disease\Bacterial gill disease_aug_196.jpg,Bacterial gill disease,fish,train,True
C:\Users\Asus\PycharmProjects\AquaVision_v1\datasets\fish\New Dataset\train_split\Bacterial gill disease\Bacterial gill disease_aug_197.jpg,Bacterial gill disease,fish,train,True
C:\Users\Asus\PycharmProjects\AquaVision_v1\datasets\fish\New Dataset\train_split\Bacterial gill disease\Bacterial gill disease_aug_198.jpg,Bacterial gill disease,fish,train,True
C:\Users\Asus\PycharmProjects\AquaVision_v1\datasets\fish\New Dataset\train_split\Bacterial gill disease\Bacterial gill disease_aug_199.jpg,Bacterial gill disease,fish,train,True
C:\Users\Asus\PycharmProjects\AquaVision_v1\datasets\fish\New Dataset\train_split\Bacterial gill disease\Bacterial gill disease_aug_20.jpg,Bacterial gill disease,fish,train,True
C:\Users\Asus\PycharmProjects\AquaVision_v1\datasets\fish\New Dataset\train_split\Bacterial gill disease\Bacterial gill disease_aug_200.jpg,Bacterial gill disease,fish,train,True
C:\Users\Asus\PycharmProjects\AquaVision_v1\datasets\fish\New Dataset\train_split\Bacterial gill disease\Bacterial gill disease_aug_201.jpg,Bacterial gill disease,fish,train,True
C:\Users\Asus\PycharmProjects\AquaVision_v1\datasets\fish\New Dataset\train_split\Bacterial gill disease\Bacterial gill disease_aug_202.jpg,Bacterial gill disease,fish,train,True
C:\Users\Asus\PycharmProjects\AquaVision_v1\datasets\fish\New Dataset\train_split\Bacterial gill disease\Bacterial gill disease_aug_203.jpg,Bacterial gill disease,fish,train,True
C:\Users\Asus\PycharmProjects\AquaVision_v1\datasets\fish\New Dataset\train_split\Bacterial gill disease\Bacterial gill disease_aug_205.jpg,Bacterial gill disease,fish,train,True
C:\Users\Asus\PycharmProjects\AquaVision_v1\datasets\fish\New Dataset\train_split\Bacterial gill disease\Bacterial gill disease_aug_206.jpg,Bacterial gill disease,fish,train,True
C:\Users\Asus\PycharmProjects\AquaVision_v1\datasets\fish\New Dataset\train_split\Bacterial gill disease\Bacterial gill disease_aug_207.jpg,Bacterial gill disease,fish,train,True
C:\Users\Asus\PycharmProjects\AquaVision_v1\datasets\fish\New Dataset\train_split\Bacterial gill disease\Bacterial gill disease_aug_208.jpg,Bacterial gill disease,fish,train,True
C:\Users\Asus\PycharmProjects\AquaVision_v1\datasets\fish\New Dataset\train_split\Bacterial gill disease\Bacterial gill disease_aug_209.jpg,Bacterial gill disease,fish,train,True
C:\Users\Asus\PycharmProjects\AquaVision_v1\datasets\fish\New Dataset\train_split\Bacterial gill disease\Bacterial gill disease_aug_210.jpg,Bacterial gill disease,fish,train,True
C:\Users\Asus\PycharmProjects\AquaVision_v1\datasets\fish\New Dataset\train_split\Bacterial gill disease\Bacterial gill disease_aug_211.jpg,Bacterial gill disease,fish,train,True
C:\Users\Asus\PycharmProjects\AquaVision_v1\datasets\fish\New Dataset\train_split\Bacterial gill disease\Bacterial gill disease_aug_212.jpg,Bacterial gill disease,fish,train,True
C:\Users\Asus\PycharmProjects\AquaVision_v1\datasets\fish\New Dataset\train_split\Bacterial gill disease\Bacterial gill disease_aug_213.jpg,Bacterial gill disease,fish,train,True
C:\Users\Asus\PycharmProjects\AquaVision_v1\datasets\fish\New Dataset\train_split\Bacterial gill disease\Bacterial gill disease_aug_215.jpg,Bacterial gill disease,fish,train,True
C:\Users\Asus\PycharmProjects\AquaVision_v1\datasets\fish\New Dataset\train_split\Bacterial gill disease\Bacterial gill disease_aug_216.jpg,Bacterial gill disease,fish,train,True
C:\Users\Asus\PycharmProjects\AquaVision_v1\datasets\fish\New Dataset\train_split\Bacterial gill disease\Bacterial gill disease_aug_219.jpg,Bacterial gill disease,fish,train,True
C:\Users\Asus\PycharmProjects\AquaVision_v1\datasets\fish\New Dataset\train_split\Bacterial gill disease\Bacterial gill disease_aug_220.jpg,Bacterial gill disease,fish,train,True
C:\Users\Asus\PycharmProjects\AquaVision_v1\datasets\fish\New Dataset\train_split\Bacterial gill disease\Bacterial gill disease_aug_221.jpg,Bacterial gill disease,fish,train,True
C:\Users\Asus\PycharmProjects\AquaVision_v1\datasets\fish\New Dataset\train_split\Bacterial gill disease\Bacterial gill disease_aug_222.jpg,Bacterial gill disease,fish,train,True
C:\Users\Asus\PycharmProjects\AquaVision_v1\datasets\fish\New Dataset\train_split\Bacterial gill disease\Bacterial gill disease_aug_225.jpg,Bacterial gill disease,fish,train,True
C:\Users\Asus\PycharmProjects\AquaVision_v1\datasets\fish\New Dataset\train_split\Bacterial gill disease\Bacterial gill disease_aug_226.jpg,Bacterial gill disease,fish,train,True
C:\Users\Asus\PycharmProjects\AquaVision_v1\datasets\fish\New Dataset\train_split\Bacterial gill disease\Bacterial gill disease_aug_227.jpg,Bacterial gill disease,fish,train,True
C:\Users\Asus\PycharmProjects\AquaVision_v1\datasets\fish\New Dataset\train_split\Bacterial gill disease\Bacterial gill disease_aug_228.jpg,Bacterial gill disease,fish,train,True
C:\Users\Asus\PycharmProjects\AquaVision_v1\datasets\fish\New Dataset\train_split\Bacterial gill disease\Bacterial gill disease_aug_229.jpg,Bacterial gill disease,fish,train,True
C:\Users\Asus\PycharmProjects\AquaVision_v1\datasets\fish\New Dataset\train_split\Bacterial gill disease\Bacterial gill disease_aug_23.jpg,Bacterial gill disease,fish,train,True
C:\Users\Asus\PycharmProjects\AquaVision_v1\datasets\fish\New Dataset\train_split\Bacterial gill disease\Bacterial gill disease_aug_230.jpg,Bacterial gill disease,fish,train,True
C:\Users\Asus\PycharmProjects\AquaVision_v1\datasets\fish\New Dataset\train_split\Bacterial gill disease\Bacterial gill disease_aug_231.jpg,Bacterial gill disease,fish,train,True
C:\Users\Asus\PycharmProjects\AquaVision_v1\datasets\fish\New Dataset\train_split\Bacterial gill disease\Bacterial gill disease_aug_232.jpg,Bacterial gill disease,fish,train,True
C:\Users\Asus\PycharmProjects\AquaVision_v1\datasets\fish\New Dataset\train_split\Bacterial gill disease\Bacterial gill disease_aug_233.jpg,Bacterial gill disease,fish,train,True
C:\Users\Asus\PycharmProjects\AquaVision_v1\datasets\fish\New Dataset\train_split\Bacterial gill disease\Bacterial gill disease_aug_234.jpg,Bacterial gill disease,fish,train,True
C:\Users\Asus\PycharmProjects\AquaVision_v1\datasets\fish\New Dataset\train_split\Bacterial gill disease\Bacterial gill disease_aug_235.jpg,Bacterial gill disease,fish,train,True
C:\Users\Asus\PycharmProjects\AquaVision_v1\datasets\fish\New Dataset\train_split\Bacterial gill disease\Bacterial gill disease_aug_236.jpg,Bacterial gill disease,fish,train,True
C:\Users\Asus\PycharmProjects\AquaVision_v1\datasets\fish\New Dataset\train_split\Bacterial gill disease\Bacterial gill disease_aug_237.jpg,Bacterial gill disease,fish,train,True
C:\Users\Asus\PycharmProjects\AquaVision_v1\datasets\fish\New Dataset\train_split\Bacterial gill disease\Bacterial gill disease_aug_238.jpg,Bacterial gill disease,fish,train,True
C:\Users\Asus\PycharmProjects\AquaVision_v1\datasets\fish\New Dataset\train_split\Bacterial gill disease\Bacterial gill disease_aug_239.jpg,Bacterial gill disease,fish,train,True
C:\Users\Asus\PycharmProjects\AquaVision_v1\datasets\fish\New Dataset\train_split\Bacterial gill disease\Bacterial gill disease_aug_24.jpg,Bacterial gill disease,fish,train,True
C:\Users\Asus\PycharmProjects\AquaVision_v1\datasets\fish\New Dataset\train_split\Bacterial gill disease\Bacterial gill disease_aug_241.jpg,Bacterial gill disease,fish,train,True
C:\Users\Asus\PycharmProjects\AquaVision_v1\datasets\fish\New Dataset\train_split\Bacterial gill disease\Bacterial gill disease_aug_242.jpg,Bacterial gill disease,fish,train,True
C:\Users\Asus\PycharmProjects\AquaVision_v1\datasets\fish\New Dataset\train_split\Bacterial gill disease\Bacterial gill disease_aug_243.jpg,Bacterial gill disease,fish,train,True
C:\Users\Asus\PycharmProjects\AquaVision_v1\datasets\fish\New Dataset\train_split\Bacterial gill disease\Bacterial gill disease_aug_246.jpg,Bacterial gill disease,fish,train,True
C:\Users\Asus\PycharmProjects\AquaVision_v1\datasets\fish\New Dataset\train_split\Bacterial gill disease\Bacterial gill disease_aug_247.jpg,Bacterial gill disease,fish,train,True
C:\Users\Asus\PycharmProjects\AquaVision_v1\datasets\fish\New Dataset\train_split\Bacterial gill disease\Bacterial gill disease_aug_248.jpg,Bacterial gill disease,fish,train,True
C:\Users\Asus\PycharmProjects\AquaVision_v1\datasets\fish\New Dataset\train_split\Bacterial gill disease\Bacterial gill disease_aug_249.jpg,Bacterial gill disease,fish,train,True
C:\Users\Asus\PycharmProjects\AquaVision_v1\datasets\fish\New Dataset\train_split\Bacterial gill disease\Bacterial gill disease_aug_250.jpg,Bacterial gill disease,fish,train,True
C:\Users\Asus\PycharmProjects\AquaVision_v1\datasets\fish\New Dataset\train_split\Bacterial gill disease\Bacterial gill disease_aug_251.jpg,Bacterial gill disease,fish,train,True
C:\Users\Asus\PycharmProjects\AquaVision_v1\datasets\fish\New Dataset\train_split\Bacterial gill disease\Bacterial gill disease_aug_252.jpg,Bacterial gill disease,fish,train,True
C:\Users\Asus\PycharmProjects\AquaVision_v1\datasets\fish\New Dataset\train_split\Bacterial gill disease\Bacterial gill disease_aug_253.jpg,Bacterial gill disease,fish,train,True
C:\Users\Asus\PycharmProjects\AquaVision_v1\datasets\fish\New Dataset\train_split\Bacterial gill disease\Bacterial gill disease_aug_254.jpg,Bacterial gill disease,fish,train,True
C:\Users\Asus\PycharmProjects\AquaVision_v1\datasets\fish\New Dataset\train_split\Bacterial gill disease\Bacterial gill disease_aug_255.jpg,Bacterial gill disease,fish,train,True
C:\Users\Asus\PycharmProjects\AquaVision_v1\datasets\fish\New Dataset\train_split\Bacterial gill disease\Bacterial gill disease_aug_26.jpg,Bacterial gill disease,fish,train,True
C:\Users\Asus\PycharmProjects\AquaVision_v1\datasets\fish\New Dataset\train_split\Bacterial gill disease\Bacterial gill disease_aug_27.jpg,Bacterial gill disease,fish,train,True
C:\Users\Asus\PycharmProjects\AquaVision_v1\datasets\fish\New Dataset\train_split\Bacterial gill disease\Bacterial gill disease_aug_28.jpg,Bacterial gill disease,fish,train,True
C:\Users\Asus\PycharmProjects\AquaVision_v1\datasets\fish\New Dataset\train_split\Bacterial gill disease\Bacterial gill disease_aug_3.jpg,Bacterial gill disease,fish,train,True
C:\Users\Asus\PycharmProjects\AquaVision_v1\datasets\fish\New Dataset\train_split\Bacterial gill disease\Bacterial gill disease_aug_30.jpg,Bacterial gill disease,fish,train,True
C:\Users\Asus\PycharmProjects\AquaVision_v1\datasets\fish\New Dataset\train_split\Bacterial gill disease\Bacterial gill disease_aug_31.jpg,Bacterial gill disease,fish,train,True
C:\Users\Asus\PycharmProjects\AquaVision_v1\datasets\fish\New Dataset\train_split\Bacterial gill disease\Bacterial gill disease_aug_33.jpg,Bacterial gill disease,fish,train,True
C:\Users\Asus\PycharmProjects\AquaVision_v1\datasets\fish\New Dataset\train_split\Bacterial gill disease\Bacterial gill disease_aug_34.jpg,Bacterial gill disease,fish,train,True
C:\Users\Asus\PycharmProjects\AquaVision_v1\datasets\fish\New Dataset\train_split\Bacterial gill disease\Bacterial gill disease_aug_35.jpg,Bacterial gill disease,fish,train,True
C:\Users\Asus\PycharmProjects\AquaVision_v1\datasets\fish\New Dataset\train_split\Bacterial gill disease\Bacterial gill disease_aug_36.jpg,Bacterial gill disease,fish,train,True
C:\Users\Asus\PycharmProjects\AquaVision_v1\datasets\fish\New Dataset\train_split\Bacterial gill disease\Bacterial gill disease_aug_37.jpg,Bacterial gill disease,fish,train,True
C:\Users\Asus\PycharmProjects\AquaVision_v1\datasets\fish\New Dataset\train_split\Bacterial gill disease\Bacterial gill disease_aug_38.jpg,Bacterial gill disease,fish,train,True
C:\Users\Asus\PycharmProjects\AquaVision_v1\datasets\fish\New Dataset\train_split\Bacterial gill disease\Bacterial gill disease_aug_39.jpg,Bacterial gill disease,fish,train,True
C:\Users\Asus\PycharmProjects\AquaVision_v1\datasets\fish\New Dataset\train_split\Bacterial gill disease\Bacterial gill disease_aug_40.jpg,Bacterial gill disease,fish,train,True
C:\Users\Asus\PycharmProjects\AquaVision_v1\datasets\fish\New Dataset\train_split\Bacterial gill disease\Bacterial gill disease_aug_41.jpg,Bacterial gill disease,fish,train,True
C:\Users\Asus\PycharmProjects\AquaVision_v1\datasets\fish\New Dataset\train_split\Bacterial gill disease\Bacterial gill disease_aug_42.jpg,Bacterial gill disease,fish,train,True
C:\Users\Asus\PycharmProjects\AquaVision_v1\datasets\fish\New Dataset\train_split\Bacterial gill disease\Bacterial gill disease_aug_43.jpg,Bacterial gill disease,fish,train,True
C:\Users\Asus\PycharmProjects\AquaVision_v1\datasets\fish\New Dataset\train_split\Bacterial gill disease\Bacterial gill disease_aug_44.jpg,Bacterial gill disease,fish,train,True
C:\Users\Asus\PycharmProjects\AquaVision_v1\datasets\fish\New Dataset\train_split\Bacterial gill disease\Bacterial gill disease_aug_45.jpg,Bacterial gill disease,fish,train,True
C:\Users\Asus\PycharmProjects\AquaVision_v1\datasets\fish\New Dataset\train_split\Bacterial gill disease\Bacterial gill disease_aug_46.jpg,Bacterial gill disease,fish,train,True
C:\Users\Asus\PycharmProjects\AquaVision_v1\datasets\fish\New Dataset\train_split\Bacterial gill disease\Bacterial gill disease_aug_47.jpg,Bacterial gill disease,fish,train,True
C:\Users\Asus\PycharmProjects\AquaVision_v1\datasets\fish\New Dataset\train_split\Bacterial gill disease\Bacterial gill disease_aug_48.jpg,Bacterial gill disease,fish,train,True
C:\Users\Asus\PycharmProjects\AquaVision_v1\datasets\fish\New Dataset\train_split\Bacterial gill disease\Bacterial gill disease_aug_49.jpg,Bacterial gill disease,fish,train,True
C:\Users\Asus\PycharmProjects\AquaVision_v1\datasets\fish\New Dataset\train_split\Bacterial gill disease\Bacterial gill disease_aug_5.jpg,Bacterial gill disease,fish,train,True
C:\Users\Asus\PycharmProjects\AquaVision_v1\datasets\fish\New Dataset\train_split\Bacterial gill disease\Bacterial gill disease_aug_50.jpg,Bacterial gill disease,fish,train,True
C:\Users\Asus\PycharmProjects\AquaVision_v1\datasets\fish\New Dataset\train_split\Bacterial gill disease\Bacterial gill disease_aug_51.jpg,Bacterial gill disease,fish,train,True
C:\Users\Asus\PycharmProjects\AquaVision_v1\datasets\fish\New Dataset\train_split\Bacterial gill disease\Bacterial gill disease_aug_52.jpg,Bacterial gill disease,fish,train,True
C:\Users\Asus\PycharmProjects\AquaVision_v1\datasets\fish\New Dataset\train_split\Bacterial gill disease\Bacterial gill disease_aug_53.jpg,Bacterial gill disease,fish,train,True
C:\Users\Asus\PycharmProjects\AquaVision_v1\datasets\fish\New Dataset\train_split\Bacterial gill disease\Bacterial gill disease_aug_54.jpg,Bacterial gill disease,fish,train,True
C:\Users\Asus\PycharmProjects\AquaVision_v1\datasets\fish\New Dataset\train_split\Bacterial gill disease\Bacterial gill disease_aug_55.jpg,Bacterial gill disease,fish,train,True
C:\Users\Asus\PycharmProjects\AquaVision_v1\datasets\fish\New Dataset\train_split\Bacterial gill disease\Bacterial gill disease_aug_56.jpg,Bacterial gill disease,fish,train,True
C:\Users\Asus\PycharmProjects\AquaVision_v1\datasets\fish\New Dataset\train_split\Bacterial gill disease\Bacterial gill disease_aug_57.jpg,Bacterial gill disease,fish,train,True
C:\Users\Asus\PycharmProjects\AquaVision_v1\datasets\fish\New Dataset\train_split\Bacterial gill disease\Bacterial gill disease_aug_58.jpg,Bacterial gill disease,fish,train,True
C:\Users\Asus\PycharmProjects\AquaVision_v1\datasets\fish\New Dataset\train_split\Bacterial gill disease\Bacterial gill disease_aug_6.jpg,Bacterial gill disease,fish,train,True
C:\Users\Asus\PycharmProjects\AquaVision_v1\datasets\fish\New Dataset\train_split\Bacterial gill disease\Bacterial gill disease_aug_60.jpg,Bacterial gill disease,fish,train,True
C:\Users\Asus\PycharmProjects\AquaVision_v1\datasets\fish\New Dataset\train_split\Bacterial gill disease\Bacterial gill disease_aug_61.jpg,Bacterial gill disease,fish,train,True
C:\Users\Asus\PycharmProjects\AquaVision_v1\datasets\fish\New Dataset\train_split\Bacterial gill disease\Bacterial gill disease_aug_62.jpg,Bacterial gill disease,fish,train,True
C:\Users\Asus\PycharmProjects\AquaVision_v1\datasets\fish\New Dataset\train_split\Bacterial gill disease\Bacterial gill disease_aug_65.jpg,Bacterial gill disease,fish,train,True
C:\Users\Asus\PycharmProjects\AquaVision_v1\datasets\fish\New Dataset\train_split\Bacterial gill disease\Bacterial gill disease_aug_66.jpg,Bacterial gill disease,fish,train,True
C:\Users\Asus\PycharmProjects\AquaVision_v1\datasets\fish\New Dataset\train_split\Bacterial gill disease\Bacterial gill disease_aug_67.jpg,Bacterial gill disease,fish,train,True
C:\Users\Asus\PycharmProjects\AquaVision_v1\datasets\fish\New Dataset\train_split\Bacterial gill disease\Bacterial gill disease_aug_69.jpg,Bacterial gill disease,fish,train,True
C:\Users\Asus\PycharmProjects\AquaVision_v1\datasets\fish\New Dataset\train_split\Bacterial gill disease\Bacterial gill disease_aug_70.jpg,Bacterial gill disease,fish,train,True
C:\Users\Asus\PycharmProjects\AquaVision_v1\datasets\fish\New Dataset\train_split\Bacterial gill disease\Bacterial gill disease_aug_71.jpg,Bacterial gill disease,fish,train,True
C:\Users\Asus\PycharmProjects\AquaVision_v1\datasets\fish\New Dataset\train_split\Bacterial gill disease\Bacterial gill disease_aug_72.jpg,Bacterial gill disease,fish,train,True
C:\Users\Asus\PycharmProjects\AquaVision_v1\datasets\fish\New Dataset\train_split\Bacterial gill disease\Bacterial gill disease_aug_73.jpg,Bacterial gill disease,fish,train,True
C:\Users\Asus\PycharmProjects\AquaVision_v1\datasets\fish\New Dataset\train_split\Bacterial gill disease\Bacterial gill disease_aug_74.jpg,Bacterial gill disease,fish,train,True
C:\Users\Asus\PycharmProjects\AquaVision_v1\datasets\fish\New Dataset\train_split\Bacterial gill disease\Bacterial gill disease_aug_76.jpg,Bacterial gill disease,fish,train,True
C:\Users\Asus\PycharmProjects\AquaVision_v1\datasets\fish\New Dataset\train_split\Bacterial gill disease\Bacterial gill disease_aug_77.jpg,Bacterial gill disease,fish,train,True
C:\Users\Asus\PycharmProjects\AquaVision_v1\datasets\fish\New Dataset\train_split\Bacterial gill disease\Bacterial gill disease_aug_78.jpg,Bacterial gill disease,fish,train,True
C:\Users\Asus\PycharmProjects\AquaVision_v1\datasets\fish\New Dataset\train_split\Bacterial gill disease\Bacterial gill disease_aug_8.jpg,Bacterial gill disease,fish,train,True
C:\Users\Asus\PycharmProjects\AquaVision_v1\datasets\fish\New Dataset\train_split\Bacterial gill disease\Bacterial gill disease_aug_81.jpg,Bacterial gill disease,fish,train,True
C:\Users\Asus\PycharmProjects\AquaVision_v1\datasets\fish\New Dataset\train_split\Bacterial gill disease\Bacterial gill disease_aug_82.jpg,Bacterial gill disease,fish,train,True
C:\Users\Asus\PycharmProjects\AquaVision_v1\datasets\fish\New Dataset\train_split\Bacterial gill disease\Bacterial gill disease_aug_83.jpg,Bacterial gill disease,fish,train,True
C:\Users\Asus\PycharmProjects\AquaVision_v1\datasets\fish\New Dataset\train_split\Bacterial gill disease\Bacterial gill disease_aug_84.jpg,Bacterial gill disease,fish,train,True
C:\Users\Asus\PycharmProjects\AquaVision_v1\datasets\fish\New Dataset\train_split\Bacterial gill disease\Bacterial gill disease_aug_85.jpg,Bacterial gill disease,fish,train,True
C:\Users\Asus\PycharmProjects\AquaVision_v1\datasets\fish\New Dataset\train_split\Bacterial gill disease\Bacterial gill disease_aug_86.jpg,Bacterial gill disease,fish,train,True
C:\Users\Asus\PycharmProjects\AquaVision_v1\datasets\fish\New Dataset\train_split\Bacterial gill disease\Bacterial gill disease_aug_87.jpg,Bacterial gill disease,fish,train,True
C:\Users\Asus\PycharmProjects\AquaVision_v1\datasets\fish\New Dataset\train_split\Bacterial gill disease\Bacterial gill disease_aug_88.jpg,Bacterial gill disease,fish,train,True
C:\Users\Asus\PycharmProjects\AquaVision_v1\datasets\fish\New Dataset\train_split\Bacterial gill disease\Bacterial gill disease_aug_89.jpg,Bacterial gill disease,fish,train,True
C:\Users\Asus\PycharmProjects\AquaVision_v1\datasets\fish\New Dataset\train_split\Bacterial gill disease\Bacterial gill disease_aug_94.jpg,Bacterial gill disease,fish,train,True
C:\Users\Asus\PycharmProjects\AquaVision_v1\datasets\fish\New Dataset\train_split\Bacterial gill disease\Bacterial gill disease_aug_95.jpg,Bacterial gill disease,fish,train,True
C:\Users\Asus\PycharmProjects\AquaVision_v1\datasets\fish\New Dataset\train_split\Bacterial gill disease\Bacterial gill disease_aug_96.jpg,Bacterial gill disease,fish,train,True
C:\Users\Asus\PycharmProjects\AquaVision_v1\datasets\fish\New Dataset\train_split\Bacterial gill disease\Bacterial gill disease_aug_97.jpg,Bacterial gill disease,fish,train,True
C:\Users\Asus\PycharmProjects\AquaVision_v1\datasets\fish\New Dataset\train_split\Bacterial gill disease\Bacterial gill disease_aug_98.jpg,Bacterial gill disease,fish,train,True
C:\Users\Asus\PycharmProjects\AquaVision_v1\datasets\fish\New Dataset\train_split\Bacterial gill disease\Bacterial gill disease_aug_99.jpg,Bacterial gill disease,fish,train,True
C:\Users\Asus\PycharmProjects\AquaVision_v1\datasets\fish\New Dataset\train_split\Bacterial Red disease\Bacterial Red disease_100.jpg,Bacterial Red disease,fish,train,False
C:\Users\Asus\PycharmProjects\AquaVision_v1\datasets\fish\New Dataset\train_split\Bacterial Red disease\Bacterial Red disease_101.jpg,Bacterial Red disease,fish,train,False
C:\Users\Asus\PycharmProjects\AquaVision_v1\datasets\fish\New Dataset\train_split\Bacterial Red disease\Bacterial Red disease_102.jpg,Bacterial Red disease,fish,train,False
C:\Users\Asus\PycharmProjects\AquaVision_v1\datasets\fish\New Dataset\train_split\Bacterial Red disease\Bacterial Red disease_11.jpg,Bacterial Red disease,fish,train,False
C:\Users\Asus\PycharmProjects\AquaVision_v1\datasets\fish\New Dataset\train_split\Bacterial Red disease\Bacterial Red disease_112.jpg,Bacterial Red disease,fish,train,False
C:\Users\Asus\PycharmProjects\AquaVision_v1\datasets\fish\New Dataset\train_split\Bacterial Red disease\Bacterial Red disease_114.jpg,Bacterial Red disease,fish,train,False
C:\Users\Asus\PycharmProjects\AquaVision_v1\datasets\fish\New Dataset\train_split\Bacterial Red disease\Bacterial Red disease_115.jpg,Bacterial Red disease,fish,train,False
C:\Users\Asus\PycharmProjects\AquaVision_v1\datasets\fish\New Dataset\train_split\Bacterial Red disease\Bacterial Red disease_116.jpg,Bacterial Red disease,fish,train,False
C:\Users\Asus\PycharmProjects\AquaVision_v1\datasets\fish\New Dataset\train_split\Bacterial Red disease\Bacterial Red disease_119.jpg,Bacterial Red disease,fish,train,False
C:\Users\Asus\PycharmProjects\AquaVision_v1\datasets\fish\New Dataset\train_split\Bacterial Red disease\Bacterial Red disease_122.jpg,Bacterial Red disease,fish,train,False
C:\Users\Asus\PycharmProjects\AquaVision_v1\datasets\fish\New Dataset\train_split\Bacterial Red disease\Bacterial Red disease_123.jpg,Bacterial Red disease,fish,train,False
C:\Users\Asus\PycharmProjects\AquaVision_v1\datasets\fish\New Dataset\train_split\Bacterial Red disease\Bacterial Red disease_125.jpg,Bacterial Red disease,fish,train,False
C:\Users\Asus\PycharmProjects\AquaVision_v1\datasets\fish\New Dataset\train_split\Bacterial Red disease\Bacterial Red disease_126.jpg,Bacterial Red disease,fish,train,False
C:\Users\Asus\PycharmProjects\AquaVision_v1\datasets\fish\New Dataset\train_split\Bacterial Red disease\Bacterial Red disease_127.jpg,Bacterial Red disease,fish,train,False
C:\Users\Asus\PycharmProjects\AquaVision_v1\datasets\fish\New Dataset\train_split\Bacterial Red disease\Bacterial Red disease_128.jpg,Bacterial Red disease,fish,train,False
C:\Users\Asus\PycharmProjects\AquaVision_v1\datasets\fish\New Dataset\train_split\Bacterial Red disease\Bacterial Red disease_13.jpg,Bacterial Red disease,fish,train,False
C:\Users\Asus\PycharmProjects\AquaVision_v1\datasets\fish\New Dataset\train_split\Bacterial Red disease\Bacterial Red disease_131.jpg,Bacterial Red disease,fish,train,False
C:\Users\Asus\PycharmProjects\AquaVision_v1\datasets\fish\New Dataset\train_split\Bacterial Red disease\Bacterial Red disease_134.jpg,Bacterial Red disease,fish,train,False
C:\Users\Asus\PycharmProjects\AquaVision_v1\datasets\fish\New Dataset\train_split\Bacterial Red disease\Bacterial Red disease_135.jpg,Bacterial Red disease,fish,train,False
C:\Users\Asus\PycharmProjects\AquaVision_v1\datasets\fish\New Dataset\train_split\Bacterial Red disease\Bacterial Red disease_136.jpg,Bacterial Red disease,fish,train,False
C:\Users\Asus\PycharmProjects\AquaVision_v1\datasets\fish\New Dataset\train_split\Bacterial Red disease\Bacterial Red disease_137.jpg,Bacterial Red disease,fish,train,False
C:\Users\Asus\PycharmProjects\AquaVision_v1\datasets\fish\New Dataset\train_split\Bacterial Red disease\Bacterial Red disease_143.jpg,Bacterial Red disease,fish,train,False
C:\Users\Asus\PycharmProjects\AquaVision_v1\datasets\fish\New Dataset\train_split\Bacterial Red disease\Bacterial Red disease_145.jpg,Bacterial Red disease,fish,train,False
C:\Users\Asus\PycharmProjects\AquaVision_v1\datasets\fish\New Dataset\train_split\Bacterial Red disease\Bacterial Red disease_146.jpg,Bacterial Red disease,fish,train,False
C:\Users\Asus\PycharmProjects\AquaVision_v1\datasets\fish\New Dataset\train_split\Bacterial Red disease\Bacterial Red disease_148.jpg,Bacterial Red disease,fish,train,False
C:\Users\Asus\PycharmProjects\AquaVision_v1\datasets\fish\New Dataset\train_split\Bacterial Red disease\Bacterial Red disease_150.jpg,Bacterial Red disease,fish,train,False
C:\Users\Asus\PycharmProjects\AquaVision_v1\datasets\fish\New Dataset\train_split\Bacterial Red disease\Bacterial Red disease_151.jpg,Bacterial Red disease,fish,train,False
C:\Users\Asus\PycharmProjects\AquaVision_v1\datasets\fish\New Dataset\train_split\Bacterial Red disease\Bacterial Red disease_152.jpg,Bacterial Red disease,fish,train,False
C:\Users\Asus\PycharmProjects\AquaVision_v1\datasets\fish\New Dataset\train_split\Bacterial Red disease\Bacterial Red disease_153.jpg,Bacterial Red disease,fish,train,False
C:\Users\Asus\PycharmProjects\AquaVision_v1\datasets\fish\New Dataset\train_split\Bacterial Red disease\Bacterial Red disease_154.jpg,Bacterial Red disease,fish,train,False
C:\Users\Asus\PycharmProjects\AquaVision_v1\datasets\fish\New Dataset\train_split\Bacterial Red disease\Bacterial Red disease_156.jpg,Bacterial Red disease,fish,train,False
C:\Users\Asus\PycharmProjects\AquaVision_v1\datasets\fish\New Dataset\train_split\Bacterial Red disease\Bacterial Red disease_157.jpg,Bacterial Red disease,fish,train,False
C:\Users\Asus\PycharmProjects\AquaVision_v1\datasets\fish\New Dataset\train_split\Bacterial Red disease\Bacterial Red disease_158.jpg,Bacterial Red disease,fish,train,False
C:\Users\Asus\PycharmProjects\AquaVision_v1\datasets\fish\New Dataset\train_split\Bacterial Red disease\Bacterial Red disease_159.jpg,Bacterial Red disease,fish,train,False
C:\Users\Asus\PycharmProjects\AquaVision_v1\datasets\fish\New Dataset\train_split\Bacterial Red disease\Bacterial Red disease_160.jpg,Bacterial Red disease,fish,train,False
C:\Users\Asus\PycharmProjects\AquaVision_v1\datasets\fish\New Dataset\train_split\Bacterial Red disease\Bacterial Red disease_162.jpg,Bacterial Red disease,fish,train,False
C:\Users\Asus\PycharmProjects\AquaVision_v1\datasets\fish\New Dataset\train_split\Bacterial Red disease\Bacterial Red disease_163.jpg,Bacterial Red disease,fish,train,False
C:\Users\Asus\PycharmProjects\AquaVision_v1\datasets\fish\New Dataset\train_split\Bacterial Red disease\Bacterial Red disease_173.jpg,Bacterial Red disease,fish,train,False
C:\Users\Asus\PycharmProjects\AquaVision_v1\datasets\fish\New Dataset\train_split\Bacterial Red disease\Bacterial Red disease_174.jpg,Bacterial Red disease,fish,train,False
C:\Users\Asus\PycharmProjects\AquaVision_v1\datasets\fish\New Dataset\train_split\Bacterial Red disease\Bacterial Red disease_176.jpg,Bacterial Red disease,fish,train,False
C:\Users\Asus\PycharmProjects\AquaVision_v1\datasets\fish\New Dataset\train_split\Bacterial Red disease\Bacterial Red disease_178.jpg,Bacterial Red disease,fish,train,False
C:\Users\Asus\PycharmProjects\AquaVision_v1\datasets\fish\New Dataset\train_split\Bacterial Red disease\Bacterial Red disease_179.jpg,Bacterial Red disease,fish,train,False
C:\Users\Asus\PycharmProjects\AquaVision_v1\datasets\fish\New Dataset\train_split\Bacterial Red disease\Bacterial Red disease_18.jpg,Bacterial Red disease,fish,train,False
C:\Users\Asus\PycharmProjects\AquaVision_v1\datasets\fish\New Dataset\train_split\Bacterial Red disease\Bacterial Red disease_181.jpg,Bacterial Red disease,fish,train,False
C:\Users\Asus\PycharmProjects\AquaVision_v1\datasets\fish\New Dataset\train_split\Bacterial Red disease\Bacterial Red disease_182.jpg,Bacterial Red disease,fish,train,False
C:\Users\Asus\PycharmProjects\AquaVision_v1\datasets\fish\New Dataset\train_split\Bacterial Red disease\Bacterial Red disease_183.jpg,Bacterial Red disease,fish,train,False
C:\Users\Asus\PycharmProjects\AquaVision_v1\datasets\fish\New Dataset\train_split\Bacterial Red disease\Bacterial Red disease_184.jpg,Bacterial Red disease,fish,train,False
C:\Users\Asus\PycharmProjects\AquaVision_v1\datasets\fish\New Dataset\train_split\Bacterial Red disease\Bacterial Red disease_185.jpg,Bacterial Red disease,fish,train,False
C:\Users\Asus\PycharmProjects\AquaVision_v1\datasets\fish\New Dataset\train_split\Bacterial Red disease\Bacterial Red disease_187.jpg,Bacterial Red disease,fish,train,False
C:\Users\Asus\PycharmProjects\AquaVision_v1\datasets\fish\New Dataset\train_split\Bacterial Red disease\Bacterial Red disease_189.jpg,Bacterial Red disease,fish,train,False
C:\Users\Asus\PycharmProjects\AquaVision_v1\datasets\fish\New Dataset\train_split\Bacterial Red disease\Bacterial Red disease_19.jpg,Bacterial Red disease,fish,train,False
C:\Users\Asus\PycharmProjects\AquaVision_v1\datasets\fish\New Dataset\train_split\Bacterial Red disease\Bacterial Red disease_192.jpg,Bacterial Red disease,fish,train,False
C:\Users\Asus\PycharmProjects\AquaVision_v1\datasets\fish\New Dataset\train_split\Bacterial Red disease\Bacterial Red disease_193.jpg,Bacterial Red disease,fish,train,False
C:\Users\Asus\PycharmProjects\AquaVision_v1\datasets\fish\New Dataset\train_split\Bacterial Red disease\Bacterial Red disease_194.jpg,Bacterial Red disease,fish,train,False
C:\Users\Asus\PycharmProjects\AquaVision_v1\datasets\fish\New Dataset\train_split\Bacterial Red disease\Bacterial Red disease_195.jpg,Bacterial Red disease,fish,train,False
C:\Users\Asus\PycharmProjects\AquaVision_v1\datasets\fish\New Dataset\train_split\Bacterial Red disease\Bacterial Red disease_196.jpg,Bacterial Red disease,fish,train,False
C:\Users\Asus\PycharmProjects\AquaVision_v1\datasets\fish\New Dataset\train_split\Bacterial Red disease\Bacterial Red disease_197.jpg,Bacterial Red disease,fish,train,False
C:\Users\Asus\PycharmProjects\AquaVision_v1\datasets\fish\New Dataset\train_split\Bacterial Red disease\Bacterial Red disease_198.jpg,Bacterial Red disease,fish,train,False
C:\Users\Asus\PycharmProjects\AquaVision_v1\datasets\fish\New Dataset\train_split\Bacterial Red disease\Bacterial Red disease_199.jpg,Bacterial Red disease,fish,train,False
C:\Users\Asus\PycharmProjects\AquaVision_v1\datasets\fish\New Dataset\train_split\Bacterial Red disease\Bacterial Red disease_200.jpg,Bacterial Red disease,fish,train,False
C:\Users\Asus\PycharmProjects\AquaVision_v1\datasets\fish\New Dataset\train_split\Bacterial Red disease\Bacterial Red disease_201.jpg,Bacterial Red disease,fish,train,False
C:\Users\Asus\PycharmProjects\AquaVision_v1\datasets\fish\New Dataset\train_split\Bacterial Red disease\Bacterial Red disease_202.jpg,Bacterial Red disease,fish,train,False
C:\Users\Asus\PycharmProjects\AquaVision_v1\datasets\fish\New Dataset\train_split\Bacterial Red disease\Bacterial Red disease_206.jpg,Bacterial Red disease,fish,train,False
C:\Users\Asus\PycharmProjects\AquaVision_v1\datasets\fish\New Dataset\train_split\Bacterial Red disease\Bacterial Red disease_207.jpg,Bacterial Red disease,fish,train,False
C:\Users\Asus\PycharmProjects\AquaVision_v1\datasets\fish\New Dataset\train_split\Bacterial Red disease\Bacterial Red disease_208.jpg,Bacterial Red disease,fish,train,False
C:\Users\Asus\PycharmProjects\AquaVision_v1\datasets\fish\New Dataset\train_split\Bacterial Red disease\Bacterial Red disease_209.jpg,Bacterial Red disease,fish,train,False
C:\Users\Asus\PycharmProjects\AquaVision_v1\datasets\fish\New Dataset\train_split\Bacterial Red disease\Bacterial Red disease_21.jpg,Bacterial Red disease,fish,train,False
C:\Users\Asus\PycharmProjects\AquaVision_v1\datasets\fish\New Dataset\train_split\Bacterial Red disease\Bacterial Red disease_211.jpg,Bacterial Red disease,fish,train,False
C:\Users\Asus\PycharmProjects\AquaVision_v1\datasets\fish\New Dataset\train_split\Bacterial Red disease\Bacterial Red disease_217.jpg,Bacterial Red disease,fish,train,False
C:\Users\Asus\PycharmProjects\AquaVision_v1\datasets\fish\New Dataset\train_split\Bacterial Red disease\Bacterial Red disease_218.jpg,Bacterial Red disease,fish,train,False
C:\Users\Asus\PycharmProjects\AquaVision_v1\datasets\fish\New Dataset\train_split\Bacterial Red disease\Bacterial Red disease_219.jpg,Bacterial Red disease,fish,train,False
C:\Users\Asus\PycharmProjects\AquaVision_v1\datasets\fish\New Dataset\train_split\Bacterial Red disease\Bacterial Red disease_22.png,Bacterial Red disease,fish,train,False
C:\Users\Asus\PycharmProjects\AquaVision_v1\datasets\fish\New Dataset\train_split\Bacterial Red disease\Bacterial Red disease_222.jpg,Bacterial Red disease,fish,train,False
C:\Users\Asus\PycharmProjects\AquaVision_v1\datasets\fish\New Dataset\train_split\Bacterial Red disease\Bacterial Red disease_223.jpg,Bacterial Red disease,fish,train,False
C:\Users\Asus\PycharmProjects\AquaVision_v1\datasets\fish\New Dataset\train_split\Bacterial Red disease\Bacterial Red disease_225.jpg,Bacterial Red disease,fish,train,False
C:\Users\Asus\PycharmProjects\AquaVision_v1\datasets\fish\New Dataset\train_split\Bacterial Red disease\Bacterial Red disease_233.jpg,Bacterial Red disease,fish,train,False
C:\Users\Asus\PycharmProjects\AquaVision_v1\datasets\fish\New Dataset\train_split\Bacterial Red disease\Bacterial Red disease_234.jpg,Bacterial Red disease,fish,train,False
C:\Users\Asus\PycharmProjects\AquaVision_v1\datasets\fish\New Dataset\train_split\Bacterial Red disease\Bacterial Red disease_235.jpg,Bacterial Red disease,fish,train,False
C:\Users\Asus\PycharmProjects\AquaVision_v1\datasets\fish\New Dataset\train_split\Bacterial Red disease\Bacterial Red disease_236.jpg,Bacterial Red disease,fish,train,False
C:\Users\Asus\PycharmProjects\AquaVision_v1\datasets\fish\New Dataset\train_split\Bacterial Red disease\Bacterial Red disease_237.jpg,Bacterial Red disease,fish,train,False
C:\Users\Asus\PycharmProjects\AquaVision_v1\datasets\fish\New Dataset\train_split\Bacterial Red disease\Bacterial Red disease_25.jpg,Bacterial Red disease,fish,train,False
C:\Users\Asus\PycharmProjects\AquaVision_v1\datasets\fish\New Dataset\train_split\Bacterial Red disease\Bacterial Red disease_250.jpg,Bacterial Red disease,fish,train,False
C:\Users\Asus\PycharmProjects\AquaVision_v1\datasets\fish\New Dataset\train_split\Bacterial Red disease\Bacterial Red disease_251.jpg,Bacterial Red disease,fish,train,False
C:\Users\Asus\PycharmProjects\AquaVision_v1\datasets\fish\New Dataset\train_split\Bacterial Red disease\Bacterial Red disease_26.jpg,Bacterial Red disease,fish,train,False
C:\Users\Asus\PycharmProjects\AquaVision_v1\datasets\fish\New Dataset\train_split\Bacterial Red disease\Bacterial Red disease_27.jpg,Bacterial Red disease,fish,train,False
C:\Users\Asus\PycharmProjects\AquaVision_v1\datasets\fish\New Dataset\train_split\Bacterial Red disease\Bacterial Red disease_28.jpg,Bacterial Red disease,fish,train,False
C:\Users\Asus\PycharmProjects\AquaVision_v1\datasets\fish\New Dataset\train_split\Bacterial Red disease\Bacterial Red disease_29.jpg,Bacterial Red disease,fish,train,False
C:\Users\Asus\PycharmProjects\AquaVision_v1\datasets\fish\New Dataset\train_split\Bacterial Red disease\Bacterial Red disease_3.png,Bacterial Red disease,fish,train,False
C:\Users\Asus\PycharmProjects\AquaVision_v1\datasets\fish\New Dataset\train_split\Bacterial Red disease\Bacterial Red disease_30.jpg,Bacterial Red disease,fish,train,False
C:\Users\Asus\PycharmProjects\AquaVision_v1\datasets\fish\New Dataset\train_split\Bacterial Red disease\Bacterial Red disease_32.png,Bacterial Red disease,fish,train,False
C:\Users\Asus\PycharmProjects\AquaVision_v1\datasets\fish\New Dataset\train_split\Bacterial Red disease\Bacterial Red disease_33.jpg,Bacterial Red disease,fish,train,False
C:\Users\Asus\PycharmProjects\AquaVision_v1\datasets\fish\New Dataset\train_split\Bacterial Red disease\Bacterial Red disease_34.jpg,Bacterial Red disease,fish,train,False
C:\Users\Asus\PycharmProjects\AquaVision_v1\datasets\fish\New Dataset\train_split\Bacterial Red disease\Bacterial Red disease_35.jpg,Bacterial Red disease,fish,train,False
C:\Users\Asus\PycharmProjects\AquaVision_v1\datasets\fish\New Dataset\train_split\Bacterial Red disease\Bacterial Red disease_36.jpg,Bacterial Red disease,fish,train,False
C:\Users\Asus\PycharmProjects\AquaVision_v1\datasets\fish\New Dataset\train_split\Bacterial Red disease\Bacterial Red disease_37.jpg,Bacterial Red disease,fish,train,False
C:\Users\Asus\PycharmProjects\AquaVision_v1\datasets\fish\New Dataset\train_split\Bacterial Red disease\Bacterial Red disease_38.jpg,Bacterial Red disease,fish,train,False
C:\Users\Asus\PycharmProjects\AquaVision_v1\datasets\fish\New Dataset\train_split\Bacterial Red disease\Bacterial Red disease_40.jpg,Bacterial Red disease,fish,train,False
C:\Users\Asus\PycharmProjects\AquaVision_v1\datasets\fish\New Dataset\train_split\Bacterial Red disease\Bacterial Red disease_43.jpg,Bacterial Red disease,fish,train,False
C:\Users\Asus\PycharmProjects\AquaVision_v1\datasets\fish\New Dataset\train_split\Bacterial Red disease\Bacterial Red disease_44.png,Bacterial Red disease,fish,train,False
C:\Users\Asus\PycharmProjects\AquaVision_v1\datasets\fish\New Dataset\train_split\Bacterial Red disease\Bacterial Red disease_45.jpg,Bacterial Red disease,fish,train,False
C:\Users\Asus\PycharmProjects\AquaVision_v1\datasets\fish\New Dataset\train_split\Bacterial Red disease\Bacterial Red disease_49.jpg,Bacterial Red disease,fish,train,False
C:\Users\Asus\PycharmProjects\AquaVision_v1\datasets\fish\New Dataset\train_split\Bacterial Red disease\Bacterial Red disease_5.jpg,Bacterial Red disease,fish,train,False
C:\Users\Asus\PycharmProjects\AquaVision_v1\datasets\fish\New Dataset\train_split\Bacterial Red disease\Bacterial Red disease_52.jpg,Bacterial Red disease,fish,train,False
C:\Users\Asus\PycharmProjects\AquaVision_v1\datasets\fish\New Dataset\train_split\Bacterial Red disease\Bacterial Red disease_56.png,Bacterial Red disease,fish,train,False
C:\Users\Asus\PycharmProjects\AquaVision_v1\datasets\fish\New Dataset\train_split\Bacterial Red disease\Bacterial Red disease_62.jpg,Bacterial Red disease,fish,train,False
C:\Users\Asus\PycharmProjects\AquaVision_v1\datasets\fish\New Dataset\train_split\Bacterial Red disease\Bacterial Red disease_63.jpg,Bacterial Red disease,fish,train,False
C:\Users\Asus\PycharmProjects\AquaVision_v1\datasets\fish\New Dataset\train_split\Bacterial Red disease\Bacterial Red disease_64.jpg,Bacterial Red disease,fish,train,False
C:\Users\Asus\PycharmProjects\AquaVision_v1\datasets\fish\New Dataset\train_split\Bacterial Red disease\Bacterial Red disease_68.png,Bacterial Red disease,fish,train,False
C:\Users\Asus\PycharmProjects\AquaVision_v1\datasets\fish\New Dataset\train_split\Bacterial Red disease\Bacterial Red disease_69.jpg,Bacterial Red disease,fish,train,False
C:\Users\Asus\PycharmProjects\AquaVision_v1\datasets\fish\New Dataset\train_split\Bacterial Red disease\Bacterial Red disease_7.jpg,Bacterial Red disease,fish,train,False
C:\Users\Asus\PycharmProjects\AquaVision_v1\datasets\fish\New Dataset\train_split\Bacterial Red disease\Bacterial Red disease_70.jpg,Bacterial Red disease,fish,train,False
C:\Users\Asus\PycharmProjects\AquaVision_v1\datasets\fish\New Dataset\train_split\Bacterial Red disease\Bacterial Red disease_71.jpg,Bacterial Red disease,fish,train,False
C:\Users\Asus\PycharmProjects\AquaVision_v1\datasets\fish\New Dataset\train_split\Bacterial Red disease\Bacterial Red disease_72.jpg,Bacterial Red disease,fish,train,False
C:\Users\Asus\PycharmProjects\AquaVision_v1\datasets\fish\New Dataset\train_split\Bacterial Red disease\Bacterial Red disease_75.jpg,Bacterial Red disease,fish,train,False
C:\Users\Asus\PycharmProjects\AquaVision_v1\datasets\fish\New Dataset\train_split\Bacterial Red disease\Bacterial Red disease_8.jpg,Bacterial Red disease,fish,train,False
C:\Users\Asus\PycharmProjects\AquaVision_v1\datasets\fish\New Dataset\train_split\Bacterial Red disease\Bacterial Red disease_80.jpg,Bacterial Red disease,fish,train,False
C:\Users\Asus\PycharmProjects\AquaVision_v1\datasets\fish\New Dataset\train_split\Bacterial Red disease\Bacterial Red disease_83.jpg,Bacterial Red disease,fish,train,False
C:\Users\Asus\PycharmProjects\AquaVision_v1\datasets\fish\New Dataset\train_split\Bacterial Red disease\Bacterial Red disease_84.jpg,Bacterial Red disease,fish,train,False
C:\Users\Asus\PycharmProjects\AquaVision_v1\datasets\fish\New Dataset\train_split\Bacterial Red disease\Bacterial Red disease_85.jpg,Bacterial Red disease,fish,train,False
C:\Users\Asus\PycharmProjects\AquaVision_v1\datasets\fish\New Dataset\train_split\Bacterial Red disease\Bacterial Red disease_88.jpg,Bacterial Red disease,fish,train,False
C:\Users\Asus\PycharmProjects\AquaVision_v1\datasets\fish\New Dataset\train_split\Bacterial Red disease\Bacterial Red disease_91.jpg,Bacterial Red disease,fish,train,False
C:\Users\Asus\PycharmProjects\AquaVision_v1\datasets\fish\New Dataset\train_split\Bacterial Red disease\Bacterial Red disease_93.jpg,Bacterial Red disease,fish,train,False
C:\Users\Asus\PycharmProjects\AquaVision_v1\datasets\fish\New Dataset\train_split\Bacterial Red disease\Bacterial Red disease_95.jpg,Bacterial Red disease,fish,train,False
C:\Users\Asus\PycharmProjects\AquaVision_v1\datasets\fish\New Dataset\train_split\Bacterial Red disease\Bacterial Red disease_97.jpg,Bacterial Red disease,fish,train,False
C:\Users\Asus\PycharmProjects\AquaVision_v1\datasets\fish\New Dataset\train_split\Bacterial Red disease\Bacterial Red disease_98.jpg,Bacterial Red disease,fish,train,False
C:\Users\Asus\PycharmProjects\AquaVision_v1\datasets\fish\New Dataset\train_split\Bacterial Red disease\Bacterial Red disease_aug_0.jpg,Bacterial Red disease,fish,train,True
C:\Users\Asus\PycharmProjects\AquaVision_v1\datasets\fish\New Dataset\train_split\Bacterial Red disease\Bacterial Red disease_aug_1.jpg,Bacterial Red disease,fish,train,True
C:\Users\Asus\PycharmProjects\AquaVision_v1\datasets\fish\New Dataset\train_split\Bacterial Red disease\Bacterial Red disease_aug_100.jpg,Bacterial Red disease,fish,train,True
C:\Users\Asus\PycharmProjects\AquaVision_v1\datasets\fish\New Dataset\train_split\Bacterial Red disease\Bacterial Red disease_aug_102.jpg,Bacterial Red disease,fish,train,True
C:\Users\Asus\PycharmProjects\AquaVision_v1\datasets\fish\New Dataset\train_split\Bacterial Red disease\Bacterial Red disease_aug_103.jpg,Bacterial Red disease,fish,train,True
C:\Users\Asus\PycharmProjects\AquaVision_v1\datasets\fish\New Dataset\train_split\Bacterial Red disease\Bacterial Red disease_aug_104.jpg,Bacterial Red disease,fish,train,True
C:\Users\Asus\PycharmProjects\AquaVision_v1\datasets\fish\New Dataset\train_split\Bacterial Red disease\Bacterial Red disease_aug_106.jpg,Bacterial Red disease,fish,train,True
C:\Users\Asus\PycharmProjects\AquaVision_v1\datasets\fish\New Dataset\train_split\Bacterial Red disease\Bacterial Red disease_aug_107.jpg,Bacterial Red disease,fish,train,True
C:\Users\Asus\PycharmProjects\AquaVision_v1\datasets\fish\New Dataset\train_split\Bacterial Red disease\Bacterial Red disease_aug_11.jpg,Bacterial Red disease,fish,train,True
C:\Users\Asus\PycharmProjects\AquaVision_v1\datasets\fish\New Dataset\train_split\Bacterial Red disease\Bacterial Red disease_aug_110.jpg,Bacterial Red disease,fish,train,True
C:\Users\Asus\PycharmProjects\AquaVision_v1\datasets\fish\New Dataset\train_split\Bacterial Red disease\Bacterial Red disease_aug_112.jpg,Bacterial Red disease,fish,train,True
C:\Users\Asus\PycharmProjects\AquaVision_v1\datasets\fish\New Dataset\train_split\Bacterial Red disease\Bacterial Red disease_aug_114.jpg,Bacterial Red disease,fish,train,True
C:\Users\Asus\PycharmProjects\AquaVision_v1\datasets\fish\New Dataset\train_split\Bacterial Red disease\Bacterial Red disease_aug_115.jpg,Bacterial Red disease,fish,train,True
C:\Users\Asus\PycharmProjects\AquaVision_v1\datasets\fish\New Dataset\train_split\Bacterial Red disease\Bacterial Red disease_aug_116.jpg,Bacterial Red disease,fish,train,True
C:\Users\Asus\PycharmProjects\AquaVision_v1\datasets\fish\New Dataset\train_split\Bacterial Red disease\Bacterial Red disease_aug_117.jpg,Bacterial Red disease,fish,train,True
C:\Users\Asus\PycharmProjects\AquaVision_v1\datasets\fish\New Dataset\train_split\Bacterial Red disease\Bacterial Red disease_aug_118.jpg,Bacterial Red disease,fish,train,True
C:\Users\Asus\PycharmProjects\AquaVision_v1\datasets\fish\New Dataset\train_split\Bacterial Red disease\Bacterial Red disease_aug_119.jpg,Bacterial Red disease,fish,train,True
C:\Users\Asus\PycharmProjects\AquaVision_v1\datasets\fish\New Dataset\train_split\Bacterial Red disease\Bacterial Red disease_aug_12.jpg,Bacterial Red disease,fish,train,True
C:\Users\Asus\PycharmProjects\AquaVision_v1\datasets\fish\New Dataset\train_split\Bacterial Red disease\Bacterial Red disease_aug_121.jpg,Bacterial Red disease,fish,train,True
C:\Users\Asus\PycharmProjects\AquaVision_v1\datasets\fish\New Dataset\train_split\Bacterial Red disease\Bacterial Red disease_aug_122.jpg,Bacterial Red disease,fish,train,True
C:\Users\Asus\PycharmProjects\AquaVision_v1\datasets\fish\New Dataset\train_split\Bacterial Red disease\Bacterial Red disease_aug_123.jpg,Bacterial Red disease,fish,train,True
C:\Users\Asus\PycharmProjects\AquaVision_v1\datasets\fish\New Dataset\train_split\Bacterial Red disease\Bacterial Red disease_aug_124.jpg,Bacterial Red disease,fish,train,True
C:\Users\Asus\PycharmProjects\AquaVision_v1\datasets\fish\New Dataset\train_split\Bacterial Red disease\Bacterial Red disease_aug_125.jpg,Bacterial Red disease,fish,train,True
C:\Users\Asus\PycharmProjects\AquaVision_v1\datasets\fish\New Dataset\train_split\Bacterial Red disease\Bacterial Red disease_aug_126.jpg,Bacterial Red disease,fish,train,True
C:\Users\Asus\PycharmProjects\AquaVision_v1\datasets\fish\New Dataset\train_split\Bacterial Red disease\Bacterial Red disease_aug_127.jpg,Bacterial Red disease,fish,train,True
C:\Users\Asus\PycharmProjects\AquaVision_v1\datasets\fish\New Dataset\train_split\Bacterial Red disease\Bacterial Red disease_aug_128.jpg,Bacterial Red disease,fish,train,True
C:\Users\Asus\PycharmProjects\AquaVision_v1\datasets\fish\New Dataset\train_split\Bacterial Red disease\Bacterial Red disease_aug_129.jpg,Bacterial Red disease,fish,train,True
C:\Users\Asus\PycharmProjects\AquaVision_v1\datasets\fish\New Dataset\train_split\Bacterial Red disease\Bacterial Red disease_aug_13.jpg,Bacterial Red disease,fish,train,True
C:\Users\Asus\PycharmProjects\AquaVision_v1\datasets\fish\New Dataset\train_split\Bacterial Red disease\Bacterial Red disease_aug_130.jpg,Bacterial Red disease,fish,train,True
C:\Users\Asus\PycharmProjects\AquaVision_v1\datasets\fish\New Dataset\train_split\Bacterial Red disease\Bacterial Red disease_aug_131.jpg,Bacterial Red disease,fish,train,True
C:\Users\Asus\PycharmProjects\AquaVision_v1\datasets\fish\New Dataset\train_split\Bacterial Red disease\Bacterial Red disease_aug_132.jpg,Bacterial Red disease,fish,train,True
C:\Users\Asus\PycharmProjects\AquaVision_v1\datasets\fish\New Dataset\train_split\Bacterial Red disease\Bacterial Red disease_aug_133.jpg,Bacterial Red disease,fish,train,True
C:\Users\Asus\PycharmProjects\AquaVision_v1\datasets\fish\New Dataset\train_split\Bacterial Red disease\Bacterial Red disease_aug_134.jpg,Bacterial Red disease,fish,train,True
C:\Users\Asus\PycharmProjects\AquaVision_v1\datasets\fish\New Dataset\train_split\Bacterial Red disease\Bacterial Red disease_aug_135.jpg,Bacterial Red disease,fish,train,True
C:\Users\Asus\PycharmProjects\AquaVision_v1\datasets\fish\New Dataset\train_split\Bacterial Red disease\Bacterial Red disease_aug_136.jpg,Bacterial Red disease,fish,train,True
C:\Users\Asus\PycharmProjects\AquaVision_v1\datasets\fish\New Dataset\train_split\Bacterial Red disease\Bacterial Red disease_aug_137.jpg,Bacterial Red disease,fish,train,True
C:\Users\Asus\PycharmProjects\AquaVision_v1\datasets\fish\New Dataset\train_split\Bacterial Red disease\Bacterial Red disease_aug_138.jpg,Bacterial Red disease,fish,train,True
C:\Users\Asus\PycharmProjects\AquaVision_v1\datasets\fish\New Dataset\train_split\Bacterial Red disease\Bacterial Red disease_aug_139.jpg,Bacterial Red disease,fish,train,True
C:\Users\Asus\PycharmProjects\AquaVision_v1\datasets\fish\New Dataset\train_split\Bacterial Red disease\Bacterial Red disease_aug_14.jpg,Bacterial Red disease,fish,train,True
C:\Users\Asus\PycharmProjects\AquaVision_v1\datasets\fish\New Dataset\train_split\Bacterial Red disease\Bacterial Red disease_aug_140.jpg,Bacterial Red disease,fish,train,True
C:\Users\Asus\PycharmProjects\AquaVision_v1\datasets\fish\New Dataset\train_split\Bacterial Red disease\Bacterial Red disease_aug_141.jpg,Bacterial Red disease,fish,train,True
C:\Users\Asus\PycharmProjects\AquaVision_v1\datasets\fish\New Dataset\train_split\Bacterial Red disease\Bacterial Red disease_aug_142.jpg,Bacterial Red disease,fish,train,True
C:\Users\Asus\PycharmProjects\AquaVision_v1\datasets\fish\New Dataset\train_split\Bacterial Red disease\Bacterial Red disease_aug_143.jpg,Bacterial Red disease,fish,train,True
C:\Users\Asus\PycharmProjects\AquaVision_v1\datasets\fish\New Dataset\train_split\Bacterial Red disease\Bacterial Red disease_aug_144.jpg,Bacterial Red disease,fish,train,True
C:\Users\Asus\PycharmProjects\AquaVision_v1\datasets\fish\New Dataset\train_split\Bacterial Red disease\Bacterial Red disease_aug_147.jpg,Bacterial Red disease,fish,train,True
C:\Users\Asus\PycharmProjects\AquaVision_v1\datasets\fish\New Dataset\train_split\Bacterial Red disease\Bacterial Red disease_aug_148.jpg,Bacterial Red disease,fish,train,True
C:\Users\Asus\PycharmProjects\AquaVision_v1\datasets\fish\New Dataset\train_split\Bacterial Red disease\Bacterial Red disease_aug_150.jpg,Bacterial Red disease,fish,train,True
C:\Users\Asus\PycharmProjects\AquaVision_v1\datasets\fish\New Dataset\train_split\Bacterial Red disease\Bacterial Red disease_aug_151.jpg,Bacterial Red disease,fish,train,True
C:\Users\Asus\PycharmProjects\AquaVision_v1\datasets\fish\New Dataset\train_split\Bacterial Red disease\Bacterial Red disease_aug_152.jpg,Bacterial Red disease,fish,train,True
C:\Users\Asus\PycharmProjects\AquaVision_v1\datasets\fish\New Dataset\train_split\Bacterial Red disease\Bacterial Red disease_aug_153.jpg,Bacterial Red disease,fish,train,True
C:\Users\Asus\PycharmProjects\AquaVision_v1\datasets\fish\New Dataset\train_split\Bacterial Red disease\Bacterial Red disease_aug_154.jpg,Bacterial Red disease,fish,train,True
C:\Users\Asus\PycharmProjects\AquaVision_v1\datasets\fish\New Dataset\train_split\Bacterial Red disease\Bacterial Red disease_aug_155.jpg,Bacterial Red disease,fish,train,True
C:\Users\Asus\PycharmProjects\AquaVision_v1\datasets\fish\New Dataset\train_split\Bacterial Red disease\Bacterial Red disease_aug_156.jpg,Bacterial Red disease,fish,train,True
C:\Users\Asus\PycharmProjects\AquaVision_v1\datasets\fish\New Dataset\train_split\Bacterial Red disease\Bacterial Red disease_aug_157.jpg,Bacterial Red disease,fish,train,True
C:\Users\Asus\PycharmProjects\AquaVision_v1\datasets\fish\New Dataset\train_split\Bacterial Red disease\Bacterial Red disease_aug_158.jpg,Bacterial Red disease,fish,train,True
C:\Users\Asus\PycharmProjects\AquaVision_v1\datasets\fish\New Dataset\train_split\Bacterial Red disease\Bacterial Red disease_aug_159.jpg,Bacterial Red disease,fish,train,True
C:\Users\Asus\PycharmProjects\AquaVision_v1\datasets\fish\New Dataset\train_split\Bacterial Red disease\Bacterial Red disease_aug_160.jpg,Bacterial Red disease,fish,train,True
C:\Users\Asus\PycharmProjects\AquaVision_v1\datasets\fish\New Dataset\train_split\Bacterial Red disease\Bacterial Red disease_aug_163.jpg,Bacterial Red disease,fish,train,True
C:\Users\Asus\PycharmProjects\AquaVision_v1\datasets\fish\New Dataset\train_split\Bacterial Red disease\Bacterial Red disease_aug_165.jpg,Bacterial Red disease,fish,train,True
C:\Users\Asus\PycharmProjects\AquaVision_v1\datasets\fish\New Dataset\train_split\Bacterial Red disease\Bacterial Red disease_aug_166.jpg,Bacterial Red disease,fish,train,True
C:\Users\Asus\PycharmProjects\AquaVision_v1\datasets\fish\New Dataset\train_split\Bacterial Red disease\Bacterial Red disease_aug_167.jpg,Bacterial Red disease,fish,train,True
C:\Users\Asus\PycharmProjects\AquaVision_v1\datasets\fish\New Dataset\train_split\Bacterial Red disease\Bacterial Red disease_aug_168.jpg,Bacterial Red disease,fish,train,True
C:\Users\Asus\PycharmProjects\AquaVision_v1\datasets\fish\New Dataset\train_split\Bacterial Red disease\Bacterial Red disease_aug_169.jpg,Bacterial Red disease,fish,train,True
C:\Users\Asus\PycharmProjects\AquaVision_v1\datasets\fish\New Dataset\train_split\Bacterial Red disease\Bacterial Red disease_aug_170.jpg,Bacterial Red disease,fish,train,True
C:\Users\Asus\PycharmProjects\AquaVision_v1\datasets\fish\New Dataset\train_split\Bacterial Red disease\Bacterial Red disease_aug_171.jpg,Bacterial Red disease,fish,train,True
C:\Users\Asus\PycharmProjects\AquaVision_v1\datasets\fish\New Dataset\train_split\Bacterial Red disease\Bacterial Red disease_aug_172.jpg,Bacterial Red disease,fish,train,True
C:\Users\Asus\PycharmProjects\AquaVision_v1\datasets\fish\New Dataset\train_split\Bacterial Red disease\Bacterial Red disease_aug_173.jpg,Bacterial Red disease,fish,train,True
C:\Users\Asus\PycharmProjects\AquaVision_v1\datasets\fish\New Dataset\train_split\Bacterial Red disease\Bacterial Red disease_aug_174.jpg,Bacterial Red disease,fish,train,True
C:\Users\Asus\PycharmProjects\AquaVision_v1\datasets\fish\New Dataset\train_split\Bacterial Red disease\Bacterial Red disease_aug_175.jpg,Bacterial Red disease,fish,train,True
C:\Users\Asus\PycharmProjects\AquaVision_v1\datasets\fish\New Dataset\train_split\Bacterial Red disease\Bacterial Red disease_aug_178.jpg,Bacterial Red disease,fish,train,True
C:\Users\Asus\PycharmProjects\AquaVision_v1\datasets\fish\New Dataset\train_split\Bacterial Red disease\Bacterial Red disease_aug_179.jpg,Bacterial Red disease,fish,train,True
C:\Users\Asus\PycharmProjects\AquaVision_v1\datasets\fish\New Dataset\train_split\Bacterial Red disease\Bacterial Red disease_aug_18.jpg,Bacterial Red disease,fish,train,True
C:\Users\Asus\PycharmProjects\AquaVision_v1\datasets\fish\New Dataset\train_split\Bacterial Red disease\Bacterial Red disease_aug_180.jpg,Bacterial Red disease,fish,train,True
C:\Users\Asus\PycharmProjects\AquaVision_v1\datasets\fish\New Dataset\train_split\Bacterial Red disease\Bacterial Red disease_aug_181.jpg,Bacterial Red disease,fish,train,True
C:\Users\Asus\PycharmProjects\AquaVision_v1\datasets\fish\New Dataset\train_split\Bacterial Red disease\Bacterial Red disease_aug_182.jpg,Bacterial Red disease,fish,train,True
C:\Users\Asus\PycharmProjects\AquaVision_v1\datasets\fish\New Dataset\train_split\Bacterial Red disease\Bacterial Red disease_aug_183.jpg,Bacterial Red disease,fish,train,True
C:\Users\Asus\PycharmProjects\AquaVision_v1\datasets\fish\New Dataset\train_split\Bacterial Red disease\Bacterial Red disease_aug_184.jpg,Bacterial Red disease,fish,train,True
C:\Users\Asus\PycharmProjects\AquaVision_v1\datasets\fish\New Dataset\train_split\Bacterial Red disease\Bacterial Red disease_aug_185.jpg,Bacterial Red disease,fish,train,True
C:\Users\Asus\PycharmProjects\AquaVision_v1\datasets\fish\New Dataset\train_split\Bacterial Red disease\Bacterial Red disease_aug_186.jpg,Bacterial Red disease,fish,train,True
C:\Users\Asus\PycharmProjects\AquaVision_v1\datasets\fish\New Dataset\train_split\Bacterial Red disease\Bacterial Red disease_aug_19.jpg,Bacterial Red disease,fish,train,True
C:\Users\Asus\PycharmProjects\AquaVision_v1\datasets\fish\New Dataset\train_split\Bacterial Red disease\Bacterial Red disease_aug_190.jpg,Bacterial Red disease,fish,train,True
C:\Users\Asus\PycharmProjects\AquaVision_v1\datasets\fish\New Dataset\train_split\Bacterial Red disease\Bacterial Red disease_aug_192.jpg,Bacterial Red disease,fish,train,True
C:\Users\Asus\PycharmProjects\AquaVision_v1\datasets\fish\New Dataset\train_split\Bacterial Red disease\Bacterial Red disease_aug_193.jpg,Bacterial Red disease,fish,train,True
C:\Users\Asus\PycharmProjects\AquaVision_v1\datasets\fish\New Dataset\train_split\Bacterial Red disease\Bacterial Red disease_aug_194.jpg,Bacterial Red disease,fish,train,True
C:\Users\Asus\PycharmProjects\AquaVision_v1\datasets\fish\New Dataset\train_split\Bacterial Red disease\Bacterial Red disease_aug_195.jpg,Bacterial Red disease,fish,train,True
C:\Users\Asus\PycharmProjects\AquaVision_v1\datasets\fish\New Dataset\train_split\Bacterial Red disease\Bacterial Red disease_aug_196.jpg,Bacterial Red disease,fish,train,True
C:\Users\Asus\PycharmProjects\AquaVision_v1\datasets\fish\New Dataset\train_split\Bacterial Red disease\Bacterial Red disease_aug_197.jpg,Bacterial Red disease,fish,train,True
C:\Users\Asus\PycharmProjects\AquaVision_v1\datasets\fish\New Dataset\train_split\Bacterial Red disease\Bacterial Red disease_aug_199.jpg,Bacterial Red disease,fish,train,True
C:\Users\Asus\PycharmProjects\AquaVision_v1\datasets\fish\New Dataset\train_split\Bacterial Red disease\Bacterial Red disease_aug_20.jpg,Bacterial Red disease,fish,train,True
C:\Users\Asus\PycharmProjects\AquaVision_v1\datasets\fish\New Dataset\train_split\Bacterial Red disease\Bacterial Red disease_aug_200.jpg,Bacterial Red disease,fish,train,True
C:\Users\Asus\PycharmProjects\AquaVision_v1\datasets\fish\New Dataset\train_split\Bacterial Red disease\Bacterial Red disease_aug_201.jpg,Bacterial Red disease,fish,train,True
C:\Users\Asus\PycharmProjects\AquaVision_v1\datasets\fish\New Dataset\train_split\Bacterial Red disease\Bacterial Red disease_aug_202.jpg,Bacterial Red disease,fish,train,True
C:\Users\Asus\PycharmProjects\AquaVision_v1\datasets\fish\New Dataset\train_split\Bacterial Red disease\Bacterial Red disease_aug_203.jpg,Bacterial Red disease,fish,train,True
C:\Users\Asus\PycharmProjects\AquaVision_v1\datasets\fish\New Dataset\train_split\Bacterial Red disease\Bacterial Red disease_aug_204.jpg,Bacterial Red disease,fish,train,True
C:\Users\Asus\PycharmProjects\AquaVision_v1\datasets\fish\New Dataset\train_split\Bacterial Red disease\Bacterial Red disease_aug_205.jpg,Bacterial Red disease,fish,train,True
C:\Users\Asus\PycharmProjects\AquaVision_v1\datasets\fish\New Dataset\train_split\Bacterial Red disease\Bacterial Red disease_aug_206.jpg,Bacterial Red disease,fish,train,True
C:\Users\Asus\PycharmProjects\AquaVision_v1\datasets\fish\New Dataset\train_split\Bacterial Red disease\Bacterial Red disease_aug_207.jpg,Bacterial Red disease,fish,train,True
C:\Users\Asus\PycharmProjects\AquaVision_v1\datasets\fish\New Dataset\train_split\Bacterial Red disease\Bacterial Red disease_aug_208.jpg,Bacterial Red disease,fish,train,True
C:\Users\Asus\PycharmProjects\AquaVision_v1\datasets\fish\New Dataset\train_split\Bacterial Red disease\Bacterial Red disease_aug_211.jpg,Bacterial Red disease,fish,train,True
C:\Users\Asus\PycharmProjects\AquaVision_v1\datasets\fish\New Dataset\train_split\Bacterial Red disease\Bacterial Red disease_aug_212.jpg,Bacterial Red disease,fish,train,True
C:\Users\Asus\PycharmProjects\AquaVision_v1\datasets\fish\New Dataset\train_split\Bacterial Red disease\Bacterial Red disease_aug_214.jpg,Bacterial Red disease,fish,train,True
C:\Users\Asus\PycharmProjects\AquaVision_v1\datasets\fish\New Dataset\train_split\Bacterial Red disease\Bacterial Red disease_aug_215.jpg,Bacterial Red disease,fish,train,True
C:\Users\Asus\PycharmProjects\AquaVision_v1\datasets\fish\New Dataset\train_split\Bacterial Red disease\Bacterial Red disease_aug_216.jpg,Bacterial Red disease,fish,train,True
C:\Users\Asus\PycharmProjects\AquaVision_v1\datasets\fish\New Dataset\train_split\Bacterial Red disease\Bacterial Red disease_aug_217.jpg,Bacterial Red disease,fish,train,True
C:\Users\Asus\PycharmProjects\AquaVision_v1\datasets\fish\New Dataset\train_split\Bacterial Red disease\Bacterial Red disease_aug_218.jpg,Bacterial Red disease,fish,train,True
C:\Users\Asus\PycharmProjects\AquaVision_v1\datasets\fish\New Dataset\train_split\Bacterial Red disease\Bacterial Red disease_aug_219.jpg,Bacterial Red disease,fish,train,True
C:\Users\Asus\PycharmProjects\AquaVision_v1\datasets\fish\New Dataset\train_split\Bacterial Red disease\Bacterial Red disease_aug_22.jpg,Bacterial Red disease,fish,train,True
C:\Users\Asus\PycharmProjects\AquaVision_v1\datasets\fish\New Dataset\train_split\Bacterial Red disease\Bacterial Red disease_aug_220.jpg,Bacterial Red disease,fish,train,True
C:\Users\Asus\PycharmProjects\AquaVision_v1\datasets\fish\New Dataset\train_split\Bacterial Red disease\Bacterial Red disease_aug_221.jpg,Bacterial Red disease,fish,train,True
C:\Users\Asus\PycharmProjects\AquaVision_v1\datasets\fish\New Dataset\train_split\Bacterial Red disease\Bacterial Red disease_aug_223.jpg,Bacterial Red disease,fish,train,True
C:\Users\Asus\PycharmProjects\AquaVision_v1\datasets\fish\New Dataset\train_split\Bacterial Red disease\Bacterial Red disease_aug_224.jpg,Bacterial Red disease,fish,train,True
C:\Users\Asus\PycharmProjects\AquaVision_v1\datasets\fish\New Dataset\train_split\Bacterial Red disease\Bacterial Red disease_aug_227.jpg,Bacterial Red disease,fish,train,True
C:\Users\Asus\PycharmProjects\AquaVision_v1\datasets\fish\New Dataset\train_split\Bacterial Red disease\Bacterial Red disease_aug_228.jpg,Bacterial Red disease,fish,train,True
C:\Users\Asus\PycharmProjects\AquaVision_v1\datasets\fish\New Dataset\train_split\Bacterial Red disease\Bacterial Red disease_aug_229.jpg,Bacterial Red disease,fish,train,True
C:\Users\Asus\PycharmProjects\AquaVision_v1\datasets\fish\New Dataset\train_split\Bacterial Red disease\Bacterial Red disease_aug_231.jpg,Bacterial Red disease,fish,train,True
C:\Users\Asus\PycharmProjects\AquaVision_v1\datasets\fish\New Dataset\train_split\Bacterial Red disease\Bacterial Red disease_aug_232.jpg,Bacterial Red disease,fish,train,True
C:\Users\Asus\PycharmProjects\AquaVision_v1\datasets\fish\New Dataset\train_split\Bacterial Red disease\Bacterial Red disease_aug_233.jpg,Bacterial Red disease,fish,train,True
C:\Users\Asus\PycharmProjects\AquaVision_v1\datasets\fish\New Dataset\train_split\Bacterial Red disease\Bacterial Red disease_aug_235.jpg,Bacterial Red disease,fish,train,True
C:\Users\Asus\PycharmProjects\AquaVision_v1\datasets\fish\New Dataset\train_split\Bacterial Red disease\Bacterial Red disease_aug_237.jpg,Bacterial Red disease,fish,train,True
C:\Users\Asus\PycharmProjects\AquaVision_v1\datasets\fish\New Dataset\train_split\Bacterial Red disease\Bacterial Red disease_aug_238.jpg,Bacterial Red disease,fish,train,True
C:\Users\Asus\PycharmProjects\AquaVision_v1\datasets\fish\New Dataset\train_split\Bacterial Red disease\Bacterial Red disease_aug_24.jpg,Bacterial Red disease,fish,train,True
C:\Users\Asus\PycharmProjects\AquaVision_v1\datasets\fish\New Dataset\train_split\Bacterial Red disease\Bacterial Red disease_aug_240.jpg,Bacterial Red disease,fish,train,True
C:\Users\Asus\PycharmProjects\AquaVision_v1\datasets\fish\New Dataset\train_split\Bacterial Red disease\Bacterial Red disease_aug_241.jpg,Bacterial Red disease,fish,train,True
C:\Users\Asus\PycharmProjects\AquaVision_v1\datasets\fish\New Dataset\train_split\Bacterial Red disease\Bacterial Red disease_aug_242.jpg,Bacterial Red disease,fish,train,True
C:\Users\Asus\PycharmProjects\AquaVision_v1\datasets\fish\New Dataset\train_split\Bacterial Red disease\Bacterial Red disease_aug_243.jpg,Bacterial Red disease,fish,train,True
C:\Users\Asus\PycharmProjects\AquaVision_v1\datasets\fish\New Dataset\train_split\Bacterial Red disease\Bacterial Red disease_aug_244.jpg,Bacterial Red disease,fish,train,True
C:\Users\Asus\PycharmProjects\AquaVision_v1\datasets\fish\New Dataset\train_split\Bacterial Red disease\Bacterial Red disease_aug_245.jpg,Bacterial Red disease,fish,train,True
C:\Users\Asus\PycharmProjects\AquaVision_v1\datasets\fish\New Dataset\train_split\Bacterial Red disease\Bacterial Red disease_aug_246.jpg,Bacterial Red disease,fish,train,True
C:\Users\Asus\PycharmProjects\AquaVision_v1\datasets\fish\New Dataset\train_split\Bacterial Red disease\Bacterial Red disease_aug_247.jpg,Bacterial Red disease,fish,train,True
C:\Users\Asus\PycharmProjects\AquaVision_v1\datasets\fish\New Dataset\train_split\Bacterial Red disease\Bacterial Red disease_aug_248.jpg,Bacterial Red disease,fish,train,True
C:\Users\Asus\PycharmProjects\AquaVision_v1\datasets\fish\New Dataset\train_split\Bacterial Red disease\Bacterial Red disease_aug_249.jpg,Bacterial Red disease,fish,train,True
C:\Users\Asus\PycharmProjects\AquaVision_v1\datasets\fish\New Dataset\train_split\Bacterial Red disease\Bacterial Red disease_aug_25.jpg,Bacterial Red disease,fish,train,True
C:\Users\Asus\PycharmProjects\AquaVision_v1\datasets\fish\New Dataset\train_split\Bacterial Red disease\Bacterial Red disease_aug_250.jpg,Bacterial Red disease,fish,train,True
C:\Users\Asus\PycharmProjects\AquaVision_v1\datasets\fish\New Dataset\train_split\Bacterial Red disease\Bacterial Red disease_aug_251.jpg,Bacterial Red disease,fish,train,True
C:\Users\Asus\PycharmProjects\AquaVision_v1\datasets\fish\New Dataset\train_split\Bacterial Red disease\Bacterial Red disease_aug_252.jpg,Bacterial Red disease,fish,train,True
C:\Users\Asus\PycharmProjects\AquaVision_v1\datasets\fish\New Dataset\train_split\Bacterial Red disease\Bacterial Red disease_aug_254.jpg,Bacterial Red disease,fish,train,True
C:\Users\Asus\PycharmProjects\AquaVision_v1\datasets\fish\New Dataset\train_split\Bacterial Red disease\Bacterial Red disease_aug_255.jpg,Bacterial Red disease,fish,train,True
C:\Users\Asus\PycharmProjects\AquaVision_v1\datasets\fish\New Dataset\train_split\Bacterial Red disease\Bacterial Red disease_aug_256.jpg,Bacterial Red disease,fish,train,True
C:\Users\Asus\PycharmProjects\AquaVision_v1\datasets\fish\New Dataset\train_split\Bacterial Red disease\Bacterial Red disease_aug_257.jpg,Bacterial Red disease,fish,train,True
C:\Users\Asus\PycharmProjects\AquaVision_v1\datasets\fish\New Dataset\train_split\Bacterial Red disease\Bacterial Red disease_aug_258.jpg,Bacterial Red disease,fish,train,True
C:\Users\Asus\PycharmProjects\AquaVision_v1\datasets\fish\New Dataset\train_split\Bacterial Red disease\Bacterial Red disease_aug_26.jpg,Bacterial Red disease,fish,train,True
C:\Users\Asus\PycharmProjects\AquaVision_v1\datasets\fish\New Dataset\train_split\Bacterial Red disease\Bacterial Red disease_aug_261.jpg,Bacterial Red disease,fish,train,True
C:\Users\Asus\PycharmProjects\AquaVision_v1\datasets\fish\New Dataset\train_split\Bacterial Red disease\Bacterial Red disease_aug_262.jpg,Bacterial Red disease,fish,train,True
C:\Users\Asus\PycharmProjects\AquaVision_v1\datasets\fish\New Dataset\train_split\Bacterial Red disease\Bacterial Red disease_aug_264.jpg,Bacterial Red disease,fish,train,True
C:\Users\Asus\PycharmProjects\AquaVision_v1\datasets\fish\New Dataset\train_split\Bacterial Red disease\Bacterial Red disease_aug_265.jpg,Bacterial Red disease,fish,train,True
C:\Users\Asus\PycharmProjects\AquaVision_v1\datasets\fish\New Dataset\train_split\Bacterial Red disease\Bacterial Red disease_aug_267.jpg,Bacterial Red disease,fish,train,True
C:\Users\Asus\PycharmProjects\AquaVision_v1\datasets\fish\New Dataset\train_split\Bacterial Red disease\Bacterial Red disease_aug_268.jpg,Bacterial Red disease,fish,train,True
C:\Users\Asus\PycharmProjects\AquaVision_v1\datasets\fish\New Dataset\train_split\Bacterial Red disease\Bacterial Red disease_aug_269.jpg,Bacterial Red disease,fish,train,True
C:\Users\Asus\PycharmProjects\AquaVision_v1\datasets\fish\New Dataset\train_split\Bacterial Red disease\Bacterial Red disease_aug_272.jpg,Bacterial Red disease,fish,train,True
C:\Users\Asus\PycharmProjects\AquaVision_v1\datasets\fish\New Dataset\train_split\Bacterial Red disease\Bacterial Red disease_aug_273.jpg,Bacterial Red disease,fish,train,True
C:\Users\Asus\PycharmProjects\AquaVision_v1\datasets\fish\New Dataset\train_split\Bacterial Red disease\Bacterial Red disease_aug_274.jpg,Bacterial Red disease,fish,train,True
C:\Users\Asus\PycharmProjects\AquaVision_v1\datasets\fish\New Dataset\train_split\Bacterial Red disease\Bacterial Red disease_aug_275.jpg,Bacterial Red disease,fish,train,True
C:\Users\Asus\PycharmProjects\AquaVision_v1\datasets\fish\New Dataset\train_split\Bacterial Red disease\Bacterial Red disease_aug_276.jpg,Bacterial Red disease,fish,train,True
C:\Users\Asus\PycharmProjects\AquaVision_v1\datasets\fish\New Dataset\train_split\Bacterial Red disease\Bacterial Red disease_aug_277.jpg,Bacterial Red disease,fish,train,True
C:\Users\Asus\PycharmProjects\AquaVision_v1\datasets\fish\New Dataset\train_split\Bacterial Red disease\Bacterial Red disease_aug_279.jpg,Bacterial Red disease,fish,train,True
C:\Users\Asus\PycharmProjects\AquaVision_v1\datasets\fish\New Dataset\train_split\Bacterial Red disease\Bacterial Red disease_aug_28.jpg,Bacterial Red disease,fish,train,True
C:\Users\Asus\PycharmProjects\AquaVision_v1\datasets\fish\New Dataset\train_split\Bacterial Red disease\Bacterial Red disease_aug_281.jpg,Bacterial Red disease,fish,train,True
C:\Users\Asus\PycharmProjects\AquaVision_v1\datasets\fish\New Dataset\train_split\Bacterial Red disease\Bacterial Red disease_aug_282.jpg,Bacterial Red disease,fish,train,True
C:\Users\Asus\PycharmProjects\AquaVision_v1\datasets\fish\New Dataset\train_split\Bacterial Red disease\Bacterial Red disease_aug_284.jpg,Bacterial Red disease,fish,train,True
C:\Users\Asus\PycharmProjects\AquaVision_v1\datasets\fish\New Dataset\train_split\Bacterial Red disease\Bacterial Red disease_aug_285.jpg,Bacterial Red disease,fish,train,True
C:\Users\Asus\PycharmProjects\AquaVision_v1\datasets\fish\New Dataset\train_split\Bacterial Red disease\Bacterial Red disease_aug_286.jpg,Bacterial Red disease,fish,train,True
C:\Users\Asus\PycharmProjects\AquaVision_v1\datasets\fish\New Dataset\train_split\Bacterial Red disease\Bacterial Red disease_aug_287.jpg,Bacterial Red disease,fish,train,True
C:\Users\Asus\PycharmProjects\AquaVision_v1\datasets\fish\New Dataset\train_split\Bacterial Red disease\Bacterial Red disease_aug_288.jpg,Bacterial Red disease,fish,train,True
C:\Users\Asus\PycharmProjects\AquaVision_v1\datasets\fish\New Dataset\train_split\Bacterial Red disease\Bacterial Red disease_aug_289.jpg,Bacterial Red disease,fish,train,True
C:\Users\Asus\PycharmProjects\AquaVision_v1\datasets\fish\New Dataset\train_split\Bacterial Red disease\Bacterial Red disease_aug_29.jpg,Bacterial Red disease,fish,train,True
C:\Users\Asus\PycharmProjects\AquaVision_v1\datasets\fish\New Dataset\train_split\Bacterial Red disease\Bacterial Red disease_aug_290.jpg,Bacterial Red disease,fish,train,True
C:\Users\Asus\PycharmProjects\AquaVision_v1\datasets\fish\New Dataset\train_split\Bacterial Red disease\Bacterial Red disease_aug_291.jpg,Bacterial Red disease,fish,train,True
C:\Users\Asus\PycharmProjects\AquaVision_v1\datasets\fish\New Dataset\train_split\Bacterial Red disease\Bacterial Red disease_aug_292.jpg,Bacterial Red disease,fish,train,True
C:\Users\Asus\PycharmProjects\AquaVision_v1\datasets\fish\New Dataset\train_split\Bacterial Red disease\Bacterial Red disease_aug_293.jpg,Bacterial Red disease,fish,train,True
C:\Users\Asus\PycharmProjects\AquaVision_v1\datasets\fish\New Dataset\train_split\Bacterial Red disease\Bacterial Red disease_aug_294.jpg,Bacterial Red disease,fish,train,True
C:\Users\Asus\PycharmProjects\AquaVision_v1\datasets\fish\New Dataset\train_split\Bacterial Red disease\Bacterial Red disease_aug_295.jpg,Bacterial Red disease,fish,train,True
C:\Users\Asus\PycharmProjects\AquaVision_v1\datasets\fish\New Dataset\train_split\Bacterial Red disease\Bacterial Red disease_aug_296.jpg,Bacterial Red disease,fish,train,True
C:\Users\Asus\PycharmProjects\AquaVision_v1\datasets\fish\New Dataset\train_split\Bacterial Red disease\Bacterial Red disease_aug_297.jpg,Bacterial Red disease,fish,train,True
C:\Users\Asus\PycharmProjects\AquaVision_v1\datasets\fish\New Dataset\train_split\Bacterial Red disease\Bacterial Red disease_aug_298.jpg,Bacterial Red disease,fish,train,True
C:\Users\Asus\PycharmProjects\AquaVision_v1\datasets\fish\New Dataset\train_split\Bacterial Red disease\Bacterial Red disease_aug_299.jpg,Bacterial Red disease,fish,train,True
C:\Users\Asus\PycharmProjects\AquaVision_v1\datasets\fish\New Dataset\train_split\Bacterial Red disease\Bacterial Red disease_aug_30.jpg,Bacterial Red disease,fish,train,True
C:\Users\Asus\PycharmProjects\AquaVision_v1\datasets\fish\New Dataset\train_split\Bacterial Red disease\Bacterial Red disease_aug_300.jpg,Bacterial Red disease,fish,train,True
C:\Users\Asus\PycharmProjects\AquaVision_v1\datasets\fish\New Dataset\train_split\Bacterial Red disease\Bacterial Red disease_aug_301.jpg,Bacterial Red disease,fish,train,True
C:\Users\Asus\PycharmProjects\AquaVision_v1\datasets\fish\New Dataset\train_split\Bacterial Red disease\Bacterial Red disease_aug_302.jpg,Bacterial Red disease,fish,train,True
C:\Users\Asus\PycharmProjects\AquaVision_v1\datasets\fish\New Dataset\train_split\Bacterial Red disease\Bacterial Red disease_aug_303.jpg,Bacterial Red disease,fish,train,True
C:\Users\Asus\PycharmProjects\AquaVision_v1\datasets\fish\New Dataset\train_split\Bacterial Red disease\Bacterial Red disease_aug_304.jpg,Bacterial Red disease,fish,train,True
C:\Users\Asus\PycharmProjects\AquaVision_v1\datasets\fish\New Dataset\train_split\Bacterial Red disease\Bacterial Red disease_aug_306.jpg,Bacterial Red disease,fish,train,True
C:\Users\Asus\PycharmProjects\AquaVision_v1\datasets\fish\New Dataset\train_split\Bacterial Red disease\Bacterial Red disease_aug_307.jpg,Bacterial Red disease,fish,train,True
C:\Users\Asus\PycharmProjects\AquaVision_v1\datasets\fish\New Dataset\train_split\Bacterial Red disease\Bacterial Red disease_aug_308.jpg,Bacterial Red disease,fish,train,True
C:\Users\Asus\PycharmProjects\AquaVision_v1\datasets\fish\New Dataset\train_split\Bacterial Red disease\Bacterial Red disease_aug_31.jpg,Bacterial Red disease,fish,train,True
C:\Users\Asus\PycharmProjects\AquaVision_v1\datasets\fish\New Dataset\train_split\Bacterial Red disease\Bacterial Red disease_aug_313.jpg,Bacterial Red disease,fish,train,True
C:\Users\Asus\PycharmProjects\AquaVision_v1\datasets\fish\New Dataset\train_split\Bacterial Red disease\Bacterial Red disease_aug_314.jpg,Bacterial Red disease,fish,train,True
C:\Users\Asus\PycharmProjects\AquaVision_v1\datasets\fish\New Dataset\train_split\Bacterial Red disease\Bacterial Red disease_aug_315.jpg,Bacterial Red disease,fish,train,True
C:\Users\Asus\PycharmProjects\AquaVision_v1\datasets\fish\New Dataset\train_split\Bacterial Red disease\Bacterial Red disease_aug_317.jpg,Bacterial Red disease,fish,train,True
C:\Users\Asus\PycharmProjects\AquaVision_v1\datasets\fish\New Dataset\train_split\Bacterial Red disease\Bacterial Red disease_aug_318.jpg,Bacterial Red disease,fish,train,True
C:\Users\Asus\PycharmProjects\AquaVision_v1\datasets\fish\New Dataset\train_split\Bacterial Red disease\Bacterial Red disease_aug_319.jpg,Bacterial Red disease,fish,train,True
C:\Users\Asus\PycharmProjects\AquaVision_v1\datasets\fish\New Dataset\train_split\Bacterial Red disease\Bacterial Red disease_aug_32.jpg,Bacterial Red disease,fish,train,True
C:\Users\Asus\PycharmProjects\AquaVision_v1\datasets\fish\New Dataset\train_split\Bacterial Red disease\Bacterial Red disease_aug_320.jpg,Bacterial Red disease,fish,train,True
C:\Users\Asus\PycharmProjects\AquaVision_v1\datasets\fish\New Dataset\train_split\Bacterial Red disease\Bacterial Red disease_aug_321.jpg,Bacterial Red disease,fish,train,True
C:\Users\Asus\PycharmProjects\AquaVision_v1\datasets\fish\New Dataset\train_split\Bacterial Red disease\Bacterial Red disease_aug_322.jpg,Bacterial Red disease,fish,train,True
C:\Users\Asus\PycharmProjects\AquaVision_v1\datasets\fish\New Dataset\train_split\Bacterial Red disease\Bacterial Red disease_aug_323.jpg,Bacterial Red disease,fish,train,True
C:\Users\Asus\PycharmProjects\AquaVision_v1\datasets\fish\New Dataset\train_split\Bacterial Red disease\Bacterial Red disease_aug_324.jpg,Bacterial Red disease,fish,train,True
C:\Users\Asus\PycharmProjects\AquaVision_v1\datasets\fish\New Dataset\train_split\Bacterial Red disease\Bacterial Red disease_aug_326.jpg,Bacterial Red disease,fish,train,True
C:\Users\Asus\PycharmProjects\AquaVision_v1\datasets\fish\New Dataset\train_split\Bacterial Red disease\Bacterial Red disease_aug_327.jpg,Bacterial Red disease,fish,train,True
C:\Users\Asus\PycharmProjects\AquaVision_v1\datasets\fish\New Dataset\train_split\Bacterial Red disease\Bacterial Red disease_aug_328.jpg,Bacterial Red disease,fish,train,True
C:\Users\Asus\PycharmProjects\AquaVision_v1\datasets\fish\New Dataset\train_split\Bacterial Red disease\Bacterial Red disease_aug_329.jpg,Bacterial Red disease,fish,train,True
C:\Users\Asus\PycharmProjects\AquaVision_v1\datasets\fish\New Dataset\train_split\Bacterial Red disease\Bacterial Red disease_aug_33.jpg,Bacterial Red disease,fish,train,True
C:\Users\Asus\PycharmProjects\AquaVision_v1\datasets\fish\New Dataset\train_split\Bacterial Red disease\Bacterial Red disease_aug_330.jpg,Bacterial Red disease,fish,train,True
C:\Users\Asus\PycharmProjects\AquaVision_v1\datasets\fish\New Dataset\train_split\Bacterial Red disease\Bacterial Red disease_aug_331.jpg,Bacterial Red disease,fish,train,True
C:\Users\Asus\PycharmProjects\AquaVision_v1\datasets\fish\New Dataset\train_split\Bacterial Red disease\Bacterial Red disease_aug_332.jpg,Bacterial Red disease,fish,train,True
C:\Users\Asus\PycharmProjects\AquaVision_v1\datasets\fish\New Dataset\train_split\Bacterial Red disease\Bacterial Red disease_aug_333.jpg,Bacterial Red disease,fish,train,True
C:\Users\Asus\PycharmProjects\AquaVision_v1\datasets\fish\New Dataset\train_split\Bacterial Red disease\Bacterial Red disease_aug_334.jpg,Bacterial Red disease,fish,train,True
C:\Users\Asus\PycharmProjects\AquaVision_v1\datasets\fish\New Dataset\train_split\Bacterial Red disease\Bacterial Red disease_aug_336.jpg,Bacterial Red disease,fish,train,True
C:\Users\Asus\PycharmProjects\AquaVision_v1\datasets\fish\New Dataset\train_split\Bacterial Red disease\Bacterial Red disease_aug_337.jpg,Bacterial Red disease,fish,train,True
C:\Users\Asus\PycharmProjects\AquaVision_v1\datasets\fish\New Dataset\train_split\Bacterial Red disease\Bacterial Red disease_aug_338.jpg,Bacterial Red disease,fish,train,True
C:\Users\Asus\PycharmProjects\AquaVision_v1\datasets\fish\New Dataset\train_split\Bacterial Red disease\Bacterial Red disease_aug_34.jpg,Bacterial Red disease,fish,train,True
C:\Users\Asus\PycharmProjects\AquaVision_v1\datasets\fish\New Dataset\train_split\Bacterial Red disease\Bacterial Red disease_aug_342.jpg,Bacterial Red disease,fish,train,True
C:\Users\Asus\PycharmProjects\AquaVision_v1\datasets\fish\New Dataset\train_split\Bacterial Red disease\Bacterial Red disease_aug_343.jpg,Bacterial Red disease,fish,train,True
C:\Users\Asus\PycharmProjects\AquaVision_v1\datasets\fish\New Dataset\train_split\Bacterial Red disease\Bacterial Red disease_aug_344.jpg,Bacterial Red disease,fish,train,True
C:\Users\Asus\PycharmProjects\AquaVision_v1\datasets\fish\New Dataset\train_split\Bacterial Red disease\Bacterial Red disease_aug_345.jpg,Bacterial Red disease,fish,train,True
C:\Users\Asus\PycharmProjects\AquaVision_v1\datasets\fish\New Dataset\train_split\Bacterial Red disease\Bacterial Red disease_aug_35.jpg,Bacterial Red disease,fish,train,True
C:\Users\Asus\PycharmProjects\AquaVision_v1\datasets\fish\New Dataset\train_split\Bacterial Red disease\Bacterial Red disease_aug_36.jpg,Bacterial Red disease,fish,train,True
C:\Users\Asus\PycharmProjects\AquaVision_v1\datasets\fish\New Dataset\train_split\Bacterial Red disease\Bacterial Red disease_aug_37.jpg,Bacterial Red disease,fish,train,True
C:\Users\Asus\PycharmProjects\AquaVision_v1\datasets\fish\New Dataset\train_split\Bacterial Red disease\Bacterial Red disease_aug_38.jpg,Bacterial Red disease,fish,train,True
C:\Users\Asus\PycharmProjects\AquaVision_v1\datasets\fish\New Dataset\train_split\Bacterial Red disease\Bacterial Red disease_aug_39.jpg,Bacterial Red disease,fish,train,True
C:\Users\Asus\PycharmProjects\AquaVision_v1\datasets\fish\New Dataset\train_split\Bacterial Red disease\Bacterial Red disease_aug_4.jpg,Bacterial Red disease,fish,train,True
C:\Users\Asus\PycharmProjects\AquaVision_v1\datasets\fish\New Dataset\train_split\Bacterial Red disease\Bacterial Red disease_aug_40.jpg,Bacterial Red disease,fish,train,True
C:\Users\Asus\PycharmProjects\AquaVision_v1\datasets\fish\New Dataset\train_split\Bacterial Red disease\Bacterial Red disease_aug_41.jpg,Bacterial Red disease,fish,train,True
C:\Users\Asus\PycharmProjects\AquaVision_v1\datasets\fish\New Dataset\train_split\Bacterial Red disease\Bacterial Red disease_aug_42.jpg,Bacterial Red disease,fish,train,True
C:\Users\Asus\PycharmProjects\AquaVision_v1\datasets\fish\New Dataset\train_split\Bacterial Red disease\Bacterial Red disease_aug_43.jpg,Bacterial Red disease,fish,train,True
C:\Users\Asus\PycharmProjects\AquaVision_v1\datasets\fish\New Dataset\train_split\Bacterial Red disease\Bacterial Red disease_aug_44.jpg,Bacterial Red disease,fish,train,True
C:\Users\Asus\PycharmProjects\AquaVision_v1\datasets\fish\New Dataset\train_split\Bacterial Red disease\Bacterial Red disease_aug_47.jpg,Bacterial Red disease,fish,train,True
C:\Users\Asus\PycharmProjects\AquaVision_v1\datasets\fish\New Dataset\train_split\Bacterial Red disease\Bacterial Red disease_aug_48.jpg,Bacterial Red disease,fish,train,True
C:\Users\Asus\PycharmProjects\AquaVision_v1\datasets\fish\New Dataset\train_split\Bacterial Red disease\Bacterial Red disease_aug_49.jpg,Bacterial Red disease,fish,train,True
C:\Users\Asus\PycharmProjects\AquaVision_v1\datasets\fish\New Dataset\train_split\Bacterial Red disease\Bacterial Red disease_aug_5.jpg,Bacterial Red disease,fish,train,True
C:\Users\Asus\PycharmProjects\AquaVision_v1\datasets\fish\New Dataset\train_split\Bacterial Red disease\Bacterial Red disease_aug_50.jpg,Bacterial Red disease,fish,train,True
C:\Users\Asus\PycharmProjects\AquaVision_v1\datasets\fish\New Dataset\train_split\Bacterial Red disease\Bacterial Red disease_aug_51.jpg,Bacterial Red disease,fish,train,True
C:\Users\Asus\PycharmProjects\AquaVision_v1\datasets\fish\New Dataset\train_split\Bacterial Red disease\Bacterial Red disease_aug_52.jpg,Bacterial Red disease,fish,train,True
C:\Users\Asus\PycharmProjects\AquaVision_v1\datasets\fish\New Dataset\train_split\Bacterial Red disease\Bacterial Red disease_aug_53.jpg,Bacterial Red disease,fish,train,True
C:\Users\Asus\PycharmProjects\AquaVision_v1\datasets\fish\New Dataset\train_split\Bacterial Red disease\Bacterial Red disease_aug_54.jpg,Bacterial Red disease,fish,train,True
C:\Users\Asus\PycharmProjects\AquaVision_v1\datasets\fish\New Dataset\train_split\Bacterial Red disease\Bacterial Red disease_aug_55.jpg,Bacterial Red disease,fish,train,True
C:\Users\Asus\PycharmProjects\AquaVision_v1\datasets\fish\New Dataset\train_split\Bacterial Red disease\Bacterial Red disease_aug_56.jpg,Bacterial Red disease,fish,train,True
C:\Users\Asus\PycharmProjects\AquaVision_v1\datasets\fish\New Dataset\train_split\Bacterial Red disease\Bacterial Red disease_aug_57.jpg,Bacterial Red disease,fish,train,True
C:\Users\Asus\PycharmProjects\AquaVision_v1\datasets\fish\New Dataset\train_split\Bacterial Red disease\Bacterial Red disease_aug_58.jpg,Bacterial Red disease,fish,train,True
C:\Users\Asus\PycharmProjects\AquaVision_v1\datasets\fish\New Dataset\train_split\Bacterial Red disease\Bacterial Red disease_aug_6.jpg,Bacterial Red disease,fish,train,True
C:\Users\Asus\PycharmProjects\AquaVision_v1\datasets\fish\New Dataset\train_split\Bacterial Red disease\Bacterial Red disease_aug_60.jpg,Bacterial Red disease,fish,train,True
C:\Users\Asus\PycharmProjects\AquaVision_v1\datasets\fish\New Dataset\train_split\Bacterial Red disease\Bacterial Red disease_aug_62.jpg,Bacterial Red disease,fish,train,True
C:\Users\Asus\PycharmProjects\AquaVision_v1\datasets\fish\New Dataset\train_split\Bacterial Red disease\Bacterial Red disease_aug_63.jpg,Bacterial Red disease,fish,train,True
C:\Users\Asus\PycharmProjects\AquaVision_v1\datasets\fish\New Dataset\train_split\Bacterial Red disease\Bacterial Red disease_aug_64.jpg,Bacterial Red disease,fish,train,True
C:\Users\Asus\PycharmProjects\AquaVision_v1\datasets\fish\New Dataset\train_split\Bacterial Red disease\Bacterial Red disease_aug_66.jpg,Bacterial Red disease,fish,train,True
C:\Users\Asus\PycharmProjects\AquaVision_v1\datasets\fish\New Dataset\train_split\Bacterial Red disease\Bacterial Red disease_aug_67.jpg,Bacterial Red disease,fish,train,True
C:\Users\Asus\PycharmProjects\AquaVision_v1\datasets\fish\New Dataset\train_split\Bacterial Red disease\Bacterial Red disease_aug_7.jpg,Bacterial Red disease,fish,train,True
C:\Users\Asus\PycharmProjects\AquaVision_v1\datasets\fish\New Dataset\train_split\Bacterial Red disease\Bacterial Red disease_aug_70.jpg,Bacterial Red disease,fish,train,True
C:\Users\Asus\PycharmProjects\AquaVision_v1\datasets\fish\New Dataset\train_split\Bacterial Red disease\Bacterial Red disease_aug_71.jpg,Bacterial Red disease,fish,train,True
C:\Users\Asus\PycharmProjects\AquaVision_v1\datasets\fish\New Dataset\train_split\Bacterial Red disease\Bacterial Red disease_aug_72.jpg,Bacterial Red disease,fish,train,True
C:\Users\Asus\PycharmProjects\AquaVision_v1\datasets\fish\New Dataset\train_split\Bacterial Red disease\Bacterial Red disease_aug_74.jpg,Bacterial Red disease,fish,train,True
C:\Users\Asus\PycharmProjects\AquaVision_v1\datasets\fish\New Dataset\train_split\Bacterial Red disease\Bacterial Red disease_aug_75.jpg,Bacterial Red disease,fish,train,True
C:\Users\Asus\PycharmProjects\AquaVision_v1\datasets\fish\New Dataset\train_split\Bacterial Red disease\Bacterial Red disease_aug_77.jpg,Bacterial Red disease,fish,train,True
C:\Users\Asus\PycharmProjects\AquaVision_v1\datasets\fish\New Dataset\train_split\Bacterial Red disease\Bacterial Red disease_aug_78.jpg,Bacterial Red disease,fish,train,True
C:\Users\Asus\PycharmProjects\AquaVision_v1\datasets\fish\New Dataset\train_split\Bacterial Red disease\Bacterial Red disease_aug_79.jpg,Bacterial Red disease,fish,train,True
C:\Users\Asus\PycharmProjects\AquaVision_v1\datasets\fish\New Dataset\train_split\Bacterial Red disease\Bacterial Red disease_aug_8.jpg,Bacterial Red disease,fish,train,True
C:\Users\Asus\PycharmProjects\AquaVision_v1\datasets\fish\New Dataset\train_split\Bacterial Red disease\Bacterial Red disease_aug_80.jpg,Bacterial Red disease,fish,train,True
C:\Users\Asus\PycharmProjects\AquaVision_v1\datasets\fish\New Dataset\train_split\Bacterial Red disease\Bacterial Red disease_aug_83.jpg,Bacterial Red disease,fish,train,True
C:\Users\Asus\PycharmProjects\AquaVision_v1\datasets\fish\New Dataset\train_split\Bacterial Red disease\Bacterial Red disease_aug_84.jpg,Bacterial Red disease,fish,train,True
C:\Users\Asus\PycharmProjects\AquaVision_v1\datasets\fish\New Dataset\train_split\Bacterial Red disease\Bacterial Red disease_aug_85.jpg,Bacterial Red disease,fish,train,True
C:\Users\Asus\PycharmProjects\AquaVision_v1\datasets\fish\New Dataset\train_split\Bacterial Red disease\Bacterial Red disease_aug_86.jpg,Bacterial Red disease,fish,train,True
C:\Users\Asus\PycharmProjects\AquaVision_v1\datasets\fish\New Dataset\train_split\Bacterial Red disease\Bacterial Red disease_aug_87.jpg,Bacterial Red disease,fish,train,True
C:\Users\Asus\PycharmProjects\AquaVision_v1\datasets\fish\New Dataset\train_split\Bacterial Red disease\Bacterial Red disease_aug_88.jpg,Bacterial Red disease,fish,train,True
C:\Users\Asus\PycharmProjects\AquaVision_v1\datasets\fish\New Dataset\train_split\Bacterial Red disease\Bacterial Red disease_aug_89.jpg,Bacterial Red disease,fish,train,True
C:\Users\Asus\PycharmProjects\AquaVision_v1\datasets\fish\New Dataset\train_split\Bacterial Red disease\Bacterial Red disease_aug_9.jpg,Bacterial Red disease,fish,train,True
C:\Users\Asus\PycharmProjects\AquaVision_v1\datasets\fish\New Dataset\train_split\Bacterial Red disease\Bacterial Red disease_aug_90.jpg,Bacterial Red disease,fish,train,True
C:\Users\Asus\PycharmProjects\AquaVision_v1\datasets\fish\New Dataset\train_split\Bacterial Red disease\Bacterial Red disease_aug_91.jpg,Bacterial Red disease,fish,train,True
C:\Users\Asus\PycharmProjects\AquaVision_v1\datasets\fish\New Dataset\train_split\Bacterial Red disease\Bacterial Red disease_aug_92.jpg,Bacterial Red disease,fish,train,True
C:\Users\Asus\PycharmProjects\AquaVision_v1\datasets\fish\New Dataset\train_split\Bacterial Red disease\Bacterial Red disease_aug_93.jpg,Bacterial Red disease,fish,train,True
C:\Users\Asus\PycharmProjects\AquaVision_v1\datasets\fish\New Dataset\train_split\Bacterial Red disease\Bacterial Red disease_aug_94.jpg,Bacterial Red disease,fish,train,True
C:\Users\Asus\PycharmProjects\AquaVision_v1\datasets\fish\New Dataset\train_split\Bacterial Red disease\Bacterial Red disease_aug_95.jpg,Bacterial Red disease,fish,train,True
C:\Users\Asus\PycharmProjects\AquaVision_v1\datasets\fish\New Dataset\train_split\Bacterial Red disease\Bacterial Red disease_aug_96.jpg,Bacterial Red disease,fish,train,True
C:\Users\Asus\PycharmProjects\AquaVision_v1\datasets\fish\New Dataset\train_split\Bacterial Red disease\Bacterial Red disease_aug_97.jpg,Bacterial Red disease,fish,train,True
C:\Users\Asus\PycharmProjects\AquaVision_v1\datasets\fish\New Dataset\train_split\Bacterial Red disease\Bacterial Red disease_aug_98.jpg,Bacterial Red disease,fish,train,True
C:\Users\Asus\PycharmProjects\AquaVision_v1\datasets\fish\New Dataset\train_split\Bacterial Red disease\Bacterial Red disease_aug_99.jpg,Bacterial Red disease,fish,train,True
C:\Users\Asus\PycharmProjects\AquaVision_v1\datasets\fish\New Dataset\train_split\EUS\EUS_1.jpg,EUS,fish,train,False
C:\Users\Asus\PycharmProjects\AquaVision_v1\datasets\fish\New Dataset\train_split\EUS\EUS_10.jpg,EUS,fish,train,False
C:\Users\Asus\PycharmProjects\AquaVision_v1\datasets\fish\New Dataset\train_split\EUS\EUS_101.jpg,EUS,fish,train,False
C:\Users\Asus\PycharmProjects\AquaVision_v1\datasets\fish\New Dataset\train_split\EUS\EUS_102.jpg,EUS,fish,train,False
C:\Users\Asus\PycharmProjects\AquaVision_v1\datasets\fish\New Dataset\train_split\EUS\EUS_103.jpg,EUS,fish,train,False
C:\Users\Asus\PycharmProjects\AquaVision_v1\datasets\fish\New Dataset\train_split\EUS\EUS_104.jpg,EUS,fish,train,False
C:\Users\Asus\PycharmProjects\AquaVision_v1\datasets\fish\New Dataset\train_split\EUS\EUS_106.jpg,EUS,fish,train,False
C:\Users\Asus\PycharmProjects\AquaVision_v1\datasets\fish\New Dataset\train_split\EUS\EUS_108.jpg,EUS,fish,train,False
C:\Users\Asus\PycharmProjects\AquaVision_v1\datasets\fish\New Dataset\train_split\EUS\EUS_109.jpg,EUS,fish,train,False
C:\Users\Asus\PycharmProjects\AquaVision_v1\datasets\fish\New Dataset\train_split\EUS\EUS_110.jpg,EUS,fish,train,False
C:\Users\Asus\PycharmProjects\AquaVision_v1\datasets\fish\New Dataset\train_split\EUS\EUS_115.jpg,EUS,fish,train,False
C:\Users\Asus\PycharmProjects\AquaVision_v1\datasets\fish\New Dataset\train_split\EUS\EUS_116.jpg,EUS,fish,train,False
C:\Users\Asus\PycharmProjects\AquaVision_v1\datasets\fish\New Dataset\train_split\EUS\EUS_117.jpg,EUS,fish,train,False
C:\Users\Asus\PycharmProjects\AquaVision_v1\datasets\fish\New Dataset\train_split\EUS\EUS_118.jpg,EUS,fish,train,False
C:\Users\Asus\PycharmProjects\AquaVision_v1\datasets\fish\New Dataset\train_split\EUS\EUS_119.jpg,EUS,fish,train,False
C:\Users\Asus\PycharmProjects\AquaVision_v1\datasets\fish\New Dataset\train_split\EUS\EUS_12.jpg,EUS,fish,train,False
C:\Users\Asus\PycharmProjects\AquaVision_v1\datasets\fish\New Dataset\train_split\EUS\EUS_120.jpg,EUS,fish,train,False
C:\Users\Asus\PycharmProjects\AquaVision_v1\datasets\fish\New Dataset\train_split\EUS\EUS_121.jpg,EUS,fish,train,False
C:\Users\Asus\PycharmProjects\AquaVision_v1\datasets\fish\New Dataset\train_split\EUS\EUS_122.jpg,EUS,fish,train,False
C:\Users\Asus\PycharmProjects\AquaVision_v1\datasets\fish\New Dataset\train_split\EUS\EUS_123.jpg,EUS,fish,train,False
C:\Users\Asus\PycharmProjects\AquaVision_v1\datasets\fish\New Dataset\train_split\EUS\EUS_124.jpg,EUS,fish,train,False
C:\Users\Asus\PycharmProjects\AquaVision_v1\datasets\fish\New Dataset\train_split\EUS\EUS_125.jpg,EUS,fish,train,False
C:\Users\Asus\PycharmProjects\AquaVision_v1\datasets\fish\New Dataset\train_split\EUS\EUS_126.jpg,EUS,fish,train,False
C:\Users\Asus\PycharmProjects\AquaVision_v1\datasets\fish\New Dataset\train_split\EUS\EUS_128.jpg,EUS,fish,train,False
C:\Users\Asus\PycharmProjects\AquaVision_v1\datasets\fish\New Dataset\train_split\EUS\EUS_129.jpg,EUS,fish,train,False
C:\Users\Asus\PycharmProjects\AquaVision_v1\datasets\fish\New Dataset\train_split\EUS\EUS_132.jpg,EUS,fish,train,False
C:\Users\Asus\PycharmProjects\AquaVision_v1\datasets\fish\New Dataset\train_split\EUS\EUS_136.jpg,EUS,fish,train,False
C:\Users\Asus\PycharmProjects\AquaVision_v1\datasets\fish\New Dataset\train_split\EUS\EUS_137.jpg,EUS,fish,train,False
C:\Users\Asus\PycharmProjects\AquaVision_v1\datasets\fish\New Dataset\train_split\EUS\EUS_138.jpg,EUS,fish,train,False
C:\Users\Asus\PycharmProjects\AquaVision_v1\datasets\fish\New Dataset\train_split\EUS\EUS_14.jpg,EUS,fish,train,False
C:\Users\Asus\PycharmProjects\AquaVision_v1\datasets\fish\New Dataset\train_split\EUS\EUS_140.jpg,EUS,fish,train,False
C:\Users\Asus\PycharmProjects\AquaVision_v1\datasets\fish\New Dataset\train_split\EUS\EUS_143.jpg,EUS,fish,train,False
C:\Users\Asus\PycharmProjects\AquaVision_v1\datasets\fish\New Dataset\train_split\EUS\EUS_144.jpg,EUS,fish,train,False
C:\Users\Asus\PycharmProjects\AquaVision_v1\datasets\fish\New Dataset\train_split\EUS\EUS_146.jpg,EUS,fish,train,False
C:\Users\Asus\PycharmProjects\AquaVision_v1\datasets\fish\New Dataset\train_split\EUS\EUS_148.jpg,EUS,fish,train,False
C:\Users\Asus\PycharmProjects\AquaVision_v1\datasets\fish\New Dataset\train_split\EUS\EUS_149.jpg,EUS,fish,train,False
C:\Users\Asus\PycharmProjects\AquaVision_v1\datasets\fish\New Dataset\train_split\EUS\EUS_150.jpg,EUS,fish,train,False
C:\Users\Asus\PycharmProjects\AquaVision_v1\datasets\fish\New Dataset\train_split\EUS\EUS_152.jpg,EUS,fish,train,False
C:\Users\Asus\PycharmProjects\AquaVision_v1\datasets\fish\New Dataset\train_split\EUS\EUS_153.jpg,EUS,fish,train,False
C:\Users\Asus\PycharmProjects\AquaVision_v1\datasets\fish\New Dataset\train_split\EUS\EUS_160.jpg,EUS,fish,train,False
C:\Users\Asus\PycharmProjects\AquaVision_v1\datasets\fish\New Dataset\train_split\EUS\EUS_161.jpg,EUS,fish,train,False
C:\Users\Asus\PycharmProjects\AquaVision_v1\datasets\fish\New Dataset\train_split\EUS\EUS_163.jpg,EUS,fish,train,False
C:\Users\Asus\PycharmProjects\AquaVision_v1\datasets\fish\New Dataset\train_split\EUS\EUS_164.jpg,EUS,fish,train,False
C:\Users\Asus\PycharmProjects\AquaVision_v1\datasets\fish\New Dataset\train_split\EUS\EUS_165.jpg,EUS,fish,train,False
C:\Users\Asus\PycharmProjects\AquaVision_v1\datasets\fish\New Dataset\train_split\EUS\EUS_166.jpg,EUS,fish,train,False
C:\Users\Asus\PycharmProjects\AquaVision_v1\datasets\fish\New Dataset\train_split\EUS\EUS_169.jpg,EUS,fish,train,False
C:\Users\Asus\PycharmProjects\AquaVision_v1\datasets\fish\New Dataset\train_split\EUS\EUS_17.jpg,EUS,fish,train,False
C:\Users\Asus\PycharmProjects\AquaVision_v1\datasets\fish\New Dataset\train_split\EUS\EUS_171.jpg,EUS,fish,train,False
C:\Users\Asus\PycharmProjects\AquaVision_v1\datasets\fish\New Dataset\train_split\EUS\EUS_175.jpg,EUS,fish,train,False
C:\Users\Asus\PycharmProjects\AquaVision_v1\datasets\fish\New Dataset\train_split\EUS\EUS_177.jpg,EUS,fish,train,False
C:\Users\Asus\PycharmProjects\AquaVision_v1\datasets\fish\New Dataset\train_split\EUS\EUS_179.jpg,EUS,fish,train,False
C:\Users\Asus\PycharmProjects\AquaVision_v1\datasets\fish\New Dataset\train_split\EUS\EUS_180.jpg,EUS,fish,train,False
C:\Users\Asus\PycharmProjects\AquaVision_v1\datasets\fish\New Dataset\train_split\EUS\EUS_181.jpg,EUS,fish,train,False
C:\Users\Asus\PycharmProjects\AquaVision_v1\datasets\fish\New Dataset\train_split\EUS\EUS_182.jpg,EUS,fish,train,False
C:\Users\Asus\PycharmProjects\AquaVision_v1\datasets\fish\New Dataset\train_split\EUS\EUS_183.jpg,EUS,fish,train,False
C:\Users\Asus\PycharmProjects\AquaVision_v1\datasets\fish\New Dataset\train_split\EUS\EUS_184.jpg,EUS,fish,train,False
C:\Users\Asus\PycharmProjects\AquaVision_v1\datasets\fish\New Dataset\train_split\EUS\EUS_185.jpg,EUS,fish,train,False
C:\Users\Asus\PycharmProjects\AquaVision_v1\datasets\fish\New Dataset\train_split\EUS\EUS_186.jpg,EUS,fish,train,False
C:\Users\Asus\PycharmProjects\AquaVision_v1\datasets\fish\New Dataset\train_split\EUS\EUS_188.jpg,EUS,fish,train,False
C:\Users\Asus\PycharmProjects\AquaVision_v1\datasets\fish\New Dataset\train_split\EUS\EUS_189.jpg,EUS,fish,train,False
C:\Users\Asus\PycharmProjects\AquaVision_v1\datasets\fish\New Dataset\train_split\EUS\EUS_191.jpg,EUS,fish,train,False
C:\Users\Asus\PycharmProjects\AquaVision_v1\datasets\fish\New Dataset\train_split\EUS\EUS_192.jpg,EUS,fish,train,False
C:\Users\Asus\PycharmProjects\AquaVision_v1\datasets\fish\New Dataset\train_split\EUS\EUS_193.jpg,EUS,fish,train,False
C:\Users\Asus\PycharmProjects\AquaVision_v1\datasets\fish\New Dataset\train_split\EUS\EUS_194.jpg,EUS,fish,train,False
C:\Users\Asus\PycharmProjects\AquaVision_v1\datasets\fish\New Dataset\train_split\EUS\EUS_195.jpg,EUS,fish,train,False
C:\Users\Asus\PycharmProjects\AquaVision_v1\datasets\fish\New Dataset\train_split\EUS\EUS_196.jpg,EUS,fish,train,False
C:\Users\Asus\PycharmProjects\AquaVision_v1\datasets\fish\New Dataset\train_split\EUS\EUS_197.jpg,EUS,fish,train,False
C:\Users\Asus\PycharmProjects\AquaVision_v1\datasets\fish\New Dataset\train_split\EUS\EUS_198.jpg,EUS,fish,train,False
C:\Users\Asus\PycharmProjects\AquaVision_v1\datasets\fish\New Dataset\train_split\EUS\EUS_199.jpg,EUS,fish,train,False
C:\Users\Asus\PycharmProjects\AquaVision_v1\datasets\fish\New Dataset\train_split\EUS\EUS_2.jpg,EUS,fish,train,False
C:\Users\Asus\PycharmProjects\AquaVision_v1\datasets\fish\New Dataset\train_split\EUS\EUS_20.jpg,EUS,fish,train,False
C:\Users\Asus\PycharmProjects\AquaVision_v1\datasets\fish\New Dataset\train_split\EUS\EUS_200.jpg,EUS,fish,train,False
C:\Users\Asus\PycharmProjects\AquaVision_v1\datasets\fish\New Dataset\train_split\EUS\EUS_202.jpg,EUS,fish,train,False
C:\Users\Asus\PycharmProjects\AquaVision_v1\datasets\fish\New Dataset\train_split\EUS\EUS_204.jpg,EUS,fish,train,False
C:\Users\Asus\PycharmProjects\AquaVision_v1\datasets\fish\New Dataset\train_split\EUS\EUS_205.jpg,EUS,fish,train,False
C:\Users\Asus\PycharmProjects\AquaVision_v1\datasets\fish\New Dataset\train_split\EUS\EUS_206.jpg,EUS,fish,train,False
C:\Users\Asus\PycharmProjects\AquaVision_v1\datasets\fish\New Dataset\train_split\EUS\EUS_207.jpg,EUS,fish,train,False
C:\Users\Asus\PycharmProjects\AquaVision_v1\datasets\fish\New Dataset\train_split\EUS\EUS_208.jpg,EUS,fish,train,False
C:\Users\Asus\PycharmProjects\AquaVision_v1\datasets\fish\New Dataset\train_split\EUS\EUS_210.jpg,EUS,fish,train,False
C:\Users\Asus\PycharmProjects\AquaVision_v1\datasets\fish\New Dataset\train_split\EUS\EUS_211.jpg,EUS,fish,train,False
C:\Users\Asus\PycharmProjects\AquaVision_v1\datasets\fish\New Dataset\train_split\EUS\EUS_214.jpg,EUS,fish,train,False
C:\Users\Asus\PycharmProjects\AquaVision_v1\datasets\fish\New Dataset\train_split\EUS\EUS_216.jpg,EUS,fish,train,False
C:\Users\Asus\PycharmProjects\AquaVision_v1\datasets\fish\New Dataset\train_split\EUS\EUS_217.jpg,EUS,fish,train,False
C:\Users\Asus\PycharmProjects\AquaVision_v1\datasets\fish\New Dataset\train_split\EUS\EUS_218.jpg,EUS,fish,train,False
C:\Users\Asus\PycharmProjects\AquaVision_v1\datasets\fish\New Dataset\train_split\EUS\EUS_219.jpg,EUS,fish,train,False
C:\Users\Asus\PycharmProjects\AquaVision_v1\datasets\fish\New Dataset\train_split\EUS\EUS_220.jpg,EUS,fish,train,False
C:\Users\Asus\PycharmProjects\AquaVision_v1\datasets\fish\New Dataset\train_split\EUS\EUS_222.jpg,EUS,fish,train,False
C:\Users\Asus\PycharmProjects\AquaVision_v1\datasets\fish\New Dataset\train_split\EUS\EUS_223.jpg,EUS,fish,train,False
C:\Users\Asus\PycharmProjects\AquaVision_v1\datasets\fish\New Dataset\train_split\EUS\EUS_225.jpg,EUS,fish,train,False
C:\Users\Asus\PycharmProjects\AquaVision_v1\datasets\fish\New Dataset\train_split\EUS\EUS_227.jpg,EUS,fish,train,False
C:\Users\Asus\PycharmProjects\AquaVision_v1\datasets\fish\New Dataset\train_split\EUS\EUS_229.jpg,EUS,fish,train,False
C:\Users\Asus\PycharmProjects\AquaVision_v1\datasets\fish\New Dataset\train_split\EUS\EUS_230.jpg,EUS,fish,train,False
C:\Users\Asus\PycharmProjects\AquaVision_v1\datasets\fish\New Dataset\train_split\EUS\EUS_232.jpg,EUS,fish,train,False
C:\Users\Asus\PycharmProjects\AquaVision_v1\datasets\fish\New Dataset\train_split\EUS\EUS_238.jpg,EUS,fish,train,False
C:\Users\Asus\PycharmProjects\AquaVision_v1\datasets\fish\New Dataset\train_split\EUS\EUS_24.jpg,EUS,fish,train,False
C:\Users\Asus\PycharmProjects\AquaVision_v1\datasets\fish\New Dataset\train_split\EUS\EUS_240.jpg,EUS,fish,train,False
C:\Users\Asus\PycharmProjects\AquaVision_v1\datasets\fish\New Dataset\train_split\EUS\EUS_241.jpg,EUS,fish,train,False
C:\Users\Asus\PycharmProjects\AquaVision_v1\datasets\fish\New Dataset\train_split\EUS\EUS_242.jpg,EUS,fish,train,False
C:\Users\Asus\PycharmProjects\AquaVision_v1\datasets\fish\New Dataset\train_split\EUS\EUS_243.jpg,EUS,fish,train,False
C:\Users\Asus\PycharmProjects\AquaVision_v1\datasets\fish\New Dataset\train_split\EUS\EUS_244.jpg,EUS,fish,train,False
C:\Users\Asus\PycharmProjects\AquaVision_v1\datasets\fish\New Dataset\train_split\EUS\EUS_246.jpg,EUS,fish,train,False
C:\Users\Asus\PycharmProjects\AquaVision_v1\datasets\fish\New Dataset\train_split\EUS\EUS_247.jpg,EUS,fish,train,False
C:\Users\Asus\PycharmProjects\AquaVision_v1\datasets\fish\New Dataset\train_split\EUS\EUS_248.jpg,EUS,fish,train,False
C:\Users\Asus\PycharmProjects\AquaVision_v1\datasets\fish\New Dataset\train_split\EUS\EUS_249.jpg,EUS,fish,train,False
C:\Users\Asus\PycharmProjects\AquaVision_v1\datasets\fish\New Dataset\train_split\EUS\EUS_25.jpg,EUS,fish,train,False
C:\Users\Asus\PycharmProjects\AquaVision_v1\datasets\fish\New Dataset\train_split\EUS\EUS_250.jpg,EUS,fish,train,False
C:\Users\Asus\PycharmProjects\AquaVision_v1\datasets\fish\New Dataset\train_split\EUS\EUS_253.jpg,EUS,fish,train,False
C:\Users\Asus\PycharmProjects\AquaVision_v1\datasets\fish\New Dataset\train_split\EUS\EUS_254.jpg,EUS,fish,train,False
C:\Users\Asus\PycharmProjects\AquaVision_v1\datasets\fish\New Dataset\train_split\EUS\EUS_255.jpg,EUS,fish,train,False
C:\Users\Asus\PycharmProjects\AquaVision_v1\datasets\fish\New Dataset\train_split\EUS\EUS_256.jpg,EUS,fish,train,False
C:\Users\Asus\PycharmProjects\AquaVision_v1\datasets\fish\New Dataset\train_split\EUS\EUS_257.jpg,EUS,fish,train,False
C:\Users\Asus\PycharmProjects\AquaVision_v1\datasets\fish\New Dataset\train_split\EUS\EUS_258.jpg,EUS,fish,train,False
C:\Users\Asus\PycharmProjects\AquaVision_v1\datasets\fish\New Dataset\train_split\EUS\EUS_259.jpg,EUS,fish,train,False
C:\Users\Asus\PycharmProjects\AquaVision_v1\datasets\fish\New Dataset\train_split\EUS\EUS_26.jpg,EUS,fish,train,False
C:\Users\Asus\PycharmProjects\AquaVision_v1\datasets\fish\New Dataset\train_split\EUS\EUS_260.jpg,EUS,fish,train,False
C:\Users\Asus\PycharmProjects\AquaVision_v1\datasets\fish\New Dataset\train_split\EUS\EUS_264.jpg,EUS,fish,train,False
C:\Users\Asus\PycharmProjects\AquaVision_v1\datasets\fish\New Dataset\train_split\EUS\EUS_265.jpg,EUS,fish,train,False
C:\Users\Asus\PycharmProjects\AquaVision_v1\datasets\fish\New Dataset\train_split\EUS\EUS_266.jpg,EUS,fish,train,False
C:\Users\Asus\PycharmProjects\AquaVision_v1\datasets\fish\New Dataset\train_split\EUS\EUS_267.jpg,EUS,fish,train,False
C:\Users\Asus\PycharmProjects\AquaVision_v1\datasets\fish\New Dataset\train_split\EUS\EUS_268.jpg,EUS,fish,train,False
C:\Users\Asus\PycharmProjects\AquaVision_v1\datasets\fish\New Dataset\train_split\EUS\EUS_269.jpg,EUS,fish,train,False
C:\Users\Asus\PycharmProjects\AquaVision_v1\datasets\fish\New Dataset\train_split\EUS\EUS_270.jpg,EUS,fish,train,False
C:\Users\Asus\PycharmProjects\AquaVision_v1\datasets\fish\New Dataset\train_split\EUS\EUS_271.jpg,EUS,fish,train,False
C:\Users\Asus\PycharmProjects\AquaVision_v1\datasets\fish\New Dataset\train_split\EUS\EUS_274.jpg,EUS,fish,train,False
C:\Users\Asus\PycharmProjects\AquaVision_v1\datasets\fish\New Dataset\train_split\EUS\EUS_275.jpg,EUS,fish,train,False
C:\Users\Asus\PycharmProjects\AquaVision_v1\datasets\fish\New Dataset\train_split\EUS\EUS_276.jpg,EUS,fish,train,False
C:\Users\Asus\PycharmProjects\AquaVision_v1\datasets\fish\New Dataset\train_split\EUS\EUS_277.jpg,EUS,fish,train,False
C:\Users\Asus\PycharmProjects\AquaVision_v1\datasets\fish\New Dataset\train_split\EUS\EUS_278.jpg,EUS,fish,train,False
C:\Users\Asus\PycharmProjects\AquaVision_v1\datasets\fish\New Dataset\train_split\EUS\EUS_279.jpg,EUS,fish,train,False
C:\Users\Asus\PycharmProjects\AquaVision_v1\datasets\fish\New Dataset\train_split\EUS\EUS_280.jpg,EUS,fish,train,False
C:\Users\Asus\PycharmProjects\AquaVision_v1\datasets\fish\New Dataset\train_split\EUS\EUS_281.jpg,EUS,fish,train,False
C:\Users\Asus\PycharmProjects\AquaVision_v1\datasets\fish\New Dataset\train_split\EUS\EUS_284.jpg,EUS,fish,train,False
C:\Users\Asus\PycharmProjects\AquaVision_v1\datasets\fish\New Dataset\train_split\EUS\EUS_285.jpg,EUS,fish,train,False
C:\Users\Asus\PycharmProjects\AquaVision_v1\datasets\fish\New Dataset\train_split\EUS\EUS_286.jpg,EUS,fish,train,False
C:\Users\Asus\PycharmProjects\AquaVision_v1\datasets\fish\New Dataset\train_split\EUS\EUS_290.jpg,EUS,fish,train,False
C:\Users\Asus\PycharmProjects\AquaVision_v1\datasets\fish\New Dataset\train_split\EUS\EUS_292.jpg,EUS,fish,train,False
C:\Users\Asus\PycharmProjects\AquaVision_v1\datasets\fish\New Dataset\train_split\EUS\EUS_294.jpg,EUS,fish,train,False
C:\Users\Asus\PycharmProjects\AquaVision_v1\datasets\fish\New Dataset\train_split\EUS\EUS_295.jpg,EUS,fish,train,False
C:\Users\Asus\PycharmProjects\AquaVision_v1\datasets\fish\New Dataset\train_split\EUS\EUS_298.jpg,EUS,fish,train,False
C:\Users\Asus\PycharmProjects\AquaVision_v1\datasets\fish\New Dataset\train_split\EUS\EUS_3.jpg,EUS,fish,train,False
C:\Users\Asus\PycharmProjects\AquaVision_v1\datasets\fish\New Dataset\train_split\EUS\EUS_300.jpg,EUS,fish,train,False
C:\Users\Asus\PycharmProjects\AquaVision_v1\datasets\fish\New Dataset\train_split\EUS\EUS_301.jpg,EUS,fish,train,False
C:\Users\Asus\PycharmProjects\AquaVision_v1\datasets\fish\New Dataset\train_split\EUS\EUS_302.jpg,EUS,fish,train,False
C:\Users\Asus\PycharmProjects\AquaVision_v1\datasets\fish\New Dataset\train_split\EUS\EUS_303.jpg,EUS,fish,train,False
C:\Users\Asus\PycharmProjects\AquaVision_v1\datasets\fish\New Dataset\train_split\EUS\EUS_304.jpg,EUS,fish,train,False
C:\Users\Asus\PycharmProjects\AquaVision_v1\datasets\fish\New Dataset\train_split\EUS\EUS_305.jpg,EUS,fish,train,False
C:\Users\Asus\PycharmProjects\AquaVision_v1\datasets\fish\New Dataset\train_split\EUS\EUS_308.jpg,EUS,fish,train,False
C:\Users\Asus\PycharmProjects\AquaVision_v1\datasets\fish\New Dataset\train_split\EUS\EUS_309.jpg,EUS,fish,train,False
C:\Users\Asus\PycharmProjects\AquaVision_v1\datasets\fish\New Dataset\train_split\EUS\EUS_31.jpg,EUS,fish,train,False
C:\Users\Asus\PycharmProjects\AquaVision_v1\datasets\fish\New Dataset\train_split\EUS\EUS_310.jpg,EUS,fish,train,False
C:\Users\Asus\PycharmProjects\AquaVision_v1\datasets\fish\New Dataset\train_split\EUS\EUS_311.jpg,EUS,fish,train,False
C:\Users\Asus\PycharmProjects\AquaVision_v1\datasets\fish\New Dataset\train_split\EUS\EUS_312.jpg,EUS,fish,train,False
C:\Users\Asus\PycharmProjects\AquaVision_v1\datasets\fish\New Dataset\train_split\EUS\EUS_313.jpg,EUS,fish,train,False
C:\Users\Asus\PycharmProjects\AquaVision_v1\datasets\fish\New Dataset\train_split\EUS\EUS_314.jpg,EUS,fish,train,False
C:\Users\Asus\PycharmProjects\AquaVision_v1\datasets\fish\New Dataset\train_split\EUS\EUS_317.jpg,EUS,fish,train,False
C:\Users\Asus\PycharmProjects\AquaVision_v1\datasets\fish\New Dataset\train_split\EUS\EUS_318.jpg,EUS,fish,train,False
C:\Users\Asus\PycharmProjects\AquaVision_v1\datasets\fish\New Dataset\train_split\EUS\EUS_319.jpg,EUS,fish,train,False
C:\Users\Asus\PycharmProjects\AquaVision_v1\datasets\fish\New Dataset\train_split\EUS\EUS_322.jpg,EUS,fish,train,False
C:\Users\Asus\PycharmProjects\AquaVision_v1\datasets\fish\New Dataset\train_split\EUS\EUS_323.jpg,EUS,fish,train,False
C:\Users\Asus\PycharmProjects\AquaVision_v1\datasets\fish\New Dataset\train_split\EUS\EUS_324.jpg,EUS,fish,train,False
C:\Users\Asus\PycharmProjects\AquaVision_v1\datasets\fish\New Dataset\train_split\EUS\EUS_325.jpg,EUS,fish,train,False
C:\Users\Asus\PycharmProjects\AquaVision_v1\datasets\fish\New Dataset\train_split\EUS\EUS_326.jpg,EUS,fish,train,False
C:\Users\Asus\PycharmProjects\AquaVision_v1\datasets\fish\New Dataset\train_split\EUS\EUS_327.jpg,EUS,fish,train,False
C:\Users\Asus\PycharmProjects\AquaVision_v1\datasets\fish\New Dataset\train_split\EUS\EUS_328.jpg,EUS,fish,train,False
C:\Users\Asus\PycharmProjects\AquaVision_v1\datasets\fish\New Dataset\train_split\EUS\EUS_329.jpg,EUS,fish,train,False
C:\Users\Asus\PycharmProjects\AquaVision_v1\datasets\fish\New Dataset\train_split\EUS\EUS_331.jpg,EUS,fish,train,False
C:\Users\Asus\PycharmProjects\AquaVision_v1\datasets\fish\New Dataset\train_split\EUS\EUS_332.jpg,EUS,fish,train,False
C:\Users\Asus\PycharmProjects\AquaVision_v1\datasets\fish\New Dataset\train_split\EUS\EUS_333.jpg,EUS,fish,train,False
C:\Users\Asus\PycharmProjects\AquaVision_v1\datasets\fish\New Dataset\train_split\EUS\EUS_335.jpg,EUS,fish,train,False
C:\Users\Asus\PycharmProjects\AquaVision_v1\datasets\fish\New Dataset\train_split\EUS\EUS_336.jpg,EUS,fish,train,False
C:\Users\Asus\PycharmProjects\AquaVision_v1\datasets\fish\New Dataset\train_split\EUS\EUS_341.jpg,EUS,fish,train,False
C:\Users\Asus\PycharmProjects\AquaVision_v1\datasets\fish\New Dataset\train_split\EUS\EUS_344.jpg,EUS,fish,train,False
C:\Users\Asus\PycharmProjects\AquaVision_v1\datasets\fish\New Dataset\train_split\EUS\EUS_347.jpg,EUS,fish,train,False
C:\Users\Asus\PycharmProjects\AquaVision_v1\datasets\fish\New Dataset\train_split\EUS\EUS_351.jpg,EUS,fish,train,False
C:\Users\Asus\PycharmProjects\AquaVision_v1\datasets\fish\New Dataset\train_split\EUS\EUS_38.jpg,EUS,fish,train,False
C:\Users\Asus\PycharmProjects\AquaVision_v1\datasets\fish\New Dataset\train_split\EUS\EUS_42.jpg,EUS,fish,train,False
C:\Users\Asus\PycharmProjects\AquaVision_v1\datasets\fish\New Dataset\train_split\EUS\EUS_43.jpg,EUS,fish,train,False
C:\Users\Asus\PycharmProjects\AquaVision_v1\datasets\fish\New Dataset\train_split\EUS\EUS_44.jpg,EUS,fish,train,False
C:\Users\Asus\PycharmProjects\AquaVision_v1\datasets\fish\New Dataset\train_split\EUS\EUS_47.jpg,EUS,fish,train,False
C:\Users\Asus\PycharmProjects\AquaVision_v1\datasets\fish\New Dataset\train_split\EUS\EUS_48.jpg,EUS,fish,train,False
C:\Users\Asus\PycharmProjects\AquaVision_v1\datasets\fish\New Dataset\train_split\EUS\EUS_5.jpg,EUS,fish,train,False
C:\Users\Asus\PycharmProjects\AquaVision_v1\datasets\fish\New Dataset\train_split\EUS\EUS_50.jpg,EUS,fish,train,False
C:\Users\Asus\PycharmProjects\AquaVision_v1\datasets\fish\New Dataset\train_split\EUS\EUS_51.jpg,EUS,fish,train,False
C:\Users\Asus\PycharmProjects\AquaVision_v1\datasets\fish\New Dataset\train_split\EUS\EUS_55.jpg,EUS,fish,train,False
C:\Users\Asus\PycharmProjects\AquaVision_v1\datasets\fish\New Dataset\train_split\EUS\EUS_56.jpg,EUS,fish,train,False
C:\Users\Asus\PycharmProjects\AquaVision_v1\datasets\fish\New Dataset\train_split\EUS\EUS_57.jpg,EUS,fish,train,False
C:\Users\Asus\PycharmProjects\AquaVision_v1\datasets\fish\New Dataset\train_split\EUS\EUS_58.jpg,EUS,fish,train,False
C:\Users\Asus\PycharmProjects\AquaVision_v1\datasets\fish\New Dataset\train_split\EUS\EUS_59.jpg,EUS,fish,train,False
C:\Users\Asus\PycharmProjects\AquaVision_v1\datasets\fish\New Dataset\train_split\EUS\EUS_6.jpg,EUS,fish,train,False
C:\Users\Asus\PycharmProjects\AquaVision_v1\datasets\fish\New Dataset\train_split\EUS\EUS_61.jpg,EUS,fish,train,False
C:\Users\Asus\PycharmProjects\AquaVision_v1\datasets\fish\New Dataset\train_split\EUS\EUS_62.jpg,EUS,fish,train,False
C:\Users\Asus\PycharmProjects\AquaVision_v1\datasets\fish\New Dataset\train_split\EUS\EUS_63.jpg,EUS,fish,train,False
C:\Users\Asus\PycharmProjects\AquaVision_v1\datasets\fish\New Dataset\train_split\EUS\EUS_65.jpg,EUS,fish,train,False
C:\Users\Asus\PycharmProjects\AquaVision_v1\datasets\fish\New Dataset\train_split\EUS\EUS_66.jpg,EUS,fish,train,False
C:\Users\Asus\PycharmProjects\AquaVision_v1\datasets\fish\New Dataset\train_split\EUS\EUS_67.jpg,EUS,fish,train,False
C:\Users\Asus\PycharmProjects\AquaVision_v1\datasets\fish\New Dataset\train_split\EUS\EUS_7.jpg,EUS,fish,train,False
C:\Users\Asus\PycharmProjects\AquaVision_v1\datasets\fish\New Dataset\train_split\EUS\EUS_70.jpg,EUS,fish,train,False
C:\Users\Asus\PycharmProjects\AquaVision_v1\datasets\fish\New Dataset\train_split\EUS\EUS_71.jpg,EUS,fish,train,False
C:\Users\Asus\PycharmProjects\AquaVision_v1\datasets\fish\New Dataset\train_split\EUS\EUS_72.jpg,EUS,fish,train,False
C:\Users\Asus\PycharmProjects\AquaVision_v1\datasets\fish\New Dataset\train_split\EUS\EUS_75.jpg,EUS,fish,train,False
C:\Users\Asus\PycharmProjects\AquaVision_v1\datasets\fish\New Dataset\train_split\EUS\EUS_76.jpg,EUS,fish,train,False
C:\Users\Asus\PycharmProjects\AquaVision_v1\datasets\fish\New Dataset\train_split\EUS\EUS_77.jpg,EUS,fish,train,False
C:\Users\Asus\PycharmProjects\AquaVision_v1\datasets\fish\New Dataset\train_split\EUS\EUS_78.jpg,EUS,fish,train,False
C:\Users\Asus\PycharmProjects\AquaVision_v1\datasets\fish\New Dataset\train_split\EUS\EUS_79.jpg,EUS,fish,train,False
C:\Users\Asus\PycharmProjects\AquaVision_v1\datasets\fish\New Dataset\train_split\EUS\EUS_8.jpg,EUS,fish,train,False
C:\Users\Asus\PycharmProjects\AquaVision_v1\datasets\fish\New Dataset\train_split\EUS\EUS_82.jpg,EUS,fish,train,False
C:\Users\Asus\PycharmProjects\AquaVision_v1\datasets\fish\New Dataset\train_split\EUS\EUS_83.jpg,EUS,fish,train,False
C:\Users\Asus\PycharmProjects\AquaVision_v1\datasets\fish\New Dataset\train_split\EUS\EUS_84.jpg,EUS,fish,train,False
C:\Users\Asus\PycharmProjects\AquaVision_v1\datasets\fish\New Dataset\train_split\EUS\EUS_86.jpg,EUS,fish,train,False
C:\Users\Asus\PycharmProjects\AquaVision_v1\datasets\fish\New Dataset\train_split\EUS\EUS_88.jpg,EUS,fish,train,False
C:\Users\Asus\PycharmProjects\AquaVision_v1\datasets\fish\New Dataset\train_split\EUS\EUS_89.jpg,EUS,fish,train,False
C:\Users\Asus\PycharmProjects\AquaVision_v1\datasets\fish\New Dataset\train_split\EUS\EUS_9.jpg,EUS,fish,train,False
C:\Users\Asus\PycharmProjects\AquaVision_v1\datasets\fish\New Dataset\train_split\EUS\EUS_90.jpg,EUS,fish,train,False
C:\Users\Asus\PycharmProjects\AquaVision_v1\datasets\fish\New Dataset\train_split\EUS\EUS_91.jpg,EUS,fish,train,False
C:\Users\Asus\PycharmProjects\AquaVision_v1\datasets\fish\New Dataset\train_split\EUS\EUS_92.jpg,EUS,fish,train,False
C:\Users\Asus\PycharmProjects\AquaVision_v1\datasets\fish\New Dataset\train_split\EUS\EUS_93.jpg,EUS,fish,train,False
C:\Users\Asus\PycharmProjects\AquaVision_v1\datasets\fish\New Dataset\train_split\EUS\EUS_95.jpg,EUS,fish,train,False
C:\Users\Asus\PycharmProjects\AquaVision_v1\datasets\fish\New Dataset\train_split\EUS\EUS_96.jpg,EUS,fish,train,False
C:\Users\Asus\PycharmProjects\AquaVision_v1\datasets\fish\New Dataset\train_split\EUS\EUS_97.jpg,EUS,fish,train,False
C:\Users\Asus\PycharmProjects\AquaVision_v1\datasets\fish\New Dataset\train_split\EUS\EUS_aug_0.jpg,EUS,fish,train,True
C:\Users\Asus\PycharmProjects\AquaVision_v1\datasets\fish\New Dataset\train_split\EUS\EUS_aug_1.jpg,EUS,fish,train,True
C:\Users\Asus\PycharmProjects\AquaVision_v1\datasets\fish\New Dataset\train_split\EUS\EUS_aug_10.jpg,EUS,fish,train,True
C:\Users\Asus\PycharmProjects\AquaVision_v1\datasets\fish\New Dataset\train_split\EUS\EUS_aug_100.jpg,EUS,fish,train,True
C:\Users\Asus\PycharmProjects\AquaVision_v1\datasets\fish\New Dataset\train_split\EUS\EUS_aug_101.jpg,EUS,fish,train,True
C:\Users\Asus\PycharmProjects\AquaVision_v1\datasets\fish\New Dataset\train_split\EUS\EUS_aug_103.jpg,EUS,fish,train,True
C:\Users\Asus\PycharmProjects\AquaVision_v1\datasets\fish\New Dataset\train_split\EUS\EUS_aug_105.jpg,EUS,fish,train,True
C:\Users\Asus\PycharmProjects\AquaVision_v1\datasets\fish\New Dataset\train_split\EUS\EUS_aug_107.jpg,EUS,fish,train,True
C:\Users\Asus\PycharmProjects\AquaVision_v1\datasets\fish\New Dataset\train_split\EUS\EUS_aug_108.jpg,EUS,fish,train,True
C:\Users\Asus\PycharmProjects\AquaVision_v1\datasets\fish\New Dataset\train_split\EUS\EUS_aug_11.jpg,EUS,fish,train,True
C:\Users\Asus\PycharmProjects\AquaVision_v1\datasets\fish\New Dataset\train_split\EUS\EUS_aug_110.jpg,EUS,fish,train,True
C:\Users\Asus\PycharmProjects\AquaVision_v1\datasets\fish\New Dataset\train_split\EUS\EUS_aug_111.jpg,EUS,fish,train,True
C:\Users\Asus\PycharmProjects\AquaVision_v1\datasets\fish\New Dataset\train_split\EUS\EUS_aug_112.jpg,EUS,fish,train,True
C:\Users\Asus\PycharmProjects\AquaVision_v1\datasets\fish\New Dataset\train_split\EUS\EUS_aug_113.jpg,EUS,fish,train,True
C:\Users\Asus\PycharmProjects\AquaVision_v1\datasets\fish\New Dataset\train_split\EUS\EUS_aug_114.jpg,EUS,fish,train,True
C:\Users\Asus\PycharmProjects\AquaVision_v1\datasets\fish\New Dataset\train_split\EUS\EUS_aug_115.jpg,EUS,fish,train,True
C:\Users\Asus\PycharmProjects\AquaVision_v1\datasets\fish\New Dataset\train_split\EUS\EUS_aug_117.jpg,EUS,fish,train,True
C:\Users\Asus\PycharmProjects\AquaVision_v1\datasets\fish\New Dataset\train_split\EUS\EUS_aug_118.jpg,EUS,fish,train,True
C:\Users\Asus\PycharmProjects\AquaVision_v1\datasets\fish\New Dataset\train_split\EUS\EUS_aug_119.jpg,EUS,fish,train,True
C:\Users\Asus\PycharmProjects\AquaVision_v1\datasets\fish\New Dataset\train_split\EUS\EUS_aug_121.jpg,EUS,fish,train,True
C:\Users\Asus\PycharmProjects\AquaVision_v1\datasets\fish\New Dataset\train_split\EUS\EUS_aug_122.jpg,EUS,fish,train,True
C:\Users\Asus\PycharmProjects\AquaVision_v1\datasets\fish\New Dataset\train_split\EUS\EUS_aug_123.jpg,EUS,fish,train,True
C:\Users\Asus\PycharmProjects\AquaVision_v1\datasets\fish\New Dataset\train_split\EUS\EUS_aug_124.jpg,EUS,fish,train,True
C:\Users\Asus\PycharmProjects\AquaVision_v1\datasets\fish\New Dataset\train_split\EUS\EUS_aug_126.jpg,EUS,fish,train,True
C:\Users\Asus\PycharmProjects\AquaVision_v1\datasets\fish\New Dataset\train_split\EUS\EUS_aug_128.jpg,EUS,fish,train,True
C:\Users\Asus\PycharmProjects\AquaVision_v1\datasets\fish\New Dataset\train_split\EUS\EUS_aug_13.jpg,EUS,fish,train,True
C:\Users\Asus\PycharmProjects\AquaVision_v1\datasets\fish\New Dataset\train_split\EUS\EUS_aug_131.jpg,EUS,fish,train,True
C:\Users\Asus\PycharmProjects\AquaVision_v1\datasets\fish\New Dataset\train_split\EUS\EUS_aug_132.jpg,EUS,fish,train,True
C:\Users\Asus\PycharmProjects\AquaVision_v1\datasets\fish\New Dataset\train_split\EUS\EUS_aug_133.jpg,EUS,fish,train,True
C:\Users\Asus\PycharmProjects\AquaVision_v1\datasets\fish\New Dataset\train_split\EUS\EUS_aug_134.jpg,EUS,fish,train,True
C:\Users\Asus\PycharmProjects\AquaVision_v1\datasets\fish\New Dataset\train_split\EUS\EUS_aug_135.jpg,EUS,fish,train,True
C:\Users\Asus\PycharmProjects\AquaVision_v1\datasets\fish\New Dataset\train_split\EUS\EUS_aug_136.jpg,EUS,fish,train,True
C:\Users\Asus\PycharmProjects\AquaVision_v1\datasets\fish\New Dataset\train_split\EUS\EUS_aug_137.jpg,EUS,fish,train,True
C:\Users\Asus\PycharmProjects\AquaVision_v1\datasets\fish\New Dataset\train_split\EUS\EUS_aug_139.jpg,EUS,fish,train,True
C:\Users\Asus\PycharmProjects\AquaVision_v1\datasets\fish\New Dataset\train_split\EUS\EUS_aug_14.jpg,EUS,fish,train,True
C:\Users\Asus\PycharmProjects\AquaVision_v1\datasets\fish\New Dataset\train_split\EUS\EUS_aug_140.jpg,EUS,fish,train,True
C:\Users\Asus\PycharmProjects\AquaVision_v1\datasets\fish\New Dataset\train_split\EUS\EUS_aug_141.jpg,EUS,fish,train,True
C:\Users\Asus\PycharmProjects\AquaVision_v1\datasets\fish\New Dataset\train_split\EUS\EUS_aug_143.jpg,EUS,fish,train,True
C:\Users\Asus\PycharmProjects\AquaVision_v1\datasets\fish\New Dataset\train_split\EUS\EUS_aug_144.jpg,EUS,fish,train,True
C:\Users\Asus\PycharmProjects\AquaVision_v1\datasets\fish\New Dataset\train_split\EUS\EUS_aug_145.jpg,EUS,fish,train,True
C:\Users\Asus\PycharmProjects\AquaVision_v1\datasets\fish\New Dataset\train_split\EUS\EUS_aug_146.jpg,EUS,fish,train,True
C:\Users\Asus\PycharmProjects\AquaVision_v1\datasets\fish\New Dataset\train_split\EUS\EUS_aug_147.jpg,EUS,fish,train,True
C:\Users\Asus\PycharmProjects\AquaVision_v1\datasets\fish\New Dataset\train_split\EUS\EUS_aug_148.jpg,EUS,fish,train,True
C:\Users\Asus\PycharmProjects\AquaVision_v1\datasets\fish\New Dataset\train_split\EUS\EUS_aug_149.jpg,EUS,fish,train,True
C:\Users\Asus\PycharmProjects\AquaVision_v1\datasets\fish\New Dataset\train_split\EUS\EUS_aug_15.jpg,EUS,fish,train,True
C:\Users\Asus\PycharmProjects\AquaVision_v1\datasets\fish\New Dataset\train_split\EUS\EUS_aug_151.jpg,EUS,fish,train,True
C:\Users\Asus\PycharmProjects\AquaVision_v1\datasets\fish\New Dataset\train_split\EUS\EUS_aug_154.jpg,EUS,fish,train,True
C:\Users\Asus\PycharmProjects\AquaVision_v1\datasets\fish\New Dataset\train_split\EUS\EUS_aug_155.jpg,EUS,fish,train,True
C:\Users\Asus\PycharmProjects\AquaVision_v1\datasets\fish\New Dataset\train_split\EUS\EUS_aug_156.jpg,EUS,fish,train,True
C:\Users\Asus\PycharmProjects\AquaVision_v1\datasets\fish\New Dataset\train_split\EUS\EUS_aug_158.jpg,EUS,fish,train,True
C:\Users\Asus\PycharmProjects\AquaVision_v1\datasets\fish\New Dataset\train_split\EUS\EUS_aug_159.jpg,EUS,fish,train,True
C:\Users\Asus\PycharmProjects\AquaVision_v1\datasets\fish\New Dataset\train_split\EUS\EUS_aug_160.jpg,EUS,fish,train,True
C:\Users\Asus\PycharmProjects\AquaVision_v1\datasets\fish\New Dataset\train_split\EUS\EUS_aug_161.jpg,EUS,fish,train,True
C:\Users\Asus\PycharmProjects\AquaVision_v1\datasets\fish\New Dataset\train_split\EUS\EUS_aug_162.jpg,EUS,fish,train,True
C:\Users\Asus\PycharmProjects\AquaVision_v1\datasets\fish\New Dataset\train_split\EUS\EUS_aug_163.jpg,EUS,fish,train,True
C:\Users\Asus\PycharmProjects\AquaVision_v1\datasets\fish\New Dataset\train_split\EUS\EUS_aug_164.jpg,EUS,fish,train,True
C:\Users\Asus\PycharmProjects\AquaVision_v1\datasets\fish\New Dataset\train_split\EUS\EUS_aug_165.jpg,EUS,fish,train,True
C:\Users\Asus\PycharmProjects\AquaVision_v1\datasets\fish\New Dataset\train_split\EUS\EUS_aug_166.jpg,EUS,fish,train,True
C:\Users\Asus\PycharmProjects\AquaVision_v1\datasets\fish\New Dataset\train_split\EUS\EUS_aug_168.jpg,EUS,fish,train,True
C:\Users\Asus\PycharmProjects\AquaVision_v1\datasets\fish\New Dataset\train_split\EUS\EUS_aug_169.jpg,EUS,fish,train,True
C:\Users\Asus\PycharmProjects\AquaVision_v1\datasets\fish\New Dataset\train_split\EUS\EUS_aug_17.jpg,EUS,fish,train,True
C:\Users\Asus\PycharmProjects\AquaVision_v1\datasets\fish\New Dataset\train_split\EUS\EUS_aug_170.jpg,EUS,fish,train,True
C:\Users\Asus\PycharmProjects\AquaVision_v1\datasets\fish\New Dataset\train_split\EUS\EUS_aug_171.jpg,EUS,fish,train,True
C:\Users\Asus\PycharmProjects\AquaVision_v1\datasets\fish\New Dataset\train_split\EUS\EUS_aug_172.jpg,EUS,fish,train,True
C:\Users\Asus\PycharmProjects\AquaVision_v1\datasets\fish\New Dataset\train_split\EUS\EUS_aug_173.jpg,EUS,fish,train,True
C:\Users\Asus\PycharmProjects\AquaVision_v1\datasets\fish\New Dataset\train_split\EUS\EUS_aug_175.jpg,EUS,fish,train,True
C:\Users\Asus\PycharmProjects\AquaVision_v1\datasets\fish\New Dataset\train_split\EUS\EUS_aug_176.jpg,EUS,fish,train,True
C:\Users\Asus\PycharmProjects\AquaVision_v1\datasets\fish\New Dataset\train_split\EUS\EUS_aug_177.jpg,EUS,fish,train,True
C:\Users\Asus\PycharmProjects\AquaVision_v1\datasets\fish\New Dataset\train_split\EUS\EUS_aug_178.jpg,EUS,fish,train,True
C:\Users\Asus\PycharmProjects\AquaVision_v1\datasets\fish\New Dataset\train_split\EUS\EUS_aug_18.jpg,EUS,fish,train,True
C:\Users\Asus\PycharmProjects\AquaVision_v1\datasets\fish\New Dataset\train_split\EUS\EUS_aug_180.jpg,EUS,fish,train,True
C:\Users\Asus\PycharmProjects\AquaVision_v1\datasets\fish\New Dataset\train_split\EUS\EUS_aug_181.jpg,EUS,fish,train,True
C:\Users\Asus\PycharmProjects\AquaVision_v1\datasets\fish\New Dataset\train_split\EUS\EUS_aug_182.jpg,EUS,fish,train,True
C:\Users\Asus\PycharmProjects\AquaVision_v1\datasets\fish\New Dataset\train_split\EUS\EUS_aug_184.jpg,EUS,fish,train,True
C:\Users\Asus\PycharmProjects\AquaVision_v1\datasets\fish\New Dataset\train_split\EUS\EUS_aug_185.jpg,EUS,fish,train,True
C:\Users\Asus\PycharmProjects\AquaVision_v1\datasets\fish\New Dataset\train_split\EUS\EUS_aug_186.jpg,EUS,fish,train,True
C:\Users\Asus\PycharmProjects\AquaVision_v1\datasets\fish\New Dataset\train_split\EUS\EUS_aug_188.jpg,EUS,fish,train,True
C:\Users\Asus\PycharmProjects\AquaVision_v1\datasets\fish\New Dataset\train_split\EUS\EUS_aug_189.jpg,EUS,fish,train,True
C:\Users\Asus\PycharmProjects\AquaVision_v1\datasets\fish\New Dataset\train_split\EUS\EUS_aug_19.jpg,EUS,fish,train,True
C:\Users\Asus\PycharmProjects\AquaVision_v1\datasets\fish\New Dataset\train_split\EUS\EUS_aug_190.jpg,EUS,fish,train,True
C:\Users\Asus\PycharmProjects\AquaVision_v1\datasets\fish\New Dataset\train_split\EUS\EUS_aug_192.jpg,EUS,fish,train,True
C:\Users\Asus\PycharmProjects\AquaVision_v1\datasets\fish\New Dataset\train_split\EUS\EUS_aug_193.jpg,EUS,fish,train,True
C:\Users\Asus\PycharmProjects\AquaVision_v1\datasets\fish\New Dataset\train_split\EUS\EUS_aug_195.jpg,EUS,fish,train,True
C:\Users\Asus\PycharmProjects\AquaVision_v1\datasets\fish\New Dataset\train_split\EUS\EUS_aug_196.jpg,EUS,fish,train,True
C:\Users\Asus\PycharmProjects\AquaVision_v1\datasets\fish\New Dataset\train_split\EUS\EUS_aug_198.jpg,EUS,fish,train,True
C:\Users\Asus\PycharmProjects\AquaVision_v1\datasets\fish\New Dataset\train_split\EUS\EUS_aug_199.jpg,EUS,fish,train,True
C:\Users\Asus\PycharmProjects\AquaVision_v1\datasets\fish\New Dataset\train_split\EUS\EUS_aug_2.jpg,EUS,fish,train,True
C:\Users\Asus\PycharmProjects\AquaVision_v1\datasets\fish\New Dataset\train_split\EUS\EUS_aug_20.jpg,EUS,fish,train,True
C:\Users\Asus\PycharmProjects\AquaVision_v1\datasets\fish\New Dataset\train_split\EUS\EUS_aug_200.jpg,EUS,fish,train,True
C:\Users\Asus\PycharmProjects\AquaVision_v1\datasets\fish\New Dataset\train_split\EUS\EUS_aug_201.jpg,EUS,fish,train,True
C:\Users\Asus\PycharmProjects\AquaVision_v1\datasets\fish\New Dataset\train_split\EUS\EUS_aug_202.jpg,EUS,fish,train,True
C:\Users\Asus\PycharmProjects\AquaVision_v1\datasets\fish\New Dataset\train_split\EUS\EUS_aug_203.jpg,EUS,fish,train,True
C:\Users\Asus\PycharmProjects\AquaVision_v1\datasets\fish\New Dataset\train_split\EUS\EUS_aug_205.jpg,EUS,fish,train,True
C:\Users\Asus\PycharmProjects\AquaVision_v1\datasets\fish\New Dataset\train_split\EUS\EUS_aug_206.jpg,EUS,fish,train,True
C:\Users\Asus\PycharmProjects\AquaVision_v1\datasets\fish\New Dataset\train_split\EUS\EUS_aug_207.jpg,EUS,fish,train,True
C:\Users\Asus\PycharmProjects\AquaVision_v1\datasets\fish\New Dataset\train_split\EUS\EUS_aug_208.jpg,EUS,fish,train,True
C:\Users\Asus\PycharmProjects\AquaVision_v1\datasets\fish\New Dataset\train_split\EUS\EUS_aug_209.jpg,EUS,fish,train,True
C:\Users\Asus\PycharmProjects\AquaVision_v1\datasets\fish\New Dataset\train_split\EUS\EUS_aug_21.jpg,EUS,fish,train,True
C:\Users\Asus\PycharmProjects\AquaVision_v1\datasets\fish\New Dataset\train_split\EUS\EUS_aug_210.jpg,EUS,fish,train,True
C:\Users\Asus\PycharmProjects\AquaVision_v1\datasets\fish\New Dataset\train_split\EUS\EUS_aug_211.jpg,EUS,fish,train,True
C:\Users\Asus\PycharmProjects\AquaVision_v1\datasets\fish\New Dataset\train_split\EUS\EUS_aug_212.jpg,EUS,fish,train,True
C:\Users\Asus\PycharmProjects\AquaVision_v1\datasets\fish\New Dataset\train_split\EUS\EUS_aug_213.jpg,EUS,fish,train,True
C:\Users\Asus\PycharmProjects\AquaVision_v1\datasets\fish\New Dataset\train_split\EUS\EUS_aug_214.jpg,EUS,fish,train,True
C:\Users\Asus\PycharmProjects\AquaVision_v1\datasets\fish\New Dataset\train_split\EUS\EUS_aug_215.jpg,EUS,fish,train,True
C:\Users\Asus\PycharmProjects\AquaVision_v1\datasets\fish\New Dataset\train_split\EUS\EUS_aug_217.jpg,EUS,fish,train,True
C:\Users\Asus\PycharmProjects\AquaVision_v1\datasets\fish\New Dataset\train_split\EUS\EUS_aug_218.jpg,EUS,fish,train,True
C:\Users\Asus\PycharmProjects\AquaVision_v1\datasets\fish\New Dataset\train_split\EUS\EUS_aug_219.jpg,EUS,fish,train,True
C:\Users\Asus\PycharmProjects\AquaVision_v1\datasets\fish\New Dataset\train_split\EUS\EUS_aug_22.jpg,EUS,fish,train,True
C:\Users\Asus\PycharmProjects\AquaVision_v1\datasets\fish\New Dataset\train_split\EUS\EUS_aug_220.jpg,EUS,fish,train,True
C:\Users\Asus\PycharmProjects\AquaVision_v1\datasets\fish\New Dataset\train_split\EUS\EUS_aug_221.jpg,EUS,fish,train,True
C:\Users\Asus\PycharmProjects\AquaVision_v1\datasets\fish\New Dataset\train_split\EUS\EUS_aug_222.jpg,EUS,fish,train,True
C:\Users\Asus\PycharmProjects\AquaVision_v1\datasets\fish\New Dataset\train_split\EUS\EUS_aug_223.jpg,EUS,fish,train,True
C:\Users\Asus\PycharmProjects\AquaVision_v1\datasets\fish\New Dataset\train_split\EUS\EUS_aug_23.jpg,EUS,fish,train,True
C:\Users\Asus\PycharmProjects\AquaVision_v1\datasets\fish\New Dataset\train_split\EUS\EUS_aug_24.jpg,EUS,fish,train,True
C:\Users\Asus\PycharmProjects\AquaVision_v1\datasets\fish\New Dataset\train_split\EUS\EUS_aug_25.jpg,EUS,fish,train,True
C:\Users\Asus\PycharmProjects\AquaVision_v1\datasets\fish\New Dataset\train_split\EUS\EUS_aug_26.jpg,EUS,fish,train,True
C:\Users\Asus\PycharmProjects\AquaVision_v1\datasets\fish\New Dataset\train_split\EUS\EUS_aug_27.jpg,EUS,fish,train,True
C:\Users\Asus\PycharmProjects\AquaVision_v1\datasets\fish\New Dataset\train_split\EUS\EUS_aug_28.jpg,EUS,fish,train,True
C:\Users\Asus\PycharmProjects\AquaVision_v1\datasets\fish\New Dataset\train_split\EUS\EUS_aug_29.jpg,EUS,fish,train,True
C:\Users\Asus\PycharmProjects\AquaVision_v1\datasets\fish\New Dataset\train_split\EUS\EUS_aug_30.jpg,EUS,fish,train,True
C:\Users\Asus\PycharmProjects\AquaVision_v1\datasets\fish\New Dataset\train_split\EUS\EUS_aug_32.jpg,EUS,fish,train,True
C:\Users\Asus\PycharmProjects\AquaVision_v1\datasets\fish\New Dataset\train_split\EUS\EUS_aug_33.jpg,EUS,fish,train,True
C:\Users\Asus\PycharmProjects\AquaVision_v1\datasets\fish\New Dataset\train_split\EUS\EUS_aug_34.jpg,EUS,fish,train,True
C:\Users\Asus\PycharmProjects\AquaVision_v1\datasets\fish\New Dataset\train_split\EUS\EUS_aug_35.jpg,EUS,fish,train,True
C:\Users\Asus\PycharmProjects\AquaVision_v1\datasets\fish\New Dataset\train_split\EUS\EUS_aug_36.jpg,EUS,fish,train,True
C:\Users\Asus\PycharmProjects\AquaVision_v1\datasets\fish\New Dataset\train_split\EUS\EUS_aug_37.jpg,EUS,fish,train,True
C:\Users\Asus\PycharmProjects\AquaVision_v1\datasets\fish\New Dataset\train_split\EUS\EUS_aug_38.jpg,EUS,fish,train,True
C:\Users\Asus\PycharmProjects\AquaVision_v1\datasets\fish\New Dataset\train_split\EUS\EUS_aug_39.jpg,EUS,fish,train,True
C:\Users\Asus\PycharmProjects\AquaVision_v1\datasets\fish\New Dataset\train_split\EUS\EUS_aug_4.jpg,EUS,fish,train,True
C:\Users\Asus\PycharmProjects\AquaVision_v1\datasets\fish\New Dataset\train_split\EUS\EUS_aug_40.jpg,EUS,fish,train,True
C:\Users\Asus\PycharmProjects\AquaVision_v1\datasets\fish\New Dataset\train_split\EUS\EUS_aug_42.jpg,EUS,fish,train,True
C:\Users\Asus\PycharmProjects\AquaVision_v1\datasets\fish\New Dataset\train_split\EUS\EUS_aug_43.jpg,EUS,fish,train,True
C:\Users\Asus\PycharmProjects\AquaVision_v1\datasets\fish\New Dataset\train_split\EUS\EUS_aug_44.jpg,EUS,fish,train,True
C:\Users\Asus\PycharmProjects\AquaVision_v1\datasets\fish\New Dataset\train_split\EUS\EUS_aug_45.jpg,EUS,fish,train,True
C:\Users\Asus\PycharmProjects\AquaVision_v1\datasets\fish\New Dataset\train_split\EUS\EUS_aug_46.jpg,EUS,fish,train,True
C:\Users\Asus\PycharmProjects\AquaVision_v1\datasets\fish\New Dataset\train_split\EUS\EUS_aug_47.jpg,EUS,fish,train,True
C:\Users\Asus\PycharmProjects\AquaVision_v1\datasets\fish\New Dataset\train_split\EUS\EUS_aug_5.jpg,EUS,fish,train,True
C:\Users\Asus\PycharmProjects\AquaVision_v1\datasets\fish\New Dataset\train_split\EUS\EUS_aug_50.jpg,EUS,fish,train,True
C:\Users\Asus\PycharmProjects\AquaVision_v1\datasets\fish\New Dataset\train_split\EUS\EUS_aug_52.jpg,EUS,fish,train,True
C:\Users\Asus\PycharmProjects\AquaVision_v1\datasets\fish\New Dataset\train_split\EUS\EUS_aug_54.jpg,EUS,fish,train,True
C:\Users\Asus\PycharmProjects\AquaVision_v1\datasets\fish\New Dataset\train_split\EUS\EUS_aug_55.jpg,EUS,fish,train,True
C:\Users\Asus\PycharmProjects\AquaVision_v1\datasets\fish\New Dataset\train_split\EUS\EUS_aug_56.jpg,EUS,fish,train,True
C:\Users\Asus\PycharmProjects\AquaVision_v1\datasets\fish\New Dataset\train_split\EUS\EUS_aug_59.jpg,EUS,fish,train,True
C:\Users\Asus\PycharmProjects\AquaVision_v1\datasets\fish\New Dataset\train_split\EUS\EUS_aug_6.jpg,EUS,fish,train,True
C:\Users\Asus\PycharmProjects\AquaVision_v1\datasets\fish\New Dataset\train_split\EUS\EUS_aug_60.jpg,EUS,fish,train,True
C:\Users\Asus\PycharmProjects\AquaVision_v1\datasets\fish\New Dataset\train_split\EUS\EUS_aug_61.jpg,EUS,fish,train,True
C:\Users\Asus\PycharmProjects\AquaVision_v1\datasets\fish\New Dataset\train_split\EUS\EUS_aug_62.jpg,EUS,fish,train,True
C:\Users\Asus\PycharmProjects\AquaVision_v1\datasets\fish\New Dataset\train_split\EUS\EUS_aug_64.jpg,EUS,fish,train,True
C:\Users\Asus\PycharmProjects\AquaVision_v1\datasets\fish\New Dataset\train_split\EUS\EUS_aug_66.jpg,EUS,fish,train,True
C:\Users\Asus\PycharmProjects\AquaVision_v1\datasets\fish\New Dataset\train_split\EUS\EUS_aug_67.jpg,EUS,fish,train,True
C:\Users\Asus\PycharmProjects\AquaVision_v1\datasets\fish\New Dataset\train_split\EUS\EUS_aug_69.jpg,EUS,fish,train,True
C:\Users\Asus\PycharmProjects\AquaVision_v1\datasets\fish\New Dataset\train_split\EUS\EUS_aug_7.jpg,EUS,fish,train,True
C:\Users\Asus\PycharmProjects\AquaVision_v1\datasets\fish\New Dataset\train_split\EUS\EUS_aug_70.jpg,EUS,fish,train,True
C:\Users\Asus\PycharmProjects\AquaVision_v1\datasets\fish\New Dataset\train_split\EUS\EUS_aug_71.jpg,EUS,fish,train,True
C:\Users\Asus\PycharmProjects\AquaVision_v1\datasets\fish\New Dataset\train_split\EUS\EUS_aug_72.jpg,EUS,fish,train,True
C:\Users\Asus\PycharmProjects\AquaVision_v1\datasets\fish\New Dataset\train_split\EUS\EUS_aug_73.jpg,EUS,fish,train,True
C:\Users\Asus\PycharmProjects\AquaVision_v1\datasets\fish\New Dataset\train_split\EUS\EUS_aug_74.jpg,EUS,fish,train,True
C:\Users\Asus\PycharmProjects\AquaVision_v1\datasets\fish\New Dataset\train_split\EUS\EUS_aug_76.jpg,EUS,fish,train,True
C:\Users\Asus\PycharmProjects\AquaVision_v1\datasets\fish\New Dataset\train_split\EUS\EUS_aug_77.jpg,EUS,fish,train,True
C:\Users\Asus\PycharmProjects\AquaVision_v1\datasets\fish\New Dataset\train_split\EUS\EUS_aug_79.jpg,EUS,fish,train,True
C:\Users\Asus\PycharmProjects\AquaVision_v1\datasets\fish\New Dataset\train_split\EUS\EUS_aug_8.jpg,EUS,fish,train,True
C:\Users\Asus\PycharmProjects\AquaVision_v1\datasets\fish\New Dataset\train_split\EUS\EUS_aug_80.jpg,EUS,fish,train,True
C:\Users\Asus\PycharmProjects\AquaVision_v1\datasets\fish\New Dataset\train_split\EUS\EUS_aug_81.jpg,EUS,fish,train,True
C:\Users\Asus\PycharmProjects\AquaVision_v1\datasets\fish\New Dataset\train_split\EUS\EUS_aug_82.jpg,EUS,fish,train,True
C:\Users\Asus\PycharmProjects\AquaVision_v1\datasets\fish\New Dataset\train_split\EUS\EUS_aug_83.jpg,EUS,fish,train,True
C:\Users\Asus\PycharmProjects\AquaVision_v1\datasets\fish\New Dataset\train_split\EUS\EUS_aug_84.jpg,EUS,fish,train,True
C:\Users\Asus\PycharmProjects\AquaVision_v1\datasets\fish\New Dataset\train_split\EUS\EUS_aug_85.jpg,EUS,fish,train,True
C:\Users\Asus\PycharmProjects\AquaVision_v1\datasets\fish\New Dataset\train_split\EUS\EUS_aug_86.jpg,EUS,fish,train,True
C:\Users\Asus\PycharmProjects\AquaVision_v1\datasets\fish\New Dataset\train_split\EUS\EUS_aug_87.jpg,EUS,fish,train,True
C:\Users\Asus\PycharmProjects\AquaVision_v1\datasets\fish\New Dataset\train_split\EUS\EUS_aug_88.jpg,EUS,fish,train,True
C:\Users\Asus\PycharmProjects\AquaVision_v1\datasets\fish\New Dataset\train_split\EUS\EUS_aug_89.jpg,EUS,fish,train,True
C:\Users\Asus\PycharmProjects\AquaVision_v1\datasets\fish\New Dataset\train_split\EUS\EUS_aug_9.jpg,EUS,fish,train,True
C:\Users\Asus\PycharmProjects\AquaVision_v1\datasets\fish\New Dataset\train_split\EUS\EUS_aug_90.jpg,EUS,fish,train,True
C:\Users\Asus\PycharmProjects\AquaVision_v1\datasets\fish\New Dataset\train_split\EUS\EUS_aug_91.jpg,EUS,fish,train,True
C:\Users\Asus\PycharmProjects\AquaVision_v1\datasets\fish\New Dataset\train_split\EUS\EUS_aug_92.jpg,EUS,fish,train,True
C:\Users\Asus\PycharmProjects\AquaVision_v1\datasets\fish\New Dataset\train_split\EUS\EUS_aug_93.jpg,EUS,fish,train,True
C:\Users\Asus\PycharmProjects\AquaVision_v1\datasets\fish\New Dataset\train_split\EUS\EUS_aug_94.jpg,EUS,fish,train,True
C:\Users\Asus\PycharmProjects\AquaVision_v1\datasets\fish\New Dataset\train_split\EUS\EUS_aug_95.jpg,EUS,fish,train,True
C:\Users\Asus\PycharmProjects\AquaVision_v1\datasets\fish\New Dataset\train_split\EUS\EUS_aug_96.jpg,EUS,fish,train,True
C:\Users\Asus\PycharmProjects\AquaVision_v1\datasets\fish\New Dataset\train_split\EUS\EUS_aug_97.jpg,EUS,fish,train,True
C:\Users\Asus\PycharmProjects\AquaVision_v1\datasets\fish\New Dataset\train_split\EUS\EUS_aug_99.jpg,EUS,fish,train,True
C:\Users\Asus\PycharmProjects\AquaVision_v1\datasets\fish\New Dataset\train_split\Fungal diseases Saprolegniasis\Fungal diseases Saprolegniasis_11.jpg,Fungal diseases Saprolegniasis,fish,train,False
C:\Users\Asus\PycharmProjects\AquaVision_v1\datasets\fish\New Dataset\train_split\Fungal diseases Saprolegniasis\Fungal diseases Saprolegniasis_117.jpg,Fungal diseases Saprolegniasis,fish,train,False
C:\Users\Asus\PycharmProjects\AquaVision_v1\datasets\fish\New Dataset\train_split\Fungal diseases Saprolegniasis\Fungal diseases Saprolegniasis_119.jpg,Fungal diseases Saprolegniasis,fish,train,False
C:\Users\Asus\PycharmProjects\AquaVision_v1\datasets\fish\New Dataset\train_split\Fungal diseases Saprolegniasis\Fungal diseases Saprolegniasis_12.jpg,Fungal diseases Saprolegniasis,fish,train,False
C:\Users\Asus\PycharmProjects\AquaVision_v1\datasets\fish\New Dataset\train_split\Fungal diseases Saprolegniasis\Fungal diseases Saprolegniasis_120.jpg,Fungal diseases Saprolegniasis,fish,train,False
C:\Users\Asus\PycharmProjects\AquaVision_v1\datasets\fish\New Dataset\train_split\Fungal diseases Saprolegniasis\Fungal diseases Saprolegniasis_121.jpg,Fungal diseases Saprolegniasis,fish,train,False
C:\Users\Asus\PycharmProjects\AquaVision_v1\datasets\fish\New Dataset\train_split\Fungal diseases Saprolegniasis\Fungal diseases Saprolegniasis_122.jpg,Fungal diseases Saprolegniasis,fish,train,False
C:\Users\Asus\PycharmProjects\AquaVision_v1\datasets\fish\New Dataset\train_split\Fungal diseases Saprolegniasis\Fungal diseases Saprolegniasis_129.jpg,Fungal diseases Saprolegniasis,fish,train,False
C:\Users\Asus\PycharmProjects\AquaVision_v1\datasets\fish\New Dataset\train_split\Fungal diseases Saprolegniasis\Fungal diseases Saprolegniasis_130.jpg,Fungal diseases Saprolegniasis,fish,train,False
C:\Users\Asus\PycharmProjects\AquaVision_v1\datasets\fish\New Dataset\train_split\Fungal diseases Saprolegniasis\Fungal diseases Saprolegniasis_131.jpg,Fungal diseases Saprolegniasis,fish,train,False
C:\Users\Asus\PycharmProjects\AquaVision_v1\datasets\fish\New Dataset\train_split\Fungal diseases Saprolegniasis\Fungal diseases Saprolegniasis_133.jpg,Fungal diseases Saprolegniasis,fish,train,False
C:\Users\Asus\PycharmProjects\AquaVision_v1\datasets\fish\New Dataset\train_split\Fungal diseases Saprolegniasis\Fungal diseases Saprolegniasis_135.jpg,Fungal diseases Saprolegniasis,fish,train,False
C:\Users\Asus\PycharmProjects\AquaVision_v1\datasets\fish\New Dataset\train_split\Fungal diseases Saprolegniasis\Fungal diseases Saprolegniasis_139.jpg,Fungal diseases Saprolegniasis,fish,train,False
C:\Users\Asus\PycharmProjects\AquaVision_v1\datasets\fish\New Dataset\train_split\Fungal diseases Saprolegniasis\Fungal diseases Saprolegniasis_14.jpg,Fungal diseases Saprolegniasis,fish,train,False
C:\Users\Asus\PycharmProjects\AquaVision_v1\datasets\fish\New Dataset\train_split\Fungal diseases Saprolegniasis\Fungal diseases Saprolegniasis_140.jpg,Fungal diseases Saprolegniasis,fish,train,False
C:\Users\Asus\PycharmProjects\AquaVision_v1\datasets\fish\New Dataset\train_split\Fungal diseases Saprolegniasis\Fungal diseases Saprolegniasis_142.jpg,Fungal diseases Saprolegniasis,fish,train,False
C:\Users\Asus\PycharmProjects\AquaVision_v1\datasets\fish\New Dataset\train_split\Fungal diseases Saprolegniasis\Fungal diseases Saprolegniasis_143.jpg,Fungal diseases Saprolegniasis,fish,train,False
C:\Users\Asus\PycharmProjects\AquaVision_v1\datasets\fish\New Dataset\train_split\Fungal diseases Saprolegniasis\Fungal diseases Saprolegniasis_16.jpg,Fungal diseases Saprolegniasis,fish,train,False
C:\Users\Asus\PycharmProjects\AquaVision_v1\datasets\fish\New Dataset\train_split\Fungal diseases Saprolegniasis\Fungal diseases Saprolegniasis_164.jpg,Fungal diseases Saprolegniasis,fish,train,False
C:\Users\Asus\PycharmProjects\AquaVision_v1\datasets\fish\New Dataset\train_split\Fungal diseases Saprolegniasis\Fungal diseases Saprolegniasis_165.jpg,Fungal diseases Saprolegniasis,fish,train,False
C:\Users\Asus\PycharmProjects\AquaVision_v1\datasets\fish\New Dataset\train_split\Fungal diseases Saprolegniasis\Fungal diseases Saprolegniasis_170.jpg,Fungal diseases Saprolegniasis,fish,train,False
C:\Users\Asus\PycharmProjects\AquaVision_v1\datasets\fish\New Dataset\train_split\Fungal diseases Saprolegniasis\Fungal diseases Saprolegniasis_175.jpg,Fungal diseases Saprolegniasis,fish,train,False
C:\Users\Asus\PycharmProjects\AquaVision_v1\datasets\fish\New Dataset\train_split\Fungal diseases Saprolegniasis\Fungal diseases Saprolegniasis_179.jpg,Fungal diseases Saprolegniasis,fish,train,False
C:\Users\Asus\PycharmProjects\AquaVision_v1\datasets\fish\New Dataset\train_split\Fungal diseases Saprolegniasis\Fungal diseases Saprolegniasis_18.jpg,Fungal diseases Saprolegniasis,fish,train,False
C:\Users\Asus\PycharmProjects\AquaVision_v1\datasets\fish\New Dataset\train_split\Fungal diseases Saprolegniasis\Fungal diseases Saprolegniasis_180.jpg,Fungal diseases Saprolegniasis,fish,train,False
C:\Users\Asus\PycharmProjects\AquaVision_v1\datasets\fish\New Dataset\train_split\Fungal diseases Saprolegniasis\Fungal diseases Saprolegniasis_181.jpg,Fungal diseases Saprolegniasis,fish,train,False
C:\Users\Asus\PycharmProjects\AquaVision_v1\datasets\fish\New Dataset\train_split\Fungal diseases Saprolegniasis\Fungal diseases Saprolegniasis_183.jpg,Fungal diseases Saprolegniasis,fish,train,False
C:\Users\Asus\PycharmProjects\AquaVision_v1\datasets\fish\New Dataset\train_split\Fungal diseases Saprolegniasis\Fungal diseases Saprolegniasis_2.jpg,Fungal diseases Saprolegniasis,fish,train,False
C:\Users\Asus\PycharmProjects\AquaVision_v1\datasets\fish\New Dataset\train_split\Fungal diseases Saprolegniasis\Fungal diseases Saprolegniasis_203.jpg,Fungal diseases Saprolegniasis,fish,train,False
C:\Users\Asus\PycharmProjects\AquaVision_v1\datasets\fish\New Dataset\train_split\Fungal diseases Saprolegniasis\Fungal diseases Saprolegniasis_204.jpg,Fungal diseases Saprolegniasis,fish,train,False
C:\Users\Asus\PycharmProjects\AquaVision_v1\datasets\fish\New Dataset\train_split\Fungal diseases Saprolegniasis\Fungal diseases Saprolegniasis_205.jpg,Fungal diseases Saprolegniasis,fish,train,False
C:\Users\Asus\PycharmProjects\AquaVision_v1\datasets\fish\New Dataset\train_split\Fungal diseases Saprolegniasis\Fungal diseases Saprolegniasis_206.jpg,Fungal diseases Saprolegniasis,fish,train,False
C:\Users\Asus\PycharmProjects\AquaVision_v1\datasets\fish\New Dataset\train_split\Fungal diseases Saprolegniasis\Fungal diseases Saprolegniasis_207.jpg,Fungal diseases Saprolegniasis,fish,train,False
C:\Users\Asus\PycharmProjects\AquaVision_v1\datasets\fish\New Dataset\train_split\Fungal diseases Saprolegniasis\Fungal diseases Saprolegniasis_213.jpg,Fungal diseases Saprolegniasis,fish,train,False
C:\Users\Asus\PycharmProjects\AquaVision_v1\datasets\fish\New Dataset\train_split\Fungal diseases Saprolegniasis\Fungal diseases Saprolegniasis_218.jpg,Fungal diseases Saprolegniasis,fish,train,False
C:\Users\Asus\PycharmProjects\AquaVision_v1\datasets\fish\New Dataset\train_split\Fungal diseases Saprolegniasis\Fungal diseases Saprolegniasis_223.jpg,Fungal diseases Saprolegniasis,fish,train,False
C:\Users\Asus\PycharmProjects\AquaVision_v1\datasets\fish\New Dataset\train_split\Fungal diseases Saprolegniasis\Fungal diseases Saprolegniasis_224.jpg,Fungal diseases Saprolegniasis,fish,train,False
C:\Users\Asus\PycharmProjects\AquaVision_v1\datasets\fish\New Dataset\train_split\Fungal diseases Saprolegniasis\Fungal diseases Saprolegniasis_238.jpg,Fungal diseases Saprolegniasis,fish,train,False
C:\Users\Asus\PycharmProjects\AquaVision_v1\datasets\fish\New Dataset\train_split\Fungal diseases Saprolegniasis\Fungal diseases Saprolegniasis_239.jpg,Fungal diseases Saprolegniasis,fish,train,False
C:\Users\Asus\PycharmProjects\AquaVision_v1\datasets\fish\New Dataset\train_split\Fungal diseases Saprolegniasis\Fungal diseases Saprolegniasis_24.jpg,Fungal diseases Saprolegniasis,fish,train,False
C:\Users\Asus\PycharmProjects\AquaVision_v1\datasets\fish\New Dataset\train_split\Fungal diseases Saprolegniasis\Fungal diseases Saprolegniasis_240.jpg,Fungal diseases Saprolegniasis,fish,train,False
C:\Users\Asus\PycharmProjects\AquaVision_v1\datasets\fish\New Dataset\train_split\Fungal diseases Saprolegniasis\Fungal diseases Saprolegniasis_245.jpg,Fungal diseases Saprolegniasis,fish,train,False
C:\Users\Asus\PycharmProjects\AquaVision_v1\datasets\fish\New Dataset\train_split\Fungal diseases Saprolegniasis\Fungal diseases Saprolegniasis_246.jpg,Fungal diseases Saprolegniasis,fish,train,False
C:\Users\Asus\PycharmProjects\AquaVision_v1\datasets\fish\New Dataset\train_split\Fungal diseases Saprolegniasis\Fungal diseases Saprolegniasis_247.jpg,Fungal diseases Saprolegniasis,fish,train,False
C:\Users\Asus\PycharmProjects\AquaVision_v1\datasets\fish\New Dataset\train_split\Fungal diseases Saprolegniasis\Fungal diseases Saprolegniasis_26.jpg,Fungal diseases Saprolegniasis,fish,train,False
C:\Users\Asus\PycharmProjects\AquaVision_v1\datasets\fish\New Dataset\train_split\Fungal diseases Saprolegniasis\Fungal diseases Saprolegniasis_27.jpg,Fungal diseases Saprolegniasis,fish,train,False
C:\Users\Asus\PycharmProjects\AquaVision_v1\datasets\fish\New Dataset\train_split\Fungal diseases Saprolegniasis\Fungal diseases Saprolegniasis_31.png,Fungal diseases Saprolegniasis,fish,train,False
C:\Users\Asus\PycharmProjects\AquaVision_v1\datasets\fish\New Dataset\train_split\Fungal diseases Saprolegniasis\Fungal diseases Saprolegniasis_33.jpg,Fungal diseases Saprolegniasis,fish,train,False
C:\Users\Asus\PycharmProjects\AquaVision_v1\datasets\fish\New Dataset\train_split\Fungal diseases Saprolegniasis\Fungal diseases Saprolegniasis_34.jpg,Fungal diseases Saprolegniasis,fish,train,False
C:\Users\Asus\PycharmProjects\AquaVision_v1\datasets\fish\New Dataset\train_split\Fungal diseases Saprolegniasis\Fungal diseases Saprolegniasis_35.jpg,Fungal diseases Saprolegniasis,fish,train,False
C:\Users\Asus\PycharmProjects\AquaVision_v1\datasets\fish\New Dataset\train_split\Fungal diseases Saprolegniasis\Fungal diseases Saprolegniasis_36.jpg,Fungal diseases Saprolegniasis,fish,train,False
C:\Users\Asus\PycharmProjects\AquaVision_v1\datasets\fish\New Dataset\train_split\Fungal diseases Saprolegniasis\Fungal diseases Saprolegniasis_37.jpg,Fungal diseases Saprolegniasis,fish,train,False
C:\Users\Asus\PycharmProjects\AquaVision_v1\datasets\fish\New Dataset\train_split\Fungal diseases Saprolegniasis\Fungal diseases Saprolegniasis_39.jpg,Fungal diseases Saprolegniasis,fish,train,False
C:\Users\Asus\PycharmProjects\AquaVision_v1\datasets\fish\New Dataset\train_split\Fungal diseases Saprolegniasis\Fungal diseases Saprolegniasis_41.jpg,Fungal diseases Saprolegniasis,fish,train,False
C:\Users\Asus\PycharmProjects\AquaVision_v1\datasets\fish\New Dataset\train_split\Fungal diseases Saprolegniasis\Fungal diseases Saprolegniasis_43.jpg,Fungal diseases Saprolegniasis,fish,train,False
C:\Users\Asus\PycharmProjects\AquaVision_v1\datasets\fish\New Dataset\train_split\Fungal diseases Saprolegniasis\Fungal diseases Saprolegniasis_46.jpg,Fungal diseases Saprolegniasis,fish,train,False
C:\Users\Asus\PycharmProjects\AquaVision_v1\datasets\fish\New Dataset\train_split\Fungal diseases Saprolegniasis\Fungal diseases Saprolegniasis_5.jpg,Fungal diseases Saprolegniasis,fish,train,False
C:\Users\Asus\PycharmProjects\AquaVision_v1\datasets\fish\New Dataset\train_split\Fungal diseases Saprolegniasis\Fungal diseases Saprolegniasis_54.png,Fungal diseases Saprolegniasis,fish,train,False
C:\Users\Asus\PycharmProjects\AquaVision_v1\datasets\fish\New Dataset\train_split\Fungal diseases Saprolegniasis\Fungal diseases Saprolegniasis_55.jpg,Fungal diseases Saprolegniasis,fish,train,False
C:\Users\Asus\PycharmProjects\AquaVision_v1\datasets\fish\New Dataset\train_split\Fungal diseases Saprolegniasis\Fungal diseases Saprolegniasis_56.jpg,Fungal diseases Saprolegniasis,fish,train,False
C:\Users\Asus\PycharmProjects\AquaVision_v1\datasets\fish\New Dataset\train_split\Fungal diseases Saprolegniasis\Fungal diseases Saprolegniasis_58.jpg,Fungal diseases Saprolegniasis,fish,train,False
C:\Users\Asus\PycharmProjects\AquaVision_v1\datasets\fish\New Dataset\train_split\Fungal diseases Saprolegniasis\Fungal diseases Saprolegniasis_59.jpg,Fungal diseases Saprolegniasis,fish,train,False
C:\Users\Asus\PycharmProjects\AquaVision_v1\datasets\fish\New Dataset\train_split\Fungal diseases Saprolegniasis\Fungal diseases Saprolegniasis_6.jpg,Fungal diseases Saprolegniasis,fish,train,False
C:\Users\Asus\PycharmProjects\AquaVision_v1\datasets\fish\New Dataset\train_split\Fungal diseases Saprolegniasis\Fungal diseases Saprolegniasis_60.jpg,Fungal diseases Saprolegniasis,fish,train,False
C:\Users\Asus\PycharmProjects\AquaVision_v1\datasets\fish\New Dataset\train_split\Fungal diseases Saprolegniasis\Fungal diseases Saprolegniasis_63.jpg,Fungal diseases Saprolegniasis,fish,train,False
C:\Users\Asus\PycharmProjects\AquaVision_v1\datasets\fish\New Dataset\train_split\Fungal diseases Saprolegniasis\Fungal diseases Saprolegniasis_64.jpg,Fungal diseases Saprolegniasis,fish,train,False
C:\Users\Asus\PycharmProjects\AquaVision_v1\datasets\fish\New Dataset\train_split\Fungal diseases Saprolegniasis\Fungal diseases Saprolegniasis_66.jpg,Fungal diseases Saprolegniasis,fish,train,False
C:\Users\Asus\PycharmProjects\AquaVision_v1\datasets\fish\New Dataset\train_split\Fungal diseases Saprolegniasis\Fungal diseases Saprolegniasis_67.jpg,Fungal diseases Saprolegniasis,fish,train,False
C:\Users\Asus\PycharmProjects\AquaVision_v1\datasets\fish\New Dataset\train_split\Fungal diseases Saprolegniasis\Fungal diseases Saprolegniasis_68.jpg,Fungal diseases Saprolegniasis,fish,train,False
C:\Users\Asus\PycharmProjects\AquaVision_v1\datasets\fish\New Dataset\train_split\Fungal diseases Saprolegniasis\Fungal diseases Saprolegniasis_69.jpg,Fungal diseases Saprolegniasis,fish,train,False
C:\Users\Asus\PycharmProjects\AquaVision_v1\datasets\fish\New Dataset\train_split\Fungal diseases Saprolegniasis\Fungal diseases Saprolegniasis_70.jpg,Fungal diseases Saprolegniasis,fish,train,False
C:\Users\Asus\PycharmProjects\AquaVision_v1\datasets\fish\New Dataset\train_split\Fungal diseases Saprolegniasis\Fungal diseases Saprolegniasis_71.jpg,Fungal diseases Saprolegniasis,fish,train,False
C:\Users\Asus\PycharmProjects\AquaVision_v1\datasets\fish\New Dataset\train_split\Fungal diseases Saprolegniasis\Fungal diseases Saprolegniasis_72.jpg,Fungal diseases Saprolegniasis,fish,train,False
C:\Users\Asus\PycharmProjects\AquaVision_v1\datasets\fish\New Dataset\train_split\Fungal diseases Saprolegniasis\Fungal diseases Saprolegniasis_73.jpg,Fungal diseases Saprolegniasis,fish,train,False
C:\Users\Asus\PycharmProjects\AquaVision_v1\datasets\fish\New Dataset\train_split\Fungal diseases Saprolegniasis\Fungal diseases Saprolegniasis_74.jpg,Fungal diseases Saprolegniasis,fish,train,False
C:\Users\Asus\PycharmProjects\AquaVision_v1\datasets\fish\New Dataset\train_split\Fungal diseases Saprolegniasis\Fungal diseases Saprolegniasis_76.jpg,Fungal diseases Saprolegniasis,fish,train,False
C:\Users\Asus\PycharmProjects\AquaVision_v1\datasets\fish\New Dataset\train_split\Fungal diseases Saprolegniasis\Fungal diseases Saprolegniasis_77.jpg,Fungal diseases Saprolegniasis,fish,train,False
C:\Users\Asus\PycharmProjects\AquaVision_v1\datasets\fish\New Dataset\train_split\Fungal diseases Saprolegniasis\Fungal diseases Saprolegniasis_78.jpg,Fungal diseases Saprolegniasis,fish,train,False
C:\Users\Asus\PycharmProjects\AquaVision_v1\datasets\fish\New Dataset\train_split\Fungal diseases Saprolegniasis\Fungal diseases Saprolegniasis_8.jpg,Fungal diseases Saprolegniasis,fish,train,False
C:\Users\Asus\PycharmProjects\AquaVision_v1\datasets\fish\New Dataset\train_split\Fungal diseases Saprolegniasis\Fungal diseases Saprolegniasis_81.jpg,Fungal diseases Saprolegniasis,fish,train,False
C:\Users\Asus\PycharmProjects\AquaVision_v1\datasets\fish\New Dataset\train_split\Fungal diseases Saprolegniasis\Fungal diseases Saprolegniasis_82.jpeg,Fungal diseases Saprolegniasis,fish,train,False
C:\Users\Asus\PycharmProjects\AquaVision_v1\datasets\fish\New Dataset\train_split\Fungal diseases Saprolegniasis\Fungal diseases Saprolegniasis_83.jpg,Fungal diseases Saprolegniasis,fish,train,False
C:\Users\Asus\PycharmProjects\AquaVision_v1\datasets\fish\New Dataset\train_split\Fungal diseases Saprolegniasis\Fungal diseases Saprolegniasis_87.jpg,Fungal diseases Saprolegniasis,fish,train,False
C:\Users\Asus\PycharmProjects\AquaVision_v1\datasets\fish\New Dataset\train_split\Fungal diseases Saprolegniasis\Fungal diseases Saprolegniasis_88.jpg,Fungal diseases Saprolegniasis,fish,train,False
C:\Users\Asus\PycharmProjects\AquaVision_v1\datasets\fish\New Dataset\train_split\Fungal diseases Saprolegniasis\Fungal diseases Saprolegniasis_90.jpg,Fungal diseases Saprolegniasis,fish,train,False
C:\Users\Asus\PycharmProjects\AquaVision_v1\datasets\fish\New Dataset\train_split\Fungal diseases Saprolegniasis\Fungal diseases Saprolegniasis_93.jpg,Fungal diseases Saprolegniasis,fish,train,False
C:\Users\Asus\PycharmProjects\AquaVision_v1\datasets\fish\New Dataset\train_split\Fungal diseases Saprolegniasis\Fungal diseases Saprolegniasis_95.jpg,Fungal diseases Saprolegniasis,fish,train,False
C:\Users\Asus\PycharmProjects\AquaVision_v1\datasets\fish\New Dataset\train_split\Fungal diseases Saprolegniasis\Fungal diseases Saprolegniasis_97.jpg,Fungal diseases Saprolegniasis,fish,train,False
C:\Users\Asus\PycharmProjects\AquaVision_v1\datasets\fish\New Dataset\train_split\Fungal diseases Saprolegniasis\Fungal diseases Saprolegniasis_98.jpg,Fungal diseases Saprolegniasis,fish,train,False
C:\Users\Asus\PycharmProjects\AquaVision_v1\datasets\fish\New Dataset\train_split\Fungal diseases Saprolegniasis\Fungal diseases Saprolegniasis_aug_0.jpg,Fungal diseases Saprolegniasis,fish,train,True
C:\Users\Asus\PycharmProjects\AquaVision_v1\datasets\fish\New Dataset\train_split\Fungal diseases Saprolegniasis\Fungal diseases Saprolegniasis_aug_1.jpg,Fungal diseases Saprolegniasis,fish,train,True
C:\Users\Asus\PycharmProjects\AquaVision_v1\datasets\fish\New Dataset\train_split\Fungal diseases Saprolegniasis\Fungal diseases Saprolegniasis_aug_10.jpg,Fungal diseases Saprolegniasis,fish,train,True
C:\Users\Asus\PycharmProjects\AquaVision_v1\datasets\fish\New Dataset\train_split\Fungal diseases Saprolegniasis\Fungal diseases Saprolegniasis_aug_100.jpg,Fungal diseases Saprolegniasis,fish,train,True
C:\Users\Asus\PycharmProjects\AquaVision_v1\datasets\fish\New Dataset\train_split\Fungal diseases Saprolegniasis\Fungal diseases Saprolegniasis_aug_101.jpg,Fungal diseases Saprolegniasis,fish,train,True
C:\Users\Asus\PycharmProjects\AquaVision_v1\datasets\fish\New Dataset\train_split\Fungal diseases Saprolegniasis\Fungal diseases Saprolegniasis_aug_102.jpg,Fungal diseases Saprolegniasis,fish,train,True
C:\Users\Asus\PycharmProjects\AquaVision_v1\datasets\fish\New Dataset\train_split\Fungal diseases Saprolegniasis\Fungal diseases Saprolegniasis_aug_103.jpg,Fungal diseases Saprolegniasis,fish,train,True
C:\Users\Asus\PycharmProjects\AquaVision_v1\datasets\fish\New Dataset\train_split\Fungal diseases Saprolegniasis\Fungal diseases Saprolegniasis_aug_104.jpg,Fungal diseases Saprolegniasis,fish,train,True
C:\Users\Asus\PycharmProjects\AquaVision_v1\datasets\fish\New Dataset\train_split\Fungal diseases Saprolegniasis\Fungal diseases Saprolegniasis_aug_105.jpg,Fungal diseases Saprolegniasis,fish,train,True
C:\Users\Asus\PycharmProjects\AquaVision_v1\datasets\fish\New Dataset\train_split\Fungal diseases Saprolegniasis\Fungal diseases Saprolegniasis_aug_106.jpg,Fungal diseases Saprolegniasis,fish,train,True
C:\Users\Asus\PycharmProjects\AquaVision_v1\datasets\fish\New Dataset\train_split\Fungal diseases Saprolegniasis\Fungal diseases Saprolegniasis_aug_107.jpg,Fungal diseases Saprolegniasis,fish,train,True
C:\Users\Asus\PycharmProjects\AquaVision_v1\datasets\fish\New Dataset\train_split\Fungal diseases Saprolegniasis\Fungal diseases Saprolegniasis_aug_108.jpg,Fungal diseases Saprolegniasis,fish,train,True
C:\Users\Asus\PycharmProjects\AquaVision_v1\datasets\fish\New Dataset\train_split\Fungal diseases Saprolegniasis\Fungal diseases Saprolegniasis_aug_109.jpg,Fungal diseases Saprolegniasis,fish,train,True
C:\Users\Asus\PycharmProjects\AquaVision_v1\datasets\fish\New Dataset\train_split\Fungal diseases Saprolegniasis\Fungal diseases Saprolegniasis_aug_11.jpg,Fungal diseases Saprolegniasis,fish,train,True
C:\Users\Asus\PycharmProjects\AquaVision_v1\datasets\fish\New Dataset\train_split\Fungal diseases Saprolegniasis\Fungal diseases Saprolegniasis_aug_112.jpg,Fungal diseases Saprolegniasis,fish,train,True
C:\Users\Asus\PycharmProjects\AquaVision_v1\datasets\fish\New Dataset\train_split\Fungal diseases Saprolegniasis\Fungal diseases Saprolegniasis_aug_113.jpg,Fungal diseases Saprolegniasis,fish,train,True
C:\Users\Asus\PycharmProjects\AquaVision_v1\datasets\fish\New Dataset\train_split\Fungal diseases Saprolegniasis\Fungal diseases Saprolegniasis_aug_114.jpg,Fungal diseases Saprolegniasis,fish,train,True
C:\Users\Asus\PycharmProjects\AquaVision_v1\datasets\fish\New Dataset\train_split\Fungal diseases Saprolegniasis\Fungal diseases Saprolegniasis_aug_115.jpg,Fungal diseases Saprolegniasis,fish,train,True
C:\Users\Asus\PycharmProjects\AquaVision_v1\datasets\fish\New Dataset\train_split\Fungal diseases Saprolegniasis\Fungal diseases Saprolegniasis_aug_116.jpg,Fungal diseases Saprolegniasis,fish,train,True
C:\Users\Asus\PycharmProjects\AquaVision_v1\datasets\fish\New Dataset\train_split\Fungal diseases Saprolegniasis\Fungal diseases Saprolegniasis_aug_118.jpg,Fungal diseases Saprolegniasis,fish,train,True
C:\Users\Asus\PycharmProjects\AquaVision_v1\datasets\fish\New Dataset\train_split\Fungal diseases Saprolegniasis\Fungal diseases Saprolegniasis_aug_119.jpg,Fungal diseases Saprolegniasis,fish,train,True
C:\Users\Asus\PycharmProjects\AquaVision_v1\datasets\fish\New Dataset\train_split\Fungal diseases Saprolegniasis\Fungal diseases Saprolegniasis_aug_12.jpg,Fungal diseases Saprolegniasis,fish,train,True
C:\Users\Asus\PycharmProjects\AquaVision_v1\datasets\fish\New Dataset\train_split\Fungal diseases Saprolegniasis\Fungal diseases Saprolegniasis_aug_120.jpg,Fungal diseases Saprolegniasis,fish,train,True
C:\Users\Asus\PycharmProjects\AquaVision_v1\datasets\fish\New Dataset\train_split\Fungal diseases Saprolegniasis\Fungal diseases Saprolegniasis_aug_121.jpg,Fungal diseases Saprolegniasis,fish,train,True
C:\Users\Asus\PycharmProjects\AquaVision_v1\datasets\fish\New Dataset\train_split\Fungal diseases Saprolegniasis\Fungal diseases Saprolegniasis_aug_122.jpg,Fungal diseases Saprolegniasis,fish,train,True
C:\Users\Asus\PycharmProjects\AquaVision_v1\datasets\fish\New Dataset\train_split\Fungal diseases Saprolegniasis\Fungal diseases Saprolegniasis_aug_123.jpg,Fungal diseases Saprolegniasis,fish,train,True
C:\Users\Asus\PycharmProjects\AquaVision_v1\datasets\fish\New Dataset\train_split\Fungal diseases Saprolegniasis\Fungal diseases Saprolegniasis_aug_124.jpg,Fungal diseases Saprolegniasis,fish,train,True
C:\Users\Asus\PycharmProjects\AquaVision_v1\datasets\fish\New Dataset\train_split\Fungal diseases Saprolegniasis\Fungal diseases Saprolegniasis_aug_125.jpg,Fungal diseases Saprolegniasis,fish,train,True
C:\Users\Asus\PycharmProjects\AquaVision_v1\datasets\fish\New Dataset\train_split\Fungal diseases Saprolegniasis\Fungal diseases Saprolegniasis_aug_126.jpg,Fungal diseases Saprolegniasis,fish,train,True
C:\Users\Asus\PycharmProjects\AquaVision_v1\datasets\fish\New Dataset\train_split\Fungal diseases Saprolegniasis\Fungal diseases Saprolegniasis_aug_127.jpg,Fungal diseases Saprolegniasis,fish,train,True
C:\Users\Asus\PycharmProjects\AquaVision_v1\datasets\fish\New Dataset\train_split\Fungal diseases Saprolegniasis\Fungal diseases Saprolegniasis_aug_128.jpg,Fungal diseases Saprolegniasis,fish,train,True
C:\Users\Asus\PycharmProjects\AquaVision_v1\datasets\fish\New Dataset\train_split\Fungal diseases Saprolegniasis\Fungal diseases Saprolegniasis_aug_129.jpg,Fungal diseases Saprolegniasis,fish,train,True
C:\Users\Asus\PycharmProjects\AquaVision_v1\datasets\fish\New Dataset\train_split\Fungal diseases Saprolegniasis\Fungal diseases Saprolegniasis_aug_13.jpg,Fungal diseases Saprolegniasis,fish,train,True
C:\Users\Asus\PycharmProjects\AquaVision_v1\datasets\fish\New Dataset\train_split\Fungal diseases Saprolegniasis\Fungal diseases Saprolegniasis_aug_130.jpg,Fungal diseases Saprolegniasis,fish,train,True
C:\Users\Asus\PycharmProjects\AquaVision_v1\datasets\fish\New Dataset\train_split\Fungal diseases Saprolegniasis\Fungal diseases Saprolegniasis_aug_131.jpg,Fungal diseases Saprolegniasis,fish,train,True
C:\Users\Asus\PycharmProjects\AquaVision_v1\datasets\fish\New Dataset\train_split\Fungal diseases Saprolegniasis\Fungal diseases Saprolegniasis_aug_132.jpg,Fungal diseases Saprolegniasis,fish,train,True
C:\Users\Asus\PycharmProjects\AquaVision_v1\datasets\fish\New Dataset\train_split\Fungal diseases Saprolegniasis\Fungal diseases Saprolegniasis_aug_133.jpg,Fungal diseases Saprolegniasis,fish,train,True
C:\Users\Asus\PycharmProjects\AquaVision_v1\datasets\fish\New Dataset\train_split\Fungal diseases Saprolegniasis\Fungal diseases Saprolegniasis_aug_134.jpg,Fungal diseases Saprolegniasis,fish,train,True
C:\Users\Asus\PycharmProjects\AquaVision_v1\datasets\fish\New Dataset\train_split\Fungal diseases Saprolegniasis\Fungal diseases Saprolegniasis_aug_137.jpg,Fungal diseases Saprolegniasis,fish,train,True
C:\Users\Asus\PycharmProjects\AquaVision_v1\datasets\fish\New Dataset\train_split\Fungal diseases Saprolegniasis\Fungal diseases Saprolegniasis_aug_138.jpg,Fungal diseases Saprolegniasis,fish,train,True
C:\Users\Asus\PycharmProjects\AquaVision_v1\datasets\fish\New Dataset\train_split\Fungal diseases Saprolegniasis\Fungal diseases Saprolegniasis_aug_139.jpg,Fungal diseases Saprolegniasis,fish,train,True
C:\Users\Asus\PycharmProjects\AquaVision_v1\datasets\fish\New Dataset\train_split\Fungal diseases Saprolegniasis\Fungal diseases Saprolegniasis_aug_14.jpg,Fungal diseases Saprolegniasis,fish,train,True
C:\Users\Asus\PycharmProjects\AquaVision_v1\datasets\fish\New Dataset\train_split\Fungal diseases Saprolegniasis\Fungal diseases Saprolegniasis_aug_140.jpg,Fungal diseases Saprolegniasis,fish,train,True
C:\Users\Asus\PycharmProjects\AquaVision_v1\datasets\fish\New Dataset\train_split\Fungal diseases Saprolegniasis\Fungal diseases Saprolegniasis_aug_141.jpg,Fungal diseases Saprolegniasis,fish,train,True
C:\Users\Asus\PycharmProjects\AquaVision_v1\datasets\fish\New Dataset\train_split\Fungal diseases Saprolegniasis\Fungal diseases Saprolegniasis_aug_142.jpg,Fungal diseases Saprolegniasis,fish,train,True
C:\Users\Asus\PycharmProjects\AquaVision_v1\datasets\fish\New Dataset\train_split\Fungal diseases Saprolegniasis\Fungal diseases Saprolegniasis_aug_144.jpg,Fungal diseases Saprolegniasis,fish,train,True
C:\Users\Asus\PycharmProjects\AquaVision_v1\datasets\fish\New Dataset\train_split\Fungal diseases Saprolegniasis\Fungal diseases Saprolegniasis_aug_145.jpg,Fungal diseases Saprolegniasis,fish,train,True
C:\Users\Asus\PycharmProjects\AquaVision_v1\datasets\fish\New Dataset\train_split\Fungal diseases Saprolegniasis\Fungal diseases Saprolegniasis_aug_147.jpg,Fungal diseases Saprolegniasis,fish,train,True
C:\Users\Asus\PycharmProjects\AquaVision_v1\datasets\fish\New Dataset\train_split\Fungal diseases Saprolegniasis\Fungal diseases Saprolegniasis_aug_148.jpg,Fungal diseases Saprolegniasis,fish,train,True
C:\Users\Asus\PycharmProjects\AquaVision_v1\datasets\fish\New Dataset\train_split\Fungal diseases Saprolegniasis\Fungal diseases Saprolegniasis_aug_149.jpg,Fungal diseases Saprolegniasis,fish,train,True
C:\Users\Asus\PycharmProjects\AquaVision_v1\datasets\fish\New Dataset\train_split\Fungal diseases Saprolegniasis\Fungal diseases Saprolegniasis_aug_15.jpg,Fungal diseases Saprolegniasis,fish,train,True
C:\Users\Asus\PycharmProjects\AquaVision_v1\datasets\fish\New Dataset\train_split\Fungal diseases Saprolegniasis\Fungal diseases Saprolegniasis_aug_150.jpg,Fungal diseases Saprolegniasis,fish,train,True
C:\Users\Asus\PycharmProjects\AquaVision_v1\datasets\fish\New Dataset\train_split\Fungal diseases Saprolegniasis\Fungal diseases Saprolegniasis_aug_151.jpg,Fungal diseases Saprolegniasis,fish,train,True
C:\Users\Asus\PycharmProjects\AquaVision_v1\datasets\fish\New Dataset\train_split\Fungal diseases Saprolegniasis\Fungal diseases Saprolegniasis_aug_152.jpg,Fungal diseases Saprolegniasis,fish,train,True
C:\Users\Asus\PycharmProjects\AquaVision_v1\datasets\fish\New Dataset\train_split\Fungal diseases Saprolegniasis\Fungal diseases Saprolegniasis_aug_153.jpg,Fungal diseases Saprolegniasis,fish,train,True
C:\Users\Asus\PycharmProjects\AquaVision_v1\datasets\fish\New Dataset\train_split\Fungal diseases Saprolegniasis\Fungal diseases Saprolegniasis_aug_155.jpg,Fungal diseases Saprolegniasis,fish,train,True
C:\Users\Asus\PycharmProjects\AquaVision_v1\datasets\fish\New Dataset\train_split\Fungal diseases Saprolegniasis\Fungal diseases Saprolegniasis_aug_156.jpg,Fungal diseases Saprolegniasis,fish,train,True
C:\Users\Asus\PycharmProjects\AquaVision_v1\datasets\fish\New Dataset\train_split\Fungal diseases Saprolegniasis\Fungal diseases Saprolegniasis_aug_158.jpg,Fungal diseases Saprolegniasis,fish,train,True
C:\Users\Asus\PycharmProjects\AquaVision_v1\datasets\fish\New Dataset\train_split\Fungal diseases Saprolegniasis\Fungal diseases Saprolegniasis_aug_159.jpg,Fungal diseases Saprolegniasis,fish,train,True
C:\Users\Asus\PycharmProjects\AquaVision_v1\datasets\fish\New Dataset\train_split\Fungal diseases Saprolegniasis\Fungal diseases Saprolegniasis_aug_160.jpg,Fungal diseases Saprolegniasis,fish,train,True
C:\Users\Asus\PycharmProjects\AquaVision_v1\datasets\fish\New Dataset\train_split\Fungal diseases Saprolegniasis\Fungal diseases Saprolegniasis_aug_161.jpg,Fungal diseases Saprolegniasis,fish,train,True
C:\Users\Asus\PycharmProjects\AquaVision_v1\datasets\fish\New Dataset\train_split\Fungal diseases Saprolegniasis\Fungal diseases Saprolegniasis_aug_162.jpg,Fungal diseases Saprolegniasis,fish,train,True
C:\Users\Asus\PycharmProjects\AquaVision_v1\datasets\fish\New Dataset\train_split\Fungal diseases Saprolegniasis\Fungal diseases Saprolegniasis_aug_164.jpg,Fungal diseases Saprolegniasis,fish,train,True
C:\Users\Asus\PycharmProjects\AquaVision_v1\datasets\fish\New Dataset\train_split\Fungal diseases Saprolegniasis\Fungal diseases Saprolegniasis_aug_166.jpg,Fungal diseases Saprolegniasis,fish,train,True
C:\Users\Asus\PycharmProjects\AquaVision_v1\datasets\fish\New Dataset\train_split\Fungal diseases Saprolegniasis\Fungal diseases Saprolegniasis_aug_168.jpg,Fungal diseases Saprolegniasis,fish,train,True
C:\Users\Asus\PycharmProjects\AquaVision_v1\datasets\fish\New Dataset\train_split\Fungal diseases Saprolegniasis\Fungal diseases Saprolegniasis_aug_169.jpg,Fungal diseases Saprolegniasis,fish,train,True
C:\Users\Asus\PycharmProjects\AquaVision_v1\datasets\fish\New Dataset\train_split\Fungal diseases Saprolegniasis\Fungal diseases Saprolegniasis_aug_17.jpg,Fungal diseases Saprolegniasis,fish,train,True
C:\Users\Asus\PycharmProjects\AquaVision_v1\datasets\fish\New Dataset\train_split\Fungal diseases Saprolegniasis\Fungal diseases Saprolegniasis_aug_170.jpg,Fungal diseases Saprolegniasis,fish,train,True
C:\Users\Asus\PycharmProjects\AquaVision_v1\datasets\fish\New Dataset\train_split\Fungal diseases Saprolegniasis\Fungal diseases Saprolegniasis_aug_171.jpg,Fungal diseases Saprolegniasis,fish,train,True
C:\Users\Asus\PycharmProjects\AquaVision_v1\datasets\fish\New Dataset\train_split\Fungal diseases Saprolegniasis\Fungal diseases Saprolegniasis_aug_172.jpg,Fungal diseases Saprolegniasis,fish,train,True
C:\Users\Asus\PycharmProjects\AquaVision_v1\datasets\fish\New Dataset\train_split\Fungal diseases Saprolegniasis\Fungal diseases Saprolegniasis_aug_174.jpg,Fungal diseases Saprolegniasis,fish,train,True
C:\Users\Asus\PycharmProjects\AquaVision_v1\datasets\fish\New Dataset\train_split\Fungal diseases Saprolegniasis\Fungal diseases Saprolegniasis_aug_175.jpg,Fungal diseases Saprolegniasis,fish,train,True
C:\Users\Asus\PycharmProjects\AquaVision_v1\datasets\fish\New Dataset\train_split\Fungal diseases Saprolegniasis\Fungal diseases Saprolegniasis_aug_176.jpg,Fungal diseases Saprolegniasis,fish,train,True
C:\Users\Asus\PycharmProjects\AquaVision_v1\datasets\fish\New Dataset\train_split\Fungal diseases Saprolegniasis\Fungal diseases Saprolegniasis_aug_177.jpg,Fungal diseases Saprolegniasis,fish,train,True
C:\Users\Asus\PycharmProjects\AquaVision_v1\datasets\fish\New Dataset\train_split\Fungal diseases Saprolegniasis\Fungal diseases Saprolegniasis_aug_178.jpg,Fungal diseases Saprolegniasis,fish,train,True
C:\Users\Asus\PycharmProjects\AquaVision_v1\datasets\fish\New Dataset\train_split\Fungal diseases Saprolegniasis\Fungal diseases Saprolegniasis_aug_179.jpg,Fungal diseases Saprolegniasis,fish,train,True
C:\Users\Asus\PycharmProjects\AquaVision_v1\datasets\fish\New Dataset\train_split\Fungal diseases Saprolegniasis\Fungal diseases Saprolegniasis_aug_181.jpg,Fungal diseases Saprolegniasis,fish,train,True
C:\Users\Asus\PycharmProjects\AquaVision_v1\datasets\fish\New Dataset\train_split\Fungal diseases Saprolegniasis\Fungal diseases Saprolegniasis_aug_182.jpg,Fungal diseases Saprolegniasis,fish,train,True
C:\Users\Asus\PycharmProjects\AquaVision_v1\datasets\fish\New Dataset\train_split\Fungal diseases Saprolegniasis\Fungal diseases Saprolegniasis_aug_183.jpg,Fungal diseases Saprolegniasis,fish,train,True
C:\Users\Asus\PycharmProjects\AquaVision_v1\datasets\fish\New Dataset\train_split\Fungal diseases Saprolegniasis\Fungal diseases Saprolegniasis_aug_185.jpg,Fungal diseases Saprolegniasis,fish,train,True
C:\Users\Asus\PycharmProjects\AquaVision_v1\datasets\fish\New Dataset\train_split\Fungal diseases Saprolegniasis\Fungal diseases Saprolegniasis_aug_186.jpg,Fungal diseases Saprolegniasis,fish,train,True
C:\Users\Asus\PycharmProjects\AquaVision_v1\datasets\fish\New Dataset\train_split\Fungal diseases Saprolegniasis\Fungal diseases Saprolegniasis_aug_187.jpg,Fungal diseases Saprolegniasis,fish,train,True
C:\Users\Asus\PycharmProjects\AquaVision_v1\datasets\fish\New Dataset\train_split\Fungal diseases Saprolegniasis\Fungal diseases Saprolegniasis_aug_188.jpg,Fungal diseases Saprolegniasis,fish,train,True
C:\Users\Asus\PycharmProjects\AquaVision_v1\datasets\fish\New Dataset\train_split\Fungal diseases Saprolegniasis\Fungal diseases Saprolegniasis_aug_189.jpg,Fungal diseases Saprolegniasis,fish,train,True
C:\Users\Asus\PycharmProjects\AquaVision_v1\datasets\fish\New Dataset\train_split\Fungal diseases Saprolegniasis\Fungal diseases Saprolegniasis_aug_19.jpg,Fungal diseases Saprolegniasis,fish,train,True
C:\Users\Asus\PycharmProjects\AquaVision_v1\datasets\fish\New Dataset\train_split\Fungal diseases Saprolegniasis\Fungal diseases Saprolegniasis_aug_190.jpg,Fungal diseases Saprolegniasis,fish,train,True
C:\Users\Asus\PycharmProjects\AquaVision_v1\datasets\fish\New Dataset\train_split\Fungal diseases Saprolegniasis\Fungal diseases Saprolegniasis_aug_191.jpg,Fungal diseases Saprolegniasis,fish,train,True
C:\Users\Asus\PycharmProjects\AquaVision_v1\datasets\fish\New Dataset\train_split\Fungal diseases Saprolegniasis\Fungal diseases Saprolegniasis_aug_192.jpg,Fungal diseases Saprolegniasis,fish,train,True
C:\Users\Asus\PycharmProjects\AquaVision_v1\datasets\fish\New Dataset\train_split\Fungal diseases Saprolegniasis\Fungal diseases Saprolegniasis_aug_195.jpg,Fungal diseases Saprolegniasis,fish,train,True
C:\Users\Asus\PycharmProjects\AquaVision_v1\datasets\fish\New Dataset\train_split\Fungal diseases Saprolegniasis\Fungal diseases Saprolegniasis_aug_196.jpg,Fungal diseases Saprolegniasis,fish,train,True
C:\Users\Asus\PycharmProjects\AquaVision_v1\datasets\fish\New Dataset\train_split\Fungal diseases Saprolegniasis\Fungal diseases Saprolegniasis_aug_197.jpg,Fungal diseases Saprolegniasis,fish,train,True
C:\Users\Asus\PycharmProjects\AquaVision_v1\datasets\fish\New Dataset\train_split\Fungal diseases Saprolegniasis\Fungal diseases Saprolegniasis_aug_198.jpg,Fungal diseases Saprolegniasis,fish,train,True
C:\Users\Asus\PycharmProjects\AquaVision_v1\datasets\fish\New Dataset\train_split\Fungal diseases Saprolegniasis\Fungal diseases Saprolegniasis_aug_2.jpg,Fungal diseases Saprolegniasis,fish,train,True
C:\Users\Asus\PycharmProjects\AquaVision_v1\datasets\fish\New Dataset\train_split\Fungal diseases Saprolegniasis\Fungal diseases Saprolegniasis_aug_20.jpg,Fungal diseases Saprolegniasis,fish,train,True
C:\Users\Asus\PycharmProjects\AquaVision_v1\datasets\fish\New Dataset\train_split\Fungal diseases Saprolegniasis\Fungal diseases Saprolegniasis_aug_200.jpg,Fungal diseases Saprolegniasis,fish,train,True
C:\Users\Asus\PycharmProjects\AquaVision_v1\datasets\fish\New Dataset\train_split\Fungal diseases Saprolegniasis\Fungal diseases Saprolegniasis_aug_201.jpg,Fungal diseases Saprolegniasis,fish,train,True
C:\Users\Asus\PycharmProjects\AquaVision_v1\datasets\fish\New Dataset\train_split\Fungal diseases Saprolegniasis\Fungal diseases Saprolegniasis_aug_202.jpg,Fungal diseases Saprolegniasis,fish,train,True
C:\Users\Asus\PycharmProjects\AquaVision_v1\datasets\fish\New Dataset\train_split\Fungal diseases Saprolegniasis\Fungal diseases Saprolegniasis_aug_203.jpg,Fungal diseases Saprolegniasis,fish,train,True
C:\Users\Asus\PycharmProjects\AquaVision_v1\datasets\fish\New Dataset\train_split\Fungal diseases Saprolegniasis\Fungal diseases Saprolegniasis_aug_204.jpg,Fungal diseases Saprolegniasis,fish,train,True
C:\Users\Asus\PycharmProjects\AquaVision_v1\datasets\fish\New Dataset\train_split\Fungal diseases Saprolegniasis\Fungal diseases Saprolegniasis_aug_205.jpg,Fungal diseases Saprolegniasis,fish,train,True
C:\Users\Asus\PycharmProjects\AquaVision_v1\datasets\fish\New Dataset\train_split\Fungal diseases Saprolegniasis\Fungal diseases Saprolegniasis_aug_206.jpg,Fungal diseases Saprolegniasis,fish,train,True
C:\Users\Asus\PycharmProjects\AquaVision_v1\datasets\fish\New Dataset\train_split\Fungal diseases Saprolegniasis\Fungal diseases Saprolegniasis_aug_207.jpg,Fungal diseases Saprolegniasis,fish,train,True
C:\Users\Asus\PycharmProjects\AquaVision_v1\datasets\fish\New Dataset\train_split\Fungal diseases Saprolegniasis\Fungal diseases Saprolegniasis_aug_208.jpg,Fungal diseases Saprolegniasis,fish,train,True
C:\Users\Asus\PycharmProjects\AquaVision_v1\datasets\fish\New Dataset\train_split\Fungal diseases Saprolegniasis\Fungal diseases Saprolegniasis_aug_209.jpg,Fungal diseases Saprolegniasis,fish,train,True
C:\Users\Asus\PycharmProjects\AquaVision_v1\datasets\fish\New Dataset\train_split\Fungal diseases Saprolegniasis\Fungal diseases Saprolegniasis_aug_21.jpg,Fungal diseases Saprolegniasis,fish,train,True
C:\Users\Asus\PycharmProjects\AquaVision_v1\datasets\fish\New Dataset\train_split\Fungal diseases Saprolegniasis\Fungal diseases Saprolegniasis_aug_210.jpg,Fungal diseases Saprolegniasis,fish,train,True
C:\Users\Asus\PycharmProjects\AquaVision_v1\datasets\fish\New Dataset\train_split\Fungal diseases Saprolegniasis\Fungal diseases Saprolegniasis_aug_212.jpg,Fungal diseases Saprolegniasis,fish,train,True
C:\Users\Asus\PycharmProjects\AquaVision_v1\datasets\fish\New Dataset\train_split\Fungal diseases Saprolegniasis\Fungal diseases Saprolegniasis_aug_213.jpg,Fungal diseases Saprolegniasis,fish,train,True
C:\Users\Asus\PycharmProjects\AquaVision_v1\datasets\fish\New Dataset\train_split\Fungal diseases Saprolegniasis\Fungal diseases Saprolegniasis_aug_215.jpg,Fungal diseases Saprolegniasis,fish,train,True
C:\Users\Asus\PycharmProjects\AquaVision_v1\datasets\fish\New Dataset\train_split\Fungal diseases Saprolegniasis\Fungal diseases Saprolegniasis_aug_216.jpg,Fungal diseases Saprolegniasis,fish,train,True
C:\Users\Asus\PycharmProjects\AquaVision_v1\datasets\fish\New Dataset\train_split\Fungal diseases Saprolegniasis\Fungal diseases Saprolegniasis_aug_218.jpg,Fungal diseases Saprolegniasis,fish,train,True
C:\Users\Asus\PycharmProjects\AquaVision_v1\datasets\fish\New Dataset\train_split\Fungal diseases Saprolegniasis\Fungal diseases Saprolegniasis_aug_219.jpg,Fungal diseases Saprolegniasis,fish,train,True
C:\Users\Asus\PycharmProjects\AquaVision_v1\datasets\fish\New Dataset\train_split\Fungal diseases Saprolegniasis\Fungal diseases Saprolegniasis_aug_22.jpg,Fungal diseases Saprolegniasis,fish,train,True
C:\Users\Asus\PycharmProjects\AquaVision_v1\datasets\fish\New Dataset\train_split\Fungal diseases Saprolegniasis\Fungal diseases Saprolegniasis_aug_220.jpg,Fungal diseases Saprolegniasis,fish,train,True
C:\Users\Asus\PycharmProjects\AquaVision_v1\datasets\fish\New Dataset\train_split\Fungal diseases Saprolegniasis\Fungal diseases Saprolegniasis_aug_222.jpg,Fungal diseases Saprolegniasis,fish,train,True
C:\Users\Asus\PycharmProjects\AquaVision_v1\datasets\fish\New Dataset\train_split\Fungal diseases Saprolegniasis\Fungal diseases Saprolegniasis_aug_223.jpg,Fungal diseases Saprolegniasis,fish,train,True
C:\Users\Asus\PycharmProjects\AquaVision_v1\datasets\fish\New Dataset\train_split\Fungal diseases Saprolegniasis\Fungal diseases Saprolegniasis_aug_224.jpg,Fungal diseases Saprolegniasis,fish,train,True
C:\Users\Asus\PycharmProjects\AquaVision_v1\datasets\fish\New Dataset\train_split\Fungal diseases Saprolegniasis\Fungal diseases Saprolegniasis_aug_225.jpg,Fungal diseases Saprolegniasis,fish,train,True
C:\Users\Asus\PycharmProjects\AquaVision_v1\datasets\fish\New Dataset\train_split\Fungal diseases Saprolegniasis\Fungal diseases Saprolegniasis_aug_226.jpg,Fungal diseases Saprolegniasis,fish,train,True
C:\Users\Asus\PycharmProjects\AquaVision_v1\datasets\fish\New Dataset\train_split\Fungal diseases Saprolegniasis\Fungal diseases Saprolegniasis_aug_227.jpg,Fungal diseases Saprolegniasis,fish,train,True
C:\Users\Asus\PycharmProjects\AquaVision_v1\datasets\fish\New Dataset\train_split\Fungal diseases Saprolegniasis\Fungal diseases Saprolegniasis_aug_228.jpg,Fungal diseases Saprolegniasis,fish,train,True
C:\Users\Asus\PycharmProjects\AquaVision_v1\datasets\fish\New Dataset\train_split\Fungal diseases Saprolegniasis\Fungal diseases Saprolegniasis_aug_229.jpg,Fungal diseases Saprolegniasis,fish,train,True
C:\Users\Asus\PycharmProjects\AquaVision_v1\datasets\fish\New Dataset\train_split\Fungal diseases Saprolegniasis\Fungal diseases Saprolegniasis_aug_23.jpg,Fungal diseases Saprolegniasis,fish,train,True
C:\Users\Asus\PycharmProjects\AquaVision_v1\datasets\fish\New Dataset\train_split\Fungal diseases Saprolegniasis\Fungal diseases Saprolegniasis_aug_231.jpg,Fungal diseases Saprolegniasis,fish,train,True
C:\Users\Asus\PycharmProjects\AquaVision_v1\datasets\fish\New Dataset\train_split\Fungal diseases Saprolegniasis\Fungal diseases Saprolegniasis_aug_232.jpg,Fungal diseases Saprolegniasis,fish,train,True
C:\Users\Asus\PycharmProjects\AquaVision_v1\datasets\fish\New Dataset\train_split\Fungal diseases Saprolegniasis\Fungal diseases Saprolegniasis_aug_233.jpg,Fungal diseases Saprolegniasis,fish,train,True
C:\Users\Asus\PycharmProjects\AquaVision_v1\datasets\fish\New Dataset\train_split\Fungal diseases Saprolegniasis\Fungal diseases Saprolegniasis_aug_235.jpg,Fungal diseases Saprolegniasis,fish,train,True
C:\Users\Asus\PycharmProjects\AquaVision_v1\datasets\fish\New Dataset\train_split\Fungal diseases Saprolegniasis\Fungal diseases Saprolegniasis_aug_236.jpg,Fungal diseases Saprolegniasis,fish,train,True
C:\Users\Asus\PycharmProjects\AquaVision_v1\datasets\fish\New Dataset\train_split\Fungal diseases Saprolegniasis\Fungal diseases Saprolegniasis_aug_237.jpg,Fungal diseases Saprolegniasis,fish,train,True
C:\Users\Asus\PycharmProjects\AquaVision_v1\datasets\fish\New Dataset\train_split\Fungal diseases Saprolegniasis\Fungal diseases Saprolegniasis_aug_239.jpg,Fungal diseases Saprolegniasis,fish,train,True
C:\Users\Asus\PycharmProjects\AquaVision_v1\datasets\fish\New Dataset\train_split\Fungal diseases Saprolegniasis\Fungal diseases Saprolegniasis_aug_24.jpg,Fungal diseases Saprolegniasis,fish,train,True
C:\Users\Asus\PycharmProjects\AquaVision_v1\datasets\fish\New Dataset\train_split\Fungal diseases Saprolegniasis\Fungal diseases Saprolegniasis_aug_240.jpg,Fungal diseases Saprolegniasis,fish,train,True
C:\Users\Asus\PycharmProjects\AquaVision_v1\datasets\fish\New Dataset\train_split\Fungal diseases Saprolegniasis\Fungal diseases Saprolegniasis_aug_241.jpg,Fungal diseases Saprolegniasis,fish,train,True
C:\Users\Asus\PycharmProjects\AquaVision_v1\datasets\fish\New Dataset\train_split\Fungal diseases Saprolegniasis\Fungal diseases Saprolegniasis_aug_244.jpg,Fungal diseases Saprolegniasis,fish,train,True
C:\Users\Asus\PycharmProjects\AquaVision_v1\datasets\fish\New Dataset\train_split\Fungal diseases Saprolegniasis\Fungal diseases Saprolegniasis_aug_245.jpg,Fungal diseases Saprolegniasis,fish,train,True
C:\Users\Asus\PycharmProjects\AquaVision_v1\datasets\fish\New Dataset\train_split\Fungal diseases Saprolegniasis\Fungal diseases Saprolegniasis_aug_246.jpg,Fungal diseases Saprolegniasis,fish,train,True
C:\Users\Asus\PycharmProjects\AquaVision_v1\datasets\fish\New Dataset\train_split\Fungal diseases Saprolegniasis\Fungal diseases Saprolegniasis_aug_247.jpg,Fungal diseases Saprolegniasis,fish,train,True
C:\Users\Asus\PycharmProjects\AquaVision_v1\datasets\fish\New Dataset\train_split\Fungal diseases Saprolegniasis\Fungal diseases Saprolegniasis_aug_249.jpg,Fungal diseases Saprolegniasis,fish,train,True
C:\Users\Asus\PycharmProjects\AquaVision_v1\datasets\fish\New Dataset\train_split\Fungal diseases Saprolegniasis\Fungal diseases Saprolegniasis_aug_25.jpg,Fungal diseases Saprolegniasis,fish,train,True
C:\Users\Asus\PycharmProjects\AquaVision_v1\datasets\fish\New Dataset\train_split\Fungal diseases Saprolegniasis\Fungal diseases Saprolegniasis_aug_250.jpg,Fungal diseases Saprolegniasis,fish,train,True
C:\Users\Asus\PycharmProjects\AquaVision_v1\datasets\fish\New Dataset\train_split\Fungal diseases Saprolegniasis\Fungal diseases Saprolegniasis_aug_253.jpg,Fungal diseases Saprolegniasis,fish,train,True
C:\Users\Asus\PycharmProjects\AquaVision_v1\datasets\fish\New Dataset\train_split\Fungal diseases Saprolegniasis\Fungal diseases Saprolegniasis_aug_254.jpg,Fungal diseases Saprolegniasis,fish,train,True
C:\Users\Asus\PycharmProjects\AquaVision_v1\datasets\fish\New Dataset\train_split\Fungal diseases Saprolegniasis\Fungal diseases Saprolegniasis_aug_255.jpg,Fungal diseases Saprolegniasis,fish,train,True
C:\Users\Asus\PycharmProjects\AquaVision_v1\datasets\fish\New Dataset\train_split\Fungal diseases Saprolegniasis\Fungal diseases Saprolegniasis_aug_257.jpg,Fungal diseases Saprolegniasis,fish,train,True
C:\Users\Asus\PycharmProjects\AquaVision_v1\datasets\fish\New Dataset\train_split\Fungal diseases Saprolegniasis\Fungal diseases Saprolegniasis_aug_258.jpg,Fungal diseases Saprolegniasis,fish,train,True
C:\Users\Asus\PycharmProjects\AquaVision_v1\datasets\fish\New Dataset\train_split\Fungal diseases Saprolegniasis\Fungal diseases Saprolegniasis_aug_259.jpg,Fungal diseases Saprolegniasis,fish,train,True
C:\Users\Asus\PycharmProjects\AquaVision_v1\datasets\fish\New Dataset\train_split\Fungal diseases Saprolegniasis\Fungal diseases Saprolegniasis_aug_26.jpg,Fungal diseases Saprolegniasis,fish,train,True
C:\Users\Asus\PycharmProjects\AquaVision_v1\datasets\fish\New Dataset\train_split\Fungal diseases Saprolegniasis\Fungal diseases Saprolegniasis_aug_260.jpg,Fungal diseases Saprolegniasis,fish,train,True
C:\Users\Asus\PycharmProjects\AquaVision_v1\datasets\fish\New Dataset\train_split\Fungal diseases Saprolegniasis\Fungal diseases Saprolegniasis_aug_261.jpg,Fungal diseases Saprolegniasis,fish,train,True
C:\Users\Asus\PycharmProjects\AquaVision_v1\datasets\fish\New Dataset\train_split\Fungal diseases Saprolegniasis\Fungal diseases Saprolegniasis_aug_262.jpg,Fungal diseases Saprolegniasis,fish,train,True
C:\Users\Asus\PycharmProjects\AquaVision_v1\datasets\fish\New Dataset\train_split\Fungal diseases Saprolegniasis\Fungal diseases Saprolegniasis_aug_263.jpg,Fungal diseases Saprolegniasis,fish,train,True
C:\Users\Asus\PycharmProjects\AquaVision_v1\datasets\fish\New Dataset\train_split\Fungal diseases Saprolegniasis\Fungal diseases Saprolegniasis_aug_265.jpg,Fungal diseases Saprolegniasis,fish,train,True
C:\Users\Asus\PycharmProjects\AquaVision_v1\datasets\fish\New Dataset\train_split\Fungal diseases Saprolegniasis\Fungal diseases Saprolegniasis_aug_267.jpg,Fungal diseases Saprolegniasis,fish,train,True
C:\Users\Asus\PycharmProjects\AquaVision_v1\datasets\fish\New Dataset\train_split\Fungal diseases Saprolegniasis\Fungal diseases Saprolegniasis_aug_268.jpg,Fungal diseases Saprolegniasis,fish,train,True
C:\Users\Asus\PycharmProjects\AquaVision_v1\datasets\fish\New Dataset\train_split\Fungal diseases Saprolegniasis\Fungal diseases Saprolegniasis_aug_27.jpg,Fungal diseases Saprolegniasis,fish,train,True
C:\Users\Asus\PycharmProjects\AquaVision_v1\datasets\fish\New Dataset\train_split\Fungal diseases Saprolegniasis\Fungal diseases Saprolegniasis_aug_270.jpg,Fungal diseases Saprolegniasis,fish,train,True
C:\Users\Asus\PycharmProjects\AquaVision_v1\datasets\fish\New Dataset\train_split\Fungal diseases Saprolegniasis\Fungal diseases Saprolegniasis_aug_271.jpg,Fungal diseases Saprolegniasis,fish,train,True
C:\Users\Asus\PycharmProjects\AquaVision_v1\datasets\fish\New Dataset\train_split\Fungal diseases Saprolegniasis\Fungal diseases Saprolegniasis_aug_272.jpg,Fungal diseases Saprolegniasis,fish,train,True
C:\Users\Asus\PycharmProjects\AquaVision_v1\datasets\fish\New Dataset\train_split\Fungal diseases Saprolegniasis\Fungal diseases Saprolegniasis_aug_273.jpg,Fungal diseases Saprolegniasis,fish,train,True
C:\Users\Asus\PycharmProjects\AquaVision_v1\datasets\fish\New Dataset\train_split\Fungal diseases Saprolegniasis\Fungal diseases Saprolegniasis_aug_274.jpg,Fungal diseases Saprolegniasis,fish,train,True
C:\Users\Asus\PycharmProjects\AquaVision_v1\datasets\fish\New Dataset\train_split\Fungal diseases Saprolegniasis\Fungal diseases Saprolegniasis_aug_275.jpg,Fungal diseases Saprolegniasis,fish,train,True
C:\Users\Asus\PycharmProjects\AquaVision_v1\datasets\fish\New Dataset\train_split\Fungal diseases Saprolegniasis\Fungal diseases Saprolegniasis_aug_277.jpg,Fungal diseases Saprolegniasis,fish,train,True
C:\Users\Asus\PycharmProjects\AquaVision_v1\datasets\fish\New Dataset\train_split\Fungal diseases Saprolegniasis\Fungal diseases Saprolegniasis_aug_278.jpg,Fungal diseases Saprolegniasis,fish,train,True
C:\Users\Asus\PycharmProjects\AquaVision_v1\datasets\fish\New Dataset\train_split\Fungal diseases Saprolegniasis\Fungal diseases Saprolegniasis_aug_279.jpg,Fungal diseases Saprolegniasis,fish,train,True
C:\Users\Asus\PycharmProjects\AquaVision_v1\datasets\fish\New Dataset\train_split\Fungal diseases Saprolegniasis\Fungal diseases Saprolegniasis_aug_28.jpg,Fungal diseases Saprolegniasis,fish,train,True
C:\Users\Asus\PycharmProjects\AquaVision_v1\datasets\fish\New Dataset\train_split\Fungal diseases Saprolegniasis\Fungal diseases Saprolegniasis_aug_280.jpg,Fungal diseases Saprolegniasis,fish,train,True
C:\Users\Asus\PycharmProjects\AquaVision_v1\datasets\fish\New Dataset\train_split\Fungal diseases Saprolegniasis\Fungal diseases Saprolegniasis_aug_281.jpg,Fungal diseases Saprolegniasis,fish,train,True
C:\Users\Asus\PycharmProjects\AquaVision_v1\datasets\fish\New Dataset\train_split\Fungal diseases Saprolegniasis\Fungal diseases Saprolegniasis_aug_282.jpg,Fungal diseases Saprolegniasis,fish,train,True
C:\Users\Asus\PycharmProjects\AquaVision_v1\datasets\fish\New Dataset\train_split\Fungal diseases Saprolegniasis\Fungal diseases Saprolegniasis_aug_283.jpg,Fungal diseases Saprolegniasis,fish,train,True
C:\Users\Asus\PycharmProjects\AquaVision_v1\datasets\fish\New Dataset\train_split\Fungal diseases Saprolegniasis\Fungal diseases Saprolegniasis_aug_285.jpg,Fungal diseases Saprolegniasis,fish,train,True
C:\Users\Asus\PycharmProjects\AquaVision_v1\datasets\fish\New Dataset\train_split\Fungal diseases Saprolegniasis\Fungal diseases Saprolegniasis_aug_286.jpg,Fungal diseases Saprolegniasis,fish,train,True
C:\Users\Asus\PycharmProjects\AquaVision_v1\datasets\fish\New Dataset\train_split\Fungal diseases Saprolegniasis\Fungal diseases Saprolegniasis_aug_287.jpg,Fungal diseases Saprolegniasis,fish,train,True
C:\Users\Asus\PycharmProjects\AquaVision_v1\datasets\fish\New Dataset\train_split\Fungal diseases Saprolegniasis\Fungal diseases Saprolegniasis_aug_289.jpg,Fungal diseases Saprolegniasis,fish,train,True
C:\Users\Asus\PycharmProjects\AquaVision_v1\datasets\fish\New Dataset\train_split\Fungal diseases Saprolegniasis\Fungal diseases Saprolegniasis_aug_29.jpg,Fungal diseases Saprolegniasis,fish,train,True
C:\Users\Asus\PycharmProjects\AquaVision_v1\datasets\fish\New Dataset\train_split\Fungal diseases Saprolegniasis\Fungal diseases Saprolegniasis_aug_291.jpg,Fungal diseases Saprolegniasis,fish,train,True
C:\Users\Asus\PycharmProjects\AquaVision_v1\datasets\fish\New Dataset\train_split\Fungal diseases Saprolegniasis\Fungal diseases Saprolegniasis_aug_293.jpg,Fungal diseases Saprolegniasis,fish,train,True
C:\Users\Asus\PycharmProjects\AquaVision_v1\datasets\fish\New Dataset\train_split\Fungal diseases Saprolegniasis\Fungal diseases Saprolegniasis_aug_295.jpg,Fungal diseases Saprolegniasis,fish,train,True
C:\Users\Asus\PycharmProjects\AquaVision_v1\datasets\fish\New Dataset\train_split\Fungal diseases Saprolegniasis\Fungal diseases Saprolegniasis_aug_297.jpg,Fungal diseases Saprolegniasis,fish,train,True
C:\Users\Asus\PycharmProjects\AquaVision_v1\datasets\fish\New Dataset\train_split\Fungal diseases Saprolegniasis\Fungal diseases Saprolegniasis_aug_299.jpg,Fungal diseases Saprolegniasis,fish,train,True
C:\Users\Asus\PycharmProjects\AquaVision_v1\datasets\fish\New Dataset\train_split\Fungal diseases Saprolegniasis\Fungal diseases Saprolegniasis_aug_3.jpg,Fungal diseases Saprolegniasis,fish,train,True
C:\Users\Asus\PycharmProjects\AquaVision_v1\datasets\fish\New Dataset\train_split\Fungal diseases Saprolegniasis\Fungal diseases Saprolegniasis_aug_30.jpg,Fungal diseases Saprolegniasis,fish,train,True
C:\Users\Asus\PycharmProjects\AquaVision_v1\datasets\fish\New Dataset\train_split\Fungal diseases Saprolegniasis\Fungal diseases Saprolegniasis_aug_300.jpg,Fungal diseases Saprolegniasis,fish,train,True
C:\Users\Asus\PycharmProjects\AquaVision_v1\datasets\fish\New Dataset\train_split\Fungal diseases Saprolegniasis\Fungal diseases Saprolegniasis_aug_301.jpg,Fungal diseases Saprolegniasis,fish,train,True
C:\Users\Asus\PycharmProjects\AquaVision_v1\datasets\fish\New Dataset\train_split\Fungal diseases Saprolegniasis\Fungal diseases Saprolegniasis_aug_302.jpg,Fungal diseases Saprolegniasis,fish,train,True
C:\Users\Asus\PycharmProjects\AquaVision_v1\datasets\fish\New Dataset\train_split\Fungal diseases Saprolegniasis\Fungal diseases Saprolegniasis_aug_304.jpg,Fungal diseases Saprolegniasis,fish,train,True
C:\Users\Asus\PycharmProjects\AquaVision_v1\datasets\fish\New Dataset\train_split\Fungal diseases Saprolegniasis\Fungal diseases Saprolegniasis_aug_305.jpg,Fungal diseases Saprolegniasis,fish,train,True
C:\Users\Asus\PycharmProjects\AquaVision_v1\datasets\fish\New Dataset\train_split\Fungal diseases Saprolegniasis\Fungal diseases Saprolegniasis_aug_306.jpg,Fungal diseases Saprolegniasis,fish,train,True
C:\Users\Asus\PycharmProjects\AquaVision_v1\datasets\fish\New Dataset\train_split\Fungal diseases Saprolegniasis\Fungal diseases Saprolegniasis_aug_308.jpg,Fungal diseases Saprolegniasis,fish,train,True
C:\Users\Asus\PycharmProjects\AquaVision_v1\datasets\fish\New Dataset\train_split\Fungal diseases Saprolegniasis\Fungal diseases Saprolegniasis_aug_31.jpg,Fungal diseases Saprolegniasis,fish,train,True
C:\Users\Asus\PycharmProjects\AquaVision_v1\datasets\fish\New Dataset\train_split\Fungal diseases Saprolegniasis\Fungal diseases Saprolegniasis_aug_310.jpg,Fungal diseases Saprolegniasis,fish,train,True
C:\Users\Asus\PycharmProjects\AquaVision_v1\datasets\fish\New Dataset\train_split\Fungal diseases Saprolegniasis\Fungal diseases Saprolegniasis_aug_311.jpg,Fungal diseases Saprolegniasis,fish,train,True
C:\Users\Asus\PycharmProjects\AquaVision_v1\datasets\fish\New Dataset\train_split\Fungal diseases Saprolegniasis\Fungal diseases Saprolegniasis_aug_312.jpg,Fungal diseases Saprolegniasis,fish,train,True
C:\Users\Asus\PycharmProjects\AquaVision_v1\datasets\fish\New Dataset\train_split\Fungal diseases Saprolegniasis\Fungal diseases Saprolegniasis_aug_313.jpg,Fungal diseases Saprolegniasis,fish,train,True
C:\Users\Asus\PycharmProjects\AquaVision_v1\datasets\fish\New Dataset\train_split\Fungal diseases Saprolegniasis\Fungal diseases Saprolegniasis_aug_314.jpg,Fungal diseases Saprolegniasis,fish,train,True
C:\Users\Asus\PycharmProjects\AquaVision_v1\datasets\fish\New Dataset\train_split\Fungal diseases Saprolegniasis\Fungal diseases Saprolegniasis_aug_315.jpg,Fungal diseases Saprolegniasis,fish,train,True
C:\Users\Asus\PycharmProjects\AquaVision_v1\datasets\fish\New Dataset\train_split\Fungal diseases Saprolegniasis\Fungal diseases Saprolegniasis_aug_317.jpg,Fungal diseases Saprolegniasis,fish,train,True
C:\Users\Asus\PycharmProjects\AquaVision_v1\datasets\fish\New Dataset\train_split\Fungal diseases Saprolegniasis\Fungal diseases Saprolegniasis_aug_318.jpg,Fungal diseases Saprolegniasis,fish,train,True
C:\Users\Asus\PycharmProjects\AquaVision_v1\datasets\fish\New Dataset\train_split\Fungal diseases Saprolegniasis\Fungal diseases Saprolegniasis_aug_319.jpg,Fungal diseases Saprolegniasis,fish,train,True
C:\Users\Asus\PycharmProjects\AquaVision_v1\datasets\fish\New Dataset\train_split\Fungal diseases Saprolegniasis\Fungal diseases Saprolegniasis_aug_32.jpg,Fungal diseases Saprolegniasis,fish,train,True
C:\Users\Asus\PycharmProjects\AquaVision_v1\datasets\fish\New Dataset\train_split\Fungal diseases Saprolegniasis\Fungal diseases Saprolegniasis_aug_320.jpg,Fungal diseases Saprolegniasis,fish,train,True
C:\Users\Asus\PycharmProjects\AquaVision_v1\datasets\fish\New Dataset\train_split\Fungal diseases Saprolegniasis\Fungal diseases Saprolegniasis_aug_322.jpg,Fungal diseases Saprolegniasis,fish,train,True
C:\Users\Asus\PycharmProjects\AquaVision_v1\datasets\fish\New Dataset\train_split\Fungal diseases Saprolegniasis\Fungal diseases Saprolegniasis_aug_323.jpg,Fungal diseases Saprolegniasis,fish,train,True
C:\Users\Asus\PycharmProjects\AquaVision_v1\datasets\fish\New Dataset\train_split\Fungal diseases Saprolegniasis\Fungal diseases Saprolegniasis_aug_324.jpg,Fungal diseases Saprolegniasis,fish,train,True
C:\Users\Asus\PycharmProjects\AquaVision_v1\datasets\fish\New Dataset\train_split\Fungal diseases Saprolegniasis\Fungal diseases Saprolegniasis_aug_325.jpg,Fungal diseases Saprolegniasis,fish,train,True
C:\Users\Asus\PycharmProjects\AquaVision_v1\datasets\fish\New Dataset\train_split\Fungal diseases Saprolegniasis\Fungal diseases Saprolegniasis_aug_326.jpg,Fungal diseases Saprolegniasis,fish,train,True
C:\Users\Asus\PycharmProjects\AquaVision_v1\datasets\fish\New Dataset\train_split\Fungal diseases Saprolegniasis\Fungal diseases Saprolegniasis_aug_327.jpg,Fungal diseases Saprolegniasis,fish,train,True
C:\Users\Asus\PycharmProjects\AquaVision_v1\datasets\fish\New Dataset\train_split\Fungal diseases Saprolegniasis\Fungal diseases Saprolegniasis_aug_328.jpg,Fungal diseases Saprolegniasis,fish,train,True
C:\Users\Asus\PycharmProjects\AquaVision_v1\datasets\fish\New Dataset\train_split\Fungal diseases Saprolegniasis\Fungal diseases Saprolegniasis_aug_329.jpg,Fungal diseases Saprolegniasis,fish,train,True
C:\Users\Asus\PycharmProjects\AquaVision_v1\datasets\fish\New Dataset\train_split\Fungal diseases Saprolegniasis\Fungal diseases Saprolegniasis_aug_33.jpg,Fungal diseases Saprolegniasis,fish,train,True
C:\Users\Asus\PycharmProjects\AquaVision_v1\datasets\fish\New Dataset\train_split\Fungal diseases Saprolegniasis\Fungal diseases Saprolegniasis_aug_332.jpg,Fungal diseases Saprolegniasis,fish,train,True
C:\Users\Asus\PycharmProjects\AquaVision_v1\datasets\fish\New Dataset\train_split\Fungal diseases Saprolegniasis\Fungal diseases Saprolegniasis_aug_333.jpg,Fungal diseases Saprolegniasis,fish,train,True
C:\Users\Asus\PycharmProjects\AquaVision_v1\datasets\fish\New Dataset\train_split\Fungal diseases Saprolegniasis\Fungal diseases Saprolegniasis_aug_334.jpg,Fungal diseases Saprolegniasis,fish,train,True
C:\Users\Asus\PycharmProjects\AquaVision_v1\datasets\fish\New Dataset\train_split\Fungal diseases Saprolegniasis\Fungal diseases Saprolegniasis_aug_335.jpg,Fungal diseases Saprolegniasis,fish,train,True
C:\Users\Asus\PycharmProjects\AquaVision_v1\datasets\fish\New Dataset\train_split\Fungal diseases Saprolegniasis\Fungal diseases Saprolegniasis_aug_336.jpg,Fungal diseases Saprolegniasis,fish,train,True
C:\Users\Asus\PycharmProjects\AquaVision_v1\datasets\fish\New Dataset\train_split\Fungal diseases Saprolegniasis\Fungal diseases Saprolegniasis_aug_337.jpg,Fungal diseases Saprolegniasis,fish,train,True
C:\Users\Asus\PycharmProjects\AquaVision_v1\datasets\fish\New Dataset\train_split\Fungal diseases Saprolegniasis\Fungal diseases Saprolegniasis_aug_338.jpg,Fungal diseases Saprolegniasis,fish,train,True
C:\Users\Asus\PycharmProjects\AquaVision_v1\datasets\fish\New Dataset\train_split\Fungal diseases Saprolegniasis\Fungal diseases Saprolegniasis_aug_340.jpg,Fungal diseases Saprolegniasis,fish,train,True
C:\Users\Asus\PycharmProjects\AquaVision_v1\datasets\fish\New Dataset\train_split\Fungal diseases Saprolegniasis\Fungal diseases Saprolegniasis_aug_341.jpg,Fungal diseases Saprolegniasis,fish,train,True
C:\Users\Asus\PycharmProjects\AquaVision_v1\datasets\fish\New Dataset\train_split\Fungal diseases Saprolegniasis\Fungal diseases Saprolegniasis_aug_342.jpg,Fungal diseases Saprolegniasis,fish,train,True
C:\Users\Asus\PycharmProjects\AquaVision_v1\datasets\fish\New Dataset\train_split\Fungal diseases Saprolegniasis\Fungal diseases Saprolegniasis_aug_343.jpg,Fungal diseases Saprolegniasis,fish,train,True
C:\Users\Asus\PycharmProjects\AquaVision_v1\datasets\fish\New Dataset\train_split\Fungal diseases Saprolegniasis\Fungal diseases Saprolegniasis_aug_344.jpg,Fungal diseases Saprolegniasis,fish,train,True
C:\Users\Asus\PycharmProjects\AquaVision_v1\datasets\fish\New Dataset\train_split\Fungal diseases Saprolegniasis\Fungal diseases Saprolegniasis_aug_346.jpg,Fungal diseases Saprolegniasis,fish,train,True
C:\Users\Asus\PycharmProjects\AquaVision_v1\datasets\fish\New Dataset\train_split\Fungal diseases Saprolegniasis\Fungal diseases Saprolegniasis_aug_347.jpg,Fungal diseases Saprolegniasis,fish,train,True
C:\Users\Asus\PycharmProjects\AquaVision_v1\datasets\fish\New Dataset\train_split\Fungal diseases Saprolegniasis\Fungal diseases Saprolegniasis_aug_348.jpg,Fungal diseases Saprolegniasis,fish,train,True
C:\Users\Asus\PycharmProjects\AquaVision_v1\datasets\fish\New Dataset\train_split\Fungal diseases Saprolegniasis\Fungal diseases Saprolegniasis_aug_349.jpg,Fungal diseases Saprolegniasis,fish,train,True
C:\Users\Asus\PycharmProjects\AquaVision_v1\datasets\fish\New Dataset\train_split\Fungal diseases Saprolegniasis\Fungal diseases Saprolegniasis_aug_350.jpg,Fungal diseases Saprolegniasis,fish,train,True
C:\Users\Asus\PycharmProjects\AquaVision_v1\datasets\fish\New Dataset\train_split\Fungal diseases Saprolegniasis\Fungal diseases Saprolegniasis_aug_351.jpg,Fungal diseases Saprolegniasis,fish,train,True
C:\Users\Asus\PycharmProjects\AquaVision_v1\datasets\fish\New Dataset\train_split\Fungal diseases Saprolegniasis\Fungal diseases Saprolegniasis_aug_352.jpg,Fungal diseases Saprolegniasis,fish,train,True
C:\Users\Asus\PycharmProjects\AquaVision_v1\datasets\fish\New Dataset\train_split\Fungal diseases Saprolegniasis\Fungal diseases Saprolegniasis_aug_353.jpg,Fungal diseases Saprolegniasis,fish,train,True
C:\Users\Asus\PycharmProjects\AquaVision_v1\datasets\fish\New Dataset\train_split\Fungal diseases Saprolegniasis\Fungal diseases Saprolegniasis_aug_354.jpg,Fungal diseases Saprolegniasis,fish,train,True
C:\Users\Asus\PycharmProjects\AquaVision_v1\datasets\fish\New Dataset\train_split\Fungal diseases Saprolegniasis\Fungal diseases Saprolegniasis_aug_355.jpg,Fungal diseases Saprolegniasis,fish,train,True
C:\Users\Asus\PycharmProjects\AquaVision_v1\datasets\fish\New Dataset\train_split\Fungal diseases Saprolegniasis\Fungal diseases Saprolegniasis_aug_356.jpg,Fungal diseases Saprolegniasis,fish,train,True
C:\Users\Asus\PycharmProjects\AquaVision_v1\datasets\fish\New Dataset\train_split\Fungal diseases Saprolegniasis\Fungal diseases Saprolegniasis_aug_358.jpg,Fungal diseases Saprolegniasis,fish,train,True
C:\Users\Asus\PycharmProjects\AquaVision_v1\datasets\fish\New Dataset\train_split\Fungal diseases Saprolegniasis\Fungal diseases Saprolegniasis_aug_360.jpg,Fungal diseases Saprolegniasis,fish,train,True
C:\Users\Asus\PycharmProjects\AquaVision_v1\datasets\fish\New Dataset\train_split\Fungal diseases Saprolegniasis\Fungal diseases Saprolegniasis_aug_361.jpg,Fungal diseases Saprolegniasis,fish,train,True
C:\Users\Asus\PycharmProjects\AquaVision_v1\datasets\fish\New Dataset\train_split\Fungal diseases Saprolegniasis\Fungal diseases Saprolegniasis_aug_362.jpg,Fungal diseases Saprolegniasis,fish,train,True
C:\Users\Asus\PycharmProjects\AquaVision_v1\datasets\fish\New Dataset\train_split\Fungal diseases Saprolegniasis\Fungal diseases Saprolegniasis_aug_365.jpg,Fungal diseases Saprolegniasis,fish,train,True
C:\Users\Asus\PycharmProjects\AquaVision_v1\datasets\fish\New Dataset\train_split\Fungal diseases Saprolegniasis\Fungal diseases Saprolegniasis_aug_368.jpg,Fungal diseases Saprolegniasis,fish,train,True
C:\Users\Asus\PycharmProjects\AquaVision_v1\datasets\fish\New Dataset\train_split\Fungal diseases Saprolegniasis\Fungal diseases Saprolegniasis_aug_369.jpg,Fungal diseases Saprolegniasis,fish,train,True
C:\Users\Asus\PycharmProjects\AquaVision_v1\datasets\fish\New Dataset\train_split\Fungal diseases Saprolegniasis\Fungal diseases Saprolegniasis_aug_37.jpg,Fungal diseases Saprolegniasis,fish,train,True
C:\Users\Asus\PycharmProjects\AquaVision_v1\datasets\fish\New Dataset\train_split\Fungal diseases Saprolegniasis\Fungal diseases Saprolegniasis_aug_370.jpg,Fungal diseases Saprolegniasis,fish,train,True
C:\Users\Asus\PycharmProjects\AquaVision_v1\datasets\fish\New Dataset\train_split\Fungal diseases Saprolegniasis\Fungal diseases Saprolegniasis_aug_371.jpg,Fungal diseases Saprolegniasis,fish,train,True
C:\Users\Asus\PycharmProjects\AquaVision_v1\datasets\fish\New Dataset\train_split\Fungal diseases Saprolegniasis\Fungal diseases Saprolegniasis_aug_372.jpg,Fungal diseases Saprolegniasis,fish,train,True
C:\Users\Asus\PycharmProjects\AquaVision_v1\datasets\fish\New Dataset\train_split\Fungal diseases Saprolegniasis\Fungal diseases Saprolegniasis_aug_373.jpg,Fungal diseases Saprolegniasis,fish,train,True
C:\Users\Asus\PycharmProjects\AquaVision_v1\datasets\fish\New Dataset\train_split\Fungal diseases Saprolegniasis\Fungal diseases Saprolegniasis_aug_374.jpg,Fungal diseases Saprolegniasis,fish,train,True
C:\Users\Asus\PycharmProjects\AquaVision_v1\datasets\fish\New Dataset\train_split\Fungal diseases Saprolegniasis\Fungal diseases Saprolegniasis_aug_377.jpg,Fungal diseases Saprolegniasis,fish,train,True
C:\Users\Asus\PycharmProjects\AquaVision_v1\datasets\fish\New Dataset\train_split\Fungal diseases Saprolegniasis\Fungal diseases Saprolegniasis_aug_378.jpg,Fungal diseases Saprolegniasis,fish,train,True
C:\Users\Asus\PycharmProjects\AquaVision_v1\datasets\fish\New Dataset\train_split\Fungal diseases Saprolegniasis\Fungal diseases Saprolegniasis_aug_379.jpg,Fungal diseases Saprolegniasis,fish,train,True
C:\Users\Asus\PycharmProjects\AquaVision_v1\datasets\fish\New Dataset\train_split\Fungal diseases Saprolegniasis\Fungal diseases Saprolegniasis_aug_38.jpg,Fungal diseases Saprolegniasis,fish,train,True
C:\Users\Asus\PycharmProjects\AquaVision_v1\datasets\fish\New Dataset\train_split\Fungal diseases Saprolegniasis\Fungal diseases Saprolegniasis_aug_380.jpg,Fungal diseases Saprolegniasis,fish,train,True
C:\Users\Asus\PycharmProjects\AquaVision_v1\datasets\fish\New Dataset\train_split\Fungal diseases Saprolegniasis\Fungal diseases Saprolegniasis_aug_381.jpg,Fungal diseases Saprolegniasis,fish,train,True
C:\Users\Asus\PycharmProjects\AquaVision_v1\datasets\fish\New Dataset\train_split\Fungal diseases Saprolegniasis\Fungal diseases Saprolegniasis_aug_382.jpg,Fungal diseases Saprolegniasis,fish,train,True
C:\Users\Asus\PycharmProjects\AquaVision_v1\datasets\fish\New Dataset\train_split\Fungal diseases Saprolegniasis\Fungal diseases Saprolegniasis_aug_383.jpg,Fungal diseases Saprolegniasis,fish,train,True
C:\Users\Asus\PycharmProjects\AquaVision_v1\datasets\fish\New Dataset\train_split\Fungal diseases Saprolegniasis\Fungal diseases Saprolegniasis_aug_385.jpg,Fungal diseases Saprolegniasis,fish,train,True
C:\Users\Asus\PycharmProjects\AquaVision_v1\datasets\fish\New Dataset\train_split\Fungal diseases Saprolegniasis\Fungal diseases Saprolegniasis_aug_386.jpg,Fungal diseases Saprolegniasis,fish,train,True
C:\Users\Asus\PycharmProjects\AquaVision_v1\datasets\fish\New Dataset\train_split\Fungal diseases Saprolegniasis\Fungal diseases Saprolegniasis_aug_388.jpg,Fungal diseases Saprolegniasis,fish,train,True
C:\Users\Asus\PycharmProjects\AquaVision_v1\datasets\fish\New Dataset\train_split\Fungal diseases Saprolegniasis\Fungal diseases Saprolegniasis_aug_389.jpg,Fungal diseases Saprolegniasis,fish,train,True
C:\Users\Asus\PycharmProjects\AquaVision_v1\datasets\fish\New Dataset\train_split\Fungal diseases Saprolegniasis\Fungal diseases Saprolegniasis_aug_39.jpg,Fungal diseases Saprolegniasis,fish,train,True
C:\Users\Asus\PycharmProjects\AquaVision_v1\datasets\fish\New Dataset\train_split\Fungal diseases Saprolegniasis\Fungal diseases Saprolegniasis_aug_391.jpg,Fungal diseases Saprolegniasis,fish,train,True
C:\Users\Asus\PycharmProjects\AquaVision_v1\datasets\fish\New Dataset\train_split\Fungal diseases Saprolegniasis\Fungal diseases Saprolegniasis_aug_4.jpg,Fungal diseases Saprolegniasis,fish,train,True
C:\Users\Asus\PycharmProjects\AquaVision_v1\datasets\fish\New Dataset\train_split\Fungal diseases Saprolegniasis\Fungal diseases Saprolegniasis_aug_40.jpg,Fungal diseases Saprolegniasis,fish,train,True
C:\Users\Asus\PycharmProjects\AquaVision_v1\datasets\fish\New Dataset\train_split\Fungal diseases Saprolegniasis\Fungal diseases Saprolegniasis_aug_41.jpg,Fungal diseases Saprolegniasis,fish,train,True
C:\Users\Asus\PycharmProjects\AquaVision_v1\datasets\fish\New Dataset\train_split\Fungal diseases Saprolegniasis\Fungal diseases Saprolegniasis_aug_42.jpg,Fungal diseases Saprolegniasis,fish,train,True
C:\Users\Asus\PycharmProjects\AquaVision_v1\datasets\fish\New Dataset\train_split\Fungal diseases Saprolegniasis\Fungal diseases Saprolegniasis_aug_43.jpg,Fungal diseases Saprolegniasis,fish,train,True
C:\Users\Asus\PycharmProjects\AquaVision_v1\datasets\fish\New Dataset\train_split\Fungal diseases Saprolegniasis\Fungal diseases Saprolegniasis_aug_44.jpg,Fungal diseases Saprolegniasis,fish,train,True
C:\Users\Asus\PycharmProjects\AquaVision_v1\datasets\fish\New Dataset\train_split\Fungal diseases Saprolegniasis\Fungal diseases Saprolegniasis_aug_45.jpg,Fungal diseases Saprolegniasis,fish,train,True
C:\Users\Asus\PycharmProjects\AquaVision_v1\datasets\fish\New Dataset\train_split\Fungal diseases Saprolegniasis\Fungal diseases Saprolegniasis_aug_46.jpg,Fungal diseases Saprolegniasis,fish,train,True
C:\Users\Asus\PycharmProjects\AquaVision_v1\datasets\fish\New Dataset\train_split\Fungal diseases Saprolegniasis\Fungal diseases Saprolegniasis_aug_47.jpg,Fungal diseases Saprolegniasis,fish,train,True
C:\Users\Asus\PycharmProjects\AquaVision_v1\datasets\fish\New Dataset\train_split\Fungal diseases Saprolegniasis\Fungal diseases Saprolegniasis_aug_48.jpg,Fungal diseases Saprolegniasis,fish,train,True
C:\Users\Asus\PycharmProjects\AquaVision_v1\datasets\fish\New Dataset\train_split\Fungal diseases Saprolegniasis\Fungal diseases Saprolegniasis_aug_49.jpg,Fungal diseases Saprolegniasis,fish,train,True
C:\Users\Asus\PycharmProjects\AquaVision_v1\datasets\fish\New Dataset\train_split\Fungal diseases Saprolegniasis\Fungal diseases Saprolegniasis_aug_5.jpg,Fungal diseases Saprolegniasis,fish,train,True
C:\Users\Asus\PycharmProjects\AquaVision_v1\datasets\fish\New Dataset\train_split\Fungal diseases Saprolegniasis\Fungal diseases Saprolegniasis_aug_50.jpg,Fungal diseases Saprolegniasis,fish,train,True
C:\Users\Asus\PycharmProjects\AquaVision_v1\datasets\fish\New Dataset\train_split\Fungal diseases Saprolegniasis\Fungal diseases Saprolegniasis_aug_52.jpg,Fungal diseases Saprolegniasis,fish,train,True
C:\Users\Asus\PycharmProjects\AquaVision_v1\datasets\fish\New Dataset\train_split\Fungal diseases Saprolegniasis\Fungal diseases Saprolegniasis_aug_53.jpg,Fungal diseases Saprolegniasis,fish,train,True
C:\Users\Asus\PycharmProjects\AquaVision_v1\datasets\fish\New Dataset\train_split\Fungal diseases Saprolegniasis\Fungal diseases Saprolegniasis_aug_54.jpg,Fungal diseases Saprolegniasis,fish,train,True
C:\Users\Asus\PycharmProjects\AquaVision_v1\datasets\fish\New Dataset\train_split\Fungal diseases Saprolegniasis\Fungal diseases Saprolegniasis_aug_55.jpg,Fungal diseases Saprolegniasis,fish,train,True
C:\Users\Asus\PycharmProjects\AquaVision_v1\datasets\fish\New Dataset\train_split\Fungal diseases Saprolegniasis\Fungal diseases Saprolegniasis_aug_56.jpg,Fungal diseases Saprolegniasis,fish,train,True
C:\Users\Asus\PycharmProjects\AquaVision_v1\datasets\fish\New Dataset\train_split\Fungal diseases Saprolegniasis\Fungal diseases Saprolegniasis_aug_57.jpg,Fungal diseases Saprolegniasis,fish,train,True
C:\Users\Asus\PycharmProjects\AquaVision_v1\datasets\fish\New Dataset\train_split\Fungal diseases Saprolegniasis\Fungal diseases Saprolegniasis_aug_59.jpg,Fungal diseases Saprolegniasis,fish,train,True
C:\Users\Asus\PycharmProjects\AquaVision_v1\datasets\fish\New Dataset\train_split\Fungal diseases Saprolegniasis\Fungal diseases Saprolegniasis_aug_6.jpg,Fungal diseases Saprolegniasis,fish,train,True
C:\Users\Asus\PycharmProjects\AquaVision_v1\datasets\fish\New Dataset\train_split\Fungal diseases Saprolegniasis\Fungal diseases Saprolegniasis_aug_60.jpg,Fungal diseases Saprolegniasis,fish,train,True
C:\Users\Asus\PycharmProjects\AquaVision_v1\datasets\fish\New Dataset\train_split\Fungal diseases Saprolegniasis\Fungal diseases Saprolegniasis_aug_61.jpg,Fungal diseases Saprolegniasis,fish,train,True
C:\Users\Asus\PycharmProjects\AquaVision_v1\datasets\fish\New Dataset\train_split\Fungal diseases Saprolegniasis\Fungal diseases Saprolegniasis_aug_62.jpg,Fungal diseases Saprolegniasis,fish,train,True
C:\Users\Asus\PycharmProjects\AquaVision_v1\datasets\fish\New Dataset\train_split\Fungal diseases Saprolegniasis\Fungal diseases Saprolegniasis_aug_63.jpg,Fungal diseases Saprolegniasis,fish,train,True
C:\Users\Asus\PycharmProjects\AquaVision_v1\datasets\fish\New Dataset\train_split\Fungal diseases Saprolegniasis\Fungal diseases Saprolegniasis_aug_64.jpg,Fungal diseases Saprolegniasis,fish,train,True
C:\Users\Asus\PycharmProjects\AquaVision_v1\datasets\fish\New Dataset\train_split\Fungal diseases Saprolegniasis\Fungal diseases Saprolegniasis_aug_67.jpg,Fungal diseases Saprolegniasis,fish,train,True
C:\Users\Asus\PycharmProjects\AquaVision_v1\datasets\fish\New Dataset\train_split\Fungal diseases Saprolegniasis\Fungal diseases Saprolegniasis_aug_69.jpg,Fungal diseases Saprolegniasis,fish,train,True
C:\Users\Asus\PycharmProjects\AquaVision_v1\datasets\fish\New Dataset\train_split\Fungal diseases Saprolegniasis\Fungal diseases Saprolegniasis_aug_7.jpg,Fungal diseases Saprolegniasis,fish,train,True
C:\Users\Asus\PycharmProjects\AquaVision_v1\datasets\fish\New Dataset\train_split\Fungal diseases Saprolegniasis\Fungal diseases Saprolegniasis_aug_70.jpg,Fungal diseases Saprolegniasis,fish,train,True
C:\Users\Asus\PycharmProjects\AquaVision_v1\datasets\fish\New Dataset\train_split\Fungal diseases Saprolegniasis\Fungal diseases Saprolegniasis_aug_71.jpg,Fungal diseases Saprolegniasis,fish,train,True
C:\Users\Asus\PycharmProjects\AquaVision_v1\datasets\fish\New Dataset\train_split\Fungal diseases Saprolegniasis\Fungal diseases Saprolegniasis_aug_72.jpg,Fungal diseases Saprolegniasis,fish,train,True
C:\Users\Asus\PycharmProjects\AquaVision_v1\datasets\fish\New Dataset\train_split\Fungal diseases Saprolegniasis\Fungal diseases Saprolegniasis_aug_73.jpg,Fungal diseases Saprolegniasis,fish,train,True
C:\Users\Asus\PycharmProjects\AquaVision_v1\datasets\fish\New Dataset\train_split\Fungal diseases Saprolegniasis\Fungal diseases Saprolegniasis_aug_74.jpg,Fungal diseases Saprolegniasis,fish,train,True
C:\Users\Asus\PycharmProjects\AquaVision_v1\datasets\fish\New Dataset\train_split\Fungal diseases Saprolegniasis\Fungal diseases Saprolegniasis_aug_75.jpg,Fungal diseases Saprolegniasis,fish,train,True
C:\Users\Asus\PycharmProjects\AquaVision_v1\datasets\fish\New Dataset\train_split\Fungal diseases Saprolegniasis\Fungal diseases Saprolegniasis_aug_78.jpg,Fungal diseases Saprolegniasis,fish,train,True
C:\Users\Asus\PycharmProjects\AquaVision_v1\datasets\fish\New Dataset\train_split\Fungal diseases Saprolegniasis\Fungal diseases Saprolegniasis_aug_79.jpg,Fungal diseases Saprolegniasis,fish,train,True
C:\Users\Asus\PycharmProjects\AquaVision_v1\datasets\fish\New Dataset\train_split\Fungal diseases Saprolegniasis\Fungal diseases Saprolegniasis_aug_8.jpg,Fungal diseases Saprolegniasis,fish,train,True
C:\Users\Asus\PycharmProjects\AquaVision_v1\datasets\fish\New Dataset\train_split\Fungal diseases Saprolegniasis\Fungal diseases Saprolegniasis_aug_80.jpg,Fungal diseases Saprolegniasis,fish,train,True
C:\Users\Asus\PycharmProjects\AquaVision_v1\datasets\fish\New Dataset\train_split\Fungal diseases Saprolegniasis\Fungal diseases Saprolegniasis_aug_81.jpg,Fungal diseases Saprolegniasis,fish,train,True
C:\Users\Asus\PycharmProjects\AquaVision_v1\datasets\fish\New Dataset\train_split\Fungal diseases Saprolegniasis\Fungal diseases Saprolegniasis_aug_82.jpg,Fungal diseases Saprolegniasis,fish,train,True
C:\Users\Asus\PycharmProjects\AquaVision_v1\datasets\fish\New Dataset\train_split\Fungal diseases Saprolegniasis\Fungal diseases Saprolegniasis_aug_84.jpg,Fungal diseases Saprolegniasis,fish,train,True
C:\Users\Asus\PycharmProjects\AquaVision_v1\datasets\fish\New Dataset\train_split\Fungal diseases Saprolegniasis\Fungal diseases Saprolegniasis_aug_88.jpg,Fungal diseases Saprolegniasis,fish,train,True
C:\Users\Asus\PycharmProjects\AquaVision_v1\datasets\fish\New Dataset\train_split\Fungal diseases Saprolegniasis\Fungal diseases Saprolegniasis_aug_89.jpg,Fungal diseases Saprolegniasis,fish,train,True
C:\Users\Asus\PycharmProjects\AquaVision_v1\datasets\fish\New Dataset\train_split\Fungal diseases Saprolegniasis\Fungal diseases Saprolegniasis_aug_9.jpg,Fungal diseases Saprolegniasis,fish,train,True
C:\Users\Asus\PycharmProjects\AquaVision_v1\datasets\fish\New Dataset\train_split\Fungal diseases Saprolegniasis\Fungal diseases Saprolegniasis_aug_91.jpg,Fungal diseases Saprolegniasis,fish,train,True
C:\Users\Asus\PycharmProjects\AquaVision_v1\datasets\fish\New Dataset\train_split\Fungal diseases Saprolegniasis\Fungal diseases Saprolegniasis_aug_92.jpg,Fungal diseases Saprolegniasis,fish,train,True
C:\Users\Asus\PycharmProjects\AquaVision_v1\datasets\fish\New Dataset\train_split\Fungal diseases Saprolegniasis\Fungal diseases Saprolegniasis_aug_95.jpg,Fungal diseases Saprolegniasis,fish,train,True
C:\Users\Asus\PycharmProjects\AquaVision_v1\datasets\fish\New Dataset\train_split\Fungal diseases Saprolegniasis\Fungal diseases Saprolegniasis_aug_96.jpg,Fungal diseases Saprolegniasis,fish,train,True
C:\Users\Asus\PycharmProjects\AquaVision_v1\datasets\fish\New Dataset\train_split\Fungal diseases Saprolegniasis\Fungal diseases Saprolegniasis_aug_97.jpg,Fungal diseases Saprolegniasis,fish,train,True
C:\Users\Asus\PycharmProjects\AquaVision_v1\datasets\fish\New Dataset\train_split\Fungal diseases Saprolegniasis\Fungal diseases Saprolegniasis_aug_98.jpg,Fungal diseases Saprolegniasis,fish,train,True
C:\Users\Asus\PycharmProjects\AquaVision_v1\datasets\fish\New Dataset\train_split\Fungal diseases Saprolegniasis\Fungal diseases Saprolegniasis_aug_99.jpg,Fungal diseases Saprolegniasis,fish,train,True
C:\Users\Asus\PycharmProjects\AquaVision_v1\datasets\fish\New Dataset\train_split\Healthy Fish\Healthy Fish_1.jpg,Healthy Fish,fish,train,False
C:\Users\Asus\PycharmProjects\AquaVision_v1\datasets\fish\New Dataset\train_split\Healthy Fish\Healthy Fish_10.jpg,Healthy Fish,fish,train,False
C:\Users\Asus\PycharmProjects\AquaVision_v1\datasets\fish\New Dataset\train_split\Healthy Fish\Healthy Fish_119.jpg,Healthy Fish,fish,train,False
C:\Users\Asus\PycharmProjects\AquaVision_v1\datasets\fish\New Dataset\train_split\Healthy Fish\Healthy Fish_12.jpg,Healthy Fish,fish,train,False
C:\Users\Asus\PycharmProjects\AquaVision_v1\datasets\fish\New Dataset\train_split\Healthy Fish\Healthy Fish_120.jpg,Healthy Fish,fish,train,False
C:\Users\Asus\PycharmProjects\AquaVision_v1\datasets\fish\New Dataset\train_split\Healthy Fish\Healthy Fish_14.jpg,Healthy Fish,fish,train,False
C:\Users\Asus\PycharmProjects\AquaVision_v1\datasets\fish\New Dataset\train_split\Healthy Fish\Healthy Fish_142.jpg,Healthy Fish,fish,train,False
C:\Users\Asus\PycharmProjects\AquaVision_v1\datasets\fish\New Dataset\train_split\Healthy Fish\Healthy Fish_143.jpg,Healthy Fish,fish,train,False
C:\Users\Asus\PycharmProjects\AquaVision_v1\datasets\fish\New Dataset\train_split\Healthy Fish\Healthy Fish_144.jpg,Healthy Fish,fish,train,False
C:\Users\Asus\PycharmProjects\AquaVision_v1\datasets\fish\New Dataset\train_split\Healthy Fish\Healthy Fish_145.jpg,Healthy Fish,fish,train,False
C:\Users\Asus\PycharmProjects\AquaVision_v1\datasets\fish\New Dataset\train_split\Healthy Fish\Healthy Fish_146.jpg,Healthy Fish,fish,train,False
C:\Users\Asus\PycharmProjects\AquaVision_v1\datasets\fish\New Dataset\train_split\Healthy Fish\Healthy Fish_152.jpg,Healthy Fish,fish,train,False
C:\Users\Asus\PycharmProjects\AquaVision_v1\datasets\fish\New Dataset\train_split\Healthy Fish\Healthy Fish_153.jpg,Healthy Fish,fish,train,False
C:\Users\Asus\PycharmProjects\AquaVision_v1\datasets\fish\New Dataset\train_split\Healthy Fish\Healthy Fish_154.jpg,Healthy Fish,fish,train,False
C:\Users\Asus\PycharmProjects\AquaVision_v1\datasets\fish\New Dataset\train_split\Healthy Fish\Healthy Fish_155.jpg,Healthy Fish,fish,train,False
C:\Users\Asus\PycharmProjects\AquaVision_v1\datasets\fish\New Dataset\train_split\Healthy Fish\Healthy Fish_156.jpg,Healthy Fish,fish,train,False
C:\Users\Asus\PycharmProjects\AquaVision_v1\datasets\fish\New Dataset\train_split\Healthy Fish\Healthy Fish_157.jpg,Healthy Fish,fish,train,False
C:\Users\Asus\PycharmProjects\AquaVision_v1\datasets\fish\New Dataset\train_split\Healthy Fish\Healthy Fish_159.jpg,Healthy Fish,fish,train,False
C:\Users\Asus\PycharmProjects\AquaVision_v1\datasets\fish\New Dataset\train_split\Healthy Fish\Healthy Fish_160.jpg,Healthy Fish,fish,train,False
C:\Users\Asus\PycharmProjects\AquaVision_v1\datasets\fish\New Dataset\train_split\Healthy Fish\Healthy Fish_161.jpg,Healthy Fish,fish,train,False
C:\Users\Asus\PycharmProjects\AquaVision_v1\datasets\fish\New Dataset\train_split\Healthy Fish\Healthy Fish_162.jpg,Healthy Fish,fish,train,False
C:\Users\Asus\PycharmProjects\AquaVision_v1\datasets\fish\New Dataset\train_split\Healthy Fish\Healthy Fish_166.jpg,Healthy Fish,fish,train,False
C:\Users\Asus\PycharmProjects\AquaVision_v1\datasets\fish\New Dataset\train_split\Healthy Fish\Healthy Fish_167.jpg,Healthy Fish,fish,train,False
C:\Users\Asus\PycharmProjects\AquaVision_v1\datasets\fish\New Dataset\train_split\Healthy Fish\Healthy Fish_169.jpg,Healthy Fish,fish,train,False
C:\Users\Asus\PycharmProjects\AquaVision_v1\datasets\fish\New Dataset\train_split\Healthy Fish\Healthy Fish_17.jpg,Healthy Fish,fish,train,False
C:\Users\Asus\PycharmProjects\AquaVision_v1\datasets\fish\New Dataset\train_split\Healthy Fish\Healthy Fish_170.jpg,Healthy Fish,fish,train,False
C:\Users\Asus\PycharmProjects\AquaVision_v1\datasets\fish\New Dataset\train_split\Healthy Fish\Healthy Fish_172.jpg,Healthy Fish,fish,train,False
C:\Users\Asus\PycharmProjects\AquaVision_v1\datasets\fish\New Dataset\train_split\Healthy Fish\Healthy Fish_177.jpg,Healthy Fish,fish,train,False
C:\Users\Asus\PycharmProjects\AquaVision_v1\datasets\fish\New Dataset\train_split\Healthy Fish\Healthy Fish_179.jpg,Healthy Fish,fish,train,False
C:\Users\Asus\PycharmProjects\AquaVision_v1\datasets\fish\New Dataset\train_split\Healthy Fish\Healthy Fish_182.jpg,Healthy Fish,fish,train,False
C:\Users\Asus\PycharmProjects\AquaVision_v1\datasets\fish\New Dataset\train_split\Healthy Fish\Healthy Fish_185.jpg,Healthy Fish,fish,train,False
C:\Users\Asus\PycharmProjects\AquaVision_v1\datasets\fish\New Dataset\train_split\Healthy Fish\Healthy Fish_188.jpg,Healthy Fish,fish,train,False
C:\Users\Asus\PycharmProjects\AquaVision_v1\datasets\fish\New Dataset\train_split\Healthy Fish\Healthy Fish_190.jpg,Healthy Fish,fish,train,False
C:\Users\Asus\PycharmProjects\AquaVision_v1\datasets\fish\New Dataset\train_split\Healthy Fish\Healthy Fish_192.jpg,Healthy Fish,fish,train,False
C:\Users\Asus\PycharmProjects\AquaVision_v1\datasets\fish\New Dataset\train_split\Healthy Fish\Healthy Fish_193.jpg,Healthy Fish,fish,train,False
C:\Users\Asus\PycharmProjects\AquaVision_v1\datasets\fish\New Dataset\train_split\Healthy Fish\Healthy Fish_194.jpg,Healthy Fish,fish,train,False
C:\Users\Asus\PycharmProjects\AquaVision_v1\datasets\fish\New Dataset\train_split\Healthy Fish\Healthy Fish_196.jpg,Healthy Fish,fish,train,False
C:\Users\Asus\PycharmProjects\AquaVision_v1\datasets\fish\New Dataset\train_split\Healthy Fish\Healthy Fish_199.jpg,Healthy Fish,fish,train,False
C:\Users\Asus\PycharmProjects\AquaVision_v1\datasets\fish\New Dataset\train_split\Healthy Fish\Healthy Fish_204.jpg,Healthy Fish,fish,train,False
C:\Users\Asus\PycharmProjects\AquaVision_v1\datasets\fish\New Dataset\train_split\Healthy Fish\Healthy Fish_205.jpg,Healthy Fish,fish,train,False
C:\Users\Asus\PycharmProjects\AquaVision_v1\datasets\fish\New Dataset\train_split\Healthy Fish\Healthy Fish_206.jpg,Healthy Fish,fish,train,False
C:\Users\Asus\PycharmProjects\AquaVision_v1\datasets\fish\New Dataset\train_split\Healthy Fish\Healthy Fish_207.jpg,Healthy Fish,fish,train,False
C:\Users\Asus\PycharmProjects\AquaVision_v1\datasets\fish\New Dataset\train_split\Healthy Fish\Healthy Fish_208.jpg,Healthy Fish,fish,train,False
C:\Users\Asus\PycharmProjects\AquaVision_v1\datasets\fish\New Dataset\train_split\Healthy Fish\Healthy Fish_210.jpg,Healthy Fish,fish,train,False
C:\Users\Asus\PycharmProjects\AquaVision_v1\datasets\fish\New Dataset\train_split\Healthy Fish\Healthy Fish_211.jpg,Healthy Fish,fish,train,False
C:\Users\Asus\PycharmProjects\AquaVision_v1\datasets\fish\New Dataset\train_split\Healthy Fish\Healthy Fish_212.jpg,Healthy Fish,fish,train,False
C:\Users\Asus\PycharmProjects\AquaVision_v1\datasets\fish\New Dataset\train_split\Healthy Fish\Healthy Fish_214.jpg,Healthy Fish,fish,train,False
C:\Users\Asus\PycharmProjects\AquaVision_v1\datasets\fish\New Dataset\train_split\Healthy Fish\Healthy Fish_215.jpg,Healthy Fish,fish,train,False
C:\Users\Asus\PycharmProjects\AquaVision_v1\datasets\fish\New Dataset\train_split\Healthy Fish\Healthy Fish_216.jpg,Healthy Fish,fish,train,False
C:\Users\Asus\PycharmProjects\AquaVision_v1\datasets\fish\New Dataset\train_split\Healthy Fish\Healthy Fish_217.jpg,Healthy Fish,fish,train,False
C:\Users\Asus\PycharmProjects\AquaVision_v1\datasets\fish\New Dataset\train_split\Healthy Fish\Healthy Fish_218.jpg,Healthy Fish,fish,train,False
C:\Users\Asus\PycharmProjects\AquaVision_v1\datasets\fish\New Dataset\train_split\Healthy Fish\Healthy Fish_219.jpg,Healthy Fish,fish,train,False
C:\Users\Asus\PycharmProjects\AquaVision_v1\datasets\fish\New Dataset\train_split\Healthy Fish\Healthy Fish_221.jpg,Healthy Fish,fish,train,False
C:\Users\Asus\PycharmProjects\AquaVision_v1\datasets\fish\New Dataset\train_split\Healthy Fish\Healthy Fish_223.jpg,Healthy Fish,fish,train,False
C:\Users\Asus\PycharmProjects\AquaVision_v1\datasets\fish\New Dataset\train_split\Healthy Fish\Healthy Fish_224.jpg,Healthy Fish,fish,train,False
C:\Users\Asus\PycharmProjects\AquaVision_v1\datasets\fish\New Dataset\train_split\Healthy Fish\Healthy Fish_225.jpg,Healthy Fish,fish,train,False
C:\Users\Asus\PycharmProjects\AquaVision_v1\datasets\fish\New Dataset\train_split\Healthy Fish\Healthy Fish_226.jpg,Healthy Fish,fish,train,False
C:\Users\Asus\PycharmProjects\AquaVision_v1\datasets\fish\New Dataset\train_split\Healthy Fish\Healthy Fish_227.jpg,Healthy Fish,fish,train,False
C:\Users\Asus\PycharmProjects\AquaVision_v1\datasets\fish\New Dataset\train_split\Healthy Fish\Healthy Fish_229.jpg,Healthy Fish,fish,train,False
C:\Users\Asus\PycharmProjects\AquaVision_v1\datasets\fish\New Dataset\train_split\Healthy Fish\Healthy Fish_230.jpg,Healthy Fish,fish,train,False
C:\Users\Asus\PycharmProjects\AquaVision_v1\datasets\fish\New Dataset\train_split\Healthy Fish\Healthy Fish_231.jpg,Healthy Fish,fish,train,False
C:\Users\Asus\PycharmProjects\AquaVision_v1\datasets\fish\New Dataset\train_split\Healthy Fish\Healthy Fish_236.jpg,Healthy Fish,fish,train,False
C:\Users\Asus\PycharmProjects\AquaVision_v1\datasets\fish\New Dataset\train_split\Healthy Fish\Healthy Fish_237.jpg,Healthy Fish,fish,train,False
C:\Users\Asus\PycharmProjects\AquaVision_v1\datasets\fish\New Dataset\train_split\Healthy Fish\Healthy Fish_241.jpg,Healthy Fish,fish,train,False
C:\Users\Asus\PycharmProjects\AquaVision_v1\datasets\fish\New Dataset\train_split\Healthy Fish\Healthy Fish_242.jpg,Healthy Fish,fish,train,False
C:\Users\Asus\PycharmProjects\AquaVision_v1\datasets\fish\New Dataset\train_split\Healthy Fish\Healthy Fish_245.jpg,Healthy Fish,fish,train,False
C:\Users\Asus\PycharmProjects\AquaVision_v1\datasets\fish\New Dataset\train_split\Healthy Fish\Healthy Fish_247.jpg,Healthy Fish,fish,train,False
C:\Users\Asus\PycharmProjects\AquaVision_v1\datasets\fish\New Dataset\train_split\Healthy Fish\Healthy Fish_248.jpg,Healthy Fish,fish,train,False
C:\Users\Asus\PycharmProjects\AquaVision_v1\datasets\fish\New Dataset\train_split\Healthy Fish\Healthy Fish_251.jpg,Healthy Fish,fish,train,False
C:\Users\Asus\PycharmProjects\AquaVision_v1\datasets\fish\New Dataset\train_split\Healthy Fish\Healthy Fish_253.jpg,Healthy Fish,fish,train,False
C:\Users\Asus\PycharmProjects\AquaVision_v1\datasets\fish\New Dataset\train_split\Healthy Fish\Healthy Fish_258.jpg,Healthy Fish,fish,train,False
C:\Users\Asus\PycharmProjects\AquaVision_v1\datasets\fish\New Dataset\train_split\Healthy Fish\Healthy Fish_259.jpg,Healthy Fish,fish,train,False
C:\Users\Asus\PycharmProjects\AquaVision_v1\datasets\fish\New Dataset\train_split\Healthy Fish\Healthy Fish_260.jpg,Healthy Fish,fish,train,False
C:\Users\Asus\PycharmProjects\AquaVision_v1\datasets\fish\New Dataset\train_split\Healthy Fish\Healthy Fish_262.jpg,Healthy Fish,fish,train,False
C:\Users\Asus\PycharmProjects\AquaVision_v1\datasets\fish\New Dataset\train_split\Healthy Fish\Healthy Fish_263.jpg,Healthy Fish,fish,train,False
C:\Users\Asus\PycharmProjects\AquaVision_v1\datasets\fish\New Dataset\train_split\Healthy Fish\Healthy Fish_265.jpg,Healthy Fish,fish,train,False
C:\Users\Asus\PycharmProjects\AquaVision_v1\datasets\fish\New Dataset\train_split\Healthy Fish\Healthy Fish_271.jpg,Healthy Fish,fish,train,False
C:\Users\Asus\PycharmProjects\AquaVision_v1\datasets\fish\New Dataset\train_split\Healthy Fish\Healthy Fish_274.jpg,Healthy Fish,fish,train,False
C:\Users\Asus\PycharmProjects\AquaVision_v1\datasets\fish\New Dataset\train_split\Healthy Fish\Healthy Fish_275.jpg,Healthy Fish,fish,train,False
C:\Users\Asus\PycharmProjects\AquaVision_v1\datasets\fish\New Dataset\train_split\Healthy Fish\Healthy Fish_277.jpg,Healthy Fish,fish,train,False
C:\Users\Asus\PycharmProjects\AquaVision_v1\datasets\fish\New Dataset\train_split\Healthy Fish\Healthy Fish_279.jpg,Healthy Fish,fish,train,False
C:\Users\Asus\PycharmProjects\AquaVision_v1\datasets\fish\New Dataset\train_split\Healthy Fish\Healthy Fish_280.jpg,Healthy Fish,fish,train,False
C:\Users\Asus\PycharmProjects\AquaVision_v1\datasets\fish\New Dataset\train_split\Healthy Fish\Healthy Fish_281.jpg,Healthy Fish,fish,train,False
C:\Users\Asus\PycharmProjects\AquaVision_v1\datasets\fish\New Dataset\train_split\Healthy Fish\Healthy Fish_282.jpg,Healthy Fish,fish,train,False
C:\Users\Asus\PycharmProjects\AquaVision_v1\datasets\fish\New Dataset\train_split\Healthy Fish\Healthy Fish_283.jpg,Healthy Fish,fish,train,False
C:\Users\Asus\PycharmProjects\AquaVision_v1\datasets\fish\New Dataset\train_split\Healthy Fish\Healthy Fish_284.jpg,Healthy Fish,fish,train,False
C:\Users\Asus\PycharmProjects\AquaVision_v1\datasets\fish\New Dataset\train_split\Healthy Fish\Healthy Fish_290.jpg,Healthy Fish,fish,train,False
C:\Users\Asus\PycharmProjects\AquaVision_v1\datasets\fish\New Dataset\train_split\Healthy Fish\Healthy Fish_291.jpg,Healthy Fish,fish,train,False
C:\Users\Asus\PycharmProjects\AquaVision_v1\datasets\fish\New Dataset\train_split\Healthy Fish\Healthy Fish_293.jpg,Healthy Fish,fish,train,False
C:\Users\Asus\PycharmProjects\AquaVision_v1\datasets\fish\New Dataset\train_split\Healthy Fish\Healthy Fish_298.jpg,Healthy Fish,fish,train,False
C:\Users\Asus\PycharmProjects\AquaVision_v1\datasets\fish\New Dataset\train_split\Healthy Fish\Healthy Fish_299.jpg,Healthy Fish,fish,train,False
C:\Users\Asus\PycharmProjects\AquaVision_v1\datasets\fish\New Dataset\train_split\Healthy Fish\Healthy Fish_300.jpg,Healthy Fish,fish,train,False
C:\Users\Asus\PycharmProjects\AquaVision_v1\datasets\fish\New Dataset\train_split\Healthy Fish\Healthy Fish_301.jpg,Healthy Fish,fish,train,False
C:\Users\Asus\PycharmProjects\AquaVision_v1\datasets\fish\New Dataset\train_split\Healthy Fish\Healthy Fish_306.jpg,Healthy Fish,fish,train,False
C:\Users\Asus\PycharmProjects\AquaVision_v1\datasets\fish\New Dataset\train_split\Healthy Fish\Healthy Fish_308.jpg,Healthy Fish,fish,train,False
C:\Users\Asus\PycharmProjects\AquaVision_v1\datasets\fish\New Dataset\train_split\Healthy Fish\Healthy Fish_309.jpg,Healthy Fish,fish,train,False
C:\Users\Asus\PycharmProjects\AquaVision_v1\datasets\fish\New Dataset\train_split\Healthy Fish\Healthy Fish_311.jpg,Healthy Fish,fish,train,False
C:\Users\Asus\PycharmProjects\AquaVision_v1\datasets\fish\New Dataset\train_split\Healthy Fish\Healthy Fish_312.jpg,Healthy Fish,fish,train,False
C:\Users\Asus\PycharmProjects\AquaVision_v1\datasets\fish\New Dataset\train_split\Healthy Fish\Healthy Fish_313.jpg,Healthy Fish,fish,train,False
C:\Users\Asus\PycharmProjects\AquaVision_v1\datasets\fish\New Dataset\train_split\Healthy Fish\Healthy Fish_315.jpg,Healthy Fish,fish,train,False
C:\Users\Asus\PycharmProjects\AquaVision_v1\datasets\fish\New Dataset\train_split\Healthy Fish\Healthy Fish_316.jpg,Healthy Fish,fish,train,False
C:\Users\Asus\PycharmProjects\AquaVision_v1\datasets\fish\New Dataset\train_split\Healthy Fish\Healthy Fish_318.jpg,Healthy Fish,fish,train,False
C:\Users\Asus\PycharmProjects\AquaVision_v1\datasets\fish\New Dataset\train_split\Healthy Fish\Healthy Fish_320.jpg,Healthy Fish,fish,train,False
C:\Users\Asus\PycharmProjects\AquaVision_v1\datasets\fish\New Dataset\train_split\Healthy Fish\Healthy Fish_321.jpg,Healthy Fish,fish,train,False
C:\Users\Asus\PycharmProjects\AquaVision_v1\datasets\fish\New Dataset\train_split\Healthy Fish\Healthy Fish_325.jpg,Healthy Fish,fish,train,False
C:\Users\Asus\PycharmProjects\AquaVision_v1\datasets\fish\New Dataset\train_split\Healthy Fish\Healthy Fish_326.jpg,Healthy Fish,fish,train,False
C:\Users\Asus\PycharmProjects\AquaVision_v1\datasets\fish\New Dataset\train_split\Healthy Fish\Healthy Fish_327.jpg,Healthy Fish,fish,train,False
C:\Users\Asus\PycharmProjects\AquaVision_v1\datasets\fish\New Dataset\train_split\Healthy Fish\Healthy Fish_328.jpg,Healthy Fish,fish,train,False
C:\Users\Asus\PycharmProjects\AquaVision_v1\datasets\fish\New Dataset\train_split\Healthy Fish\Healthy Fish_330.jpg,Healthy Fish,fish,train,False
C:\Users\Asus\PycharmProjects\AquaVision_v1\datasets\fish\New Dataset\train_split\Healthy Fish\Healthy Fish_331.jpg,Healthy Fish,fish,train,False
C:\Users\Asus\PycharmProjects\AquaVision_v1\datasets\fish\New Dataset\train_split\Healthy Fish\Healthy Fish_333.jpg,Healthy Fish,fish,train,False
C:\Users\Asus\PycharmProjects\AquaVision_v1\datasets\fish\New Dataset\train_split\Healthy Fish\Healthy Fish_335.jpg,Healthy Fish,fish,train,False
C:\Users\Asus\PycharmProjects\AquaVision_v1\datasets\fish\New Dataset\train_split\Healthy Fish\Healthy Fish_336.jpg,Healthy Fish,fish,train,False
C:\Users\Asus\PycharmProjects\AquaVision_v1\datasets\fish\New Dataset\train_split\Healthy Fish\Healthy Fish_337.jpg,Healthy Fish,fish,train,False
C:\Users\Asus\PycharmProjects\AquaVision_v1\datasets\fish\New Dataset\train_split\Healthy Fish\Healthy Fish_338.jpg,Healthy Fish,fish,train,False
C:\Users\Asus\PycharmProjects\AquaVision_v1\datasets\fish\New Dataset\train_split\Healthy Fish\Healthy Fish_341.jpg,Healthy Fish,fish,train,False
C:\Users\Asus\PycharmProjects\AquaVision_v1\datasets\fish\New Dataset\train_split\Healthy Fish\Healthy Fish_343.jpg,Healthy Fish,fish,train,False
C:\Users\Asus\PycharmProjects\AquaVision_v1\datasets\fish\New Dataset\train_split\Healthy Fish\Healthy Fish_344.jpg,Healthy Fish,fish,train,False
C:\Users\Asus\PycharmProjects\AquaVision_v1\datasets\fish\New Dataset\train_split\Healthy Fish\Healthy Fish_346.jpg,Healthy Fish,fish,train,False
C:\Users\Asus\PycharmProjects\AquaVision_v1\datasets\fish\New Dataset\train_split\Healthy Fish\Healthy Fish_347.jpg,Healthy Fish,fish,train,False
C:\Users\Asus\PycharmProjects\AquaVision_v1\datasets\fish\New Dataset\train_split\Healthy Fish\Healthy Fish_353.jpg,Healthy Fish,fish,train,False
C:\Users\Asus\PycharmProjects\AquaVision_v1\datasets\fish\New Dataset\train_split\Healthy Fish\Healthy Fish_355.jpg,Healthy Fish,fish,train,False
C:\Users\Asus\PycharmProjects\AquaVision_v1\datasets\fish\New Dataset\train_split\Healthy Fish\Healthy Fish_356.jpg,Healthy Fish,fish,train,False
C:\Users\Asus\PycharmProjects\AquaVision_v1\datasets\fish\New Dataset\train_split\Healthy Fish\Healthy Fish_357.jpg,Healthy Fish,fish,train,False
C:\Users\Asus\PycharmProjects\AquaVision_v1\datasets\fish\New Dataset\train_split\Healthy Fish\Healthy Fish_364.jpg,Healthy Fish,fish,train,False
C:\Users\Asus\PycharmProjects\AquaVision_v1\datasets\fish\New Dataset\train_split\Healthy Fish\Healthy Fish_368.jpg,Healthy Fish,fish,train,False
C:\Users\Asus\PycharmProjects\AquaVision_v1\datasets\fish\New Dataset\train_split\Healthy Fish\Healthy Fish_369.jpg,Healthy Fish,fish,train,False
C:\Users\Asus\PycharmProjects\AquaVision_v1\datasets\fish\New Dataset\train_split\Healthy Fish\Healthy Fish_37.jpg,Healthy Fish,fish,train,False
C:\Users\Asus\PycharmProjects\AquaVision_v1\datasets\fish\New Dataset\train_split\Healthy Fish\Healthy Fish_372.jpg,Healthy Fish,fish,train,False
C:\Users\Asus\PycharmProjects\AquaVision_v1\datasets\fish\New Dataset\train_split\Healthy Fish\Healthy Fish_373.jpg,Healthy Fish,fish,train,False
C:\Users\Asus\PycharmProjects\AquaVision_v1\datasets\fish\New Dataset\train_split\Healthy Fish\Healthy Fish_374.jpg,Healthy Fish,fish,train,False
C:\Users\Asus\PycharmProjects\AquaVision_v1\datasets\fish\New Dataset\train_split\Healthy Fish\Healthy Fish_375.jpg,Healthy Fish,fish,train,False
C:\Users\Asus\PycharmProjects\AquaVision_v1\datasets\fish\New Dataset\train_split\Healthy Fish\Healthy Fish_376.jpg,Healthy Fish,fish,train,False
C:\Users\Asus\PycharmProjects\AquaVision_v1\datasets\fish\New Dataset\train_split\Healthy Fish\Healthy Fish_377.jpg,Healthy Fish,fish,train,False
C:\Users\Asus\PycharmProjects\AquaVision_v1\datasets\fish\New Dataset\train_split\Healthy Fish\Healthy Fish_378.jpg,Healthy Fish,fish,train,False
C:\Users\Asus\PycharmProjects\AquaVision_v1\datasets\fish\New Dataset\train_split\Healthy Fish\Healthy Fish_380.jpg,Healthy Fish,fish,train,False
C:\Users\Asus\PycharmProjects\AquaVision_v1\datasets\fish\New Dataset\train_split\Healthy Fish\Healthy Fish_382.jpg,Healthy Fish,fish,train,False
C:\Users\Asus\PycharmProjects\AquaVision_v1\datasets\fish\New Dataset\train_split\Healthy Fish\Healthy Fish_383.jpg,Healthy Fish,fish,train,False
C:\Users\Asus\PycharmProjects\AquaVision_v1\datasets\fish\New Dataset\train_split\Healthy Fish\Healthy Fish_384.jpg,Healthy Fish,fish,train,False
C:\Users\Asus\PycharmProjects\AquaVision_v1\datasets\fish\New Dataset\train_split\Healthy Fish\Healthy Fish_386.jpg,Healthy Fish,fish,train,False
C:\Users\Asus\PycharmProjects\AquaVision_v1\datasets\fish\New Dataset\train_split\Healthy Fish\Healthy Fish_387.jpg,Healthy Fish,fish,train,False
C:\Users\Asus\PycharmProjects\AquaVision_v1\datasets\fish\New Dataset\train_split\Healthy Fish\Healthy Fish_390.jpg,Healthy Fish,fish,train,False
C:\Users\Asus\PycharmProjects\AquaVision_v1\datasets\fish\New Dataset\train_split\Healthy Fish\Healthy Fish_391.jpg,Healthy Fish,fish,train,False
C:\Users\Asus\PycharmProjects\AquaVision_v1\datasets\fish\New Dataset\train_split\Healthy Fish\Healthy Fish_392.jpg,Healthy Fish,fish,train,False
C:\Users\Asus\PycharmProjects\AquaVision_v1\datasets\fish\New Dataset\train_split\Healthy Fish\Healthy Fish_393.jpg,Healthy Fish,fish,train,False
C:\Users\Asus\PycharmProjects\AquaVision_v1\datasets\fish\New Dataset\train_split\Healthy Fish\Healthy Fish_395.jpg,Healthy Fish,fish,train,False
C:\Users\Asus\PycharmProjects\AquaVision_v1\datasets\fish\New Dataset\train_split\Healthy Fish\Healthy Fish_396.jpg,Healthy Fish,fish,train,False
C:\Users\Asus\PycharmProjects\AquaVision_v1\datasets\fish\New Dataset\train_split\Healthy Fish\Healthy Fish_402.jpg,Healthy Fish,fish,train,False
C:\Users\Asus\PycharmProjects\AquaVision_v1\datasets\fish\New Dataset\train_split\Healthy Fish\Healthy Fish_403.jpg,Healthy Fish,fish,train,False
C:\Users\Asus\PycharmProjects\AquaVision_v1\datasets\fish\New Dataset\train_split\Healthy Fish\Healthy Fish_406.jpg,Healthy Fish,fish,train,False
C:\Users\Asus\PycharmProjects\AquaVision_v1\datasets\fish\New Dataset\train_split\Healthy Fish\Healthy Fish_407.jpg,Healthy Fish,fish,train,False
C:\Users\Asus\PycharmProjects\AquaVision_v1\datasets\fish\New Dataset\train_split\Healthy Fish\Healthy Fish_408.jpg,Healthy Fish,fish,train,False
C:\Users\Asus\PycharmProjects\AquaVision_v1\datasets\fish\New Dataset\train_split\Healthy Fish\Healthy Fish_409.jpg,Healthy Fish,fish,train,False
C:\Users\Asus\PycharmProjects\AquaVision_v1\datasets\fish\New Dataset\train_split\Healthy Fish\Healthy Fish_412.jpg,Healthy Fish,fish,train,False
C:\Users\Asus\PycharmProjects\AquaVision_v1\datasets\fish\New Dataset\train_split\Healthy Fish\Healthy Fish_413.jpg,Healthy Fish,fish,train,False
C:\Users\Asus\PycharmProjects\AquaVision_v1\datasets\fish\New Dataset\train_split\Healthy Fish\Healthy Fish_415.jpg,Healthy Fish,fish,train,False
C:\Users\Asus\PycharmProjects\AquaVision_v1\datasets\fish\New Dataset\train_split\Healthy Fish\Healthy Fish_416.jpg,Healthy Fish,fish,train,False
C:\Users\Asus\PycharmProjects\AquaVision_v1\datasets\fish\New Dataset\train_split\Healthy Fish\Healthy Fish_417.jpg,Healthy Fish,fish,train,False
C:\Users\Asus\PycharmProjects\AquaVision_v1\datasets\fish\New Dataset\train_split\Healthy Fish\Healthy Fish_418.jpg,Healthy Fish,fish,train,False
C:\Users\Asus\PycharmProjects\AquaVision_v1\datasets\fish\New Dataset\train_split\Healthy Fish\Healthy Fish_420.jpg,Healthy Fish,fish,train,False
C:\Users\Asus\PycharmProjects\AquaVision_v1\datasets\fish\New Dataset\train_split\Healthy Fish\Healthy Fish_422.jpg,Healthy Fish,fish,train,False
C:\Users\Asus\PycharmProjects\AquaVision_v1\datasets\fish\New Dataset\train_split\Healthy Fish\Healthy Fish_423.jpg,Healthy Fish,fish,train,False
C:\Users\Asus\PycharmProjects\AquaVision_v1\datasets\fish\New Dataset\train_split\Healthy Fish\Healthy Fish_426.jpg,Healthy Fish,fish,train,False
C:\Users\Asus\PycharmProjects\AquaVision_v1\datasets\fish\New Dataset\train_split\Healthy Fish\Healthy Fish_427.jpg,Healthy Fish,fish,train,False
C:\Users\Asus\PycharmProjects\AquaVision_v1\datasets\fish\New Dataset\train_split\Healthy Fish\Healthy Fish_428.jpg,Healthy Fish,fish,train,False
C:\Users\Asus\PycharmProjects\AquaVision_v1\datasets\fish\New Dataset\train_split\Healthy Fish\Healthy Fish_43.jpg,Healthy Fish,fish,train,False
C:\Users\Asus\PycharmProjects\AquaVision_v1\datasets\fish\New Dataset\train_split\Healthy Fish\Healthy Fish_430.jpg,Healthy Fish,fish,train,False
C:\Users\Asus\PycharmProjects\AquaVision_v1\datasets\fish\New Dataset\train_split\Healthy Fish\Healthy Fish_433.jpg,Healthy Fish,fish,train,False
C:\Users\Asus\PycharmProjects\AquaVision_v1\datasets\fish\New Dataset\train_split\Healthy Fish\Healthy Fish_434.jpg,Healthy Fish,fish,train,False
C:\Users\Asus\PycharmProjects\AquaVision_v1\datasets\fish\New Dataset\train_split\Healthy Fish\Healthy Fish_435.jpg,Healthy Fish,fish,train,False
C:\Users\Asus\PycharmProjects\AquaVision_v1\datasets\fish\New Dataset\train_split\Healthy Fish\Healthy Fish_436.jpg,Healthy Fish,fish,train,False
C:\Users\Asus\PycharmProjects\AquaVision_v1\datasets\fish\New Dataset\train_split\Healthy Fish\Healthy Fish_437.jpg,Healthy Fish,fish,train,False
C:\Users\Asus\PycharmProjects\AquaVision_v1\datasets\fish\New Dataset\train_split\Healthy Fish\Healthy Fish_438.jpg,Healthy Fish,fish,train,False
C:\Users\Asus\PycharmProjects\AquaVision_v1\datasets\fish\New Dataset\train_split\Healthy Fish\Healthy Fish_439.jpg,Healthy Fish,fish,train,False
C:\Users\Asus\PycharmProjects\AquaVision_v1\datasets\fish\New Dataset\train_split\Healthy Fish\Healthy Fish_441.jpg,Healthy Fish,fish,train,False
C:\Users\Asus\PycharmProjects\AquaVision_v1\datasets\fish\New Dataset\train_split\Healthy Fish\Healthy Fish_442.jpg,Healthy Fish,fish,train,False
C:\Users\Asus\PycharmProjects\AquaVision_v1\datasets\fish\New Dataset\train_split\Healthy Fish\Healthy Fish_444.jpg,Healthy Fish,fish,train,False
C:\Users\Asus\PycharmProjects\AquaVision_v1\datasets\fish\New Dataset\train_split\Healthy Fish\Healthy Fish_445.jpg,Healthy Fish,fish,train,False
C:\Users\Asus\PycharmProjects\AquaVision_v1\datasets\fish\New Dataset\train_split\Healthy Fish\Healthy Fish_446.jpg,Healthy Fish,fish,train,False
C:\Users\Asus\PycharmProjects\AquaVision_v1\datasets\fish\New Dataset\train_split\Healthy Fish\Healthy Fish_447.jpg,Healthy Fish,fish,train,False
C:\Users\Asus\PycharmProjects\AquaVision_v1\datasets\fish\New Dataset\train_split\Healthy Fish\Healthy Fish_448.jpg,Healthy Fish,fish,train,False
C:\Users\Asus\PycharmProjects\AquaVision_v1\datasets\fish\New Dataset\train_split\Healthy Fish\Healthy Fish_449.jpg,Healthy Fish,fish,train,False
C:\Users\Asus\PycharmProjects\AquaVision_v1\datasets\fish\New Dataset\train_split\Healthy Fish\Healthy Fish_450.jpg,Healthy Fish,fish,train,False
C:\Users\Asus\PycharmProjects\AquaVision_v1\datasets\fish\New Dataset\train_split\Healthy Fish\Healthy Fish_451.jpg,Healthy Fish,fish,train,False
C:\Users\Asus\PycharmProjects\AquaVision_v1\datasets\fish\New Dataset\train_split\Healthy Fish\Healthy Fish_452.jpg,Healthy Fish,fish,train,False
C:\Users\Asus\PycharmProjects\AquaVision_v1\datasets\fish\New Dataset\train_split\Healthy Fish\Healthy Fish_453.jpg,Healthy Fish,fish,train,False
C:\Users\Asus\PycharmProjects\AquaVision_v1\datasets\fish\New Dataset\train_split\Healthy Fish\Healthy Fish_455.jpg,Healthy Fish,fish,train,False
C:\Users\Asus\PycharmProjects\AquaVision_v1\datasets\fish\New Dataset\train_split\Healthy Fish\Healthy Fish_457.jpg,Healthy Fish,fish,train,False
C:\Users\Asus\PycharmProjects\AquaVision_v1\datasets\fish\New Dataset\train_split\Healthy Fish\Healthy Fish_458.jpg,Healthy Fish,fish,train,False
C:\Users\Asus\PycharmProjects\AquaVision_v1\datasets\fish\New Dataset\train_split\Healthy Fish\Healthy Fish_459.jpg,Healthy Fish,fish,train,False
C:\Users\Asus\PycharmProjects\AquaVision_v1\datasets\fish\New Dataset\train_split\Healthy Fish\Healthy Fish_460.jpg,Healthy Fish,fish,train,False
C:\Users\Asus\PycharmProjects\AquaVision_v1\datasets\fish\New Dataset\train_split\Healthy Fish\Healthy Fish_461.jpg,Healthy Fish,fish,train,False
C:\Users\Asus\PycharmProjects\AquaVision_v1\datasets\fish\New Dataset\train_split\Healthy Fish\Healthy Fish_462.jpg,Healthy Fish,fish,train,False
C:\Users\Asus\PycharmProjects\AquaVision_v1\datasets\fish\New Dataset\train_split\Healthy Fish\Healthy Fish_463.jpg,Healthy Fish,fish,train,False
C:\Users\Asus\PycharmProjects\AquaVision_v1\datasets\fish\New Dataset\train_split\Healthy Fish\Healthy Fish_465.jpg,Healthy Fish,fish,train,False
C:\Users\Asus\PycharmProjects\AquaVision_v1\datasets\fish\New Dataset\train_split\Healthy Fish\Healthy Fish_467.jpg,Healthy Fish,fish,train,False
C:\Users\Asus\PycharmProjects\AquaVision_v1\datasets\fish\New Dataset\train_split\Healthy Fish\Healthy Fish_468.jpg,Healthy Fish,fish,train,False
C:\Users\Asus\PycharmProjects\AquaVision_v1\datasets\fish\New Dataset\train_split\Healthy Fish\Healthy Fish_469.jpg,Healthy Fish,fish,train,False
C:\Users\Asus\PycharmProjects\AquaVision_v1\datasets\fish\New Dataset\train_split\Healthy Fish\Healthy Fish_470.jpg,Healthy Fish,fish,train,False
C:\Users\Asus\PycharmProjects\AquaVision_v1\datasets\fish\New Dataset\train_split\Healthy Fish\Healthy Fish_473.jpg,Healthy Fish,fish,train,False
C:\Users\Asus\PycharmProjects\AquaVision_v1\datasets\fish\New Dataset\train_split\Healthy Fish\Healthy Fish_475.jpg,Healthy Fish,fish,train,False
C:\Users\Asus\PycharmProjects\AquaVision_v1\datasets\fish\New Dataset\train_split\Healthy Fish\Healthy Fish_476.jpg,Healthy Fish,fish,train,False
C:\Users\Asus\PycharmProjects\AquaVision_v1\datasets\fish\New Dataset\train_split\Healthy Fish\Healthy Fish_479.jpg,Healthy Fish,fish,train,False
C:\Users\Asus\PycharmProjects\AquaVision_v1\datasets\fish\New Dataset\train_split\Healthy Fish\Healthy Fish_480.jpg,Healthy Fish,fish,train,False
C:\Users\Asus\PycharmProjects\AquaVision_v1\datasets\fish\New Dataset\train_split\Healthy Fish\Healthy Fish_481.jpg,Healthy Fish,fish,train,False
C:\Users\Asus\PycharmProjects\AquaVision_v1\datasets\fish\New Dataset\train_split\Healthy Fish\Healthy Fish_483.jpg,Healthy Fish,fish,train,False
C:\Users\Asus\PycharmProjects\AquaVision_v1\datasets\fish\New Dataset\train_split\Healthy Fish\Healthy Fish_484.jpg,Healthy Fish,fish,train,False
C:\Users\Asus\PycharmProjects\AquaVision_v1\datasets\fish\New Dataset\train_split\Healthy Fish\Healthy Fish_485.jpg,Healthy Fish,fish,train,False
C:\Users\Asus\PycharmProjects\AquaVision_v1\datasets\fish\New Dataset\train_split\Healthy Fish\Healthy Fish_51.jpg,Healthy Fish,fish,train,False
C:\Users\Asus\PycharmProjects\AquaVision_v1\datasets\fish\New Dataset\train_split\Healthy Fish\Healthy Fish_54.jpg,Healthy Fish,fish,train,False
C:\Users\Asus\PycharmProjects\AquaVision_v1\datasets\fish\New Dataset\train_split\Healthy Fish\Healthy Fish_56.jpg,Healthy Fish,fish,train,False
C:\Users\Asus\PycharmProjects\AquaVision_v1\datasets\fish\New Dataset\train_split\Healthy Fish\Healthy Fish_57.jpg,Healthy Fish,fish,train,False
C:\Users\Asus\PycharmProjects\AquaVision_v1\datasets\fish\New Dataset\train_split\Healthy Fish\Healthy Fish_58.jpg,Healthy Fish,fish,train,False
C:\Users\Asus\PycharmProjects\AquaVision_v1\datasets\fish\New Dataset\train_split\Healthy Fish\Healthy Fish_59.jpg,Healthy Fish,fish,train,False
C:\Users\Asus\PycharmProjects\AquaVision_v1\datasets\fish\New Dataset\train_split\Healthy Fish\Healthy Fish_60.jpg,Healthy Fish,fish,train,False
C:\Users\Asus\PycharmProjects\AquaVision_v1\datasets\fish\New Dataset\train_split\Healthy Fish\Healthy Fish_7.jpg,Healthy Fish,fish,train,False
C:\Users\Asus\PycharmProjects\AquaVision_v1\datasets\fish\New Dataset\train_split\Healthy Fish\Healthy Fish_aug_0.jpg,Healthy Fish,fish,train,True
C:\Users\Asus\PycharmProjects\AquaVision_v1\datasets\fish\New Dataset\train_split\Healthy Fish\Healthy Fish_aug_1.jpg,Healthy Fish,fish,train,True
C:\Users\Asus\PycharmProjects\AquaVision_v1\datasets\fish\New Dataset\train_split\Healthy Fish\Healthy Fish_aug_100.jpg,Healthy Fish,fish,train,True
C:\Users\Asus\PycharmProjects\AquaVision_v1\datasets\fish\New Dataset\train_split\Healthy Fish\Healthy Fish_aug_101.jpg,Healthy Fish,fish,train,True
C:\Users\Asus\PycharmProjects\AquaVision_v1\datasets\fish\New Dataset\train_split\Healthy Fish\Healthy Fish_aug_102.jpg,Healthy Fish,fish,train,True
C:\Users\Asus\PycharmProjects\AquaVision_v1\datasets\fish\New Dataset\train_split\Healthy Fish\Healthy Fish_aug_104.jpg,Healthy Fish,fish,train,True
C:\Users\Asus\PycharmProjects\AquaVision_v1\datasets\fish\New Dataset\train_split\Healthy Fish\Healthy Fish_aug_105.jpg,Healthy Fish,fish,train,True
C:\Users\Asus\PycharmProjects\AquaVision_v1\datasets\fish\New Dataset\train_split\Healthy Fish\Healthy Fish_aug_107.jpg,Healthy Fish,fish,train,True
C:\Users\Asus\PycharmProjects\AquaVision_v1\datasets\fish\New Dataset\train_split\Healthy Fish\Healthy Fish_aug_108.jpg,Healthy Fish,fish,train,True
C:\Users\Asus\PycharmProjects\AquaVision_v1\datasets\fish\New Dataset\train_split\Healthy Fish\Healthy Fish_aug_11.jpg,Healthy Fish,fish,train,True
C:\Users\Asus\PycharmProjects\AquaVision_v1\datasets\fish\New Dataset\train_split\Healthy Fish\Healthy Fish_aug_110.jpg,Healthy Fish,fish,train,True
C:\Users\Asus\PycharmProjects\AquaVision_v1\datasets\fish\New Dataset\train_split\Healthy Fish\Healthy Fish_aug_113.jpg,Healthy Fish,fish,train,True
C:\Users\Asus\PycharmProjects\AquaVision_v1\datasets\fish\New Dataset\train_split\Healthy Fish\Healthy Fish_aug_114.jpg,Healthy Fish,fish,train,True
C:\Users\Asus\PycharmProjects\AquaVision_v1\datasets\fish\New Dataset\train_split\Healthy Fish\Healthy Fish_aug_115.jpg,Healthy Fish,fish,train,True
C:\Users\Asus\PycharmProjects\AquaVision_v1\datasets\fish\New Dataset\train_split\Healthy Fish\Healthy Fish_aug_116.jpg,Healthy Fish,fish,train,True
C:\Users\Asus\PycharmProjects\AquaVision_v1\datasets\fish\New Dataset\train_split\Healthy Fish\Healthy Fish_aug_117.jpg,Healthy Fish,fish,train,True
C:\Users\Asus\PycharmProjects\AquaVision_v1\datasets\fish\New Dataset\train_split\Healthy Fish\Healthy Fish_aug_120.jpg,Healthy Fish,fish,train,True
C:\Users\Asus\PycharmProjects\AquaVision_v1\datasets\fish\New Dataset\train_split\Healthy Fish\Healthy Fish_aug_121.jpg,Healthy Fish,fish,train,True
C:\Users\Asus\PycharmProjects\AquaVision_v1\datasets\fish\New Dataset\train_split\Healthy Fish\Healthy Fish_aug_122.jpg,Healthy Fish,fish,train,True
C:\Users\Asus\PycharmProjects\AquaVision_v1\datasets\fish\New Dataset\train_split\Healthy Fish\Healthy Fish_aug_123.jpg,Healthy Fish,fish,train,True
C:\Users\Asus\PycharmProjects\AquaVision_v1\datasets\fish\New Dataset\train_split\Healthy Fish\Healthy Fish_aug_124.jpg,Healthy Fish,fish,train,True
C:\Users\Asus\PycharmProjects\AquaVision_v1\datasets\fish\New Dataset\train_split\Healthy Fish\Healthy Fish_aug_126.jpg,Healthy Fish,fish,train,True
C:\Users\Asus\PycharmProjects\AquaVision_v1\datasets\fish\New Dataset\train_split\Healthy Fish\Healthy Fish_aug_127.jpg,Healthy Fish,fish,train,True
C:\Users\Asus\PycharmProjects\AquaVision_v1\datasets\fish\New Dataset\train_split\Healthy Fish\Healthy Fish_aug_128.jpg,Healthy Fish,fish,train,True
C:\Users\Asus\PycharmProjects\AquaVision_v1\datasets\fish\New Dataset\train_split\Healthy Fish\Healthy Fish_aug_129.jpg,Healthy Fish,fish,train,True
C:\Users\Asus\PycharmProjects\AquaVision_v1\datasets\fish\New Dataset\train_split\Healthy Fish\Healthy Fish_aug_13.jpg,Healthy Fish,fish,train,True
C:\Users\Asus\PycharmProjects\AquaVision_v1\datasets\fish\New Dataset\train_split\Healthy Fish\Healthy Fish_aug_130.jpg,Healthy Fish,fish,train,True
C:\Users\Asus\PycharmProjects\AquaVision_v1\datasets\fish\New Dataset\train_split\Healthy Fish\Healthy Fish_aug_131.jpg,Healthy Fish,fish,train,True
C:\Users\Asus\PycharmProjects\AquaVision_v1\datasets\fish\New Dataset\train_split\Healthy Fish\Healthy Fish_aug_132.jpg,Healthy Fish,fish,train,True
C:\Users\Asus\PycharmProjects\AquaVision_v1\datasets\fish\New Dataset\train_split\Healthy Fish\Healthy Fish_aug_133.jpg,Healthy Fish,fish,train,True
C:\Users\Asus\PycharmProjects\AquaVision_v1\datasets\fish\New Dataset\train_split\Healthy Fish\Healthy Fish_aug_134.jpg,Healthy Fish,fish,train,True
C:\Users\Asus\PycharmProjects\AquaVision_v1\datasets\fish\New Dataset\train_split\Healthy Fish\Healthy Fish_aug_135.jpg,Healthy Fish,fish,train,True
C:\Users\Asus\PycharmProjects\AquaVision_v1\datasets\fish\New Dataset\train_split\Healthy Fish\Healthy Fish_aug_136.jpg,Healthy Fish,fish,train,True
C:\Users\Asus\PycharmProjects\AquaVision_v1\datasets\fish\New Dataset\train_split\Healthy Fish\Healthy Fish_aug_137.jpg,Healthy Fish,fish,train,True
C:\Users\Asus\PycharmProjects\AquaVision_v1\datasets\fish\New Dataset\train_split\Healthy Fish\Healthy Fish_aug_138.jpg,Healthy Fish,fish,train,True
C:\Users\Asus\PycharmProjects\AquaVision_v1\datasets\fish\New Dataset\train_split\Healthy Fish\Healthy Fish_aug_139.jpg,Healthy Fish,fish,train,True
C:\Users\Asus\PycharmProjects\AquaVision_v1\datasets\fish\New Dataset\train_split\Healthy Fish\Healthy Fish_aug_14.jpg,Healthy Fish,fish,train,True
C:\Users\Asus\PycharmProjects\AquaVision_v1\datasets\fish\New Dataset\train_split\Healthy Fish\Healthy Fish_aug_140.jpg,Healthy Fish,fish,train,True
C:\Users\Asus\PycharmProjects\AquaVision_v1\datasets\fish\New Dataset\train_split\Healthy Fish\Healthy Fish_aug_141.jpg,Healthy Fish,fish,train,True
C:\Users\Asus\PycharmProjects\AquaVision_v1\datasets\fish\New Dataset\train_split\Healthy Fish\Healthy Fish_aug_144.jpg,Healthy Fish,fish,train,True
C:\Users\Asus\PycharmProjects\AquaVision_v1\datasets\fish\New Dataset\train_split\Healthy Fish\Healthy Fish_aug_146.jpg,Healthy Fish,fish,train,True
C:\Users\Asus\PycharmProjects\AquaVision_v1\datasets\fish\New Dataset\train_split\Healthy Fish\Healthy Fish_aug_147.jpg,Healthy Fish,fish,train,True
C:\Users\Asus\PycharmProjects\AquaVision_v1\datasets\fish\New Dataset\train_split\Healthy Fish\Healthy Fish_aug_148.jpg,Healthy Fish,fish,train,True
C:\Users\Asus\PycharmProjects\AquaVision_v1\datasets\fish\New Dataset\train_split\Healthy Fish\Healthy Fish_aug_149.jpg,Healthy Fish,fish,train,True
C:\Users\Asus\PycharmProjects\AquaVision_v1\datasets\fish\New Dataset\train_split\Healthy Fish\Healthy Fish_aug_15.jpg,Healthy Fish,fish,train,True
C:\Users\Asus\PycharmProjects\AquaVision_v1\datasets\fish\New Dataset\train_split\Healthy Fish\Healthy Fish_aug_150.jpg,Healthy Fish,fish,train,True
C:\Users\Asus\PycharmProjects\AquaVision_v1\datasets\fish\New Dataset\train_split\Healthy Fish\Healthy Fish_aug_151.jpg,Healthy Fish,fish,train,True
C:\Users\Asus\PycharmProjects\AquaVision_v1\datasets\fish\New Dataset\train_split\Healthy Fish\Healthy Fish_aug_152.jpg,Healthy Fish,fish,train,True
C:\Users\Asus\PycharmProjects\AquaVision_v1\datasets\fish\New Dataset\train_split\Healthy Fish\Healthy Fish_aug_153.jpg,Healthy Fish,fish,train,True
C:\Users\Asus\PycharmProjects\AquaVision_v1\datasets\fish\New Dataset\train_split\Healthy Fish\Healthy Fish_aug_154.jpg,Healthy Fish,fish,train,True
C:\Users\Asus\PycharmProjects\AquaVision_v1\datasets\fish\New Dataset\train_split\Healthy Fish\Healthy Fish_aug_155.jpg,Healthy Fish,fish,train,True
C:\Users\Asus\PycharmProjects\AquaVision_v1\datasets\fish\New Dataset\train_split\Healthy Fish\Healthy Fish_aug_156.jpg,Healthy Fish,fish,train,True
C:\Users\Asus\PycharmProjects\AquaVision_v1\datasets\fish\New Dataset\train_split\Healthy Fish\Healthy Fish_aug_157.jpg,Healthy Fish,fish,train,True
C:\Users\Asus\PycharmProjects\AquaVision_v1\datasets\fish\New Dataset\train_split\Healthy Fish\Healthy Fish_aug_159.jpg,Healthy Fish,fish,train,True
C:\Users\Asus\PycharmProjects\AquaVision_v1\datasets\fish\New Dataset\train_split\Healthy Fish\Healthy Fish_aug_16.jpg,Healthy Fish,fish,train,True
C:\Users\Asus\PycharmProjects\AquaVision_v1\datasets\fish\New Dataset\train_split\Healthy Fish\Healthy Fish_aug_160.jpg,Healthy Fish,fish,train,True
C:\Users\Asus\PycharmProjects\AquaVision_v1\datasets\fish\New Dataset\train_split\Healthy Fish\Healthy Fish_aug_161.jpg,Healthy Fish,fish,train,True
C:\Users\Asus\PycharmProjects\AquaVision_v1\datasets\fish\New Dataset\train_split\Healthy Fish\Healthy Fish_aug_162.jpg,Healthy Fish,fish,train,True
C:\Users\Asus\PycharmProjects\AquaVision_v1\datasets\fish\New Dataset\train_split\Healthy Fish\Healthy Fish_aug_164.jpg,Healthy Fish,fish,train,True
C:\Users\Asus\PycharmProjects\AquaVision_v1\datasets\fish\New Dataset\train_split\Healthy Fish\Healthy Fish_aug_165.jpg,Healthy Fish,fish,train,True
C:\Users\Asus\PycharmProjects\AquaVision_v1\datasets\fish\New Dataset\train_split\Healthy Fish\Healthy Fish_aug_166.jpg,Healthy Fish,fish,train,True
C:\Users\Asus\PycharmProjects\AquaVision_v1\datasets\fish\New Dataset\train_split\Healthy Fish\Healthy Fish_aug_168.jpg,Healthy Fish,fish,train,True
C:\Users\Asus\PycharmProjects\AquaVision_v1\datasets\fish\New Dataset\train_split\Healthy Fish\Healthy Fish_aug_169.jpg,Healthy Fish,fish,train,True
C:\Users\Asus\PycharmProjects\AquaVision_v1\datasets\fish\New Dataset\train_split\Healthy Fish\Healthy Fish_aug_17.jpg,Healthy Fish,fish,train,True
C:\Users\Asus\PycharmProjects\AquaVision_v1\datasets\fish\New Dataset\train_split\Healthy Fish\Healthy Fish_aug_170.jpg,Healthy Fish,fish,train,True
C:\Users\Asus\PycharmProjects\AquaVision_v1\datasets\fish\New Dataset\train_split\Healthy Fish\Healthy Fish_aug_171.jpg,Healthy Fish,fish,train,True
C:\Users\Asus\PycharmProjects\AquaVision_v1\datasets\fish\New Dataset\train_split\Healthy Fish\Healthy Fish_aug_172.jpg,Healthy Fish,fish,train,True
C:\Users\Asus\PycharmProjects\AquaVision_v1\datasets\fish\New Dataset\train_split\Healthy Fish\Healthy Fish_aug_174.jpg,Healthy Fish,fish,train,True
C:\Users\Asus\PycharmProjects\AquaVision_v1\datasets\fish\New Dataset\train_split\Healthy Fish\Healthy Fish_aug_176.jpg,Healthy Fish,fish,train,True
C:\Users\Asus\PycharmProjects\AquaVision_v1\datasets\fish\New Dataset\train_split\Healthy Fish\Healthy Fish_aug_177.jpg,Healthy Fish,fish,train,True
C:\Users\Asus\PycharmProjects\AquaVision_v1\datasets\fish\New Dataset\train_split\Healthy Fish\Healthy Fish_aug_178.jpg,Healthy Fish,fish,train,True
C:\Users\Asus\PycharmProjects\AquaVision_v1\datasets\fish\New Dataset\train_split\Healthy Fish\Healthy Fish_aug_179.jpg,Healthy Fish,fish,train,True
C:\Users\Asus\PycharmProjects\AquaVision_v1\datasets\fish\New Dataset\train_split\Healthy Fish\Healthy Fish_aug_181.jpg,Healthy Fish,fish,train,True
C:\Users\Asus\PycharmProjects\AquaVision_v1\datasets\fish\New Dataset\train_split\Healthy Fish\Healthy Fish_aug_183.jpg,Healthy Fish,fish,train,True
C:\Users\Asus\PycharmProjects\AquaVision_v1\datasets\fish\New Dataset\train_split\Healthy Fish\Healthy Fish_aug_184.jpg,Healthy Fish,fish,train,True
C:\Users\Asus\PycharmProjects\AquaVision_v1\datasets\fish\New Dataset\train_split\Healthy Fish\Healthy Fish_aug_185.jpg,Healthy Fish,fish,train,True
C:\Users\Asus\PycharmProjects\AquaVision_v1\datasets\fish\New Dataset\train_split\Healthy Fish\Healthy Fish_aug_188.jpg,Healthy Fish,fish,train,True
C:\Users\Asus\PycharmProjects\AquaVision_v1\datasets\fish\New Dataset\train_split\Healthy Fish\Healthy Fish_aug_189.jpg,Healthy Fish,fish,train,True
C:\Users\Asus\PycharmProjects\AquaVision_v1\datasets\fish\New Dataset\train_split\Healthy Fish\Healthy Fish_aug_19.jpg,Healthy Fish,fish,train,True
C:\Users\Asus\PycharmProjects\AquaVision_v1\datasets\fish\New Dataset\train_split\Healthy Fish\Healthy Fish_aug_191.jpg,Healthy Fish,fish,train,True
C:\Users\Asus\PycharmProjects\AquaVision_v1\datasets\fish\New Dataset\train_split\Healthy Fish\Healthy Fish_aug_192.jpg,Healthy Fish,fish,train,True
C:\Users\Asus\PycharmProjects\AquaVision_v1\datasets\fish\New Dataset\train_split\Healthy Fish\Healthy Fish_aug_193.jpg,Healthy Fish,fish,train,True
C:\Users\Asus\PycharmProjects\AquaVision_v1\datasets\fish\New Dataset\train_split\Healthy Fish\Healthy Fish_aug_195.jpg,Healthy Fish,fish,train,True
C:\Users\Asus\PycharmProjects\AquaVision_v1\datasets\fish\New Dataset\train_split\Healthy Fish\Healthy Fish_aug_196.jpg,Healthy Fish,fish,train,True
C:\Users\Asus\PycharmProjects\AquaVision_v1\datasets\fish\New Dataset\train_split\Healthy Fish\Healthy Fish_aug_198.jpg,Healthy Fish,fish,train,True
C:\Users\Asus\PycharmProjects\AquaVision_v1\datasets\fish\New Dataset\train_split\Healthy Fish\Healthy Fish_aug_199.jpg,Healthy Fish,fish,train,True
C:\Users\Asus\PycharmProjects\AquaVision_v1\datasets\fish\New Dataset\train_split\Healthy Fish\Healthy Fish_aug_2.jpg,Healthy Fish,fish,train,True
C:\Users\Asus\PycharmProjects\AquaVision_v1\datasets\fish\New Dataset\train_split\Healthy Fish\Healthy Fish_aug_200.jpg,Healthy Fish,fish,train,True
C:\Users\Asus\PycharmProjects\AquaVision_v1\datasets\fish\New Dataset\train_split\Healthy Fish\Healthy Fish_aug_201.jpg,Healthy Fish,fish,train,True
C:\Users\Asus\PycharmProjects\AquaVision_v1\datasets\fish\New Dataset\train_split\Healthy Fish\Healthy Fish_aug_202.jpg,Healthy Fish,fish,train,True
C:\Users\Asus\PycharmProjects\AquaVision_v1\datasets\fish\New Dataset\train_split\Healthy Fish\Healthy Fish_aug_203.jpg,Healthy Fish,fish,train,True
C:\Users\Asus\PycharmProjects\AquaVision_v1\datasets\fish\New Dataset\train_split\Healthy Fish\Healthy Fish_aug_204.jpg,Healthy Fish,fish,train,True
C:\Users\Asus\PycharmProjects\AquaVision_v1\datasets\fish\New Dataset\train_split\Healthy Fish\Healthy Fish_aug_206.jpg,Healthy Fish,fish,train,True
C:\Users\Asus\PycharmProjects\AquaVision_v1\datasets\fish\New Dataset\train_split\Healthy Fish\Healthy Fish_aug_207.jpg,Healthy Fish,fish,train,True
C:\Users\Asus\PycharmProjects\AquaVision_v1\datasets\fish\New Dataset\train_split\Healthy Fish\Healthy Fish_aug_208.jpg,Healthy Fish,fish,train,True
C:\Users\Asus\PycharmProjects\AquaVision_v1\datasets\fish\New Dataset\train_split\Healthy Fish\Healthy Fish_aug_209.jpg,Healthy Fish,fish,train,True
C:\Users\Asus\PycharmProjects\AquaVision_v1\datasets\fish\New Dataset\train_split\Healthy Fish\Healthy Fish_aug_21.jpg,Healthy Fish,fish,train,True
C:\Users\Asus\PycharmProjects\AquaVision_v1\datasets\fish\New Dataset\train_split\Healthy Fish\Healthy Fish_aug_210.jpg,Healthy Fish,fish,train,True
C:\Users\Asus\PycharmProjects\AquaVision_v1\datasets\fish\New Dataset\train_split\Healthy Fish\Healthy Fish_aug_211.jpg,Healthy Fish,fish,train,True
C:\Users\Asus\PycharmProjects\AquaVision_v1\datasets\fish\New Dataset\train_split\Healthy Fish\Healthy Fish_aug_212.jpg,Healthy Fish,fish,train,True
C:\Users\Asus\PycharmProjects\AquaVision_v1\datasets\fish\New Dataset\train_split\Healthy Fish\Healthy Fish_aug_213.jpg,Healthy Fish,fish,train,True
C:\Users\Asus\PycharmProjects\AquaVision_v1\datasets\fish\New Dataset\train_split\Healthy Fish\Healthy Fish_aug_214.jpg,Healthy Fish,fish,train,True
C:\Users\Asus\PycharmProjects\AquaVision_v1\datasets\fish\New Dataset\train_split\Healthy Fish\Healthy Fish_aug_215.jpg,Healthy Fish,fish,train,True
C:\Users\Asus\PycharmProjects\AquaVision_v1\datasets\fish\New Dataset\train_split\Healthy Fish\Healthy Fish_aug_219.jpg,Healthy Fish,fish,train,True
C:\Users\Asus\PycharmProjects\AquaVision_v1\datasets\fish\New Dataset\train_split\Healthy Fish\Healthy Fish_aug_22.jpg,Healthy Fish,fish,train,True
C:\Users\Asus\PycharmProjects\AquaVision_v1\datasets\fish\New Dataset\train_split\Healthy Fish\Healthy Fish_aug_220.jpg,Healthy Fish,fish,train,True
C:\Users\Asus\PycharmProjects\AquaVision_v1\datasets\fish\New Dataset\train_split\Healthy Fish\Healthy Fish_aug_221.jpg,Healthy Fish,fish,train,True
C:\Users\Asus\PycharmProjects\AquaVision_v1\datasets\fish\New Dataset\train_split\Healthy Fish\Healthy Fish_aug_222.jpg,Healthy Fish,fish,train,True
C:\Users\Asus\PycharmProjects\AquaVision_v1\datasets\fish\New Dataset\train_split\Healthy Fish\Healthy Fish_aug_223.jpg,Healthy Fish,fish,train,True
C:\Users\Asus\PycharmProjects\AquaVision_v1\datasets\fish\New Dataset\train_split\Healthy Fish\Healthy Fish_aug_224.jpg,Healthy Fish,fish,train,True
C:\Users\Asus\PycharmProjects\AquaVision_v1\datasets\fish\New Dataset\train_split\Healthy Fish\Healthy Fish_aug_225.jpg,Healthy Fish,fish,train,True
C:\Users\Asus\PycharmProjects\AquaVision_v1\datasets\fish\New Dataset\train_split\Healthy Fish\Healthy Fish_aug_226.jpg,Healthy Fish,fish,train,True
C:\Users\Asus\PycharmProjects\AquaVision_v1\datasets\fish\New Dataset\train_split\Healthy Fish\Healthy Fish_aug_227.jpg,Healthy Fish,fish,train,True
C:\Users\Asus\PycharmProjects\AquaVision_v1\datasets\fish\New Dataset\train_split\Healthy Fish\Healthy Fish_aug_229.jpg,Healthy Fish,fish,train,True
C:\Users\Asus\PycharmProjects\AquaVision_v1\datasets\fish\New Dataset\train_split\Healthy Fish\Healthy Fish_aug_23.jpg,Healthy Fish,fish,train,True
C:\Users\Asus\PycharmProjects\AquaVision_v1\datasets\fish\New Dataset\train_split\Healthy Fish\Healthy Fish_aug_230.jpg,Healthy Fish,fish,train,True
C:\Users\Asus\PycharmProjects\AquaVision_v1\datasets\fish\New Dataset\train_split\Healthy Fish\Healthy Fish_aug_232.jpg,Healthy Fish,fish,train,True
C:\Users\Asus\PycharmProjects\AquaVision_v1\datasets\fish\New Dataset\train_split\Healthy Fish\Healthy Fish_aug_233.jpg,Healthy Fish,fish,train,True
C:\Users\Asus\PycharmProjects\AquaVision_v1\datasets\fish\New Dataset\train_split\Healthy Fish\Healthy Fish_aug_234.jpg,Healthy Fish,fish,train,True
C:\Users\Asus\PycharmProjects\AquaVision_v1\datasets\fish\New Dataset\train_split\Healthy Fish\Healthy Fish_aug_235.jpg,Healthy Fish,fish,train,True
C:\Users\Asus\PycharmProjects\AquaVision_v1\datasets\fish\New Dataset\train_split\Healthy Fish\Healthy Fish_aug_236.jpg,Healthy Fish,fish,train,True
C:\Users\Asus\PycharmProjects\AquaVision_v1\datasets\fish\New Dataset\train_split\Healthy Fish\Healthy Fish_aug_24.jpg,Healthy Fish,fish,train,True
C:\Users\Asus\PycharmProjects\AquaVision_v1\datasets\fish\New Dataset\train_split\Healthy Fish\Healthy Fish_aug_25.jpg,Healthy Fish,fish,train,True
C:\Users\Asus\PycharmProjects\AquaVision_v1\datasets\fish\New Dataset\train_split\Healthy Fish\Healthy Fish_aug_27.jpg,Healthy Fish,fish,train,True
C:\Users\Asus\PycharmProjects\AquaVision_v1\datasets\fish\New Dataset\train_split\Healthy Fish\Healthy Fish_aug_28.jpg,Healthy Fish,fish,train,True
C:\Users\Asus\PycharmProjects\AquaVision_v1\datasets\fish\New Dataset\train_split\Healthy Fish\Healthy Fish_aug_29.jpg,Healthy Fish,fish,train,True
C:\Users\Asus\PycharmProjects\AquaVision_v1\datasets\fish\New Dataset\train_split\Healthy Fish\Healthy Fish_aug_3.jpg,Healthy Fish,fish,train,True
C:\Users\Asus\PycharmProjects\AquaVision_v1\datasets\fish\New Dataset\train_split\Healthy Fish\Healthy Fish_aug_30.jpg,Healthy Fish,fish,train,True
C:\Users\Asus\PycharmProjects\AquaVision_v1\datasets\fish\New Dataset\train_split\Healthy Fish\Healthy Fish_aug_31.jpg,Healthy Fish,fish,train,True
C:\Users\Asus\PycharmProjects\AquaVision_v1\datasets\fish\New Dataset\train_split\Healthy Fish\Healthy Fish_aug_32.jpg,Healthy Fish,fish,train,True
C:\Users\Asus\PycharmProjects\AquaVision_v1\datasets\fish\New Dataset\train_split\Healthy Fish\Healthy Fish_aug_33.jpg,Healthy Fish,fish,train,True
C:\Users\Asus\PycharmProjects\AquaVision_v1\datasets\fish\New Dataset\train_split\Healthy Fish\Healthy Fish_aug_34.jpg,Healthy Fish,fish,train,True
C:\Users\Asus\PycharmProjects\AquaVision_v1\datasets\fish\New Dataset\train_split\Healthy Fish\Healthy Fish_aug_35.jpg,Healthy Fish,fish,train,True
C:\Users\Asus\PycharmProjects\AquaVision_v1\datasets\fish\New Dataset\train_split\Healthy Fish\Healthy Fish_aug_36.jpg,Healthy Fish,fish,train,True
C:\Users\Asus\PycharmProjects\AquaVision_v1\datasets\fish\New Dataset\train_split\Healthy Fish\Healthy Fish_aug_37.jpg,Healthy Fish,fish,train,True
C:\Users\Asus\PycharmProjects\AquaVision_v1\datasets\fish\New Dataset\train_split\Healthy Fish\Healthy Fish_aug_39.jpg,Healthy Fish,fish,train,True
C:\Users\Asus\PycharmProjects\AquaVision_v1\datasets\fish\New Dataset\train_split\Healthy Fish\Healthy Fish_aug_40.jpg,Healthy Fish,fish,train,True
C:\Users\Asus\PycharmProjects\AquaVision_v1\datasets\fish\New Dataset\train_split\Healthy Fish\Healthy Fish_aug_41.jpg,Healthy Fish,fish,train,True
C:\Users\Asus\PycharmProjects\AquaVision_v1\datasets\fish\New Dataset\train_split\Healthy Fish\Healthy Fish_aug_42.jpg,Healthy Fish,fish,train,True
C:\Users\Asus\PycharmProjects\AquaVision_v1\datasets\fish\New Dataset\train_split\Healthy Fish\Healthy Fish_aug_44.jpg,Healthy Fish,fish,train,True
C:\Users\Asus\PycharmProjects\AquaVision_v1\datasets\fish\New Dataset\train_split\Healthy Fish\Healthy Fish_aug_45.jpg,Healthy Fish,fish,train,True
C:\Users\Asus\PycharmProjects\AquaVision_v1\datasets\fish\New Dataset\train_split\Healthy Fish\Healthy Fish_aug_46.jpg,Healthy Fish,fish,train,True
C:\Users\Asus\PycharmProjects\AquaVision_v1\datasets\fish\New Dataset\train_split\Healthy Fish\Healthy Fish_aug_47.jpg,Healthy Fish,fish,train,True
C:\Users\Asus\PycharmProjects\AquaVision_v1\datasets\fish\New Dataset\train_split\Healthy Fish\Healthy Fish_aug_48.jpg,Healthy Fish,fish,train,True
C:\Users\Asus\PycharmProjects\AquaVision_v1\datasets\fish\New Dataset\train_split\Healthy Fish\Healthy Fish_aug_51.jpg,Healthy Fish,fish,train,True
C:\Users\Asus\PycharmProjects\AquaVision_v1\datasets\fish\New Dataset\train_split\Healthy Fish\Healthy Fish_aug_52.jpg,Healthy Fish,fish,train,True
C:\Users\Asus\PycharmProjects\AquaVision_v1\datasets\fish\New Dataset\train_split\Healthy Fish\Healthy Fish_aug_54.jpg,Healthy Fish,fish,train,True
C:\Users\Asus\PycharmProjects\AquaVision_v1\datasets\fish\New Dataset\train_split\Healthy Fish\Healthy Fish_aug_55.jpg,Healthy Fish,fish,train,True
C:\Users\Asus\PycharmProjects\AquaVision_v1\datasets\fish\New Dataset\train_split\Healthy Fish\Healthy Fish_aug_56.jpg,Healthy Fish,fish,train,True
C:\Users\Asus\PycharmProjects\AquaVision_v1\datasets\fish\New Dataset\train_split\Healthy Fish\Healthy Fish_aug_57.jpg,Healthy Fish,fish,train,True
C:\Users\Asus\PycharmProjects\AquaVision_v1\datasets\fish\New Dataset\train_split\Healthy Fish\Healthy Fish_aug_58.jpg,Healthy Fish,fish,train,True
C:\Users\Asus\PycharmProjects\AquaVision_v1\datasets\fish\New Dataset\train_split\Healthy Fish\Healthy Fish_aug_59.jpg,Healthy Fish,fish,train,True
C:\Users\Asus\PycharmProjects\AquaVision_v1\datasets\fish\New Dataset\train_split\Healthy Fish\Healthy Fish_aug_6.jpg,Healthy Fish,fish,train,True
C:\Users\Asus\PycharmProjects\AquaVision_v1\datasets\fish\New Dataset\train_split\Healthy Fish\Healthy Fish_aug_60.jpg,Healthy Fish,fish,train,True
C:\Users\Asus\PycharmProjects\AquaVision_v1\datasets\fish\New Dataset\train_split\Healthy Fish\Healthy Fish_aug_62.jpg,Healthy Fish,fish,train,True
C:\Users\Asus\PycharmProjects\AquaVision_v1\datasets\fish\New Dataset\train_split\Healthy Fish\Healthy Fish_aug_63.jpg,Healthy Fish,fish,train,True
C:\Users\Asus\PycharmProjects\AquaVision_v1\datasets\fish\New Dataset\train_split\Healthy Fish\Healthy Fish_aug_68.jpg,Healthy Fish,fish,train,True
C:\Users\Asus\PycharmProjects\AquaVision_v1\datasets\fish\New Dataset\train_split\Healthy Fish\Healthy Fish_aug_69.jpg,Healthy Fish,fish,train,True
C:\Users\Asus\PycharmProjects\AquaVision_v1\datasets\fish\New Dataset\train_split\Healthy Fish\Healthy Fish_aug_70.jpg,Healthy Fish,fish,train,True
C:\Users\Asus\PycharmProjects\AquaVision_v1\datasets\fish\New Dataset\train_split\Healthy Fish\Healthy Fish_aug_71.jpg,Healthy Fish,fish,train,True
C:\Users\Asus\PycharmProjects\AquaVision_v1\datasets\fish\New Dataset\train_split\Healthy Fish\Healthy Fish_aug_72.jpg,Healthy Fish,fish,train,True
C:\Users\Asus\PycharmProjects\AquaVision_v1\datasets\fish\New Dataset\train_split\Healthy Fish\Healthy Fish_aug_74.jpg,Healthy Fish,fish,train,True
C:\Users\Asus\PycharmProjects\AquaVision_v1\datasets\fish\New Dataset\train_split\Healthy Fish\Healthy Fish_aug_75.jpg,Healthy Fish,fish,train,True
C:\Users\Asus\PycharmProjects\AquaVision_v1\datasets\fish\New Dataset\train_split\Healthy Fish\Healthy Fish_aug_76.jpg,Healthy Fish,fish,train,True
C:\Users\Asus\PycharmProjects\AquaVision_v1\datasets\fish\New Dataset\train_split\Healthy Fish\Healthy Fish_aug_77.jpg,Healthy Fish,fish,train,True
C:\Users\Asus\PycharmProjects\AquaVision_v1\datasets\fish\New Dataset\train_split\Healthy Fish\Healthy Fish_aug_78.jpg,Healthy Fish,fish,train,True
C:\Users\Asus\PycharmProjects\AquaVision_v1\datasets\fish\New Dataset\train_split\Healthy Fish\Healthy Fish_aug_79.jpg,Healthy Fish,fish,train,True
C:\Users\Asus\PycharmProjects\AquaVision_v1\datasets\fish\New Dataset\train_split\Healthy Fish\Healthy Fish_aug_81.jpg,Healthy Fish,fish,train,True
C:\Users\Asus\PycharmProjects\AquaVision_v1\datasets\fish\New Dataset\train_split\Healthy Fish\Healthy Fish_aug_83.jpg,Healthy Fish,fish,train,True
C:\Users\Asus\PycharmProjects\AquaVision_v1\datasets\fish\New Dataset\train_split\Healthy Fish\Healthy Fish_aug_84.jpg,Healthy Fish,fish,train,True
C:\Users\Asus\PycharmProjects\AquaVision_v1\datasets\fish\New Dataset\train_split\Healthy Fish\Healthy Fish_aug_85.jpg,Healthy Fish,fish,train,True
C:\Users\Asus\PycharmProjects\AquaVision_v1\datasets\fish\New Dataset\train_split\Healthy Fish\Healthy Fish_aug_86.jpg,Healthy Fish,fish,train,True
C:\Users\Asus\PycharmProjects\AquaVision_v1\datasets\fish\New Dataset\train_split\Healthy Fish\Healthy Fish_aug_87.jpg,Healthy Fish,fish,train,True
C:\Users\Asus\PycharmProjects\AquaVision_v1\datasets\fish\New Dataset\train_split\Healthy Fish\Healthy Fish_aug_88.jpg,Healthy Fish,fish,train,True
C:\Users\Asus\PycharmProjects\AquaVision_v1\datasets\fish\New Dataset\train_split\Healthy Fish\Healthy Fish_aug_89.jpg,Healthy Fish,fish,train,True
C:\Users\Asus\PycharmProjects\AquaVision_v1\datasets\fish\New Dataset\train_split\Healthy Fish\Healthy Fish_aug_9.jpg,Healthy Fish,fish,train,True
C:\Users\Asus\PycharmProjects\AquaVision_v1\datasets\fish\New Dataset\train_split\Healthy Fish\Healthy Fish_aug_90.jpg,Healthy Fish,fish,train,True
C:\Users\Asus\PycharmProjects\AquaVision_v1\datasets\fish\New Dataset\train_split\Healthy Fish\Healthy Fish_aug_91.jpg,Healthy Fish,fish,train,True
C:\Users\Asus\PycharmProjects\AquaVision_v1\datasets\fish\New Dataset\train_split\Healthy Fish\Healthy Fish_aug_92.jpg,Healthy Fish,fish,train,True
C:\Users\Asus\PycharmProjects\AquaVision_v1\datasets\fish\New Dataset\train_split\Healthy Fish\Healthy Fish_aug_93.jpg,Healthy Fish,fish,train,True
C:\Users\Asus\PycharmProjects\AquaVision_v1\datasets\fish\New Dataset\train_split\Healthy Fish\Healthy Fish_aug_94.jpg,Healthy Fish,fish,train,True
C:\Users\Asus\PycharmProjects\AquaVision_v1\datasets\fish\New Dataset\train_split\Healthy Fish\Healthy Fish_aug_96.jpg,Healthy Fish,fish,train,True
C:\Users\Asus\PycharmProjects\AquaVision_v1\datasets\fish\New Dataset\train_split\Healthy Fish\Healthy Fish_aug_97.jpg,Healthy Fish,fish,train,True
C:\Users\Asus\PycharmProjects\AquaVision_v1\datasets\fish\New Dataset\train_split\Healthy Fish\Healthy Fish_aug_98.jpg,Healthy Fish,fish,train,True
C:\Users\Asus\PycharmProjects\AquaVision_v1\datasets\fish\New Dataset\train_split\Parasitic diseases\Parasitic diseases_1.jpeg,Parasitic diseases,fish,train,False
C:\Users\Asus\PycharmProjects\AquaVision_v1\datasets\fish\New Dataset\train_split\Parasitic diseases\Parasitic diseases_10.jpg,Parasitic diseases,fish,train,False
C:\Users\Asus\PycharmProjects\AquaVision_v1\datasets\fish\New Dataset\train_split\Parasitic diseases\Parasitic diseases_101.jpg,Parasitic diseases,fish,train,False
C:\Users\Asus\PycharmProjects\AquaVision_v1\datasets\fish\New Dataset\train_split\Parasitic diseases\Parasitic diseases_106.jpg,Parasitic diseases,fish,train,False
C:\Users\Asus\PycharmProjects\AquaVision_v1\datasets\fish\New Dataset\train_split\Parasitic diseases\Parasitic diseases_109.jpg,Parasitic diseases,fish,train,False
C:\Users\Asus\PycharmProjects\AquaVision_v1\datasets\fish\New Dataset\train_split\Parasitic diseases\Parasitic diseases_110.jpg,Parasitic diseases,fish,train,False
C:\Users\Asus\PycharmProjects\AquaVision_v1\datasets\fish\New Dataset\train_split\Parasitic diseases\Parasitic diseases_111.jpg,Parasitic diseases,fish,train,False
C:\Users\Asus\PycharmProjects\AquaVision_v1\datasets\fish\New Dataset\train_split\Parasitic diseases\Parasitic diseases_112.jpg,Parasitic diseases,fish,train,False
C:\Users\Asus\PycharmProjects\AquaVision_v1\datasets\fish\New Dataset\train_split\Parasitic diseases\Parasitic diseases_115.jpg,Parasitic diseases,fish,train,False
C:\Users\Asus\PycharmProjects\AquaVision_v1\datasets\fish\New Dataset\train_split\Parasitic diseases\Parasitic diseases_116.jpg,Parasitic diseases,fish,train,False
C:\Users\Asus\PycharmProjects\AquaVision_v1\datasets\fish\New Dataset\train_split\Parasitic diseases\Parasitic diseases_117.jpg,Parasitic diseases,fish,train,False
C:\Users\Asus\PycharmProjects\AquaVision_v1\datasets\fish\New Dataset\train_split\Parasitic diseases\Parasitic diseases_118.jpg,Parasitic diseases,fish,train,False
C:\Users\Asus\PycharmProjects\AquaVision_v1\datasets\fish\New Dataset\train_split\Parasitic diseases\Parasitic diseases_125.jpg,Parasitic diseases,fish,train,False
C:\Users\Asus\PycharmProjects\AquaVision_v1\datasets\fish\New Dataset\train_split\Parasitic diseases\Parasitic diseases_127.jpg,Parasitic diseases,fish,train,False
C:\Users\Asus\PycharmProjects\AquaVision_v1\datasets\fish\New Dataset\train_split\Parasitic diseases\Parasitic diseases_13.jpg,Parasitic diseases,fish,train,False
C:\Users\Asus\PycharmProjects\AquaVision_v1\datasets\fish\New Dataset\train_split\Parasitic diseases\Parasitic diseases_135.jpg,Parasitic diseases,fish,train,False
C:\Users\Asus\PycharmProjects\AquaVision_v1\datasets\fish\New Dataset\train_split\Parasitic diseases\Parasitic diseases_138.jpg,Parasitic diseases,fish,train,False
C:\Users\Asus\PycharmProjects\AquaVision_v1\datasets\fish\New Dataset\train_split\Parasitic diseases\Parasitic diseases_140.jpg,Parasitic diseases,fish,train,False
C:\Users\Asus\PycharmProjects\AquaVision_v1\datasets\fish\New Dataset\train_split\Parasitic diseases\Parasitic diseases_141.jpg,Parasitic diseases,fish,train,False
C:\Users\Asus\PycharmProjects\AquaVision_v1\datasets\fish\New Dataset\train_split\Parasitic diseases\Parasitic diseases_142.jpg,Parasitic diseases,fish,train,False
C:\Users\Asus\PycharmProjects\AquaVision_v1\datasets\fish\New Dataset\train_split\Parasitic diseases\Parasitic diseases_144.jpg,Parasitic diseases,fish,train,False
C:\Users\Asus\PycharmProjects\AquaVision_v1\datasets\fish\New Dataset\train_split\Parasitic diseases\Parasitic diseases_147.jpg,Parasitic diseases,fish,train,False
C:\Users\Asus\PycharmProjects\AquaVision_v1\datasets\fish\New Dataset\train_split\Parasitic diseases\Parasitic diseases_15.jpg,Parasitic diseases,fish,train,False
C:\Users\Asus\PycharmProjects\AquaVision_v1\datasets\fish\New Dataset\train_split\Parasitic diseases\Parasitic diseases_150.jpg,Parasitic diseases,fish,train,False
C:\Users\Asus\PycharmProjects\AquaVision_v1\datasets\fish\New Dataset\train_split\Parasitic diseases\Parasitic diseases_151.jpg,Parasitic diseases,fish,train,False
C:\Users\Asus\PycharmProjects\AquaVision_v1\datasets\fish\New Dataset\train_split\Parasitic diseases\Parasitic diseases_153.jpg,Parasitic diseases,fish,train,False
C:\Users\Asus\PycharmProjects\AquaVision_v1\datasets\fish\New Dataset\train_split\Parasitic diseases\Parasitic diseases_154.jpg,Parasitic diseases,fish,train,False
C:\Users\Asus\PycharmProjects\AquaVision_v1\datasets\fish\New Dataset\train_split\Parasitic diseases\Parasitic diseases_155.jpg,Parasitic diseases,fish,train,False
C:\Users\Asus\PycharmProjects\AquaVision_v1\datasets\fish\New Dataset\train_split\Parasitic diseases\Parasitic diseases_156.jpg,Parasitic diseases,fish,train,False
C:\Users\Asus\PycharmProjects\AquaVision_v1\datasets\fish\New Dataset\train_split\Parasitic diseases\Parasitic diseases_157.jpg,Parasitic diseases,fish,train,False
C:\Users\Asus\PycharmProjects\AquaVision_v1\datasets\fish\New Dataset\train_split\Parasitic diseases\Parasitic diseases_161.jpg,Parasitic diseases,fish,train,False
C:\Users\Asus\PycharmProjects\AquaVision_v1\datasets\fish\New Dataset\train_split\Parasitic diseases\Parasitic diseases_162.jpg,Parasitic diseases,fish,train,False
C:\Users\Asus\PycharmProjects\AquaVision_v1\datasets\fish\New Dataset\train_split\Parasitic diseases\Parasitic diseases_164.jpg,Parasitic diseases,fish,train,False
C:\Users\Asus\PycharmProjects\AquaVision_v1\datasets\fish\New Dataset\train_split\Parasitic diseases\Parasitic diseases_165.jpg,Parasitic diseases,fish,train,False
C:\Users\Asus\PycharmProjects\AquaVision_v1\datasets\fish\New Dataset\train_split\Parasitic diseases\Parasitic diseases_171.jpg,Parasitic diseases,fish,train,False
C:\Users\Asus\PycharmProjects\AquaVision_v1\datasets\fish\New Dataset\train_split\Parasitic diseases\Parasitic diseases_173.jpg,Parasitic diseases,fish,train,False
C:\Users\Asus\PycharmProjects\AquaVision_v1\datasets\fish\New Dataset\train_split\Parasitic diseases\Parasitic diseases_175.jpg,Parasitic diseases,fish,train,False
C:\Users\Asus\PycharmProjects\AquaVision_v1\datasets\fish\New Dataset\train_split\Parasitic diseases\Parasitic diseases_176.jpg,Parasitic diseases,fish,train,False
C:\Users\Asus\PycharmProjects\AquaVision_v1\datasets\fish\New Dataset\train_split\Parasitic diseases\Parasitic diseases_178.jpg,Parasitic diseases,fish,train,False
C:\Users\Asus\PycharmProjects\AquaVision_v1\datasets\fish\New Dataset\train_split\Parasitic diseases\Parasitic diseases_179.jpg,Parasitic diseases,fish,train,False
C:\Users\Asus\PycharmProjects\AquaVision_v1\datasets\fish\New Dataset\train_split\Parasitic diseases\Parasitic diseases_180.jpg,Parasitic diseases,fish,train,False
C:\Users\Asus\PycharmProjects\AquaVision_v1\datasets\fish\New Dataset\train_split\Parasitic diseases\Parasitic diseases_181.jpg,Parasitic diseases,fish,train,False
C:\Users\Asus\PycharmProjects\AquaVision_v1\datasets\fish\New Dataset\train_split\Parasitic diseases\Parasitic diseases_182.jpg,Parasitic diseases,fish,train,False
C:\Users\Asus\PycharmProjects\AquaVision_v1\datasets\fish\New Dataset\train_split\Parasitic diseases\Parasitic diseases_183.jpg,Parasitic diseases,fish,train,False
C:\Users\Asus\PycharmProjects\AquaVision_v1\datasets\fish\New Dataset\train_split\Parasitic diseases\Parasitic diseases_184.jpg,Parasitic diseases,fish,train,False
C:\Users\Asus\PycharmProjects\AquaVision_v1\datasets\fish\New Dataset\train_split\Parasitic diseases\Parasitic diseases_185.jpg,Parasitic diseases,fish,train,False
C:\Users\Asus\PycharmProjects\AquaVision_v1\datasets\fish\New Dataset\train_split\Parasitic diseases\Parasitic diseases_186.jpg,Parasitic diseases,fish,train,False
C:\Users\Asus\PycharmProjects\AquaVision_v1\datasets\fish\New Dataset\train_split\Parasitic diseases\Parasitic diseases_187.jpg,Parasitic diseases,fish,train,False
C:\Users\Asus\PycharmProjects\AquaVision_v1\datasets\fish\New Dataset\train_split\Parasitic diseases\Parasitic diseases_188.jpg,Parasitic diseases,fish,train,False
C:\Users\Asus\PycharmProjects\AquaVision_v1\datasets\fish\New Dataset\train_split\Parasitic diseases\Parasitic diseases_19.jpg,Parasitic diseases,fish,train,False
C:\Users\Asus\PycharmProjects\AquaVision_v1\datasets\fish\New Dataset\train_split\Parasitic diseases\Parasitic diseases_190.jpg,Parasitic diseases,fish,train,False
C:\Users\Asus\PycharmProjects\AquaVision_v1\datasets\fish\New Dataset\train_split\Parasitic diseases\Parasitic diseases_191.jpg,Parasitic diseases,fish,train,False
C:\Users\Asus\PycharmProjects\AquaVision_v1\datasets\fish\New Dataset\train_split\Parasitic diseases\Parasitic diseases_193.jpg,Parasitic diseases,fish,train,False
C:\Users\Asus\PycharmProjects\AquaVision_v1\datasets\fish\New Dataset\train_split\Parasitic diseases\Parasitic diseases_195.jpg,Parasitic diseases,fish,train,False
C:\Users\Asus\PycharmProjects\AquaVision_v1\datasets\fish\New Dataset\train_split\Parasitic diseases\Parasitic diseases_196.jpg,Parasitic diseases,fish,train,False
C:\Users\Asus\PycharmProjects\AquaVision_v1\datasets\fish\New Dataset\train_split\Parasitic diseases\Parasitic diseases_198.jpg,Parasitic diseases,fish,train,False
C:\Users\Asus\PycharmProjects\AquaVision_v1\datasets\fish\New Dataset\train_split\Parasitic diseases\Parasitic diseases_199.jpg,Parasitic diseases,fish,train,False
C:\Users\Asus\PycharmProjects\AquaVision_v1\datasets\fish\New Dataset\train_split\Parasitic diseases\Parasitic diseases_20.jpg,Parasitic diseases,fish,train,False
C:\Users\Asus\PycharmProjects\AquaVision_v1\datasets\fish\New Dataset\train_split\Parasitic diseases\Parasitic diseases_203.jpg,Parasitic diseases,fish,train,False
C:\Users\Asus\PycharmProjects\AquaVision_v1\datasets\fish\New Dataset\train_split\Parasitic diseases\Parasitic diseases_204.jpg,Parasitic diseases,fish,train,False
C:\Users\Asus\PycharmProjects\AquaVision_v1\datasets\fish\New Dataset\train_split\Parasitic diseases\Parasitic diseases_205.jpg,Parasitic diseases,fish,train,False
C:\Users\Asus\PycharmProjects\AquaVision_v1\datasets\fish\New Dataset\train_split\Parasitic diseases\Parasitic diseases_206.jpg,Parasitic diseases,fish,train,False
C:\Users\Asus\PycharmProjects\AquaVision_v1\datasets\fish\New Dataset\train_split\Parasitic diseases\Parasitic diseases_207.jpg,Parasitic diseases,fish,train,False
C:\Users\Asus\PycharmProjects\AquaVision_v1\datasets\fish\New Dataset\train_split\Parasitic diseases\Parasitic diseases_21.jpeg,Parasitic diseases,fish,train,False
C:\Users\Asus\PycharmProjects\AquaVision_v1\datasets\fish\New Dataset\train_split\Parasitic diseases\Parasitic diseases_214.jpg,Parasitic diseases,fish,train,False
C:\Users\Asus\PycharmProjects\AquaVision_v1\datasets\fish\New Dataset\train_split\Parasitic diseases\Parasitic diseases_215.jpg,Parasitic diseases,fish,train,False
C:\Users\Asus\PycharmProjects\AquaVision_v1\datasets\fish\New Dataset\train_split\Parasitic diseases\Parasitic diseases_216.jpg,Parasitic diseases,fish,train,False
C:\Users\Asus\PycharmProjects\AquaVision_v1\datasets\fish\New Dataset\train_split\Parasitic diseases\Parasitic diseases_218.jpg,Parasitic diseases,fish,train,False
C:\Users\Asus\PycharmProjects\AquaVision_v1\datasets\fish\New Dataset\train_split\Parasitic diseases\Parasitic diseases_22.jpg,Parasitic diseases,fish,train,False
C:\Users\Asus\PycharmProjects\AquaVision_v1\datasets\fish\New Dataset\train_split\Parasitic diseases\Parasitic diseases_220.jpg,Parasitic diseases,fish,train,False
C:\Users\Asus\PycharmProjects\AquaVision_v1\datasets\fish\New Dataset\train_split\Parasitic diseases\Parasitic diseases_222.jpg,Parasitic diseases,fish,train,False
C:\Users\Asus\PycharmProjects\AquaVision_v1\datasets\fish\New Dataset\train_split\Parasitic diseases\Parasitic diseases_23.jpg,Parasitic diseases,fish,train,False
C:\Users\Asus\PycharmProjects\AquaVision_v1\datasets\fish\New Dataset\train_split\Parasitic diseases\Parasitic diseases_231.jpg,Parasitic diseases,fish,train,False
C:\Users\Asus\PycharmProjects\AquaVision_v1\datasets\fish\New Dataset\train_split\Parasitic diseases\Parasitic diseases_238.jpg,Parasitic diseases,fish,train,False
C:\Users\Asus\PycharmProjects\AquaVision_v1\datasets\fish\New Dataset\train_split\Parasitic diseases\Parasitic diseases_239.jpg,Parasitic diseases,fish,train,False
C:\Users\Asus\PycharmProjects\AquaVision_v1\datasets\fish\New Dataset\train_split\Parasitic diseases\Parasitic diseases_240.jpg,Parasitic diseases,fish,train,False
C:\Users\Asus\PycharmProjects\AquaVision_v1\datasets\fish\New Dataset\train_split\Parasitic diseases\Parasitic diseases_242.jpg,Parasitic diseases,fish,train,False
C:\Users\Asus\PycharmProjects\AquaVision_v1\datasets\fish\New Dataset\train_split\Parasitic diseases\Parasitic diseases_243.jpg,Parasitic diseases,fish,train,False
C:\Users\Asus\PycharmProjects\AquaVision_v1\datasets\fish\New Dataset\train_split\Parasitic diseases\Parasitic diseases_244.jpg,Parasitic diseases,fish,train,False
C:\Users\Asus\PycharmProjects\AquaVision_v1\datasets\fish\New Dataset\train_split\Parasitic diseases\Parasitic diseases_245.jpg,Parasitic diseases,fish,train,False
C:\Users\Asus\PycharmProjects\AquaVision_v1\datasets\fish\New Dataset\train_split\Parasitic diseases\Parasitic diseases_25.jpg,Parasitic diseases,fish,train,False
C:\Users\Asus\PycharmProjects\AquaVision_v1\datasets\fish\New Dataset\train_split\Parasitic diseases\Parasitic diseases_26.jpg,Parasitic diseases,fish,train,False
C:\Users\Asus\PycharmProjects\AquaVision_v1\datasets\fish\New Dataset\train_split\Parasitic diseases\Parasitic diseases_27.jpg,Parasitic diseases,fish,train,False
C:\Users\Asus\PycharmProjects\AquaVision_v1\datasets\fish\New Dataset\train_split\Parasitic diseases\Parasitic diseases_28.jpg,Parasitic diseases,fish,train,False
C:\Users\Asus\PycharmProjects\AquaVision_v1\datasets\fish\New Dataset\train_split\Parasitic diseases\Parasitic diseases_3.png,Parasitic diseases,fish,train,False
C:\Users\Asus\PycharmProjects\AquaVision_v1\datasets\fish\New Dataset\train_split\Parasitic diseases\Parasitic diseases_32.png,Parasitic diseases,fish,train,False
C:\Users\Asus\PycharmProjects\AquaVision_v1\datasets\fish\New Dataset\train_split\Parasitic diseases\Parasitic diseases_33.jpg,Parasitic diseases,fish,train,False
C:\Users\Asus\PycharmProjects\AquaVision_v1\datasets\fish\New Dataset\train_split\Parasitic diseases\Parasitic diseases_35.jpg,Parasitic diseases,fish,train,False
C:\Users\Asus\PycharmProjects\AquaVision_v1\datasets\fish\New Dataset\train_split\Parasitic diseases\Parasitic diseases_36.jpg,Parasitic diseases,fish,train,False
C:\Users\Asus\PycharmProjects\AquaVision_v1\datasets\fish\New Dataset\train_split\Parasitic diseases\Parasitic diseases_37.jpg,Parasitic diseases,fish,train,False
C:\Users\Asus\PycharmProjects\AquaVision_v1\datasets\fish\New Dataset\train_split\Parasitic diseases\Parasitic diseases_39.jpg,Parasitic diseases,fish,train,False
C:\Users\Asus\PycharmProjects\AquaVision_v1\datasets\fish\New Dataset\train_split\Parasitic diseases\Parasitic diseases_42.jpg,Parasitic diseases,fish,train,False
C:\Users\Asus\PycharmProjects\AquaVision_v1\datasets\fish\New Dataset\train_split\Parasitic diseases\Parasitic diseases_44.jpg,Parasitic diseases,fish,train,False
C:\Users\Asus\PycharmProjects\AquaVision_v1\datasets\fish\New Dataset\train_split\Parasitic diseases\Parasitic diseases_45.jpg,Parasitic diseases,fish,train,False
C:\Users\Asus\PycharmProjects\AquaVision_v1\datasets\fish\New Dataset\train_split\Parasitic diseases\Parasitic diseases_46.jpg,Parasitic diseases,fish,train,False
C:\Users\Asus\PycharmProjects\AquaVision_v1\datasets\fish\New Dataset\train_split\Parasitic diseases\Parasitic diseases_49.jpg,Parasitic diseases,fish,train,False
C:\Users\Asus\PycharmProjects\AquaVision_v1\datasets\fish\New Dataset\train_split\Parasitic diseases\Parasitic diseases_5.jpg,Parasitic diseases,fish,train,False
C:\Users\Asus\PycharmProjects\AquaVision_v1\datasets\fish\New Dataset\train_split\Parasitic diseases\Parasitic diseases_50.jpg,Parasitic diseases,fish,train,False
C:\Users\Asus\PycharmProjects\AquaVision_v1\datasets\fish\New Dataset\train_split\Parasitic diseases\Parasitic diseases_51.jpg,Parasitic diseases,fish,train,False
C:\Users\Asus\PycharmProjects\AquaVision_v1\datasets\fish\New Dataset\train_split\Parasitic diseases\Parasitic diseases_53.jpg,Parasitic diseases,fish,train,False
C:\Users\Asus\PycharmProjects\AquaVision_v1\datasets\fish\New Dataset\train_split\Parasitic diseases\Parasitic diseases_56.jpg,Parasitic diseases,fish,train,False
C:\Users\Asus\PycharmProjects\AquaVision_v1\datasets\fish\New Dataset\train_split\Parasitic diseases\Parasitic diseases_57.jpg,Parasitic diseases,fish,train,False
C:\Users\Asus\PycharmProjects\AquaVision_v1\datasets\fish\New Dataset\train_split\Parasitic diseases\Parasitic diseases_58.jpg,Parasitic diseases,fish,train,False
C:\Users\Asus\PycharmProjects\AquaVision_v1\datasets\fish\New Dataset\train_split\Parasitic diseases\Parasitic diseases_59.jpg,Parasitic diseases,fish,train,False
C:\Users\Asus\PycharmProjects\AquaVision_v1\datasets\fish\New Dataset\train_split\Parasitic diseases\Parasitic diseases_6.jpg,Parasitic diseases,fish,train,False
C:\Users\Asus\PycharmProjects\AquaVision_v1\datasets\fish\New Dataset\train_split\Parasitic diseases\Parasitic diseases_62.jpg,Parasitic diseases,fish,train,False
C:\Users\Asus\PycharmProjects\AquaVision_v1\datasets\fish\New Dataset\train_split\Parasitic diseases\Parasitic diseases_64.jpg,Parasitic diseases,fish,train,False
C:\Users\Asus\PycharmProjects\AquaVision_v1\datasets\fish\New Dataset\train_split\Parasitic diseases\Parasitic diseases_67.jpg,Parasitic diseases,fish,train,False
C:\Users\Asus\PycharmProjects\AquaVision_v1\datasets\fish\New Dataset\train_split\Parasitic diseases\Parasitic diseases_68.jpg,Parasitic diseases,fish,train,False
C:\Users\Asus\PycharmProjects\AquaVision_v1\datasets\fish\New Dataset\train_split\Parasitic diseases\Parasitic diseases_7.jpg,Parasitic diseases,fish,train,False
C:\Users\Asus\PycharmProjects\AquaVision_v1\datasets\fish\New Dataset\train_split\Parasitic diseases\Parasitic diseases_71.jpg,Parasitic diseases,fish,train,False
C:\Users\Asus\PycharmProjects\AquaVision_v1\datasets\fish\New Dataset\train_split\Parasitic diseases\Parasitic diseases_72.jpg,Parasitic diseases,fish,train,False
C:\Users\Asus\PycharmProjects\AquaVision_v1\datasets\fish\New Dataset\train_split\Parasitic diseases\Parasitic diseases_74.jpg,Parasitic diseases,fish,train,False
C:\Users\Asus\PycharmProjects\AquaVision_v1\datasets\fish\New Dataset\train_split\Parasitic diseases\Parasitic diseases_75.jpg,Parasitic diseases,fish,train,False
C:\Users\Asus\PycharmProjects\AquaVision_v1\datasets\fish\New Dataset\train_split\Parasitic diseases\Parasitic diseases_76.jpg,Parasitic diseases,fish,train,False
C:\Users\Asus\PycharmProjects\AquaVision_v1\datasets\fish\New Dataset\train_split\Parasitic diseases\Parasitic diseases_77.jpg,Parasitic diseases,fish,train,False
C:\Users\Asus\PycharmProjects\AquaVision_v1\datasets\fish\New Dataset\train_split\Parasitic diseases\Parasitic diseases_78.jpeg,Parasitic diseases,fish,train,False
C:\Users\Asus\PycharmProjects\AquaVision_v1\datasets\fish\New Dataset\train_split\Parasitic diseases\Parasitic diseases_79.jpg,Parasitic diseases,fish,train,False
C:\Users\Asus\PycharmProjects\AquaVision_v1\datasets\fish\New Dataset\train_split\Parasitic diseases\Parasitic diseases_80.jpg,Parasitic diseases,fish,train,False
C:\Users\Asus\PycharmProjects\AquaVision_v1\datasets\fish\New Dataset\train_split\Parasitic diseases\Parasitic diseases_81.jpg,Parasitic diseases,fish,train,False
C:\Users\Asus\PycharmProjects\AquaVision_v1\datasets\fish\New Dataset\train_split\Parasitic diseases\Parasitic diseases_82.jpg,Parasitic diseases,fish,train,False
C:\Users\Asus\PycharmProjects\AquaVision_v1\datasets\fish\New Dataset\train_split\Parasitic diseases\Parasitic diseases_84.jpg,Parasitic diseases,fish,train,False
C:\Users\Asus\PycharmProjects\AquaVision_v1\datasets\fish\New Dataset\train_split\Parasitic diseases\Parasitic diseases_85.jpg,Parasitic diseases,fish,train,False
C:\Users\Asus\PycharmProjects\AquaVision_v1\datasets\fish\New Dataset\train_split\Parasitic diseases\Parasitic diseases_86.jpg,Parasitic diseases,fish,train,False
C:\Users\Asus\PycharmProjects\AquaVision_v1\datasets\fish\New Dataset\train_split\Parasitic diseases\Parasitic diseases_87.jpg,Parasitic diseases,fish,train,False
C:\Users\Asus\PycharmProjects\AquaVision_v1\datasets\fish\New Dataset\train_split\Parasitic diseases\Parasitic diseases_88.jpg,Parasitic diseases,fish,train,False
C:\Users\Asus\PycharmProjects\AquaVision_v1\datasets\fish\New Dataset\train_split\Parasitic diseases\Parasitic diseases_89.jpg,Parasitic diseases,fish,train,False
C:\Users\Asus\PycharmProjects\AquaVision_v1\datasets\fish\New Dataset\train_split\Parasitic diseases\Parasitic diseases_9.jpg,Parasitic diseases,fish,train,False
C:\Users\Asus\PycharmProjects\AquaVision_v1\datasets\fish\New Dataset\train_split\Parasitic diseases\Parasitic diseases_90.jpg,Parasitic diseases,fish,train,False
C:\Users\Asus\PycharmProjects\AquaVision_v1\datasets\fish\New Dataset\train_split\Parasitic diseases\Parasitic diseases_91.jpg,Parasitic diseases,fish,train,False
C:\Users\Asus\PycharmProjects\AquaVision_v1\datasets\fish\New Dataset\train_split\Parasitic diseases\Parasitic diseases_93.jpg,Parasitic diseases,fish,train,False
C:\Users\Asus\PycharmProjects\AquaVision_v1\datasets\fish\New Dataset\train_split\Parasitic diseases\Parasitic diseases_94.jpeg,Parasitic diseases,fish,train,False
C:\Users\Asus\PycharmProjects\AquaVision_v1\datasets\fish\New Dataset\train_split\Parasitic diseases\Parasitic diseases_95.jpg,Parasitic diseases,fish,train,False
C:\Users\Asus\PycharmProjects\AquaVision_v1\datasets\fish\New Dataset\train_split\Parasitic diseases\Parasitic diseases_aug_0.jpg,Parasitic diseases,fish,train,True
C:\Users\Asus\PycharmProjects\AquaVision_v1\datasets\fish\New Dataset\train_split\Parasitic diseases\Parasitic diseases_aug_1.jpg,Parasitic diseases,fish,train,True
C:\Users\Asus\PycharmProjects\AquaVision_v1\datasets\fish\New Dataset\train_split\Parasitic diseases\Parasitic diseases_aug_10.jpg,Parasitic diseases,fish,train,True
C:\Users\Asus\PycharmProjects\AquaVision_v1\datasets\fish\New Dataset\train_split\Parasitic diseases\Parasitic diseases_aug_100.jpg,Parasitic diseases,fish,train,True
C:\Users\Asus\PycharmProjects\AquaVision_v1\datasets\fish\New Dataset\train_split\Parasitic diseases\Parasitic diseases_aug_101.jpg,Parasitic diseases,fish,train,True
C:\Users\Asus\PycharmProjects\AquaVision_v1\datasets\fish\New Dataset\train_split\Parasitic diseases\Parasitic diseases_aug_102.jpg,Parasitic diseases,fish,train,True
C:\Users\Asus\PycharmProjects\AquaVision_v1\datasets\fish\New Dataset\train_split\Parasitic diseases\Parasitic diseases_aug_103.jpg,Parasitic diseases,fish,train,True
C:\Users\Asus\PycharmProjects\AquaVision_v1\datasets\fish\New Dataset\train_split\Parasitic diseases\Parasitic diseases_aug_104.jpg,Parasitic diseases,fish,train,True
C:\Users\Asus\PycharmProjects\AquaVision_v1\datasets\fish\New Dataset\train_split\Parasitic diseases\Parasitic diseases_aug_105.jpg,Parasitic diseases,fish,train,True
C:\Users\Asus\PycharmProjects\AquaVision_v1\datasets\fish\New Dataset\train_split\Parasitic diseases\Parasitic diseases_aug_106.jpg,Parasitic diseases,fish,train,True
C:\Users\Asus\PycharmProjects\AquaVision_v1\datasets\fish\New Dataset\train_split\Parasitic diseases\Parasitic diseases_aug_107.jpg,Parasitic diseases,fish,train,True
C:\Users\Asus\PycharmProjects\AquaVision_v1\datasets\fish\New Dataset\train_split\Parasitic diseases\Parasitic diseases_aug_109.jpg,Parasitic diseases,fish,train,True
C:\Users\Asus\PycharmProjects\AquaVision_v1\datasets\fish\New Dataset\train_split\Parasitic diseases\Parasitic diseases_aug_11.jpg,Parasitic diseases,fish,train,True
C:\Users\Asus\PycharmProjects\AquaVision_v1\datasets\fish\New Dataset\train_split\Parasitic diseases\Parasitic diseases_aug_110.jpg,Parasitic diseases,fish,train,True
C:\Users\Asus\PycharmProjects\AquaVision_v1\datasets\fish\New Dataset\train_split\Parasitic diseases\Parasitic diseases_aug_111.jpg,Parasitic diseases,fish,train,True
C:\Users\Asus\PycharmProjects\AquaVision_v1\datasets\fish\New Dataset\train_split\Parasitic diseases\Parasitic diseases_aug_112.jpg,Parasitic diseases,fish,train,True
C:\Users\Asus\PycharmProjects\AquaVision_v1\datasets\fish\New Dataset\train_split\Parasitic diseases\Parasitic diseases_aug_113.jpg,Parasitic diseases,fish,train,True
C:\Users\Asus\PycharmProjects\AquaVision_v1\datasets\fish\New Dataset\train_split\Parasitic diseases\Parasitic diseases_aug_114.jpg,Parasitic diseases,fish,train,True
C:\Users\Asus\PycharmProjects\AquaVision_v1\datasets\fish\New Dataset\train_split\Parasitic diseases\Parasitic diseases_aug_115.jpg,Parasitic diseases,fish,train,True
C:\Users\Asus\PycharmProjects\AquaVision_v1\datasets\fish\New Dataset\train_split\Parasitic diseases\Parasitic diseases_aug_116.jpg,Parasitic diseases,fish,train,True
C:\Users\Asus\PycharmProjects\AquaVision_v1\datasets\fish\New Dataset\train_split\Parasitic diseases\Parasitic diseases_aug_118.jpg,Parasitic diseases,fish,train,True
C:\Users\Asus\PycharmProjects\AquaVision_v1\datasets\fish\New Dataset\train_split\Parasitic diseases\Parasitic diseases_aug_120.jpg,Parasitic diseases,fish,train,True
C:\Users\Asus\PycharmProjects\AquaVision_v1\datasets\fish\New Dataset\train_split\Parasitic diseases\Parasitic diseases_aug_121.jpg,Parasitic diseases,fish,train,True
C:\Users\Asus\PycharmProjects\AquaVision_v1\datasets\fish\New Dataset\train_split\Parasitic diseases\Parasitic diseases_aug_122.jpg,Parasitic diseases,fish,train,True
C:\Users\Asus\PycharmProjects\AquaVision_v1\datasets\fish\New Dataset\train_split\Parasitic diseases\Parasitic diseases_aug_123.jpg,Parasitic diseases,fish,train,True
C:\Users\Asus\PycharmProjects\AquaVision_v1\datasets\fish\New Dataset\train_split\Parasitic diseases\Parasitic diseases_aug_124.jpg,Parasitic diseases,fish,train,True
C:\Users\Asus\PycharmProjects\AquaVision_v1\datasets\fish\New Dataset\train_split\Parasitic diseases\Parasitic diseases_aug_125.jpg,Parasitic diseases,fish,train,True
C:\Users\Asus\PycharmProjects\AquaVision_v1\datasets\fish\New Dataset\train_split\Parasitic diseases\Parasitic diseases_aug_126.jpg,Parasitic diseases,fish,train,True
C:\Users\Asus\PycharmProjects\AquaVision_v1\datasets\fish\New Dataset\train_split\Parasitic diseases\Parasitic diseases_aug_127.jpg,Parasitic diseases,fish,train,True
C:\Users\Asus\PycharmProjects\AquaVision_v1\datasets\fish\New Dataset\train_split\Parasitic diseases\Parasitic diseases_aug_129.jpg,Parasitic diseases,fish,train,True
C:\Users\Asus\PycharmProjects\AquaVision_v1\datasets\fish\New Dataset\train_split\Parasitic diseases\Parasitic diseases_aug_13.jpg,Parasitic diseases,fish,train,True
C:\Users\Asus\PycharmProjects\AquaVision_v1\datasets\fish\New Dataset\train_split\Parasitic diseases\Parasitic diseases_aug_130.jpg,Parasitic diseases,fish,train,True
C:\Users\Asus\PycharmProjects\AquaVision_v1\datasets\fish\New Dataset\train_split\Parasitic diseases\Parasitic diseases_aug_132.jpg,Parasitic diseases,fish,train,True
C:\Users\Asus\PycharmProjects\AquaVision_v1\datasets\fish\New Dataset\train_split\Parasitic diseases\Parasitic diseases_aug_133.jpg,Parasitic diseases,fish,train,True
C:\Users\Asus\PycharmProjects\AquaVision_v1\datasets\fish\New Dataset\train_split\Parasitic diseases\Parasitic diseases_aug_135.jpg,Parasitic diseases,fish,train,True
C:\Users\Asus\PycharmProjects\AquaVision_v1\datasets\fish\New Dataset\train_split\Parasitic diseases\Parasitic diseases_aug_136.jpg,Parasitic diseases,fish,train,True
C:\Users\Asus\PycharmProjects\AquaVision_v1\datasets\fish\New Dataset\train_split\Parasitic diseases\Parasitic diseases_aug_137.jpg,Parasitic diseases,fish,train,True
C:\Users\Asus\PycharmProjects\AquaVision_v1\datasets\fish\New Dataset\train_split\Parasitic diseases\Parasitic diseases_aug_138.jpg,Parasitic diseases,fish,train,True
C:\Users\Asus\PycharmProjects\AquaVision_v1\datasets\fish\New Dataset\train_split\Parasitic diseases\Parasitic diseases_aug_139.jpg,Parasitic diseases,fish,train,True
C:\Users\Asus\PycharmProjects\AquaVision_v1\datasets\fish\New Dataset\train_split\Parasitic diseases\Parasitic diseases_aug_14.jpg,Parasitic diseases,fish,train,True
C:\Users\Asus\PycharmProjects\AquaVision_v1\datasets\fish\New Dataset\train_split\Parasitic diseases\Parasitic diseases_aug_140.jpg,Parasitic diseases,fish,train,True
C:\Users\Asus\PycharmProjects\AquaVision_v1\datasets\fish\New Dataset\train_split\Parasitic diseases\Parasitic diseases_aug_141.jpg,Parasitic diseases,fish,train,True
C:\Users\Asus\PycharmProjects\AquaVision_v1\datasets\fish\New Dataset\train_split\Parasitic diseases\Parasitic diseases_aug_142.jpg,Parasitic diseases,fish,train,True
C:\Users\Asus\PycharmProjects\AquaVision_v1\datasets\fish\New Dataset\train_split\Parasitic diseases\Parasitic diseases_aug_144.jpg,Parasitic diseases,fish,train,True
C:\Users\Asus\PycharmProjects\AquaVision_v1\datasets\fish\New Dataset\train_split\Parasitic diseases\Parasitic diseases_aug_146.jpg,Parasitic diseases,fish,train,True
C:\Users\Asus\PycharmProjects\AquaVision_v1\datasets\fish\New Dataset\train_split\Parasitic diseases\Parasitic diseases_aug_147.jpg,Parasitic diseases,fish,train,True
C:\Users\Asus\PycharmProjects\AquaVision_v1\datasets\fish\New Dataset\train_split\Parasitic diseases\Parasitic diseases_aug_148.jpg,Parasitic diseases,fish,train,True
C:\Users\Asus\PycharmProjects\AquaVision_v1\datasets\fish\New Dataset\train_split\Parasitic diseases\Parasitic diseases_aug_149.jpg,Parasitic diseases,fish,train,True
C:\Users\Asus\PycharmProjects\AquaVision_v1\datasets\fish\New Dataset\train_split\Parasitic diseases\Parasitic diseases_aug_15.jpg,Parasitic diseases,fish,train,True
C:\Users\Asus\PycharmProjects\AquaVision_v1\datasets\fish\New Dataset\train_split\Parasitic diseases\Parasitic diseases_aug_150.jpg,Parasitic diseases,fish,train,True
C:\Users\Asus\PycharmProjects\AquaVision_v1\datasets\fish\New Dataset\train_split\Parasitic diseases\Parasitic diseases_aug_151.jpg,Parasitic diseases,fish,train,True
C:\Users\Asus\PycharmProjects\AquaVision_v1\datasets\fish\New Dataset\train_split\Parasitic diseases\Parasitic diseases_aug_152.jpg,Parasitic diseases,fish,train,True
C:\Users\Asus\PycharmProjects\AquaVision_v1\datasets\fish\New Dataset\train_split\Parasitic diseases\Parasitic diseases_aug_153.jpg,Parasitic diseases,fish,train,True
C:\Users\Asus\PycharmProjects\AquaVision_v1\datasets\fish\New Dataset\train_split\Parasitic diseases\Parasitic diseases_aug_154.jpg,Parasitic diseases,fish,train,True
C:\Users\Asus\PycharmProjects\AquaVision_v1\datasets\fish\New Dataset\train_split\Parasitic diseases\Parasitic diseases_aug_156.jpg,Parasitic diseases,fish,train,True
C:\Users\Asus\PycharmProjects\AquaVision_v1\datasets\fish\New Dataset\train_split\Parasitic diseases\Parasitic diseases_aug_158.jpg,Parasitic diseases,fish,train,True
C:\Users\Asus\PycharmProjects\AquaVision_v1\datasets\fish\New Dataset\train_split\Parasitic diseases\Parasitic diseases_aug_159.jpg,Parasitic diseases,fish,train,True
C:\Users\Asus\PycharmProjects\AquaVision_v1\datasets\fish\New Dataset\train_split\Parasitic diseases\Parasitic diseases_aug_16.jpg,Parasitic diseases,fish,train,True
C:\Users\Asus\PycharmProjects\AquaVision_v1\datasets\fish\New Dataset\train_split\Parasitic diseases\Parasitic diseases_aug_160.jpg,Parasitic diseases,fish,train,True
C:\Users\Asus\PycharmProjects\AquaVision_v1\datasets\fish\New Dataset\train_split\Parasitic diseases\Parasitic diseases_aug_161.jpg,Parasitic diseases,fish,train,True
C:\Users\Asus\PycharmProjects\AquaVision_v1\datasets\fish\New Dataset\train_split\Parasitic diseases\Parasitic diseases_aug_162.jpg,Parasitic diseases,fish,train,True
C:\Users\Asus\PycharmProjects\AquaVision_v1\datasets\fish\New Dataset\train_split\Parasitic diseases\Parasitic diseases_aug_163.jpg,Parasitic diseases,fish,train,True
C:\Users\Asus\PycharmProjects\AquaVision_v1\datasets\fish\New Dataset\train_split\Parasitic diseases\Parasitic diseases_aug_165.jpg,Parasitic diseases,fish,train,True
C:\Users\Asus\PycharmProjects\AquaVision_v1\datasets\fish\New Dataset\train_split\Parasitic diseases\Parasitic diseases_aug_166.jpg,Parasitic diseases,fish,train,True
C:\Users\Asus\PycharmProjects\AquaVision_v1\datasets\fish\New Dataset\train_split\Parasitic diseases\Parasitic diseases_aug_167.jpg,Parasitic diseases,fish,train,True
C:\Users\Asus\PycharmProjects\AquaVision_v1\datasets\fish\New Dataset\train_split\Parasitic diseases\Parasitic diseases_aug_169.jpg,Parasitic diseases,fish,train,True
C:\Users\Asus\PycharmProjects\AquaVision_v1\datasets\fish\New Dataset\train_split\Parasitic diseases\Parasitic diseases_aug_170.jpg,Parasitic diseases,fish,train,True
C:\Users\Asus\PycharmProjects\AquaVision_v1\datasets\fish\New Dataset\train_split\Parasitic diseases\Parasitic diseases_aug_171.jpg,Parasitic diseases,fish,train,True
C:\Users\Asus\PycharmProjects\AquaVision_v1\datasets\fish\New Dataset\train_split\Parasitic diseases\Parasitic diseases_aug_172.jpg,Parasitic diseases,fish,train,True
C:\Users\Asus\PycharmProjects\AquaVision_v1\datasets\fish\New Dataset\train_split\Parasitic diseases\Parasitic diseases_aug_173.jpg,Parasitic diseases,fish,train,True
C:\Users\Asus\PycharmProjects\AquaVision_v1\datasets\fish\New Dataset\train_split\Parasitic diseases\Parasitic diseases_aug_174.jpg,Parasitic diseases,fish,train,True
C:\Users\Asus\PycharmProjects\AquaVision_v1\datasets\fish\New Dataset\train_split\Parasitic diseases\Parasitic diseases_aug_176.jpg,Parasitic diseases,fish,train,True
C:\Users\Asus\PycharmProjects\AquaVision_v1\datasets\fish\New Dataset\train_split\Parasitic diseases\Parasitic diseases_aug_179.jpg,Parasitic diseases,fish,train,True
C:\Users\Asus\PycharmProjects\AquaVision_v1\datasets\fish\New Dataset\train_split\Parasitic diseases\Parasitic diseases_aug_18.jpg,Parasitic diseases,fish,train,True
C:\Users\Asus\PycharmProjects\AquaVision_v1\datasets\fish\New Dataset\train_split\Parasitic diseases\Parasitic diseases_aug_180.jpg,Parasitic diseases,fish,train,True
C:\Users\Asus\PycharmProjects\AquaVision_v1\datasets\fish\New Dataset\train_split\Parasitic diseases\Parasitic diseases_aug_181.jpg,Parasitic diseases,fish,train,True
C:\Users\Asus\PycharmProjects\AquaVision_v1\datasets\fish\New Dataset\train_split\Parasitic diseases\Parasitic diseases_aug_182.jpg,Parasitic diseases,fish,train,True
C:\Users\Asus\PycharmProjects\AquaVision_v1\datasets\fish\New Dataset\train_split\Parasitic diseases\Parasitic diseases_aug_183.jpg,Parasitic diseases,fish,train,True
C:\Users\Asus\PycharmProjects\AquaVision_v1\datasets\fish\New Dataset\train_split\Parasitic diseases\Parasitic diseases_aug_184.jpg,Parasitic diseases,fish,train,True
C:\Users\Asus\PycharmProjects\AquaVision_v1\datasets\fish\New Dataset\train_split\Parasitic diseases\Parasitic diseases_aug_185.jpg,Parasitic diseases,fish,train,True
C:\Users\Asus\PycharmProjects\AquaVision_v1\datasets\fish\New Dataset\train_split\Parasitic diseases\Parasitic diseases_aug_186.jpg,Parasitic diseases,fish,train,True
C:\Users\Asus\PycharmProjects\AquaVision_v1\datasets\fish\New Dataset\train_split\Parasitic diseases\Parasitic diseases_aug_191.jpg,Parasitic diseases,fish,train,True
C:\Users\Asus\PycharmProjects\AquaVision_v1\datasets\fish\New Dataset\train_split\Parasitic diseases\Parasitic diseases_aug_193.jpg,Parasitic diseases,fish,train,True
C:\Users\Asus\PycharmProjects\AquaVision_v1\datasets\fish\New Dataset\train_split\Parasitic diseases\Parasitic diseases_aug_194.jpg,Parasitic diseases,fish,train,True
C:\Users\Asus\PycharmProjects\AquaVision_v1\datasets\fish\New Dataset\train_split\Parasitic diseases\Parasitic diseases_aug_195.jpg,Parasitic diseases,fish,train,True
C:\Users\Asus\PycharmProjects\AquaVision_v1\datasets\fish\New Dataset\train_split\Parasitic diseases\Parasitic diseases_aug_196.jpg,Parasitic diseases,fish,train,True
C:\Users\Asus\PycharmProjects\AquaVision_v1\datasets\fish\New Dataset\train_split\Parasitic diseases\Parasitic diseases_aug_197.jpg,Parasitic diseases,fish,train,True
C:\Users\Asus\PycharmProjects\AquaVision_v1\datasets\fish\New Dataset\train_split\Parasitic diseases\Parasitic diseases_aug_198.jpg,Parasitic diseases,fish,train,True
C:\Users\Asus\PycharmProjects\AquaVision_v1\datasets\fish\New Dataset\train_split\Parasitic diseases\Parasitic diseases_aug_199.jpg,Parasitic diseases,fish,train,True
C:\Users\Asus\PycharmProjects\AquaVision_v1\datasets\fish\New Dataset\train_split\Parasitic diseases\Parasitic diseases_aug_20.jpg,Parasitic diseases,fish,train,True
C:\Users\Asus\PycharmProjects\AquaVision_v1\datasets\fish\New Dataset\train_split\Parasitic diseases\Parasitic diseases_aug_200.jpg,Parasitic diseases,fish,train,True
C:\Users\Asus\PycharmProjects\AquaVision_v1\datasets\fish\New Dataset\train_split\Parasitic diseases\Parasitic diseases_aug_201.jpg,Parasitic diseases,fish,train,True
C:\Users\Asus\PycharmProjects\AquaVision_v1\datasets\fish\New Dataset\train_split\Parasitic diseases\Parasitic diseases_aug_202.jpg,Parasitic diseases,fish,train,True
C:\Users\Asus\PycharmProjects\AquaVision_v1\datasets\fish\New Dataset\train_split\Parasitic diseases\Parasitic diseases_aug_203.jpg,Parasitic diseases,fish,train,True
C:\Users\Asus\PycharmProjects\AquaVision_v1\datasets\fish\New Dataset\train_split\Parasitic diseases\Parasitic diseases_aug_204.jpg,Parasitic diseases,fish,train,True
C:\Users\Asus\PycharmProjects\AquaVision_v1\datasets\fish\New Dataset\train_split\Parasitic diseases\Parasitic diseases_aug_207.jpg,Parasitic diseases,fish,train,True
C:\Users\Asus\PycharmProjects\AquaVision_v1\datasets\fish\New Dataset\train_split\Parasitic diseases\Parasitic diseases_aug_208.jpg,Parasitic diseases,fish,train,True
C:\Users\Asus\PycharmProjects\AquaVision_v1\datasets\fish\New Dataset\train_split\Parasitic diseases\Parasitic diseases_aug_209.jpg,Parasitic diseases,fish,train,True
C:\Users\Asus\PycharmProjects\AquaVision_v1\datasets\fish\New Dataset\train_split\Parasitic diseases\Parasitic diseases_aug_21.jpg,Parasitic diseases,fish,train,True
C:\Users\Asus\PycharmProjects\AquaVision_v1\datasets\fish\New Dataset\train_split\Parasitic diseases\Parasitic diseases_aug_210.jpg,Parasitic diseases,fish,train,True
C:\Users\Asus\PycharmProjects\AquaVision_v1\datasets\fish\New Dataset\train_split\Parasitic diseases\Parasitic diseases_aug_211.jpg,Parasitic diseases,fish,train,True
C:\Users\Asus\PycharmProjects\AquaVision_v1\datasets\fish\New Dataset\train_split\Parasitic diseases\Parasitic diseases_aug_212.jpg,Parasitic diseases,fish,train,True
C:\Users\Asus\PycharmProjects\AquaVision_v1\datasets\fish\New Dataset\train_split\Parasitic diseases\Parasitic diseases_aug_213.jpg,Parasitic diseases,fish,train,True
C:\Users\Asus\PycharmProjects\AquaVision_v1\datasets\fish\New Dataset\train_split\Parasitic diseases\Parasitic diseases_aug_214.jpg,Parasitic diseases,fish,train,True
C:\Users\Asus\PycharmProjects\AquaVision_v1\datasets\fish\New Dataset\train_split\Parasitic diseases\Parasitic diseases_aug_215.jpg,Parasitic diseases,fish,train,True
C:\Users\Asus\PycharmProjects\AquaVision_v1\datasets\fish\New Dataset\train_split\Parasitic diseases\Parasitic diseases_aug_216.jpg,Parasitic diseases,fish,train,True
C:\Users\Asus\PycharmProjects\AquaVision_v1\datasets\fish\New Dataset\train_split\Parasitic diseases\Parasitic diseases_aug_217.jpg,Parasitic diseases,fish,train,True
C:\Users\Asus\PycharmProjects\AquaVision_v1\datasets\fish\New Dataset\train_split\Parasitic diseases\Parasitic diseases_aug_218.jpg,Parasitic diseases,fish,train,True
C:\Users\Asus\PycharmProjects\AquaVision_v1\datasets\fish\New Dataset\train_split\Parasitic diseases\Parasitic diseases_aug_219.jpg,Parasitic diseases,fish,train,True
C:\Users\Asus\PycharmProjects\AquaVision_v1\datasets\fish\New Dataset\train_split\Parasitic diseases\Parasitic diseases_aug_22.jpg,Parasitic diseases,fish,train,True
C:\Users\Asus\PycharmProjects\AquaVision_v1\datasets\fish\New Dataset\train_split\Parasitic diseases\Parasitic diseases_aug_220.jpg,Parasitic diseases,fish,train,True
C:\Users\Asus\PycharmProjects\AquaVision_v1\datasets\fish\New Dataset\train_split\Parasitic diseases\Parasitic diseases_aug_221.jpg,Parasitic diseases,fish,train,True
C:\Users\Asus\PycharmProjects\AquaVision_v1\datasets\fish\New Dataset\train_split\Parasitic diseases\Parasitic diseases_aug_222.jpg,Parasitic diseases,fish,train,True
C:\Users\Asus\PycharmProjects\AquaVision_v1\datasets\fish\New Dataset\train_split\Parasitic diseases\Parasitic diseases_aug_223.jpg,Parasitic diseases,fish,train,True
C:\Users\Asus\PycharmProjects\AquaVision_v1\datasets\fish\New Dataset\train_split\Parasitic diseases\Parasitic diseases_aug_224.jpg,Parasitic diseases,fish,train,True
C:\Users\Asus\PycharmProjects\AquaVision_v1\datasets\fish\New Dataset\train_split\Parasitic diseases\Parasitic diseases_aug_225.jpg,Parasitic diseases,fish,train,True
C:\Users\Asus\PycharmProjects\AquaVision_v1\datasets\fish\New Dataset\train_split\Parasitic diseases\Parasitic diseases_aug_226.jpg,Parasitic diseases,fish,train,True
C:\Users\Asus\PycharmProjects\AquaVision_v1\datasets\fish\New Dataset\train_split\Parasitic diseases\Parasitic diseases_aug_227.jpg,Parasitic diseases,fish,train,True
C:\Users\Asus\PycharmProjects\AquaVision_v1\datasets\fish\New Dataset\train_split\Parasitic diseases\Parasitic diseases_aug_228.jpg,Parasitic diseases,fish,train,True
C:\Users\Asus\PycharmProjects\AquaVision_v1\datasets\fish\New Dataset\train_split\Parasitic diseases\Parasitic diseases_aug_231.jpg,Parasitic diseases,fish,train,True
C:\Users\Asus\PycharmProjects\AquaVision_v1\datasets\fish\New Dataset\train_split\Parasitic diseases\Parasitic diseases_aug_232.jpg,Parasitic diseases,fish,train,True
C:\Users\Asus\PycharmProjects\AquaVision_v1\datasets\fish\New Dataset\train_split\Parasitic diseases\Parasitic diseases_aug_233.jpg,Parasitic diseases,fish,train,True
C:\Users\Asus\PycharmProjects\AquaVision_v1\datasets\fish\New Dataset\train_split\Parasitic diseases\Parasitic diseases_aug_234.jpg,Parasitic diseases,fish,train,True
C:\Users\Asus\PycharmProjects\AquaVision_v1\datasets\fish\New Dataset\train_split\Parasitic diseases\Parasitic diseases_aug_236.jpg,Parasitic diseases,fish,train,True
C:\Users\Asus\PycharmProjects\AquaVision_v1\datasets\fish\New Dataset\train_split\Parasitic diseases\Parasitic diseases_aug_237.jpg,Parasitic diseases,fish,train,True
C:\Users\Asus\PycharmProjects\AquaVision_v1\datasets\fish\New Dataset\train_split\Parasitic diseases\Parasitic diseases_aug_238.jpg,Parasitic diseases,fish,train,True
C:\Users\Asus\PycharmProjects\AquaVision_v1\datasets\fish\New Dataset\train_split\Parasitic diseases\Parasitic diseases_aug_24.jpg,Parasitic diseases,fish,train,True
C:\Users\Asus\PycharmProjects\AquaVision_v1\datasets\fish\New Dataset\train_split\Parasitic diseases\Parasitic diseases_aug_240.jpg,Parasitic diseases,fish,train,True
C:\Users\Asus\PycharmProjects\AquaVision_v1\datasets\fish\New Dataset\train_split\Parasitic diseases\Parasitic diseases_aug_241.jpg,Parasitic diseases,fish,train,True
C:\Users\Asus\PycharmProjects\AquaVision_v1\datasets\fish\New Dataset\train_split\Parasitic diseases\Parasitic diseases_aug_243.jpg,Parasitic diseases,fish,train,True
C:\Users\Asus\PycharmProjects\AquaVision_v1\datasets\fish\New Dataset\train_split\Parasitic diseases\Parasitic diseases_aug_245.jpg,Parasitic diseases,fish,train,True
C:\Users\Asus\PycharmProjects\AquaVision_v1\datasets\fish\New Dataset\train_split\Parasitic diseases\Parasitic diseases_aug_247.jpg,Parasitic diseases,fish,train,True
C:\Users\Asus\PycharmProjects\AquaVision_v1\datasets\fish\New Dataset\train_split\Parasitic diseases\Parasitic diseases_aug_248.jpg,Parasitic diseases,fish,train,True
C:\Users\Asus\PycharmProjects\AquaVision_v1\datasets\fish\New Dataset\train_split\Parasitic diseases\Parasitic diseases_aug_25.jpg,Parasitic diseases,fish,train,True
C:\Users\Asus\PycharmProjects\AquaVision_v1\datasets\fish\New Dataset\train_split\Parasitic diseases\Parasitic diseases_aug_250.jpg,Parasitic diseases,fish,train,True
C:\Users\Asus\PycharmProjects\AquaVision_v1\datasets\fish\New Dataset\train_split\Parasitic diseases\Parasitic diseases_aug_251.jpg,Parasitic diseases,fish,train,True
C:\Users\Asus\PycharmProjects\AquaVision_v1\datasets\fish\New Dataset\train_split\Parasitic diseases\Parasitic diseases_aug_253.jpg,Parasitic diseases,fish,train,True
C:\Users\Asus\PycharmProjects\AquaVision_v1\datasets\fish\New Dataset\train_split\Parasitic diseases\Parasitic diseases_aug_254.jpg,Parasitic diseases,fish,train,True
C:\Users\Asus\PycharmProjects\AquaVision_v1\datasets\fish\New Dataset\train_split\Parasitic diseases\Parasitic diseases_aug_255.jpg,Parasitic diseases,fish,train,True
C:\Users\Asus\PycharmProjects\AquaVision_v1\datasets\fish\New Dataset\train_split\Parasitic diseases\Parasitic diseases_aug_257.jpg,Parasitic diseases,fish,train,True
C:\Users\Asus\PycharmProjects\AquaVision_v1\datasets\fish\New Dataset\train_split\Parasitic diseases\Parasitic diseases_aug_258.jpg,Parasitic diseases,fish,train,True
C:\Users\Asus\PycharmProjects\AquaVision_v1\datasets\fish\New Dataset\train_split\Parasitic diseases\Parasitic diseases_aug_259.jpg,Parasitic diseases,fish,train,True
C:\Users\Asus\PycharmProjects\AquaVision_v1\datasets\fish\New Dataset\train_split\Parasitic diseases\Parasitic diseases_aug_26.jpg,Parasitic diseases,fish,train,True
C:\Users\Asus\PycharmProjects\AquaVision_v1\datasets\fish\New Dataset\train_split\Parasitic diseases\Parasitic diseases_aug_261.jpg,Parasitic diseases,fish,train,True
C:\Users\Asus\PycharmProjects\AquaVision_v1\datasets\fish\New Dataset\train_split\Parasitic diseases\Parasitic diseases_aug_262.jpg,Parasitic diseases,fish,train,True
C:\Users\Asus\PycharmProjects\AquaVision_v1\datasets\fish\New Dataset\train_split\Parasitic diseases\Parasitic diseases_aug_263.jpg,Parasitic diseases,fish,train,True
C:\Users\Asus\PycharmProjects\AquaVision_v1\datasets\fish\New Dataset\train_split\Parasitic diseases\Parasitic diseases_aug_265.jpg,Parasitic diseases,fish,train,True
C:\Users\Asus\PycharmProjects\AquaVision_v1\datasets\fish\New Dataset\train_split\Parasitic diseases\Parasitic diseases_aug_268.jpg,Parasitic diseases,fish,train,True
C:\Users\Asus\PycharmProjects\AquaVision_v1\datasets\fish\New Dataset\train_split\Parasitic diseases\Parasitic diseases_aug_27.jpg,Parasitic diseases,fish,train,True
C:\Users\Asus\PycharmProjects\AquaVision_v1\datasets\fish\New Dataset\train_split\Parasitic diseases\Parasitic diseases_aug_270.jpg,Parasitic diseases,fish,train,True
C:\Users\Asus\PycharmProjects\AquaVision_v1\datasets\fish\New Dataset\train_split\Parasitic diseases\Parasitic diseases_aug_272.jpg,Parasitic diseases,fish,train,True
C:\Users\Asus\PycharmProjects\AquaVision_v1\datasets\fish\New Dataset\train_split\Parasitic diseases\Parasitic diseases_aug_273.jpg,Parasitic diseases,fish,train,True
C:\Users\Asus\PycharmProjects\AquaVision_v1\datasets\fish\New Dataset\train_split\Parasitic diseases\Parasitic diseases_aug_274.jpg,Parasitic diseases,fish,train,True
C:\Users\Asus\PycharmProjects\AquaVision_v1\datasets\fish\New Dataset\train_split\Parasitic diseases\Parasitic diseases_aug_275.jpg,Parasitic diseases,fish,train,True
C:\Users\Asus\PycharmProjects\AquaVision_v1\datasets\fish\New Dataset\train_split\Parasitic diseases\Parasitic diseases_aug_276.jpg,Parasitic diseases,fish,train,True
C:\Users\Asus\PycharmProjects\AquaVision_v1\datasets\fish\New Dataset\train_split\Parasitic diseases\Parasitic diseases_aug_277.jpg,Parasitic diseases,fish,train,True
C:\Users\Asus\PycharmProjects\AquaVision_v1\datasets\fish\New Dataset\train_split\Parasitic diseases\Parasitic diseases_aug_279.jpg,Parasitic diseases,fish,train,True
C:\Users\Asus\PycharmProjects\AquaVision_v1\datasets\fish\New Dataset\train_split\Parasitic diseases\Parasitic diseases_aug_28.jpg,Parasitic diseases,fish,train,True
C:\Users\Asus\PycharmProjects\AquaVision_v1\datasets\fish\New Dataset\train_split\Parasitic diseases\Parasitic diseases_aug_280.jpg,Parasitic diseases,fish,train,True
C:\Users\Asus\PycharmProjects\AquaVision_v1\datasets\fish\New Dataset\train_split\Parasitic diseases\Parasitic diseases_aug_281.jpg,Parasitic diseases,fish,train,True
C:\Users\Asus\PycharmProjects\AquaVision_v1\datasets\fish\New Dataset\train_split\Parasitic diseases\Parasitic diseases_aug_282.jpg,Parasitic diseases,fish,train,True
C:\Users\Asus\PycharmProjects\AquaVision_v1\datasets\fish\New Dataset\train_split\Parasitic diseases\Parasitic diseases_aug_283.jpg,Parasitic diseases,fish,train,True
C:\Users\Asus\PycharmProjects\AquaVision_v1\datasets\fish\New Dataset\train_split\Parasitic diseases\Parasitic diseases_aug_284.jpg,Parasitic diseases,fish,train,True
C:\Users\Asus\PycharmProjects\AquaVision_v1\datasets\fish\New Dataset\train_split\Parasitic diseases\Parasitic diseases_aug_285.jpg,Parasitic diseases,fish,train,True
C:\Users\Asus\PycharmProjects\AquaVision_v1\datasets\fish\New Dataset\train_split\Parasitic diseases\Parasitic diseases_aug_286.jpg,Parasitic diseases,fish,train,True
C:\Users\Asus\PycharmProjects\AquaVision_v1\datasets\fish\New Dataset\train_split\Parasitic diseases\Parasitic diseases_aug_287.jpg,Parasitic diseases,fish,train,True
C:\Users\Asus\PycharmProjects\AquaVision_v1\datasets\fish\New Dataset\train_split\Parasitic diseases\Parasitic diseases_aug_288.jpg,Parasitic diseases,fish,train,True
C:\Users\Asus\PycharmProjects\AquaVision_v1\datasets\fish\New Dataset\train_split\Parasitic diseases\Parasitic diseases_aug_289.jpg,Parasitic diseases,fish,train,True
C:\Users\Asus\PycharmProjects\AquaVision_v1\datasets\fish\New Dataset\train_split\Parasitic diseases\Parasitic diseases_aug_29.jpg,Parasitic diseases,fish,train,True
C:\Users\Asus\PycharmProjects\AquaVision_v1\datasets\fish\New Dataset\train_split\Parasitic diseases\Parasitic diseases_aug_290.jpg,Parasitic diseases,fish,train,True
C:\Users\Asus\PycharmProjects\AquaVision_v1\datasets\fish\New Dataset\train_split\Parasitic diseases\Parasitic diseases_aug_291.jpg,Parasitic diseases,fish,train,True
C:\Users\Asus\PycharmProjects\AquaVision_v1\datasets\fish\New Dataset\train_split\Parasitic diseases\Parasitic diseases_aug_292.jpg,Parasitic diseases,fish,train,True
C:\Users\Asus\PycharmProjects\AquaVision_v1\datasets\fish\New Dataset\train_split\Parasitic diseases\Parasitic diseases_aug_293.jpg,Parasitic diseases,fish,train,True
C:\Users\Asus\PycharmProjects\AquaVision_v1\datasets\fish\New Dataset\train_split\Parasitic diseases\Parasitic diseases_aug_294.jpg,Parasitic diseases,fish,train,True
C:\Users\Asus\PycharmProjects\AquaVision_v1\datasets\fish\New Dataset\train_split\Parasitic diseases\Parasitic diseases_aug_296.jpg,Parasitic diseases,fish,train,True
C:\Users\Asus\PycharmProjects\AquaVision_v1\datasets\fish\New Dataset\train_split\Parasitic diseases\Parasitic diseases_aug_297.jpg,Parasitic diseases,fish,train,True
C:\Users\Asus\PycharmProjects\AquaVision_v1\datasets\fish\New Dataset\train_split\Parasitic diseases\Parasitic diseases_aug_298.jpg,Parasitic diseases,fish,train,True
C:\Users\Asus\PycharmProjects\AquaVision_v1\datasets\fish\New Dataset\train_split\Parasitic diseases\Parasitic diseases_aug_299.jpg,Parasitic diseases,fish,train,True
C:\Users\Asus\PycharmProjects\AquaVision_v1\datasets\fish\New Dataset\train_split\Parasitic diseases\Parasitic diseases_aug_3.jpg,Parasitic diseases,fish,train,True
C:\Users\Asus\PycharmProjects\AquaVision_v1\datasets\fish\New Dataset\train_split\Parasitic diseases\Parasitic diseases_aug_30.jpg,Parasitic diseases,fish,train,True
C:\Users\Asus\PycharmProjects\AquaVision_v1\datasets\fish\New Dataset\train_split\Parasitic diseases\Parasitic diseases_aug_300.jpg,Parasitic diseases,fish,train,True
C:\Users\Asus\PycharmProjects\AquaVision_v1\datasets\fish\New Dataset\train_split\Parasitic diseases\Parasitic diseases_aug_301.jpg,Parasitic diseases,fish,train,True
C:\Users\Asus\PycharmProjects\AquaVision_v1\datasets\fish\New Dataset\train_split\Parasitic diseases\Parasitic diseases_aug_302.jpg,Parasitic diseases,fish,train,True
C:\Users\Asus\PycharmProjects\AquaVision_v1\datasets\fish\New Dataset\train_split\Parasitic diseases\Parasitic diseases_aug_303.jpg,Parasitic diseases,fish,train,True
C:\Users\Asus\PycharmProjects\AquaVision_v1\datasets\fish\New Dataset\train_split\Parasitic diseases\Parasitic diseases_aug_304.jpg,Parasitic diseases,fish,train,True
C:\Users\Asus\PycharmProjects\AquaVision_v1\datasets\fish\New Dataset\train_split\Parasitic diseases\Parasitic diseases_aug_305.jpg,Parasitic diseases,fish,train,True
C:\Users\Asus\PycharmProjects\AquaVision_v1\datasets\fish\New Dataset\train_split\Parasitic diseases\Parasitic diseases_aug_307.jpg,Parasitic diseases,fish,train,True
C:\Users\Asus\PycharmProjects\AquaVision_v1\datasets\fish\New Dataset\train_split\Parasitic diseases\Parasitic diseases_aug_308.jpg,Parasitic diseases,fish,train,True
C:\Users\Asus\PycharmProjects\AquaVision_v1\datasets\fish\New Dataset\train_split\Parasitic diseases\Parasitic diseases_aug_309.jpg,Parasitic diseases,fish,train,True
C:\Users\Asus\PycharmProjects\AquaVision_v1\datasets\fish\New Dataset\train_split\Parasitic diseases\Parasitic diseases_aug_31.jpg,Parasitic diseases,fish,train,True
C:\Users\Asus\PycharmProjects\AquaVision_v1\datasets\fish\New Dataset\train_split\Parasitic diseases\Parasitic diseases_aug_310.jpg,Parasitic diseases,fish,train,True
C:\Users\Asus\PycharmProjects\AquaVision_v1\datasets\fish\New Dataset\train_split\Parasitic diseases\Parasitic diseases_aug_312.jpg,Parasitic diseases,fish,train,True
C:\Users\Asus\PycharmProjects\AquaVision_v1\datasets\fish\New Dataset\train_split\Parasitic diseases\Parasitic diseases_aug_313.jpg,Parasitic diseases,fish,train,True
C:\Users\Asus\PycharmProjects\AquaVision_v1\datasets\fish\New Dataset\train_split\Parasitic diseases\Parasitic diseases_aug_314.jpg,Parasitic diseases,fish,train,True
C:\Users\Asus\PycharmProjects\AquaVision_v1\datasets\fish\New Dataset\train_split\Parasitic diseases\Parasitic diseases_aug_315.jpg,Parasitic diseases,fish,train,True
C:\Users\Asus\PycharmProjects\AquaVision_v1\datasets\fish\New Dataset\train_split\Parasitic diseases\Parasitic diseases_aug_317.jpg,Parasitic diseases,fish,train,True
C:\Users\Asus\PycharmProjects\AquaVision_v1\datasets\fish\New Dataset\train_split\Parasitic diseases\Parasitic diseases_aug_318.jpg,Parasitic diseases,fish,train,True
C:\Users\Asus\PycharmProjects\AquaVision_v1\datasets\fish\New Dataset\train_split\Parasitic diseases\Parasitic diseases_aug_319.jpg,Parasitic diseases,fish,train,True
C:\Users\Asus\PycharmProjects\AquaVision_v1\datasets\fish\New Dataset\train_split\Parasitic diseases\Parasitic diseases_aug_321.jpg,Parasitic diseases,fish,train,True
C:\Users\Asus\PycharmProjects\AquaVision_v1\datasets\fish\New Dataset\train_split\Parasitic diseases\Parasitic diseases_aug_322.jpg,Parasitic diseases,fish,train,True
C:\Users\Asus\PycharmProjects\AquaVision_v1\datasets\fish\New Dataset\train_split\Parasitic diseases\Parasitic diseases_aug_323.jpg,Parasitic diseases,fish,train,True
C:\Users\Asus\PycharmProjects\AquaVision_v1\datasets\fish\New Dataset\train_split\Parasitic diseases\Parasitic diseases_aug_324.jpg,Parasitic diseases,fish,train,True
C:\Users\Asus\PycharmProjects\AquaVision_v1\datasets\fish\New Dataset\train_split\Parasitic diseases\Parasitic diseases_aug_327.jpg,Parasitic diseases,fish,train,True
C:\Users\Asus\PycharmProjects\AquaVision_v1\datasets\fish\New Dataset\train_split\Parasitic diseases\Parasitic diseases_aug_328.jpg,Parasitic diseases,fish,train,True
C:\Users\Asus\PycharmProjects\AquaVision_v1\datasets\fish\New Dataset\train_split\Parasitic diseases\Parasitic diseases_aug_329.jpg,Parasitic diseases,fish,train,True
C:\Users\Asus\PycharmProjects\AquaVision_v1\datasets\fish\New Dataset\train_split\Parasitic diseases\Parasitic diseases_aug_33.jpg,Parasitic diseases,fish,train,True
C:\Users\Asus\PycharmProjects\AquaVision_v1\datasets\fish\New Dataset\train_split\Parasitic diseases\Parasitic diseases_aug_34.jpg,Parasitic diseases,fish,train,True
C:\Users\Asus\PycharmProjects\AquaVision_v1\datasets\fish\New Dataset\train_split\Parasitic diseases\Parasitic diseases_aug_35.jpg,Parasitic diseases,fish,train,True
C:\Users\Asus\PycharmProjects\AquaVision_v1\datasets\fish\New Dataset\train_split\Parasitic diseases\Parasitic diseases_aug_36.jpg,Parasitic diseases,fish,train,True
C:\Users\Asus\PycharmProjects\AquaVision_v1\datasets\fish\New Dataset\train_split\Parasitic diseases\Parasitic diseases_aug_38.jpg,Parasitic diseases,fish,train,True
C:\Users\Asus\PycharmProjects\AquaVision_v1\datasets\fish\New Dataset\train_split\Parasitic diseases\Parasitic diseases_aug_39.jpg,Parasitic diseases,fish,train,True
C:\Users\Asus\PycharmProjects\AquaVision_v1\datasets\fish\New Dataset\train_split\Parasitic diseases\Parasitic diseases_aug_4.jpg,Parasitic diseases,fish,train,True
C:\Users\Asus\PycharmProjects\AquaVision_v1\datasets\fish\New Dataset\train_split\Parasitic diseases\Parasitic diseases_aug_40.jpg,Parasitic diseases,fish,train,True
C:\Users\Asus\PycharmProjects\AquaVision_v1\datasets\fish\New Dataset\train_split\Parasitic diseases\Parasitic diseases_aug_41.jpg,Parasitic diseases,fish,train,True
C:\Users\Asus\PycharmProjects\AquaVision_v1\datasets\fish\New Dataset\train_split\Parasitic diseases\Parasitic diseases_aug_42.jpg,Parasitic diseases,fish,train,True
C:\Users\Asus\PycharmProjects\AquaVision_v1\datasets\fish\New Dataset\train_split\Parasitic diseases\Parasitic diseases_aug_43.jpg,Parasitic diseases,fish,train,True
C:\Users\Asus\PycharmProjects\AquaVision_v1\datasets\fish\New Dataset\train_split\Parasitic diseases\Parasitic diseases_aug_45.jpg,Parasitic diseases,fish,train,True
C:\Users\Asus\PycharmProjects\AquaVision_v1\datasets\fish\New Dataset\train_split\Parasitic diseases\Parasitic diseases_aug_47.jpg,Parasitic diseases,fish,train,True
C:\Users\Asus\PycharmProjects\AquaVision_v1\datasets\fish\New Dataset\train_split\Parasitic diseases\Parasitic diseases_aug_48.jpg,Parasitic diseases,fish,train,True
C:\Users\Asus\PycharmProjects\AquaVision_v1\datasets\fish\New Dataset\train_split\Parasitic diseases\Parasitic diseases_aug_49.jpg,Parasitic diseases,fish,train,True
C:\Users\Asus\PycharmProjects\AquaVision_v1\datasets\fish\New Dataset\train_split\Parasitic diseases\Parasitic diseases_aug_5.jpg,Parasitic diseases,fish,train,True
C:\Users\Asus\PycharmProjects\AquaVision_v1\datasets\fish\New Dataset\train_split\Parasitic diseases\Parasitic diseases_aug_50.jpg,Parasitic diseases,fish,train,True
C:\Users\Asus\PycharmProjects\AquaVision_v1\datasets\fish\New Dataset\train_split\Parasitic diseases\Parasitic diseases_aug_51.jpg,Parasitic diseases,fish,train,True
C:\Users\Asus\PycharmProjects\AquaVision_v1\datasets\fish\New Dataset\train_split\Parasitic diseases\Parasitic diseases_aug_52.jpg,Parasitic diseases,fish,train,True
C:\Users\Asus\PycharmProjects\AquaVision_v1\datasets\fish\New Dataset\train_split\Parasitic diseases\Parasitic diseases_aug_53.jpg,Parasitic diseases,fish,train,True
C:\Users\Asus\PycharmProjects\AquaVision_v1\datasets\fish\New Dataset\train_split\Parasitic diseases\Parasitic diseases_aug_54.jpg,Parasitic diseases,fish,train,True
C:\Users\Asus\PycharmProjects\AquaVision_v1\datasets\fish\New Dataset\train_split\Parasitic diseases\Parasitic diseases_aug_55.jpg,Parasitic diseases,fish,train,True
C:\Users\Asus\PycharmProjects\AquaVision_v1\datasets\fish\New Dataset\train_split\Parasitic diseases\Parasitic diseases_aug_56.jpg,Parasitic diseases,fish,train,True
C:\Users\Asus\PycharmProjects\AquaVision_v1\datasets\fish\New Dataset\train_split\Parasitic diseases\Parasitic diseases_aug_57.jpg,Parasitic diseases,fish,train,True
C:\Users\Asus\PycharmProjects\AquaVision_v1\datasets\fish\New Dataset\train_split\Parasitic diseases\Parasitic diseases_aug_58.jpg,Parasitic diseases,fish,train,True
C:\Users\Asus\PycharmProjects\AquaVision_v1\datasets\fish\New Dataset\train_split\Parasitic diseases\Parasitic diseases_aug_59.jpg,Parasitic diseases,fish,train,True
C:\Users\Asus\PycharmProjects\AquaVision_v1\datasets\fish\New Dataset\train_split\Parasitic diseases\Parasitic diseases_aug_6.jpg,Parasitic diseases,fish,train,True
C:\Users\Asus\PycharmProjects\AquaVision_v1\datasets\fish\New Dataset\train_split\Parasitic diseases\Parasitic diseases_aug_60.jpg,Parasitic diseases,fish,train,True
C:\Users\Asus\PycharmProjects\AquaVision_v1\datasets\fish\New Dataset\train_split\Parasitic diseases\Parasitic diseases_aug_61.jpg,Parasitic diseases,fish,train,True
C:\Users\Asus\PycharmProjects\AquaVision_v1\datasets\fish\New Dataset\train_split\Parasitic diseases\Parasitic diseases_aug_62.jpg,Parasitic diseases,fish,train,True
C:\Users\Asus\PycharmProjects\AquaVision_v1\datasets\fish\New Dataset\train_split\Parasitic diseases\Parasitic diseases_aug_63.jpg,Parasitic diseases,fish,train,True
C:\Users\Asus\PycharmProjects\AquaVision_v1\datasets\fish\New Dataset\train_split\Parasitic diseases\Parasitic diseases_aug_64.jpg,Parasitic diseases,fish,train,True
C:\Users\Asus\PycharmProjects\AquaVision_v1\datasets\fish\New Dataset\train_split\Parasitic diseases\Parasitic diseases_aug_65.jpg,Parasitic diseases,fish,train,True
C:\Users\Asus\PycharmProjects\AquaVision_v1\datasets\fish\New Dataset\train_split\Parasitic diseases\Parasitic diseases_aug_66.jpg,Parasitic diseases,fish,train,True
C:\Users\Asus\PycharmProjects\AquaVision_v1\datasets\fish\New Dataset\train_split\Parasitic diseases\Parasitic diseases_aug_67.jpg,Parasitic diseases,fish,train,True
C:\Users\Asus\PycharmProjects\AquaVision_v1\datasets\fish\New Dataset\train_split\Parasitic diseases\Parasitic diseases_aug_68.jpg,Parasitic diseases,fish,train,True
C:\Users\Asus\PycharmProjects\AquaVision_v1\datasets\fish\New Dataset\train_split\Parasitic diseases\Parasitic diseases_aug_69.jpg,Parasitic diseases,fish,train,True
C:\Users\Asus\PycharmProjects\AquaVision_v1\datasets\fish\New Dataset\train_split\Parasitic diseases\Parasitic diseases_aug_70.jpg,Parasitic diseases,fish,train,True
C:\Users\Asus\PycharmProjects\AquaVision_v1\datasets\fish\New Dataset\train_split\Parasitic diseases\Parasitic diseases_aug_71.jpg,Parasitic diseases,fish,train,True
C:\Users\Asus\PycharmProjects\AquaVision_v1\datasets\fish\New Dataset\train_split\Parasitic diseases\Parasitic diseases_aug_72.jpg,Parasitic diseases,fish,train,True
C:\Users\Asus\PycharmProjects\AquaVision_v1\datasets\fish\New Dataset\train_split\Parasitic diseases\Parasitic diseases_aug_74.jpg,Parasitic diseases,fish,train,True
C:\Users\Asus\PycharmProjects\AquaVision_v1\datasets\fish\New Dataset\train_split\Parasitic diseases\Parasitic diseases_aug_75.jpg,Parasitic diseases,fish,train,True
C:\Users\Asus\PycharmProjects\AquaVision_v1\datasets\fish\New Dataset\train_split\Parasitic diseases\Parasitic diseases_aug_77.jpg,Parasitic diseases,fish,train,True
C:\Users\Asus\PycharmProjects\AquaVision_v1\datasets\fish\New Dataset\train_split\Parasitic diseases\Parasitic diseases_aug_78.jpg,Parasitic diseases,fish,train,True
C:\Users\Asus\PycharmProjects\AquaVision_v1\datasets\fish\New Dataset\train_split\Parasitic diseases\Parasitic diseases_aug_80.jpg,Parasitic diseases,fish,train,True
C:\Users\Asus\PycharmProjects\AquaVision_v1\datasets\fish\New Dataset\train_split\Parasitic diseases\Parasitic diseases_aug_81.jpg,Parasitic diseases,fish,train,True
C:\Users\Asus\PycharmProjects\AquaVision_v1\datasets\fish\New Dataset\train_split\Parasitic diseases\Parasitic diseases_aug_82.jpg,Parasitic diseases,fish,train,True
C:\Users\Asus\PycharmProjects\AquaVision_v1\datasets\fish\New Dataset\train_split\Parasitic diseases\Parasitic diseases_aug_83.jpg,Parasitic diseases,fish,train,True
C:\Users\Asus\PycharmProjects\AquaVision_v1\datasets\fish\New Dataset\train_split\Parasitic diseases\Parasitic diseases_aug_84.jpg,Parasitic diseases,fish,train,True
C:\Users\Asus\PycharmProjects\AquaVision_v1\datasets\fish\New Dataset\train_split\Parasitic diseases\Parasitic diseases_aug_85.jpg,Parasitic diseases,fish,train,True
C:\Users\Asus\PycharmProjects\AquaVision_v1\datasets\fish\New Dataset\train_split\Parasitic diseases\Parasitic diseases_aug_87.jpg,Parasitic diseases,fish,train,True
C:\Users\Asus\PycharmProjects\AquaVision_v1\datasets\fish\New Dataset\train_split\Parasitic diseases\Parasitic diseases_aug_88.jpg,Parasitic diseases,fish,train,True
C:\Users\Asus\PycharmProjects\AquaVision_v1\datasets\fish\New Dataset\train_split\Parasitic diseases\Parasitic diseases_aug_9.jpg,Parasitic diseases,fish,train,True
C:\Users\Asus\PycharmProjects\AquaVision_v1\datasets\fish\New Dataset\train_split\Parasitic diseases\Parasitic diseases_aug_90.jpg,Parasitic diseases,fish,train,True
C:\Users\Asus\PycharmProjects\AquaVision_v1\datasets\fish\New Dataset\train_split\Parasitic diseases\Parasitic diseases_aug_91.jpg,Parasitic diseases,fish,train,True
C:\Users\Asus\PycharmProjects\AquaVision_v1\datasets\fish\New Dataset\train_split\Parasitic diseases\Parasitic diseases_aug_93.jpg,Parasitic diseases,fish,train,True
C:\Users\Asus\PycharmProjects\AquaVision_v1\datasets\fish\New Dataset\train_split\Parasitic diseases\Parasitic diseases_aug_94.jpg,Parasitic diseases,fish,train,True
C:\Users\Asus\PycharmProjects\AquaVision_v1\datasets\fish\New Dataset\train_split\Parasitic diseases\Parasitic diseases_aug_95.jpg,Parasitic diseases,fish,train,True
C:\Users\Asus\PycharmProjects\AquaVision_v1\datasets\fish\New Dataset\train_split\Parasitic diseases\Parasitic diseases_aug_96.jpg,Parasitic diseases,fish,train,True
C:\Users\Asus\PycharmProjects\AquaVision_v1\datasets\fish\New Dataset\train_split\Parasitic diseases\Parasitic diseases_aug_97.jpg,Parasitic diseases,fish,train,True
C:\Users\Asus\PycharmProjects\AquaVision_v1\datasets\fish\New Dataset\train_split\Parasitic diseases\Parasitic diseases_aug_98.jpg,Parasitic diseases,fish,train,True
C:\Users\Asus\PycharmProjects\AquaVision_v1\datasets\fish\New Dataset\train_split\Parasitic diseases\Parasitic diseases_aug_99.jpg,Parasitic diseases,fish,train,True
C:\Users\Asus\PycharmProjects\AquaVision_v1\datasets\fish\New Dataset\train_split\Viral diseases White tail disease\Viral diseases White tail disease_1.jpeg,Viral diseases White tail disease,fish,train,False
C:\Users\Asus\PycharmProjects\AquaVision_v1\datasets\fish\New Dataset\train_split\Viral diseases White tail disease\Viral diseases White tail disease_10.jpg,Viral diseases White tail disease,fish,train,False
C:\Users\Asus\PycharmProjects\AquaVision_v1\datasets\fish\New Dataset\train_split\Viral diseases White tail disease\Viral diseases White tail disease_100.jpg,Viral diseases White tail disease,fish,train,False
C:\Users\Asus\PycharmProjects\AquaVision_v1\datasets\fish\New Dataset\train_split\Viral diseases White tail disease\Viral diseases White tail disease_101.jpg,Viral diseases White tail disease,fish,train,False
C:\Users\Asus\PycharmProjects\AquaVision_v1\datasets\fish\New Dataset\train_split\Viral diseases White tail disease\Viral diseases White tail disease_104.jpg,Viral diseases White tail disease,fish,train,False
C:\Users\Asus\PycharmProjects\AquaVision_v1\datasets\fish\New Dataset\train_split\Viral diseases White tail disease\Viral diseases White tail disease_111.jpg,Viral diseases White tail disease,fish,train,False
C:\Users\Asus\PycharmProjects\AquaVision_v1\datasets\fish\New Dataset\train_split\Viral diseases White tail disease\Viral diseases White tail disease_112.jpg,Viral diseases White tail disease,fish,train,False
C:\Users\Asus\PycharmProjects\AquaVision_v1\datasets\fish\New Dataset\train_split\Viral diseases White tail disease\Viral diseases White tail disease_114.jpg,Viral diseases White tail disease,fish,train,False
C:\Users\Asus\PycharmProjects\AquaVision_v1\datasets\fish\New Dataset\train_split\Viral diseases White tail disease\Viral diseases White tail disease_115.jpg,Viral diseases White tail disease,fish,train,False
C:\Users\Asus\PycharmProjects\AquaVision_v1\datasets\fish\New Dataset\train_split\Viral diseases White tail disease\Viral diseases White tail disease_122.jpg,Viral diseases White tail disease,fish,train,False
C:\Users\Asus\PycharmProjects\AquaVision_v1\datasets\fish\New Dataset\train_split\Viral diseases White tail disease\Viral diseases White tail disease_123.jpg,Viral diseases White tail disease,fish,train,False
C:\Users\Asus\PycharmProjects\AquaVision_v1\datasets\fish\New Dataset\train_split\Viral diseases White tail disease\Viral diseases White tail disease_124.jpg,Viral diseases White tail disease,fish,train,False
C:\Users\Asus\PycharmProjects\AquaVision_v1\datasets\fish\New Dataset\train_split\Viral diseases White tail disease\Viral diseases White tail disease_125.jpg,Viral diseases White tail disease,fish,train,False
C:\Users\Asus\PycharmProjects\AquaVision_v1\datasets\fish\New Dataset\train_split\Viral diseases White tail disease\Viral diseases White tail disease_126.jpg,Viral diseases White tail disease,fish,train,False
C:\Users\Asus\PycharmProjects\AquaVision_v1\datasets\fish\New Dataset\train_split\Viral diseases White tail disease\Viral diseases White tail disease_127.jpg,Viral diseases White tail disease,fish,train,False
C:\Users\Asus\PycharmProjects\AquaVision_v1\datasets\fish\New Dataset\train_split\Viral diseases White tail disease\Viral diseases White tail disease_128.jpg,Viral diseases White tail disease,fish,train,False
C:\Users\Asus\PycharmProjects\AquaVision_v1\datasets\fish\New Dataset\train_split\Viral diseases White tail disease\Viral diseases White tail disease_13.jpg,Viral diseases White tail disease,fish,train,False
C:\Users\Asus\PycharmProjects\AquaVision_v1\datasets\fish\New Dataset\train_split\Viral diseases White tail disease\Viral diseases White tail disease_135.jpg,Viral diseases White tail disease,fish,train,False
C:\Users\Asus\PycharmProjects\AquaVision_v1\datasets\fish\New Dataset\train_split\Viral diseases White tail disease\Viral diseases White tail disease_14.jpg,Viral diseases White tail disease,fish,train,False
C:\Users\Asus\PycharmProjects\AquaVision_v1\datasets\fish\New Dataset\train_split\Viral diseases White tail disease\Viral diseases White tail disease_152.jpg,Viral diseases White tail disease,fish,train,False
C:\Users\Asus\PycharmProjects\AquaVision_v1\datasets\fish\New Dataset\train_split\Viral diseases White tail disease\Viral diseases White tail disease_155.jpg,Viral diseases White tail disease,fish,train,False
C:\Users\Asus\PycharmProjects\AquaVision_v1\datasets\fish\New Dataset\train_split\Viral diseases White tail disease\Viral diseases White tail disease_157.jpg,Viral diseases White tail disease,fish,train,False
C:\Users\Asus\PycharmProjects\AquaVision_v1\datasets\fish\New Dataset\train_split\Viral diseases White tail disease\Viral diseases White tail disease_159.jpg,Viral diseases White tail disease,fish,train,False
C:\Users\Asus\PycharmProjects\AquaVision_v1\datasets\fish\New Dataset\train_split\Viral diseases White tail disease\Viral diseases White tail disease_160.jpg,Viral diseases White tail disease,fish,train,False
C:\Users\Asus\PycharmProjects\AquaVision_v1\datasets\fish\New Dataset\train_split\Viral diseases White tail disease\Viral diseases White tail disease_163.jpg,Viral diseases White tail disease,fish,train,False
C:\Users\Asus\PycharmProjects\AquaVision_v1\datasets\fish\New Dataset\train_split\Viral diseases White tail disease\Viral diseases White tail disease_167.jpg,Viral diseases White tail disease,fish,train,False
C:\Users\Asus\PycharmProjects\AquaVision_v1\datasets\fish\New Dataset\train_split\Viral diseases White tail disease\Viral diseases White tail disease_169.jpg,Viral diseases White tail disease,fish,train,False
C:\Users\Asus\PycharmProjects\AquaVision_v1\datasets\fish\New Dataset\train_split\Viral diseases White tail disease\Viral diseases White tail disease_170.jpg,Viral diseases White tail disease,fish,train,False
C:\Users\Asus\PycharmProjects\AquaVision_v1\datasets\fish\New Dataset\train_split\Viral diseases White tail disease\Viral diseases White tail disease_173.jpg,Viral diseases White tail disease,fish,train,False
C:\Users\Asus\PycharmProjects\AquaVision_v1\datasets\fish\New Dataset\train_split\Viral diseases White tail disease\Viral diseases White tail disease_174.jpg,Viral diseases White tail disease,fish,train,False
C:\Users\Asus\PycharmProjects\AquaVision_v1\datasets\fish\New Dataset\train_split\Viral diseases White tail disease\Viral diseases White tail disease_178.jpg,Viral diseases White tail disease,fish,train,False
C:\Users\Asus\PycharmProjects\AquaVision_v1\datasets\fish\New Dataset\train_split\Viral diseases White tail disease\Viral diseases White tail disease_18.jpg,Viral diseases White tail disease,fish,train,False
C:\Users\Asus\PycharmProjects\AquaVision_v1\datasets\fish\New Dataset\train_split\Viral diseases White tail disease\Viral diseases White tail disease_180.jpg,Viral diseases White tail disease,fish,train,False
C:\Users\Asus\PycharmProjects\AquaVision_v1\datasets\fish\New Dataset\train_split\Viral diseases White tail disease\Viral diseases White tail disease_183.jpg,Viral diseases White tail disease,fish,train,False
C:\Users\Asus\PycharmProjects\AquaVision_v1\datasets\fish\New Dataset\train_split\Viral diseases White tail disease\Viral diseases White tail disease_187.jpg,Viral diseases White tail disease,fish,train,False
C:\Users\Asus\PycharmProjects\AquaVision_v1\datasets\fish\New Dataset\train_split\Viral diseases White tail disease\Viral diseases White tail disease_188.jpg,Viral diseases White tail disease,fish,train,False
C:\Users\Asus\PycharmProjects\AquaVision_v1\datasets\fish\New Dataset\train_split\Viral diseases White tail disease\Viral diseases White tail disease_189.jpg,Viral diseases White tail disease,fish,train,False
C:\Users\Asus\PycharmProjects\AquaVision_v1\datasets\fish\New Dataset\train_split\Viral diseases White tail disease\Viral diseases White tail disease_190.jpg,Viral diseases White tail disease,fish,train,False
C:\Users\Asus\PycharmProjects\AquaVision_v1\datasets\fish\New Dataset\train_split\Viral diseases White tail disease\Viral diseases White tail disease_191.jpg,Viral diseases White tail disease,fish,train,False
C:\Users\Asus\PycharmProjects\AquaVision_v1\datasets\fish\New Dataset\train_split\Viral diseases White tail disease\Viral diseases White tail disease_192.jpg,Viral diseases White tail disease,fish,train,False
C:\Users\Asus\PycharmProjects\AquaVision_v1\datasets\fish\New Dataset\train_split\Viral diseases White tail disease\Viral diseases White tail disease_195.jpg,Viral diseases White tail disease,fish,train,False
C:\Users\Asus\PycharmProjects\AquaVision_v1\datasets\fish\New Dataset\train_split\Viral diseases White tail disease\Viral diseases White tail disease_2.jpg,Viral diseases White tail disease,fish,train,False
C:\Users\Asus\PycharmProjects\AquaVision_v1\datasets\fish\New Dataset\train_split\Viral diseases White tail disease\Viral diseases White tail disease_20.jpeg,Viral diseases White tail disease,fish,train,False
C:\Users\Asus\PycharmProjects\AquaVision_v1\datasets\fish\New Dataset\train_split\Viral diseases White tail disease\Viral diseases White tail disease_200.jpg,Viral diseases White tail disease,fish,train,False
C:\Users\Asus\PycharmProjects\AquaVision_v1\datasets\fish\New Dataset\train_split\Viral diseases White tail disease\Viral diseases White tail disease_202.jpg,Viral diseases White tail disease,fish,train,False
C:\Users\Asus\PycharmProjects\AquaVision_v1\datasets\fish\New Dataset\train_split\Viral diseases White tail disease\Viral diseases White tail disease_208.jpg,Viral diseases White tail disease,fish,train,False
C:\Users\Asus\PycharmProjects\AquaVision_v1\datasets\fish\New Dataset\train_split\Viral diseases White tail disease\Viral diseases White tail disease_210.jpg,Viral diseases White tail disease,fish,train,False
C:\Users\Asus\PycharmProjects\AquaVision_v1\datasets\fish\New Dataset\train_split\Viral diseases White tail disease\Viral diseases White tail disease_213.jpg,Viral diseases White tail disease,fish,train,False
C:\Users\Asus\PycharmProjects\AquaVision_v1\datasets\fish\New Dataset\train_split\Viral diseases White tail disease\Viral diseases White tail disease_215.jpg,Viral diseases White tail disease,fish,train,False
C:\Users\Asus\PycharmProjects\AquaVision_v1\datasets\fish\New Dataset\train_split\Viral diseases White tail disease\Viral diseases White tail disease_218.jpg,Viral diseases White tail disease,fish,train,False
C:\Users\Asus\PycharmProjects\AquaVision_v1\datasets\fish\New Dataset\train_split\Viral diseases White tail disease\Viral diseases White tail disease_22.png,Viral diseases White tail disease,fish,train,False
C:\Users\Asus\PycharmProjects\AquaVision_v1\datasets\fish\New Dataset\train_split\Viral diseases White tail disease\Viral diseases White tail disease_222.jpg,Viral diseases White tail disease,fish,train,False
C:\Users\Asus\PycharmProjects\AquaVision_v1\datasets\fish\New Dataset\train_split\Viral diseases White tail disease\Viral diseases White tail disease_23.jpg,Viral diseases White tail disease,fish,train,False
C:\Users\Asus\PycharmProjects\AquaVision_v1\datasets\fish\New Dataset\train_split\Viral diseases White tail disease\Viral diseases White tail disease_239.jpg,Viral diseases White tail disease,fish,train,False
C:\Users\Asus\PycharmProjects\AquaVision_v1\datasets\fish\New Dataset\train_split\Viral diseases White tail disease\Viral diseases White tail disease_24.jpg,Viral diseases White tail disease,fish,train,False
C:\Users\Asus\PycharmProjects\AquaVision_v1\datasets\fish\New Dataset\train_split\Viral diseases White tail disease\Viral diseases White tail disease_241.jpg,Viral diseases White tail disease,fish,train,False
C:\Users\Asus\PycharmProjects\AquaVision_v1\datasets\fish\New Dataset\train_split\Viral diseases White tail disease\Viral diseases White tail disease_242.jpg,Viral diseases White tail disease,fish,train,False
C:\Users\Asus\PycharmProjects\AquaVision_v1\datasets\fish\New Dataset\train_split\Viral diseases White tail disease\Viral diseases White tail disease_244.jpg,Viral diseases White tail disease,fish,train,False
C:\Users\Asus\PycharmProjects\AquaVision_v1\datasets\fish\New Dataset\train_split\Viral diseases White tail disease\Viral diseases White tail disease_26.jpg,Viral diseases White tail disease,fish,train,False
C:\Users\Asus\PycharmProjects\AquaVision_v1\datasets\fish\New Dataset\train_split\Viral diseases White tail disease\Viral diseases White tail disease_29.jpg,Viral diseases White tail disease,fish,train,False
C:\Users\Asus\PycharmProjects\AquaVision_v1\datasets\fish\New Dataset\train_split\Viral diseases White tail disease\Viral diseases White tail disease_3.png,Viral diseases White tail disease,fish,train,False
C:\Users\Asus\PycharmProjects\AquaVision_v1\datasets\fish\New Dataset\train_split\Viral diseases White tail disease\Viral diseases White tail disease_30.jpeg,Viral diseases White tail disease,fish,train,False
C:\Users\Asus\PycharmProjects\AquaVision_v1\datasets\fish\New Dataset\train_split\Viral diseases White tail disease\Viral diseases White tail disease_31.jpg,Viral diseases White tail disease,fish,train,False
C:\Users\Asus\PycharmProjects\AquaVision_v1\datasets\fish\New Dataset\train_split\Viral diseases White tail disease\Viral diseases White tail disease_32.png,Viral diseases White tail disease,fish,train,False
C:\Users\Asus\PycharmProjects\AquaVision_v1\datasets\fish\New Dataset\train_split\Viral diseases White tail disease\Viral diseases White tail disease_34.jpg,Viral diseases White tail disease,fish,train,False
C:\Users\Asus\PycharmProjects\AquaVision_v1\datasets\fish\New Dataset\train_split\Viral diseases White tail disease\Viral diseases White tail disease_35.jpg,Viral diseases White tail disease,fish,train,False
C:\Users\Asus\PycharmProjects\AquaVision_v1\datasets\fish\New Dataset\train_split\Viral diseases White tail disease\Viral diseases White tail disease_36.jpg,Viral diseases White tail disease,fish,train,False
C:\Users\Asus\PycharmProjects\AquaVision_v1\datasets\fish\New Dataset\train_split\Viral diseases White tail disease\Viral diseases White tail disease_37.jpg,Viral diseases White tail disease,fish,train,False
C:\Users\Asus\PycharmProjects\AquaVision_v1\datasets\fish\New Dataset\train_split\Viral diseases White tail disease\Viral diseases White tail disease_38.jpg,Viral diseases White tail disease,fish,train,False
C:\Users\Asus\PycharmProjects\AquaVision_v1\datasets\fish\New Dataset\train_split\Viral diseases White tail disease\Viral diseases White tail disease_39.jpg,Viral diseases White tail disease,fish,train,False
C:\Users\Asus\PycharmProjects\AquaVision_v1\datasets\fish\New Dataset\train_split\Viral diseases White tail disease\Viral diseases White tail disease_4.jpeg,Viral diseases White tail disease,fish,train,False
C:\Users\Asus\PycharmProjects\AquaVision_v1\datasets\fish\New Dataset\train_split\Viral diseases White tail disease\Viral diseases White tail disease_41.jpg,Viral diseases White tail disease,fish,train,False
C:\Users\Asus\PycharmProjects\AquaVision_v1\datasets\fish\New Dataset\train_split\Viral diseases White tail disease\Viral diseases White tail disease_45.jpg,Viral diseases White tail disease,fish,train,False
C:\Users\Asus\PycharmProjects\AquaVision_v1\datasets\fish\New Dataset\train_split\Viral diseases White tail disease\Viral diseases White tail disease_46.jpg,Viral diseases White tail disease,fish,train,False
C:\Users\Asus\PycharmProjects\AquaVision_v1\datasets\fish\New Dataset\train_split\Viral diseases White tail disease\Viral diseases White tail disease_47.jpg,Viral diseases White tail disease,fish,train,False
C:\Users\Asus\PycharmProjects\AquaVision_v1\datasets\fish\New Dataset\train_split\Viral diseases White tail disease\Viral diseases White tail disease_48.jpg,Viral diseases White tail disease,fish,train,False
C:\Users\Asus\PycharmProjects\AquaVision_v1\datasets\fish\New Dataset\train_split\Viral diseases White tail disease\Viral diseases White tail disease_49.jpg,Viral diseases White tail disease,fish,train,False
C:\Users\Asus\PycharmProjects\AquaVision_v1\datasets\fish\New Dataset\train_split\Viral diseases White tail disease\Viral diseases White tail disease_5.jpg,Viral diseases White tail disease,fish,train,False
C:\Users\Asus\PycharmProjects\AquaVision_v1\datasets\fish\New Dataset\train_split\Viral diseases White tail disease\Viral diseases White tail disease_50.jpg,Viral diseases White tail disease,fish,train,False
C:\Users\Asus\PycharmProjects\AquaVision_v1\datasets\fish\New Dataset\train_split\Viral diseases White tail disease\Viral diseases White tail disease_51.jpg,Viral diseases White tail disease,fish,train,False
C:\Users\Asus\PycharmProjects\AquaVision_v1\datasets\fish\New Dataset\train_split\Viral diseases White tail disease\Viral diseases White tail disease_52.jpg,Viral diseases White tail disease,fish,train,False
C:\Users\Asus\PycharmProjects\AquaVision_v1\datasets\fish\New Dataset\train_split\Viral diseases White tail disease\Viral diseases White tail disease_53.jpg,Viral diseases White tail disease,fish,train,False
C:\Users\Asus\PycharmProjects\AquaVision_v1\datasets\fish\New Dataset\train_split\Viral diseases White tail disease\Viral diseases White tail disease_54.jpg,Viral diseases White tail disease,fish,train,False
C:\Users\Asus\PycharmProjects\AquaVision_v1\datasets\fish\New Dataset\train_split\Viral diseases White tail disease\Viral diseases White tail disease_55.png,Viral diseases White tail disease,fish,train,False
C:\Users\Asus\PycharmProjects\AquaVision_v1\datasets\fish\New Dataset\train_split\Viral diseases White tail disease\Viral diseases White tail disease_57.jpg,Viral diseases White tail disease,fish,train,False
C:\Users\Asus\PycharmProjects\AquaVision_v1\datasets\fish\New Dataset\train_split\Viral diseases White tail disease\Viral diseases White tail disease_6.jpg,Viral diseases White tail disease,fish,train,False
C:\Users\Asus\PycharmProjects\AquaVision_v1\datasets\fish\New Dataset\train_split\Viral diseases White tail disease\Viral diseases White tail disease_60.jpg,Viral diseases White tail disease,fish,train,False
C:\Users\Asus\PycharmProjects\AquaVision_v1\datasets\fish\New Dataset\train_split\Viral diseases White tail disease\Viral diseases White tail disease_61.jpg,Viral diseases White tail disease,fish,train,False
C:\Users\Asus\PycharmProjects\AquaVision_v1\datasets\fish\New Dataset\train_split\Viral diseases White tail disease\Viral diseases White tail disease_62.jpg,Viral diseases White tail disease,fish,train,False
C:\Users\Asus\PycharmProjects\AquaVision_v1\datasets\fish\New Dataset\train_split\Viral diseases White tail disease\Viral diseases White tail disease_63.jpg,Viral diseases White tail disease,fish,train,False
C:\Users\Asus\PycharmProjects\AquaVision_v1\datasets\fish\New Dataset\train_split\Viral diseases White tail disease\Viral diseases White tail disease_67.jpg,Viral diseases White tail disease,fish,train,False
C:\Users\Asus\PycharmProjects\AquaVision_v1\datasets\fish\New Dataset\train_split\Viral diseases White tail disease\Viral diseases White tail disease_70.jpg,Viral diseases White tail disease,fish,train,False
C:\Users\Asus\PycharmProjects\AquaVision_v1\datasets\fish\New Dataset\train_split\Viral diseases White tail disease\Viral diseases White tail disease_71.jpg,Viral diseases White tail disease,fish,train,False
C:\Users\Asus\PycharmProjects\AquaVision_v1\datasets\fish\New Dataset\train_split\Viral diseases White tail disease\Viral diseases White tail disease_72.jpg,Viral diseases White tail disease,fish,train,False
C:\Users\Asus\PycharmProjects\AquaVision_v1\datasets\fish\New Dataset\train_split\Viral diseases White tail disease\Viral diseases White tail disease_74.jpg,Viral diseases White tail disease,fish,train,False
C:\Users\Asus\PycharmProjects\AquaVision_v1\datasets\fish\New Dataset\train_split\Viral diseases White tail disease\Viral diseases White tail disease_75.jpg,Viral diseases White tail disease,fish,train,False
C:\Users\Asus\PycharmProjects\AquaVision_v1\datasets\fish\New Dataset\train_split\Viral diseases White tail disease\Viral diseases White tail disease_76.jpg,Viral diseases White tail disease,fish,train,False
C:\Users\Asus\PycharmProjects\AquaVision_v1\datasets\fish\New Dataset\train_split\Viral diseases White tail disease\Viral diseases White tail disease_8.jpg,Viral diseases White tail disease,fish,train,False
C:\Users\Asus\PycharmProjects\AquaVision_v1\datasets\fish\New Dataset\train_split\Viral diseases White tail disease\Viral diseases White tail disease_81.jpg,Viral diseases White tail disease,fish,train,False
C:\Users\Asus\PycharmProjects\AquaVision_v1\datasets\fish\New Dataset\train_split\Viral diseases White tail disease\Viral diseases White tail disease_86.jpeg,Viral diseases White tail disease,fish,train,False
C:\Users\Asus\PycharmProjects\AquaVision_v1\datasets\fish\New Dataset\train_split\Viral diseases White tail disease\Viral diseases White tail disease_88.jpg,Viral diseases White tail disease,fish,train,False
C:\Users\Asus\PycharmProjects\AquaVision_v1\datasets\fish\New Dataset\train_split\Viral diseases White tail disease\Viral diseases White tail disease_9.jpg,Viral diseases White tail disease,fish,train,False
C:\Users\Asus\PycharmProjects\AquaVision_v1\datasets\fish\New Dataset\train_split\Viral diseases White tail disease\Viral diseases White tail disease_91.jpg,Viral diseases White tail disease,fish,train,False
C:\Users\Asus\PycharmProjects\AquaVision_v1\datasets\fish\New Dataset\train_split\Viral diseases White tail disease\Viral diseases White tail disease_92.jpg,Viral diseases White tail disease,fish,train,False
C:\Users\Asus\PycharmProjects\AquaVision_v1\datasets\fish\New Dataset\train_split\Viral diseases White tail disease\Viral diseases White tail disease_94.jpg,Viral diseases White tail disease,fish,train,False
C:\Users\Asus\PycharmProjects\AquaVision_v1\datasets\fish\New Dataset\train_split\Viral diseases White tail disease\Viral diseases White tail disease_95.jpg,Viral diseases White tail disease,fish,train,False
C:\Users\Asus\PycharmProjects\AquaVision_v1\datasets\fish\New Dataset\train_split\Viral diseases White tail disease\Viral diseases White tail disease_98.jpg,Viral diseases White tail disease,fish,train,False
C:\Users\Asus\PycharmProjects\AquaVision_v1\datasets\fish\New Dataset\train_split\Viral diseases White tail disease\Viral diseases White tail disease_99.jpg,Viral diseases White tail disease,fish,train,False
C:\Users\Asus\PycharmProjects\AquaVision_v1\datasets\fish\New Dataset\train_split\Viral diseases White tail disease\Viral diseases White tail disease_aug_0.jpg,Viral diseases White tail disease,fish,train,True
C:\Users\Asus\PycharmProjects\AquaVision_v1\datasets\fish\New Dataset\train_split\Viral diseases White tail disease\Viral diseases White tail disease_aug_1.jpg,Viral diseases White tail disease,fish,train,True
C:\Users\Asus\PycharmProjects\AquaVision_v1\datasets\fish\New Dataset\train_split\Viral diseases White tail disease\Viral diseases White tail disease_aug_10.jpg,Viral diseases White tail disease,fish,train,True
C:\Users\Asus\PycharmProjects\AquaVision_v1\datasets\fish\New Dataset\train_split\Viral diseases White tail disease\Viral diseases White tail disease_aug_100.jpg,Viral diseases White tail disease,fish,train,True
C:\Users\Asus\PycharmProjects\AquaVision_v1\datasets\fish\New Dataset\train_split\Viral diseases White tail disease\Viral diseases White tail disease_aug_102.jpg,Viral diseases White tail disease,fish,train,True
C:\Users\Asus\PycharmProjects\AquaVision_v1\datasets\fish\New Dataset\train_split\Viral diseases White tail disease\Viral diseases White tail disease_aug_105.jpg,Viral diseases White tail disease,fish,train,True
C:\Users\Asus\PycharmProjects\AquaVision_v1\datasets\fish\New Dataset\train_split\Viral diseases White tail disease\Viral diseases White tail disease_aug_106.jpg,Viral diseases White tail disease,fish,train,True
C:\Users\Asus\PycharmProjects\AquaVision_v1\datasets\fish\New Dataset\train_split\Viral diseases White tail disease\Viral diseases White tail disease_aug_109.jpg,Viral diseases White tail disease,fish,train,True
C:\Users\Asus\PycharmProjects\AquaVision_v1\datasets\fish\New Dataset\train_split\Viral diseases White tail disease\Viral diseases White tail disease_aug_110.jpg,Viral diseases White tail disease,fish,train,True
C:\Users\Asus\PycharmProjects\AquaVision_v1\datasets\fish\New Dataset\train_split\Viral diseases White tail disease\Viral diseases White tail disease_aug_111.jpg,Viral diseases White tail disease,fish,train,True
C:\Users\Asus\PycharmProjects\AquaVision_v1\datasets\fish\New Dataset\train_split\Viral diseases White tail disease\Viral diseases White tail disease_aug_112.jpg,Viral diseases White tail disease,fish,train,True
C:\Users\Asus\PycharmProjects\AquaVision_v1\datasets\fish\New Dataset\train_split\Viral diseases White tail disease\Viral diseases White tail disease_aug_116.jpg,Viral diseases White tail disease,fish,train,True
C:\Users\Asus\PycharmProjects\AquaVision_v1\datasets\fish\New Dataset\train_split\Viral diseases White tail disease\Viral diseases White tail disease_aug_117.jpg,Viral diseases White tail disease,fish,train,True
C:\Users\Asus\PycharmProjects\AquaVision_v1\datasets\fish\New Dataset\train_split\Viral diseases White tail disease\Viral diseases White tail disease_aug_119.jpg,Viral diseases White tail disease,fish,train,True
C:\Users\Asus\PycharmProjects\AquaVision_v1\datasets\fish\New Dataset\train_split\Viral diseases White tail disease\Viral diseases White tail disease_aug_12.jpg,Viral diseases White tail disease,fish,train,True
C:\Users\Asus\PycharmProjects\AquaVision_v1\datasets\fish\New Dataset\train_split\Viral diseases White tail disease\Viral diseases White tail disease_aug_120.jpg,Viral diseases White tail disease,fish,train,True
C:\Users\Asus\PycharmProjects\AquaVision_v1\datasets\fish\New Dataset\train_split\Viral diseases White tail disease\Viral diseases White tail disease_aug_121.jpg,Viral diseases White tail disease,fish,train,True
C:\Users\Asus\PycharmProjects\AquaVision_v1\datasets\fish\New Dataset\train_split\Viral diseases White tail disease\Viral diseases White tail disease_aug_122.jpg,Viral diseases White tail disease,fish,train,True
C:\Users\Asus\PycharmProjects\AquaVision_v1\datasets\fish\New Dataset\train_split\Viral diseases White tail disease\Viral diseases White tail disease_aug_123.jpg,Viral diseases White tail disease,fish,train,True
C:\Users\Asus\PycharmProjects\AquaVision_v1\datasets\fish\New Dataset\train_split\Viral diseases White tail disease\Viral diseases White tail disease_aug_124.jpg,Viral diseases White tail disease,fish,train,True
C:\Users\Asus\PycharmProjects\AquaVision_v1\datasets\fish\New Dataset\train_split\Viral diseases White tail disease\Viral diseases White tail disease_aug_125.jpg,Viral diseases White tail disease,fish,train,True
C:\Users\Asus\PycharmProjects\AquaVision_v1\datasets\fish\New Dataset\train_split\Viral diseases White tail disease\Viral diseases White tail disease_aug_126.jpg,Viral diseases White tail disease,fish,train,True
C:\Users\Asus\PycharmProjects\AquaVision_v1\datasets\fish\New Dataset\train_split\Viral diseases White tail disease\Viral diseases White tail disease_aug_127.jpg,Viral diseases White tail disease,fish,train,True
C:\Users\Asus\PycharmProjects\AquaVision_v1\datasets\fish\New Dataset\train_split\Viral diseases White tail disease\Viral diseases White tail disease_aug_128.jpg,Viral diseases White tail disease,fish,train,True
C:\Users\Asus\PycharmProjects\AquaVision_v1\datasets\fish\New Dataset\train_split\Viral diseases White tail disease\Viral diseases White tail disease_aug_129.jpg,Viral diseases White tail disease,fish,train,True
C:\Users\Asus\PycharmProjects\AquaVision_v1\datasets\fish\New Dataset\train_split\Viral diseases White tail disease\Viral diseases White tail disease_aug_130.jpg,Viral diseases White tail disease,fish,train,True
C:\Users\Asus\PycharmProjects\AquaVision_v1\datasets\fish\New Dataset\train_split\Viral diseases White tail disease\Viral diseases White tail disease_aug_131.jpg,Viral diseases White tail disease,fish,train,True
C:\Users\Asus\PycharmProjects\AquaVision_v1\datasets\fish\New Dataset\train_split\Viral diseases White tail disease\Viral diseases White tail disease_aug_132.jpg,Viral diseases White tail disease,fish,train,True
C:\Users\Asus\PycharmProjects\AquaVision_v1\datasets\fish\New Dataset\train_split\Viral diseases White tail disease\Viral diseases White tail disease_aug_133.jpg,Viral diseases White tail disease,fish,train,True
C:\Users\Asus\PycharmProjects\AquaVision_v1\datasets\fish\New Dataset\train_split\Viral diseases White tail disease\Viral diseases White tail disease_aug_134.jpg,Viral diseases White tail disease,fish,train,True
C:\Users\Asus\PycharmProjects\AquaVision_v1\datasets\fish\New Dataset\train_split\Viral diseases White tail disease\Viral diseases White tail disease_aug_135.jpg,Viral diseases White tail disease,fish,train,True
C:\Users\Asus\PycharmProjects\AquaVision_v1\datasets\fish\New Dataset\train_split\Viral diseases White tail disease\Viral diseases White tail disease_aug_136.jpg,Viral diseases White tail disease,fish,train,True
C:\Users\Asus\PycharmProjects\AquaVision_v1\datasets\fish\New Dataset\train_split\Viral diseases White tail disease\Viral diseases White tail disease_aug_137.jpg,Viral diseases White tail disease,fish,train,True
C:\Users\Asus\PycharmProjects\AquaVision_v1\datasets\fish\New Dataset\train_split\Viral diseases White tail disease\Viral diseases White tail disease_aug_138.jpg,Viral diseases White tail disease,fish,train,True
C:\Users\Asus\PycharmProjects\AquaVision_v1\datasets\fish\New Dataset\train_split\Viral diseases White tail disease\Viral diseases White tail disease_aug_139.jpg,Viral diseases White tail disease,fish,train,True
C:\Users\Asus\PycharmProjects\AquaVision_v1\datasets\fish\New Dataset\train_split\Viral diseases White tail disease\Viral diseases White tail disease_aug_14.jpg,Viral diseases White tail disease,fish,train,True
C:\Users\Asus\PycharmProjects\AquaVision_v1\datasets\fish\New Dataset\train_split\Viral diseases White tail disease\Viral diseases White tail disease_aug_140.jpg,Viral diseases White tail disease,fish,train,True
C:\Users\Asus\PycharmProjects\AquaVision_v1\datasets\fish\New Dataset\train_split\Viral diseases White tail disease\Viral diseases White tail disease_aug_143.jpg,Viral diseases White tail disease,fish,train,True
C:\Users\Asus\PycharmProjects\AquaVision_v1\datasets\fish\New Dataset\train_split\Viral diseases White tail disease\Viral diseases White tail disease_aug_144.jpg,Viral diseases White tail disease,fish,train,True
C:\Users\Asus\PycharmProjects\AquaVision_v1\datasets\fish\New Dataset\train_split\Viral diseases White tail disease\Viral diseases White tail disease_aug_145.jpg,Viral diseases White tail disease,fish,train,True
C:\Users\Asus\PycharmProjects\AquaVision_v1\datasets\fish\New Dataset\train_split\Viral diseases White tail disease\Viral diseases White tail disease_aug_146.jpg,Viral diseases White tail disease,fish,train,True
C:\Users\Asus\PycharmProjects\AquaVision_v1\datasets\fish\New Dataset\train_split\Viral diseases White tail disease\Viral diseases White tail disease_aug_147.jpg,Viral diseases White tail disease,fish,train,True
C:\Users\Asus\PycharmProjects\AquaVision_v1\datasets\fish\New Dataset\train_split\Viral diseases White tail disease\Viral diseases White tail disease_aug_148.jpg,Viral diseases White tail disease,fish,train,True
C:\Users\Asus\PycharmProjects\AquaVision_v1\datasets\fish\New Dataset\train_split\Viral diseases White tail disease\Viral diseases White tail disease_aug_149.jpg,Viral diseases White tail disease,fish,train,True
C:\Users\Asus\PycharmProjects\AquaVision_v1\datasets\fish\New Dataset\train_split\Viral diseases White tail disease\Viral diseases White tail disease_aug_150.jpg,Viral diseases White tail disease,fish,train,True
C:\Users\Asus\PycharmProjects\AquaVision_v1\datasets\fish\New Dataset\train_split\Viral diseases White tail disease\Viral diseases White tail disease_aug_151.jpg,Viral diseases White tail disease,fish,train,True
C:\Users\Asus\PycharmProjects\AquaVision_v1\datasets\fish\New Dataset\train_split\Viral diseases White tail disease\Viral diseases White tail disease_aug_152.jpg,Viral diseases White tail disease,fish,train,True
C:\Users\Asus\PycharmProjects\AquaVision_v1\datasets\fish\New Dataset\train_split\Viral diseases White tail disease\Viral diseases White tail disease_aug_153.jpg,Viral diseases White tail disease,fish,train,True
C:\Users\Asus\PycharmProjects\AquaVision_v1\datasets\fish\New Dataset\train_split\Viral diseases White tail disease\Viral diseases White tail disease_aug_154.jpg,Viral diseases White tail disease,fish,train,True
C:\Users\Asus\PycharmProjects\AquaVision_v1\datasets\fish\New Dataset\train_split\Viral diseases White tail disease\Viral diseases White tail disease_aug_155.jpg,Viral diseases White tail disease,fish,train,True
C:\Users\Asus\PycharmProjects\AquaVision_v1\datasets\fish\New Dataset\train_split\Viral diseases White tail disease\Viral diseases White tail disease_aug_156.jpg,Viral diseases White tail disease,fish,train,True
C:\Users\Asus\PycharmProjects\AquaVision_v1\datasets\fish\New Dataset\train_split\Viral diseases White tail disease\Viral diseases White tail disease_aug_157.jpg,Viral diseases White tail disease,fish,train,True
C:\Users\Asus\PycharmProjects\AquaVision_v1\datasets\fish\New Dataset\train_split\Viral diseases White tail disease\Viral diseases White tail disease_aug_158.jpg,Viral diseases White tail disease,fish,train,True
C:\Users\Asus\PycharmProjects\AquaVision_v1\datasets\fish\New Dataset\train_split\Viral diseases White tail disease\Viral diseases White tail disease_aug_159.jpg,Viral diseases White tail disease,fish,train,True
C:\Users\Asus\PycharmProjects\AquaVision_v1\datasets\fish\New Dataset\train_split\Viral diseases White tail disease\Viral diseases White tail disease_aug_16.jpg,Viral diseases White tail disease,fish,train,True
C:\Users\Asus\PycharmProjects\AquaVision_v1\datasets\fish\New Dataset\train_split\Viral diseases White tail disease\Viral diseases White tail disease_aug_160.jpg,Viral diseases White tail disease,fish,train,True
C:\Users\Asus\PycharmProjects\AquaVision_v1\datasets\fish\New Dataset\train_split\Viral diseases White tail disease\Viral diseases White tail disease_aug_161.jpg,Viral diseases White tail disease,fish,train,True
C:\Users\Asus\PycharmProjects\AquaVision_v1\datasets\fish\New Dataset\train_split\Viral diseases White tail disease\Viral diseases White tail disease_aug_162.jpg,Viral diseases White tail disease,fish,train,True
C:\Users\Asus\PycharmProjects\AquaVision_v1\datasets\fish\New Dataset\train_split\Viral diseases White tail disease\Viral diseases White tail disease_aug_163.jpg,Viral diseases White tail disease,fish,train,True
C:\Users\Asus\PycharmProjects\AquaVision_v1\datasets\fish\New Dataset\train_split\Viral diseases White tail disease\Viral diseases White tail disease_aug_164.jpg,Viral diseases White tail disease,fish,train,True
C:\Users\Asus\PycharmProjects\AquaVision_v1\datasets\fish\New Dataset\train_split\Viral diseases White tail disease\Viral diseases White tail disease_aug_165.jpg,Viral diseases White tail disease,fish,train,True
C:\Users\Asus\PycharmProjects\AquaVision_v1\datasets\fish\New Dataset\train_split\Viral diseases White tail disease\Viral diseases White tail disease_aug_166.jpg,Viral diseases White tail disease,fish,train,True
C:\Users\Asus\PycharmProjects\AquaVision_v1\datasets\fish\New Dataset\train_split\Viral diseases White tail disease\Viral diseases White tail disease_aug_167.jpg,Viral diseases White tail disease,fish,train,True
C:\Users\Asus\PycharmProjects\AquaVision_v1\datasets\fish\New Dataset\train_split\Viral diseases White tail disease\Viral diseases White tail disease_aug_168.jpg,Viral diseases White tail disease,fish,train,True
C:\Users\Asus\PycharmProjects\AquaVision_v1\datasets\fish\New Dataset\train_split\Viral diseases White tail disease\Viral diseases White tail disease_aug_169.jpg,Viral diseases White tail disease,fish,train,True
C:\Users\Asus\PycharmProjects\AquaVision_v1\datasets\fish\New Dataset\train_split\Viral diseases White tail disease\Viral diseases White tail disease_aug_17.jpg,Viral diseases White tail disease,fish,train,True
C:\Users\Asus\PycharmProjects\AquaVision_v1\datasets\fish\New Dataset\train_split\Viral diseases White tail disease\Viral diseases White tail disease_aug_171.jpg,Viral diseases White tail disease,fish,train,True
C:\Users\Asus\PycharmProjects\AquaVision_v1\datasets\fish\New Dataset\train_split\Viral diseases White tail disease\Viral diseases White tail disease_aug_172.jpg,Viral diseases White tail disease,fish,train,True
C:\Users\Asus\PycharmProjects\AquaVision_v1\datasets\fish\New Dataset\train_split\Viral diseases White tail disease\Viral diseases White tail disease_aug_173.jpg,Viral diseases White tail disease,fish,train,True
C:\Users\Asus\PycharmProjects\AquaVision_v1\datasets\fish\New Dataset\train_split\Viral diseases White tail disease\Viral diseases White tail disease_aug_174.jpg,Viral diseases White tail disease,fish,train,True
C:\Users\Asus\PycharmProjects\AquaVision_v1\datasets\fish\New Dataset\train_split\Viral diseases White tail disease\Viral diseases White tail disease_aug_175.jpg,Viral diseases White tail disease,fish,train,True
C:\Users\Asus\PycharmProjects\AquaVision_v1\datasets\fish\New Dataset\train_split\Viral diseases White tail disease\Viral diseases White tail disease_aug_176.jpg,Viral diseases White tail disease,fish,train,True
C:\Users\Asus\PycharmProjects\AquaVision_v1\datasets\fish\New Dataset\train_split\Viral diseases White tail disease\Viral diseases White tail disease_aug_178.jpg,Viral diseases White tail disease,fish,train,True
C:\Users\Asus\PycharmProjects\AquaVision_v1\datasets\fish\New Dataset\train_split\Viral diseases White tail disease\Viral diseases White tail disease_aug_18.jpg,Viral diseases White tail disease,fish,train,True
C:\Users\Asus\PycharmProjects\AquaVision_v1\datasets\fish\New Dataset\train_split\Viral diseases White tail disease\Viral diseases White tail disease_aug_180.jpg,Viral diseases White tail disease,fish,train,True
C:\Users\Asus\PycharmProjects\AquaVision_v1\datasets\fish\New Dataset\train_split\Viral diseases White tail disease\Viral diseases White tail disease_aug_181.jpg,Viral diseases White tail disease,fish,train,True
C:\Users\Asus\PycharmProjects\AquaVision_v1\datasets\fish\New Dataset\train_split\Viral diseases White tail disease\Viral diseases White tail disease_aug_182.jpg,Viral diseases White tail disease,fish,train,True
C:\Users\Asus\PycharmProjects\AquaVision_v1\datasets\fish\New Dataset\train_split\Viral diseases White tail disease\Viral diseases White tail disease_aug_185.jpg,Viral diseases White tail disease,fish,train,True
C:\Users\Asus\PycharmProjects\AquaVision_v1\datasets\fish\New Dataset\train_split\Viral diseases White tail disease\Viral diseases White tail disease_aug_186.jpg,Viral diseases White tail disease,fish,train,True
C:\Users\Asus\PycharmProjects\AquaVision_v1\datasets\fish\New Dataset\train_split\Viral diseases White tail disease\Viral diseases White tail disease_aug_187.jpg,Viral diseases White tail disease,fish,train,True
C:\Users\Asus\PycharmProjects\AquaVision_v1\datasets\fish\New Dataset\train_split\Viral diseases White tail disease\Viral diseases White tail disease_aug_188.jpg,Viral diseases White tail disease,fish,train,True
C:\Users\Asus\PycharmProjects\AquaVision_v1\datasets\fish\New Dataset\train_split\Viral diseases White tail disease\Viral diseases White tail disease_aug_19.jpg,Viral diseases White tail disease,fish,train,True
C:\Users\Asus\PycharmProjects\AquaVision_v1\datasets\fish\New Dataset\train_split\Viral diseases White tail disease\Viral diseases White tail disease_aug_190.jpg,Viral diseases White tail disease,fish,train,True
C:\Users\Asus\PycharmProjects\AquaVision_v1\datasets\fish\New Dataset\train_split\Viral diseases White tail disease\Viral diseases White tail disease_aug_191.jpg,Viral diseases White tail disease,fish,train,True
C:\Users\Asus\PycharmProjects\AquaVision_v1\datasets\fish\New Dataset\train_split\Viral diseases White tail disease\Viral diseases White tail disease_aug_193.jpg,Viral diseases White tail disease,fish,train,True
C:\Users\Asus\PycharmProjects\AquaVision_v1\datasets\fish\New Dataset\train_split\Viral diseases White tail disease\Viral diseases White tail disease_aug_194.jpg,Viral diseases White tail disease,fish,train,True
C:\Users\Asus\PycharmProjects\AquaVision_v1\datasets\fish\New Dataset\train_split\Viral diseases White tail disease\Viral diseases White tail disease_aug_195.jpg,Viral diseases White tail disease,fish,train,True
C:\Users\Asus\PycharmProjects\AquaVision_v1\datasets\fish\New Dataset\train_split\Viral diseases White tail disease\Viral diseases White tail disease_aug_196.jpg,Viral diseases White tail disease,fish,train,True
C:\Users\Asus\PycharmProjects\AquaVision_v1\datasets\fish\New Dataset\train_split\Viral diseases White tail disease\Viral diseases White tail disease_aug_197.jpg,Viral diseases White tail disease,fish,train,True
C:\Users\Asus\PycharmProjects\AquaVision_v1\datasets\fish\New Dataset\train_split\Viral diseases White tail disease\Viral diseases White tail disease_aug_198.jpg,Viral diseases White tail disease,fish,train,True
C:\Users\Asus\PycharmProjects\AquaVision_v1\datasets\fish\New Dataset\train_split\Viral diseases White tail disease\Viral diseases White tail disease_aug_199.jpg,Viral diseases White tail disease,fish,train,True
C:\Users\Asus\PycharmProjects\AquaVision_v1\datasets\fish\New Dataset\train_split\Viral diseases White tail disease\Viral diseases White tail disease_aug_2.jpg,Viral diseases White tail disease,fish,train,True
C:\Users\Asus\PycharmProjects\AquaVision_v1\datasets\fish\New Dataset\train_split\Viral diseases White tail disease\Viral diseases White tail disease_aug_20.jpg,Viral diseases White tail disease,fish,train,True
C:\Users\Asus\PycharmProjects\AquaVision_v1\datasets\fish\New Dataset\train_split\Viral diseases White tail disease\Viral diseases White tail disease_aug_200.jpg,Viral diseases White tail disease,fish,train,True
C:\Users\Asus\PycharmProjects\AquaVision_v1\datasets\fish\New Dataset\train_split\Viral diseases White tail disease\Viral diseases White tail disease_aug_201.jpg,Viral diseases White tail disease,fish,train,True
C:\Users\Asus\PycharmProjects\AquaVision_v1\datasets\fish\New Dataset\train_split\Viral diseases White tail disease\Viral diseases White tail disease_aug_202.jpg,Viral diseases White tail disease,fish,train,True
C:\Users\Asus\PycharmProjects\AquaVision_v1\datasets\fish\New Dataset\train_split\Viral diseases White tail disease\Viral diseases White tail disease_aug_203.jpg,Viral diseases White tail disease,fish,train,True
C:\Users\Asus\PycharmProjects\AquaVision_v1\datasets\fish\New Dataset\train_split\Viral diseases White tail disease\Viral diseases White tail disease_aug_204.jpg,Viral diseases White tail disease,fish,train,True
C:\Users\Asus\PycharmProjects\AquaVision_v1\datasets\fish\New Dataset\train_split\Viral diseases White tail disease\Viral diseases White tail disease_aug_205.jpg,Viral diseases White tail disease,fish,train,True
C:\Users\Asus\PycharmProjects\AquaVision_v1\datasets\fish\New Dataset\train_split\Viral diseases White tail disease\Viral diseases White tail disease_aug_206.jpg,Viral diseases White tail disease,fish,train,True
C:\Users\Asus\PycharmProjects\AquaVision_v1\datasets\fish\New Dataset\train_split\Viral diseases White tail disease\Viral diseases White tail disease_aug_207.jpg,Viral diseases White tail disease,fish,train,True
C:\Users\Asus\PycharmProjects\AquaVision_v1\datasets\fish\New Dataset\train_split\Viral diseases White tail disease\Viral diseases White tail disease_aug_208.jpg,Viral diseases White tail disease,fish,train,True
C:\Users\Asus\PycharmProjects\AquaVision_v1\datasets\fish\New Dataset\train_split\Viral diseases White tail disease\Viral diseases White tail disease_aug_21.jpg,Viral diseases White tail disease,fish,train,True
C:\Users\Asus\PycharmProjects\AquaVision_v1\datasets\fish\New Dataset\train_split\Viral diseases White tail disease\Viral diseases White tail disease_aug_210.jpg,Viral diseases White tail disease,fish,train,True
C:\Users\Asus\PycharmProjects\AquaVision_v1\datasets\fish\New Dataset\train_split\Viral diseases White tail disease\Viral diseases White tail disease_aug_211.jpg,Viral diseases White tail disease,fish,train,True
C:\Users\Asus\PycharmProjects\AquaVision_v1\datasets\fish\New Dataset\train_split\Viral diseases White tail disease\Viral diseases White tail disease_aug_212.jpg,Viral diseases White tail disease,fish,train,True
C:\Users\Asus\PycharmProjects\AquaVision_v1\datasets\fish\New Dataset\train_split\Viral diseases White tail disease\Viral diseases White tail disease_aug_213.jpg,Viral diseases White tail disease,fish,train,True
C:\Users\Asus\PycharmProjects\AquaVision_v1\datasets\fish\New Dataset\train_split\Viral diseases White tail disease\Viral diseases White tail disease_aug_214.jpg,Viral diseases White tail disease,fish,train,True
C:\Users\Asus\PycharmProjects\AquaVision_v1\datasets\fish\New Dataset\train_split\Viral diseases White tail disease\Viral diseases White tail disease_aug_215.jpg,Viral diseases White tail disease,fish,train,True
C:\Users\Asus\PycharmProjects\AquaVision_v1\datasets\fish\New Dataset\train_split\Viral diseases White tail disease\Viral diseases White tail disease_aug_217.jpg,Viral diseases White tail disease,fish,train,True
C:\Users\Asus\PycharmProjects\AquaVision_v1\datasets\fish\New Dataset\train_split\Viral diseases White tail disease\Viral diseases White tail disease_aug_219.jpg,Viral diseases White tail disease,fish,train,True
C:\Users\Asus\PycharmProjects\AquaVision_v1\datasets\fish\New Dataset\train_split\Viral diseases White tail disease\Viral diseases White tail disease_aug_22.jpg,Viral diseases White tail disease,fish,train,True
C:\Users\Asus\PycharmProjects\AquaVision_v1\datasets\fish\New Dataset\train_split\Viral diseases White tail disease\Viral diseases White tail disease_aug_220.jpg,Viral diseases White tail disease,fish,train,True
C:\Users\Asus\PycharmProjects\AquaVision_v1\datasets\fish\New Dataset\train_split\Viral diseases White tail disease\Viral diseases White tail disease_aug_221.jpg,Viral diseases White tail disease,fish,train,True
C:\Users\Asus\PycharmProjects\AquaVision_v1\datasets\fish\New Dataset\train_split\Viral diseases White tail disease\Viral diseases White tail disease_aug_222.jpg,Viral diseases White tail disease,fish,train,True
C:\Users\Asus\PycharmProjects\AquaVision_v1\datasets\fish\New Dataset\train_split\Viral diseases White tail disease\Viral diseases White tail disease_aug_223.jpg,Viral diseases White tail disease,fish,train,True
C:\Users\Asus\PycharmProjects\AquaVision_v1\datasets\fish\New Dataset\train_split\Viral diseases White tail disease\Viral diseases White tail disease_aug_224.jpg,Viral diseases White tail disease,fish,train,True
C:\Users\Asus\PycharmProjects\AquaVision_v1\datasets\fish\New Dataset\train_split\Viral diseases White tail disease\Viral diseases White tail disease_aug_225.jpg,Viral diseases White tail disease,fish,train,True
C:\Users\Asus\PycharmProjects\AquaVision_v1\datasets\fish\New Dataset\train_split\Viral diseases White tail disease\Viral diseases White tail disease_aug_227.jpg,Viral diseases White tail disease,fish,train,True
C:\Users\Asus\PycharmProjects\AquaVision_v1\datasets\fish\New Dataset\train_split\Viral diseases White tail disease\Viral diseases White tail disease_aug_228.jpg,Viral diseases White tail disease,fish,train,True
C:\Users\Asus\PycharmProjects\AquaVision_v1\datasets\fish\New Dataset\train_split\Viral diseases White tail disease\Viral diseases White tail disease_aug_23.jpg,Viral diseases White tail disease,fish,train,True
C:\Users\Asus\PycharmProjects\AquaVision_v1\datasets\fish\New Dataset\train_split\Viral diseases White tail disease\Viral diseases White tail disease_aug_233.jpg,Viral diseases White tail disease,fish,train,True
C:\Users\Asus\PycharmProjects\AquaVision_v1\datasets\fish\New Dataset\train_split\Viral diseases White tail disease\Viral diseases White tail disease_aug_235.jpg,Viral diseases White tail disease,fish,train,True
C:\Users\Asus\PycharmProjects\AquaVision_v1\datasets\fish\New Dataset\train_split\Viral diseases White tail disease\Viral diseases White tail disease_aug_236.jpg,Viral diseases White tail disease,fish,train,True
C:\Users\Asus\PycharmProjects\AquaVision_v1\datasets\fish\New Dataset\train_split\Viral diseases White tail disease\Viral diseases White tail disease_aug_237.jpg,Viral diseases White tail disease,fish,train,True
C:\Users\Asus\PycharmProjects\AquaVision_v1\datasets\fish\New Dataset\train_split\Viral diseases White tail disease\Viral diseases White tail disease_aug_238.jpg,Viral diseases White tail disease,fish,train,True
C:\Users\Asus\PycharmProjects\AquaVision_v1\datasets\fish\New Dataset\train_split\Viral diseases White tail disease\Viral diseases White tail disease_aug_239.jpg,Viral diseases White tail disease,fish,train,True
C:\Users\Asus\PycharmProjects\AquaVision_v1\datasets\fish\New Dataset\train_split\Viral diseases White tail disease\Viral diseases White tail disease_aug_24.jpg,Viral diseases White tail disease,fish,train,True
C:\Users\Asus\PycharmProjects\AquaVision_v1\datasets\fish\New Dataset\train_split\Viral diseases White tail disease\Viral diseases White tail disease_aug_240.jpg,Viral diseases White tail disease,fish,train,True
C:\Users\Asus\PycharmProjects\AquaVision_v1\datasets\fish\New Dataset\train_split\Viral diseases White tail disease\Viral diseases White tail disease_aug_242.jpg,Viral diseases White tail disease,fish,train,True
C:\Users\Asus\PycharmProjects\AquaVision_v1\datasets\fish\New Dataset\train_split\Viral diseases White tail disease\Viral diseases White tail disease_aug_244.jpg,Viral diseases White tail disease,fish,train,True
C:\Users\Asus\PycharmProjects\AquaVision_v1\datasets\fish\New Dataset\train_split\Viral diseases White tail disease\Viral diseases White tail disease_aug_246.jpg,Viral diseases White tail disease,fish,train,True
C:\Users\Asus\PycharmProjects\AquaVision_v1\datasets\fish\New Dataset\train_split\Viral diseases White tail disease\Viral diseases White tail disease_aug_247.jpg,Viral diseases White tail disease,fish,train,True
C:\Users\Asus\PycharmProjects\AquaVision_v1\datasets\fish\New Dataset\train_split\Viral diseases White tail disease\Viral diseases White tail disease_aug_248.jpg,Viral diseases White tail disease,fish,train,True
C:\Users\Asus\PycharmProjects\AquaVision_v1\datasets\fish\New Dataset\train_split\Viral diseases White tail disease\Viral diseases White tail disease_aug_249.jpg,Viral diseases White tail disease,fish,train,True
C:\Users\Asus\PycharmProjects\AquaVision_v1\datasets\fish\New Dataset\train_split\Viral diseases White tail disease\Viral diseases White tail disease_aug_25.jpg,Viral diseases White tail disease,fish,train,True
C:\Users\Asus\PycharmProjects\AquaVision_v1\datasets\fish\New Dataset\train_split\Viral diseases White tail disease\Viral diseases White tail disease_aug_250.jpg,Viral diseases White tail disease,fish,train,True
C:\Users\Asus\PycharmProjects\AquaVision_v1\datasets\fish\New Dataset\train_split\Viral diseases White tail disease\Viral diseases White tail disease_aug_251.jpg,Viral diseases White tail disease,fish,train,True
C:\Users\Asus\PycharmProjects\AquaVision_v1\datasets\fish\New Dataset\train_split\Viral diseases White tail disease\Viral diseases White tail disease_aug_253.jpg,Viral diseases White tail disease,fish,train,True
C:\Users\Asus\PycharmProjects\AquaVision_v1\datasets\fish\New Dataset\train_split\Viral diseases White tail disease\Viral diseases White tail disease_aug_254.jpg,Viral diseases White tail disease,fish,train,True
C:\Users\Asus\PycharmProjects\AquaVision_v1\datasets\fish\New Dataset\train_split\Viral diseases White tail disease\Viral diseases White tail disease_aug_255.jpg,Viral diseases White tail disease,fish,train,True
C:\Users\Asus\PycharmProjects\AquaVision_v1\datasets\fish\New Dataset\train_split\Viral diseases White tail disease\Viral diseases White tail disease_aug_257.jpg,Viral diseases White tail disease,fish,train,True
C:\Users\Asus\PycharmProjects\AquaVision_v1\datasets\fish\New Dataset\train_split\Viral diseases White tail disease\Viral diseases White tail disease_aug_258.jpg,Viral diseases White tail disease,fish,train,True
C:\Users\Asus\PycharmProjects\AquaVision_v1\datasets\fish\New Dataset\train_split\Viral diseases White tail disease\Viral diseases White tail disease_aug_259.jpg,Viral diseases White tail disease,fish,train,True
C:\Users\Asus\PycharmProjects\AquaVision_v1\datasets\fish\New Dataset\train_split\Viral diseases White tail disease\Viral diseases White tail disease_aug_26.jpg,Viral diseases White tail disease,fish,train,True
C:\Users\Asus\PycharmProjects\AquaVision_v1\datasets\fish\New Dataset\train_split\Viral diseases White tail disease\Viral diseases White tail disease_aug_260.jpg,Viral diseases White tail disease,fish,train,True
C:\Users\Asus\PycharmProjects\AquaVision_v1\datasets\fish\New Dataset\train_split\Viral diseases White tail disease\Viral diseases White tail disease_aug_261.jpg,Viral diseases White tail disease,fish,train,True
C:\Users\Asus\PycharmProjects\AquaVision_v1\datasets\fish\New Dataset\train_split\Viral diseases White tail disease\Viral diseases White tail disease_aug_263.jpg,Viral diseases White tail disease,fish,train,True
C:\Users\Asus\PycharmProjects\AquaVision_v1\datasets\fish\New Dataset\train_split\Viral diseases White tail disease\Viral diseases White tail disease_aug_264.jpg,Viral diseases White tail disease,fish,train,True
C:\Users\Asus\PycharmProjects\AquaVision_v1\datasets\fish\New Dataset\train_split\Viral diseases White tail disease\Viral diseases White tail disease_aug_266.jpg,Viral diseases White tail disease,fish,train,True
C:\Users\Asus\PycharmProjects\AquaVision_v1\datasets\fish\New Dataset\train_split\Viral diseases White tail disease\Viral diseases White tail disease_aug_267.jpg,Viral diseases White tail disease,fish,train,True
C:\Users\Asus\PycharmProjects\AquaVision_v1\datasets\fish\New Dataset\train_split\Viral diseases White tail disease\Viral diseases White tail disease_aug_268.jpg,Viral diseases White tail disease,fish,train,True
C:\Users\Asus\PycharmProjects\AquaVision_v1\datasets\fish\New Dataset\train_split\Viral diseases White tail disease\Viral diseases White tail disease_aug_269.jpg,Viral diseases White tail disease,fish,train,True
C:\Users\Asus\PycharmProjects\AquaVision_v1\datasets\fish\New Dataset\train_split\Viral diseases White tail disease\Viral diseases White tail disease_aug_27.jpg,Viral diseases White tail disease,fish,train,True
C:\Users\Asus\PycharmProjects\AquaVision_v1\datasets\fish\New Dataset\train_split\Viral diseases White tail disease\Viral diseases White tail disease_aug_270.jpg,Viral diseases White tail disease,fish,train,True
C:\Users\Asus\PycharmProjects\AquaVision_v1\datasets\fish\New Dataset\train_split\Viral diseases White tail disease\Viral diseases White tail disease_aug_271.jpg,Viral diseases White tail disease,fish,train,True
C:\Users\Asus\PycharmProjects\AquaVision_v1\datasets\fish\New Dataset\train_split\Viral diseases White tail disease\Viral diseases White tail disease_aug_273.jpg,Viral diseases White tail disease,fish,train,True
C:\Users\Asus\PycharmProjects\AquaVision_v1\datasets\fish\New Dataset\train_split\Viral diseases White tail disease\Viral diseases White tail disease_aug_274.jpg,Viral diseases White tail disease,fish,train,True
C:\Users\Asus\PycharmProjects\AquaVision_v1\datasets\fish\New Dataset\train_split\Viral diseases White tail disease\Viral diseases White tail disease_aug_275.jpg,Viral diseases White tail disease,fish,train,True
C:\Users\Asus\PycharmProjects\AquaVision_v1\datasets\fish\New Dataset\train_split\Viral diseases White tail disease\Viral diseases White tail disease_aug_276.jpg,Viral diseases White tail disease,fish,train,True
C:\Users\Asus\PycharmProjects\AquaVision_v1\datasets\fish\New Dataset\train_split\Viral diseases White tail disease\Viral diseases White tail disease_aug_277.jpg,Viral diseases White tail disease,fish,train,True
C:\Users\Asus\PycharmProjects\AquaVision_v1\datasets\fish\New Dataset\train_split\Viral diseases White tail disease\Viral diseases White tail disease_aug_278.jpg,Viral diseases White tail disease,fish,train,True
C:\Users\Asus\PycharmProjects\AquaVision_v1\datasets\fish\New Dataset\train_split\Viral diseases White tail disease\Viral diseases White tail disease_aug_279.jpg,Viral diseases White tail disease,fish,train,True
C:\Users\Asus\PycharmProjects\AquaVision_v1\datasets\fish\New Dataset\train_split\Viral diseases White tail disease\Viral diseases White tail disease_aug_28.jpg,Viral diseases White tail disease,fish,train,True
C:\Users\Asus\PycharmProjects\AquaVision_v1\datasets\fish\New Dataset\train_split\Viral diseases White tail disease\Viral diseases White tail disease_aug_280.jpg,Viral diseases White tail disease,fish,train,True
C:\Users\Asus\PycharmProjects\AquaVision_v1\datasets\fish\New Dataset\train_split\Viral diseases White tail disease\Viral diseases White tail disease_aug_281.jpg,Viral diseases White tail disease,fish,train,True
C:\Users\Asus\PycharmProjects\AquaVision_v1\datasets\fish\New Dataset\train_split\Viral diseases White tail disease\Viral diseases White tail disease_aug_284.jpg,Viral diseases White tail disease,fish,train,True
C:\Users\Asus\PycharmProjects\AquaVision_v1\datasets\fish\New Dataset\train_split\Viral diseases White tail disease\Viral diseases White tail disease_aug_285.jpg,Viral diseases White tail disease,fish,train,True
C:\Users\Asus\PycharmProjects\AquaVision_v1\datasets\fish\New Dataset\train_split\Viral diseases White tail disease\Viral diseases White tail disease_aug_286.jpg,Viral diseases White tail disease,fish,train,True
C:\Users\Asus\PycharmProjects\AquaVision_v1\datasets\fish\New Dataset\train_split\Viral diseases White tail disease\Viral diseases White tail disease_aug_287.jpg,Viral diseases White tail disease,fish,train,True
C:\Users\Asus\PycharmProjects\AquaVision_v1\datasets\fish\New Dataset\train_split\Viral diseases White tail disease\Viral diseases White tail disease_aug_288.jpg,Viral diseases White tail disease,fish,train,True
C:\Users\Asus\PycharmProjects\AquaVision_v1\datasets\fish\New Dataset\train_split\Viral diseases White tail disease\Viral diseases White tail disease_aug_289.jpg,Viral diseases White tail disease,fish,train,True
C:\Users\Asus\PycharmProjects\AquaVision_v1\datasets\fish\New Dataset\train_split\Viral diseases White tail disease\Viral diseases White tail disease_aug_29.jpg,Viral diseases White tail disease,fish,train,True
C:\Users\Asus\PycharmProjects\AquaVision_v1\datasets\fish\New Dataset\train_split\Viral diseases White tail disease\Viral diseases White tail disease_aug_290.jpg,Viral diseases White tail disease,fish,train,True
C:\Users\Asus\PycharmProjects\AquaVision_v1\datasets\fish\New Dataset\train_split\Viral diseases White tail disease\Viral diseases White tail disease_aug_291.jpg,Viral diseases White tail disease,fish,train,True
C:\Users\Asus\PycharmProjects\AquaVision_v1\datasets\fish\New Dataset\train_split\Viral diseases White tail disease\Viral diseases White tail disease_aug_292.jpg,Viral diseases White tail disease,fish,train,True
C:\Users\Asus\PycharmProjects\AquaVision_v1\datasets\fish\New Dataset\train_split\Viral diseases White tail disease\Viral diseases White tail disease_aug_293.jpg,Viral diseases White tail disease,fish,train,True
C:\Users\Asus\PycharmProjects\AquaVision_v1\datasets\fish\New Dataset\train_split\Viral diseases White tail disease\Viral diseases White tail disease_aug_295.jpg,Viral diseases White tail disease,fish,train,True
C:\Users\Asus\PycharmProjects\AquaVision_v1\datasets\fish\New Dataset\train_split\Viral diseases White tail disease\Viral diseases White tail disease_aug_296.jpg,Viral diseases White tail disease,fish,train,True
C:\Users\Asus\PycharmProjects\AquaVision_v1\datasets\fish\New Dataset\train_split\Viral diseases White tail disease\Viral diseases White tail disease_aug_297.jpg,Viral diseases White tail disease,fish,train,True
C:\Users\Asus\PycharmProjects\AquaVision_v1\datasets\fish\New Dataset\train_split\Viral diseases White tail disease\Viral diseases White tail disease_aug_298.jpg,Viral diseases White tail disease,fish,train,True
C:\Users\Asus\PycharmProjects\AquaVision_v1\datasets\fish\New Dataset\train_split\Viral diseases White tail disease\Viral diseases White tail disease_aug_3.jpg,Viral diseases White tail disease,fish,train,True
C:\Users\Asus\PycharmProjects\AquaVision_v1\datasets\fish\New Dataset\train_split\Viral diseases White tail disease\Viral diseases White tail disease_aug_30.jpg,Viral diseases White tail disease,fish,train,True
C:\Users\Asus\PycharmProjects\AquaVision_v1\datasets\fish\New Dataset\train_split\Viral diseases White tail disease\Viral diseases White tail disease_aug_300.jpg,Viral diseases White tail disease,fish,train,True
C:\Users\Asus\PycharmProjects\AquaVision_v1\datasets\fish\New Dataset\train_split\Viral diseases White tail disease\Viral diseases White tail disease_aug_301.jpg,Viral diseases White tail disease,fish,train,True
C:\Users\Asus\PycharmProjects\AquaVision_v1\datasets\fish\New Dataset\train_split\Viral diseases White tail disease\Viral diseases White tail disease_aug_302.jpg,Viral diseases White tail disease,fish,train,True
C:\Users\Asus\PycharmProjects\AquaVision_v1\datasets\fish\New Dataset\train_split\Viral diseases White tail disease\Viral diseases White tail disease_aug_303.jpg,Viral diseases White tail disease,fish,train,True
C:\Users\Asus\PycharmProjects\AquaVision_v1\datasets\fish\New Dataset\train_split\Viral diseases White tail disease\Viral diseases White tail disease_aug_306.jpg,Viral diseases White tail disease,fish,train,True
C:\Users\Asus\PycharmProjects\AquaVision_v1\datasets\fish\New Dataset\train_split\Viral diseases White tail disease\Viral diseases White tail disease_aug_307.jpg,Viral diseases White tail disease,fish,train,True
C:\Users\Asus\PycharmProjects\AquaVision_v1\datasets\fish\New Dataset\train_split\Viral diseases White tail disease\Viral diseases White tail disease_aug_309.jpg,Viral diseases White tail disease,fish,train,True
C:\Users\Asus\PycharmProjects\AquaVision_v1\datasets\fish\New Dataset\train_split\Viral diseases White tail disease\Viral diseases White tail disease_aug_31.jpg,Viral diseases White tail disease,fish,train,True
C:\Users\Asus\PycharmProjects\AquaVision_v1\datasets\fish\New Dataset\train_split\Viral diseases White tail disease\Viral diseases White tail disease_aug_310.jpg,Viral diseases White tail disease,fish,train,True
C:\Users\Asus\PycharmProjects\AquaVision_v1\datasets\fish\New Dataset\train_split\Viral diseases White tail disease\Viral diseases White tail disease_aug_311.jpg,Viral diseases White tail disease,fish,train,True
C:\Users\Asus\PycharmProjects\AquaVision_v1\datasets\fish\New Dataset\train_split\Viral diseases White tail disease\Viral diseases White tail disease_aug_313.jpg,Viral diseases White tail disease,fish,train,True
C:\Users\Asus\PycharmProjects\AquaVision_v1\datasets\fish\New Dataset\train_split\Viral diseases White tail disease\Viral diseases White tail disease_aug_314.jpg,Viral diseases White tail disease,fish,train,True
C:\Users\Asus\PycharmProjects\AquaVision_v1\datasets\fish\New Dataset\train_split\Viral diseases White tail disease\Viral diseases White tail disease_aug_315.jpg,Viral diseases White tail disease,fish,train,True
C:\Users\Asus\PycharmProjects\AquaVision_v1\datasets\fish\New Dataset\train_split\Viral diseases White tail disease\Viral diseases White tail disease_aug_316.jpg,Viral diseases White tail disease,fish,train,True
C:\Users\Asus\PycharmProjects\AquaVision_v1\datasets\fish\New Dataset\train_split\Viral diseases White tail disease\Viral diseases White tail disease_aug_317.jpg,Viral diseases White tail disease,fish,train,True
C:\Users\Asus\PycharmProjects\AquaVision_v1\datasets\fish\New Dataset\train_split\Viral diseases White tail disease\Viral diseases White tail disease_aug_318.jpg,Viral diseases White tail disease,fish,train,True
C:\Users\Asus\PycharmProjects\AquaVision_v1\datasets\fish\New Dataset\train_split\Viral diseases White tail disease\Viral diseases White tail disease_aug_319.jpg,Viral diseases White tail disease,fish,train,True
C:\Users\Asus\PycharmProjects\AquaVision_v1\datasets\fish\New Dataset\train_split\Viral diseases White tail disease\Viral diseases White tail disease_aug_321.jpg,Viral diseases White tail disease,fish,train,True
C:\Users\Asus\PycharmProjects\AquaVision_v1\datasets\fish\New Dataset\train_split\Viral diseases White tail disease\Viral diseases White tail disease_aug_322.jpg,Viral diseases White tail disease,fish,train,True
C:\Users\Asus\PycharmProjects\AquaVision_v1\datasets\fish\New Dataset\train_split\Viral diseases White tail disease\Viral diseases White tail disease_aug_324.jpg,Viral diseases White tail disease,fish,train,True
C:\Users\Asus\PycharmProjects\AquaVision_v1\datasets\fish\New Dataset\train_split\Viral diseases White tail disease\Viral diseases White tail disease_aug_325.jpg,Viral diseases White tail disease,fish,train,True
C:\Users\Asus\PycharmProjects\AquaVision_v1\datasets\fish\New Dataset\train_split\Viral diseases White tail disease\Viral diseases White tail disease_aug_326.jpg,Viral diseases White tail disease,fish,train,True
C:\Users\Asus\PycharmProjects\AquaVision_v1\datasets\fish\New Dataset\train_split\Viral diseases White tail disease\Viral diseases White tail disease_aug_328.jpg,Viral diseases White tail disease,fish,train,True
C:\Users\Asus\PycharmProjects\AquaVision_v1\datasets\fish\New Dataset\train_split\Viral diseases White tail disease\Viral diseases White tail disease_aug_329.jpg,Viral diseases White tail disease,fish,train,True
C:\Users\Asus\PycharmProjects\AquaVision_v1\datasets\fish\New Dataset\train_split\Viral diseases White tail disease\Viral diseases White tail disease_aug_330.jpg,Viral diseases White tail disease,fish,train,True
C:\Users\Asus\PycharmProjects\AquaVision_v1\datasets\fish\New Dataset\train_split\Viral diseases White tail disease\Viral diseases White tail disease_aug_332.jpg,Viral diseases White tail disease,fish,train,True
C:\Users\Asus\PycharmProjects\AquaVision_v1\datasets\fish\New Dataset\train_split\Viral diseases White tail disease\Viral diseases White tail disease_aug_333.jpg,Viral diseases White tail disease,fish,train,True
C:\Users\Asus\PycharmProjects\AquaVision_v1\datasets\fish\New Dataset\train_split\Viral diseases White tail disease\Viral diseases White tail disease_aug_335.jpg,Viral diseases White tail disease,fish,train,True
C:\Users\Asus\PycharmProjects\AquaVision_v1\datasets\fish\New Dataset\train_split\Viral diseases White tail disease\Viral diseases White tail disease_aug_336.jpg,Viral diseases White tail disease,fish,train,True
C:\Users\Asus\PycharmProjects\AquaVision_v1\datasets\fish\New Dataset\train_split\Viral diseases White tail disease\Viral diseases White tail disease_aug_34.jpg,Viral diseases White tail disease,fish,train,True
C:\Users\Asus\PycharmProjects\AquaVision_v1\datasets\fish\New Dataset\train_split\Viral diseases White tail disease\Viral diseases White tail disease_aug_341.jpg,Viral diseases White tail disease,fish,train,True
C:\Users\Asus\PycharmProjects\AquaVision_v1\datasets\fish\New Dataset\train_split\Viral diseases White tail disease\Viral diseases White tail disease_aug_344.jpg,Viral diseases White tail disease,fish,train,True
C:\Users\Asus\PycharmProjects\AquaVision_v1\datasets\fish\New Dataset\train_split\Viral diseases White tail disease\Viral diseases White tail disease_aug_345.jpg,Viral diseases White tail disease,fish,train,True
C:\Users\Asus\PycharmProjects\AquaVision_v1\datasets\fish\New Dataset\train_split\Viral diseases White tail disease\Viral diseases White tail disease_aug_346.jpg,Viral diseases White tail disease,fish,train,True
C:\Users\Asus\PycharmProjects\AquaVision_v1\datasets\fish\New Dataset\train_split\Viral diseases White tail disease\Viral diseases White tail disease_aug_347.jpg,Viral diseases White tail disease,fish,train,True
C:\Users\Asus\PycharmProjects\AquaVision_v1\datasets\fish\New Dataset\train_split\Viral diseases White tail disease\Viral diseases White tail disease_aug_348.jpg,Viral diseases White tail disease,fish,train,True
C:\Users\Asus\PycharmProjects\AquaVision_v1\datasets\fish\New Dataset\train_split\Viral diseases White tail disease\Viral diseases White tail disease_aug_349.jpg,Viral diseases White tail disease,fish,train,True
C:\Users\Asus\PycharmProjects\AquaVision_v1\datasets\fish\New Dataset\train_split\Viral diseases White tail disease\Viral diseases White tail disease_aug_35.jpg,Viral diseases White tail disease,fish,train,True
C:\Users\Asus\PycharmProjects\AquaVision_v1\datasets\fish\New Dataset\train_split\Viral diseases White tail disease\Viral diseases White tail disease_aug_350.jpg,Viral diseases White tail disease,fish,train,True
C:\Users\Asus\PycharmProjects\AquaVision_v1\datasets\fish\New Dataset\train_split\Viral diseases White tail disease\Viral diseases White tail disease_aug_351.jpg,Viral diseases White tail disease,fish,train,True
C:\Users\Asus\PycharmProjects\AquaVision_v1\datasets\fish\New Dataset\train_split\Viral diseases White tail disease\Viral diseases White tail disease_aug_353.jpg,Viral diseases White tail disease,fish,train,True
C:\Users\Asus\PycharmProjects\AquaVision_v1\datasets\fish\New Dataset\train_split\Viral diseases White tail disease\Viral diseases White tail disease_aug_354.jpg,Viral diseases White tail disease,fish,train,True
C:\Users\Asus\PycharmProjects\AquaVision_v1\datasets\fish\New Dataset\train_split\Viral diseases White tail disease\Viral diseases White tail disease_aug_357.jpg,Viral diseases White tail disease,fish,train,True
C:\Users\Asus\PycharmProjects\AquaVision_v1\datasets\fish\New Dataset\train_split\Viral diseases White tail disease\Viral diseases White tail disease_aug_359.jpg,Viral diseases White tail disease,fish,train,True
C:\Users\Asus\PycharmProjects\AquaVision_v1\datasets\fish\New Dataset\train_split\Viral diseases White tail disease\Viral diseases White tail disease_aug_36.jpg,Viral diseases White tail disease,fish,train,True
C:\Users\Asus\PycharmProjects\AquaVision_v1\datasets\fish\New Dataset\train_split\Viral diseases White tail disease\Viral diseases White tail disease_aug_361.jpg,Viral diseases White tail disease,fish,train,True
C:\Users\Asus\PycharmProjects\AquaVision_v1\datasets\fish\New Dataset\train_split\Viral diseases White tail disease\Viral diseases White tail disease_aug_362.jpg,Viral diseases White tail disease,fish,train,True
C:\Users\Asus\PycharmProjects\AquaVision_v1\datasets\fish\New Dataset\train_split\Viral diseases White tail disease\Viral diseases White tail disease_aug_364.jpg,Viral diseases White tail disease,fish,train,True
C:\Users\Asus\PycharmProjects\AquaVision_v1\datasets\fish\New Dataset\train_split\Viral diseases White tail disease\Viral diseases White tail disease_aug_365.jpg,Viral diseases White tail disease,fish,train,True
C:\Users\Asus\PycharmProjects\AquaVision_v1\datasets\fish\New Dataset\train_split\Viral diseases White tail disease\Viral diseases White tail disease_aug_367.jpg,Viral diseases White tail disease,fish,train,True
C:\Users\Asus\PycharmProjects\AquaVision_v1\datasets\fish\New Dataset\train_split\Viral diseases White tail disease\Viral diseases White tail disease_aug_368.jpg,Viral diseases White tail disease,fish,train,True
C:\Users\Asus\PycharmProjects\AquaVision_v1\datasets\fish\New Dataset\train_split\Viral diseases White tail disease\Viral diseases White tail disease_aug_369.jpg,Viral diseases White tail disease,fish,train,True
C:\Users\Asus\PycharmProjects\AquaVision_v1\datasets\fish\New Dataset\train_split\Viral diseases White tail disease\Viral diseases White tail disease_aug_38.jpg,Viral diseases White tail disease,fish,train,True
C:\Users\Asus\PycharmProjects\AquaVision_v1\datasets\fish\New Dataset\train_split\Viral diseases White tail disease\Viral diseases White tail disease_aug_39.jpg,Viral diseases White tail disease,fish,train,True
C:\Users\Asus\PycharmProjects\AquaVision_v1\datasets\fish\New Dataset\train_split\Viral diseases White tail disease\Viral diseases White tail disease_aug_4.jpg,Viral diseases White tail disease,fish,train,True
C:\Users\Asus\PycharmProjects\AquaVision_v1\datasets\fish\New Dataset\train_split\Viral diseases White tail disease\Viral diseases White tail disease_aug_40.jpg,Viral diseases White tail disease,fish,train,True
C:\Users\Asus\PycharmProjects\AquaVision_v1\datasets\fish\New Dataset\train_split\Viral diseases White tail disease\Viral diseases White tail disease_aug_41.jpg,Viral diseases White tail disease,fish,train,True
C:\Users\Asus\PycharmProjects\AquaVision_v1\datasets\fish\New Dataset\train_split\Viral diseases White tail disease\Viral diseases White tail disease_aug_42.jpg,Viral diseases White tail disease,fish,train,True
C:\Users\Asus\PycharmProjects\AquaVision_v1\datasets\fish\New Dataset\train_split\Viral diseases White tail disease\Viral diseases White tail disease_aug_43.jpg,Viral diseases White tail disease,fish,train,True
C:\Users\Asus\PycharmProjects\AquaVision_v1\datasets\fish\New Dataset\train_split\Viral diseases White tail disease\Viral diseases White tail disease_aug_44.jpg,Viral diseases White tail disease,fish,train,True
C:\Users\Asus\PycharmProjects\AquaVision_v1\datasets\fish\New Dataset\train_split\Viral diseases White tail disease\Viral diseases White tail disease_aug_47.jpg,Viral diseases White tail disease,fish,train,True
C:\Users\Asus\PycharmProjects\AquaVision_v1\datasets\fish\New Dataset\train_split\Viral diseases White tail disease\Viral diseases White tail disease_aug_49.jpg,Viral diseases White tail disease,fish,train,True
C:\Users\Asus\PycharmProjects\AquaVision_v1\datasets\fish\New Dataset\train_split\Viral diseases White tail disease\Viral diseases White tail disease_aug_5.jpg,Viral diseases White tail disease,fish,train,True
C:\Users\Asus\PycharmProjects\AquaVision_v1\datasets\fish\New Dataset\train_split\Viral diseases White tail disease\Viral diseases White tail disease_aug_50.jpg,Viral diseases White tail disease,fish,train,True
C:\Users\Asus\PycharmProjects\AquaVision_v1\datasets\fish\New Dataset\train_split\Viral diseases White tail disease\Viral diseases White tail disease_aug_52.jpg,Viral diseases White tail disease,fish,train,True
C:\Users\Asus\PycharmProjects\AquaVision_v1\datasets\fish\New Dataset\train_split\Viral diseases White tail disease\Viral diseases White tail disease_aug_53.jpg,Viral diseases White tail disease,fish,train,True
C:\Users\Asus\PycharmProjects\AquaVision_v1\datasets\fish\New Dataset\train_split\Viral diseases White tail disease\Viral diseases White tail disease_aug_54.jpg,Viral diseases White tail disease,fish,train,True
C:\Users\Asus\PycharmProjects\AquaVision_v1\datasets\fish\New Dataset\train_split\Viral diseases White tail disease\Viral diseases White tail disease_aug_55.jpg,Viral diseases White tail disease,fish,train,True
C:\Users\Asus\PycharmProjects\AquaVision_v1\datasets\fish\New Dataset\train_split\Viral diseases White tail disease\Viral diseases White tail disease_aug_56.jpg,Viral diseases White tail disease,fish,train,True
C:\Users\Asus\PycharmProjects\AquaVision_v1\datasets\fish\New Dataset\train_split\Viral diseases White tail disease\Viral diseases White tail disease_aug_57.jpg,Viral diseases White tail disease,fish,train,True
C:\Users\Asus\PycharmProjects\AquaVision_v1\datasets\fish\New Dataset\train_split\Viral diseases White tail disease\Viral diseases White tail disease_aug_58.jpg,Viral diseases White tail disease,fish,train,True
C:\Users\Asus\PycharmProjects\AquaVision_v1\datasets\fish\New Dataset\train_split\Viral diseases White tail disease\Viral diseases White tail disease_aug_59.jpg,Viral diseases White tail disease,fish,train,True
C:\Users\Asus\PycharmProjects\AquaVision_v1\datasets\fish\New Dataset\train_split\Viral diseases White tail disease\Viral diseases White tail disease_aug_6.jpg,Viral diseases White tail disease,fish,train,True
C:\Users\Asus\PycharmProjects\AquaVision_v1\datasets\fish\New Dataset\train_split\Viral diseases White tail disease\Viral diseases White tail disease_aug_60.jpg,Viral diseases White tail disease,fish,train,True
C:\Users\Asus\PycharmProjects\AquaVision_v1\datasets\fish\New Dataset\train_split\Viral diseases White tail disease\Viral diseases White tail disease_aug_61.jpg,Viral diseases White tail disease,fish,train,True
C:\Users\Asus\PycharmProjects\AquaVision_v1\datasets\fish\New Dataset\train_split\Viral diseases White tail disease\Viral diseases White tail disease_aug_63.jpg,Viral diseases White tail disease,fish,train,True
C:\Users\Asus\PycharmProjects\AquaVision_v1\datasets\fish\New Dataset\train_split\Viral diseases White tail disease\Viral diseases White tail disease_aug_64.jpg,Viral diseases White tail disease,fish,train,True
C:\Users\Asus\PycharmProjects\AquaVision_v1\datasets\fish\New Dataset\train_split\Viral diseases White tail disease\Viral diseases White tail disease_aug_66.jpg,Viral diseases White tail disease,fish,train,True
C:\Users\Asus\PycharmProjects\AquaVision_v1\datasets\fish\New Dataset\train_split\Viral diseases White tail disease\Viral diseases White tail disease_aug_67.jpg,Viral diseases White tail disease,fish,train,True
C:\Users\Asus\PycharmProjects\AquaVision_v1\datasets\fish\New Dataset\train_split\Viral diseases White tail disease\Viral diseases White tail disease_aug_68.jpg,Viral diseases White tail disease,fish,train,True
C:\Users\Asus\PycharmProjects\AquaVision_v1\datasets\fish\New Dataset\train_split\Viral diseases White tail disease\Viral diseases White tail disease_aug_69.jpg,Viral diseases White tail disease,fish,train,True
C:\Users\Asus\PycharmProjects\AquaVision_v1\datasets\fish\New Dataset\train_split\Viral diseases White tail disease\Viral diseases White tail disease_aug_7.jpg,Viral diseases White tail disease,fish,train,True
C:\Users\Asus\PycharmProjects\AquaVision_v1\datasets\fish\New Dataset\train_split\Viral diseases White tail disease\Viral diseases White tail disease_aug_70.jpg,Viral diseases White tail disease,fish,train,True
C:\Users\Asus\PycharmProjects\AquaVision_v1\datasets\fish\New Dataset\train_split\Viral diseases White tail disease\Viral diseases White tail disease_aug_71.jpg,Viral diseases White tail disease,fish,train,True
C:\Users\Asus\PycharmProjects\AquaVision_v1\datasets\fish\New Dataset\train_split\Viral diseases White tail disease\Viral diseases White tail disease_aug_72.jpg,Viral diseases White tail disease,fish,train,True
C:\Users\Asus\PycharmProjects\AquaVision_v1\datasets\fish\New Dataset\train_split\Viral diseases White tail disease\Viral diseases White tail disease_aug_73.jpg,Viral diseases White tail disease,fish,train,True
C:\Users\Asus\PycharmProjects\AquaVision_v1\datasets\fish\New Dataset\train_split\Viral diseases White tail disease\Viral diseases White tail disease_aug_74.jpg,Viral diseases White tail disease,fish,train,True
C:\Users\Asus\PycharmProjects\AquaVision_v1\datasets\fish\New Dataset\train_split\Viral diseases White tail disease\Viral diseases White tail disease_aug_75.jpg,Viral diseases White tail disease,fish,train,True
C:\Users\Asus\PycharmProjects\AquaVision_v1\datasets\fish\New Dataset\train_split\Viral diseases White tail disease\Viral diseases White tail disease_aug_76.jpg,Viral diseases White tail disease,fish,train,True
C:\Users\Asus\PycharmProjects\AquaVision_v1\datasets\fish\New Dataset\train_split\Viral diseases White tail disease\Viral diseases White tail disease_aug_77.jpg,Viral diseases White tail disease,fish,train,True
C:\Users\Asus\PycharmProjects\AquaVision_v1\datasets\fish\New Dataset\train_split\Viral diseases White tail disease\Viral diseases White tail disease_aug_78.jpg,Viral diseases White tail disease,fish,train,True
C:\Users\Asus\PycharmProjects\AquaVision_v1\datasets\fish\New Dataset\train_split\Viral diseases White tail disease\Viral diseases White tail disease_aug_79.jpg,Viral diseases White tail disease,fish,train,True
C:\Users\Asus\PycharmProjects\AquaVision_v1\datasets\fish\New Dataset\train_split\Viral diseases White tail disease\Viral diseases White tail disease_aug_80.jpg,Viral diseases White tail disease,fish,train,True
C:\Users\Asus\PycharmProjects\AquaVision_v1\datasets\fish\New Dataset\train_split\Viral diseases White tail disease\Viral diseases White tail disease_aug_81.jpg,Viral diseases White tail disease,fish,train,True
C:\Users\Asus\PycharmProjects\AquaVision_v1\datasets\fish\New Dataset\train_split\Viral diseases White tail disease\Viral diseases White tail disease_aug_82.jpg,Viral diseases White tail disease,fish,train,True
C:\Users\Asus\PycharmProjects\AquaVision_v1\datasets\fish\New Dataset\train_split\Viral diseases White tail disease\Viral diseases White tail disease_aug_83.jpg,Viral diseases White tail disease,fish,train,True
C:\Users\Asus\PycharmProjects\AquaVision_v1\datasets\fish\New Dataset\train_split\Viral diseases White tail disease\Viral diseases White tail disease_aug_85.jpg,Viral diseases White tail disease,fish,train,True
C:\Users\Asus\PycharmProjects\AquaVision_v1\datasets\fish\New Dataset\train_split\Viral diseases White tail disease\Viral diseases White tail disease_aug_86.jpg,Viral diseases White tail disease,fish,train,True
C:\Users\Asus\PycharmProjects\AquaVision_v1\datasets\fish\New Dataset\train_split\Viral diseases White tail disease\Viral diseases White tail disease_aug_87.jpg,Viral diseases White tail disease,fish,train,True
C:\Users\Asus\PycharmProjects\AquaVision_v1\datasets\fish\New Dataset\train_split\Viral diseases White tail disease\Viral diseases White tail disease_aug_88.jpg,Viral diseases White tail disease,fish,train,True
C:\Users\Asus\PycharmProjects\AquaVision_v1\datasets\fish\New Dataset\train_split\Viral diseases White tail disease\Viral diseases White tail disease_aug_89.jpg,Viral diseases White tail disease,fish,train,True
C:\Users\Asus\PycharmProjects\AquaVision_v1\datasets\fish\New Dataset\train_split\Viral diseases White tail disease\Viral diseases White tail disease_aug_9.jpg,Viral diseases White tail disease,fish,train,True
C:\Users\Asus\PycharmProjects\AquaVision_v1\datasets\fish\New Dataset\train_split\Viral diseases White tail disease\Viral diseases White tail disease_aug_90.jpg,Viral diseases White tail disease,fish,train,True
C:\Users\Asus\PycharmProjects\AquaVision_v1\datasets\fish\New Dataset\train_split\Viral diseases White tail disease\Viral diseases White tail disease_aug_91.jpg,Viral diseases White tail disease,fish,train,True
C:\Users\Asus\PycharmProjects\AquaVision_v1\datasets\fish\New Dataset\train_split\Viral diseases White tail disease\Viral diseases White tail disease_aug_92.jpg,Viral diseases White tail disease,fish,train,True
C:\Users\Asus\PycharmProjects\AquaVision_v1\datasets\fish\New Dataset\train_split\Viral diseases White tail disease\Viral diseases White tail disease_aug_93.jpg,Viral diseases White tail disease,fish,train,True
C:\Users\Asus\PycharmProjects\AquaVision_v1\datasets\fish\New Dataset\train_split\Viral diseases White tail disease\Viral diseases White tail disease_aug_95.jpg,Viral diseases White tail disease,fish,train,True
C:\Users\Asus\PycharmProjects\AquaVision_v1\datasets\fish\New Dataset\train_split\Viral diseases White tail disease\Viral diseases White tail disease_aug_97.jpg,Viral diseases White tail disease,fish,train,True
C:\Users\Asus\PycharmProjects\AquaVision_v1\datasets\fish\New Dataset\train_split\Viral diseases White tail disease\Viral diseases White tail disease_aug_98.jpg,Viral diseases White tail disease,fish,train,True
