image_path,label,split,ph,temperature,dissolved_oxygen,salinity,ammonia,turbidity
C:\Users\Asus\PycharmProjects\AquaVision_v1\datasets\fish\New Dataset\train_split\Bacterial diseases - Aeromoniasis\Bacterial diseases - Aeromoniasis_100.jpg,Bacterial diseases - Aeromoniasis,val,6.4,30.65,3.72,34.09,0.042,47.79
C:\Users\Asus\PycharmProjects\AquaVision_v1\datasets\fish\New Dataset\train_split\Bacterial diseases - Aeromoniasis\Bacterial diseases - Aeromoniasis_101.jpg,Bacterial diseases - Aeromoniasis,train,6.71,29.83,3.63,26.15,0.091,40.34
C:\Users\Asus\PycharmProjects\AquaVision_v1\datasets\fish\New Dataset\train_split\Bacterial diseases - Aeromoniasis\Bacterial diseases - Aeromoniasis_102.jpg,Bacterial diseases - Aeromoniasis,train,5.07,29.59,2.39,29.26,0.086,37.97
C:\Users\Asus\PycharmProjects\AquaVision_v1\datasets\fish\New Dataset\train_split\Bacterial diseases - Aeromoniasis\Bacterial diseases - Aeromoniasis_104.jpg,Bacterial diseases - Aeromoniasis,train,4.82,31.17,2.06,25.82,0.234,46.11
C:\Users\Asus\PycharmProjects\AquaVision_v1\datasets\fish\New Dataset\train_split\Bacterial diseases - Aeromoniasis\Bacterial diseases - Aeromoniasis_105.jpg,Bacterial diseases - Aeromoniasis,val,5.74,30.27,2.72,35.41,0.033,39.66
C:\Users\Asus\PycharmProjects\AquaVision_v1\datasets\fish\New Dataset\train_split\Bacterial diseases - Aeromoniasis\Bacterial diseases - Aeromoniasis_106.jpg,Bacterial diseases - Aeromoniasis,train,6.1,33.06,2.22,28.84,0.198,25.4
C:\Users\Asus\PycharmProjects\AquaVision_v1\datasets\fish\New Dataset\train_split\Bacterial diseases - Aeromoniasis\Bacterial diseases - Aeromoniasis_107.jpg,Bacterial diseases - Aeromoniasis,train,6.54,31.43,3.11,26.8,0.123,52.74
C:\Users\Asus\PycharmProjects\AquaVision_v1\datasets\fish\New Dataset\train_split\Bacterial diseases - Aeromoniasis\Bacterial diseases - Aeromoniasis_108.jpg,Bacterial diseases - Aeromoniasis,train,5.78,31.86,1.79,29.3,0.019,41.15
C:\Users\Asus\PycharmProjects\AquaVision_v1\datasets\fish\New Dataset\train_split\Bacterial diseases - Aeromoniasis\Bacterial diseases - Aeromoniasis_109.jpg,Bacterial diseases - Aeromoniasis,train,5.69,32.53,4.02,31.73,0.369,42.93
C:\Users\Asus\PycharmProjects\AquaVision_v1\datasets\fish\New Dataset\train_split\Bacterial diseases - Aeromoniasis\Bacterial diseases - Aeromoniasis_110.jpg,Bacterial diseases - Aeromoniasis,train,5.73,31.83,3.98,26.08,0.093,43.14
C:\Users\Asus\PycharmProjects\AquaVision_v1\datasets\fish\New Dataset\train_split\Bacterial diseases - Aeromoniasis\Bacterial diseases - Aeromoniasis_111.jpg,Bacterial diseases - Aeromoniasis,train,6.59,34.39,3.14,32.01,0.032,54.73
C:\Users\Asus\PycharmProjects\AquaVision_v1\datasets\fish\New Dataset\train_split\Bacterial diseases - Aeromoniasis\Bacterial diseases - Aeromoniasis_114.jpeg,Bacterial diseases - Aeromoniasis,train,6.58,30.91,4.45,17.52,0.006,53.22
C:\Users\Asus\PycharmProjects\AquaVision_v1\datasets\fish\New Dataset\train_split\Bacterial diseases - Aeromoniasis\Bacterial diseases - Aeromoniasis_117.jpg,Bacterial diseases - Aeromoniasis,train,6.15,30.25,3.27,20.05,0.595,39.66
C:\Users\Asus\PycharmProjects\AquaVision_v1\datasets\fish\New Dataset\train_split\Bacterial diseases - Aeromoniasis\Bacterial diseases - Aeromoniasis_118.jpg,Bacterial diseases - Aeromoniasis,train,5.2,28.98,2.8,31.66,0.407,48.29
C:\Users\Asus\PycharmProjects\AquaVision_v1\datasets\fish\New Dataset\train_split\Bacterial diseases - Aeromoniasis\Bacterial diseases - Aeromoniasis_119.jpg,Bacterial diseases - Aeromoniasis,train,6.16,33.42,2.64,26.69,0.065,57.74
C:\Users\Asus\PycharmProjects\AquaVision_v1\datasets\fish\New Dataset\train_split\Bacterial diseases - Aeromoniasis\Bacterial diseases - Aeromoniasis_12.jpg,Bacterial diseases - Aeromoniasis,train,5.92,31.01,3.01,22.34,0.032,40.79
C:\Users\Asus\PycharmProjects\AquaVision_v1\datasets\fish\New Dataset\train_split\Bacterial diseases - Aeromoniasis\Bacterial diseases - Aeromoniasis_120.jpg,Bacterial diseases - Aeromoniasis,train,6.0,32.01,4.71,28.7,0.113,44.81
C:\Users\Asus\PycharmProjects\AquaVision_v1\datasets\fish\New Dataset\train_split\Bacterial diseases - Aeromoniasis\Bacterial diseases - Aeromoniasis_123.jpg,Bacterial diseases - Aeromoniasis,train,5.1,31.15,5.17,27.23,0.039,48.02
C:\Users\Asus\PycharmProjects\AquaVision_v1\datasets\fish\New Dataset\train_split\Bacterial diseases - Aeromoniasis\Bacterial diseases - Aeromoniasis_124.jpg,Bacterial diseases - Aeromoniasis,train,6.79,32.88,3.83,24.36,0.115,59.05
C:\Users\Asus\PycharmProjects\AquaVision_v1\datasets\fish\New Dataset\train_split\Bacterial diseases - Aeromoniasis\Bacterial diseases - Aeromoniasis_125.jpg,Bacterial diseases - Aeromoniasis,train,5.38,28.52,2.85,28.4,0.283,39.97
C:\Users\Asus\PycharmProjects\AquaVision_v1\datasets\fish\New Dataset\train_split\Bacterial diseases - Aeromoniasis\Bacterial diseases - Aeromoniasis_126.jpg,Bacterial diseases - Aeromoniasis,train,5.46,32.18,2.46,34.2,0.69,41.12
C:\Users\Asus\PycharmProjects\AquaVision_v1\datasets\fish\New Dataset\train_split\Bacterial diseases - Aeromoniasis\Bacterial diseases - Aeromoniasis_127.jpg,Bacterial diseases - Aeromoniasis,train,5.57,33.03,2.22,28.91,0.189,58.07
C:\Users\Asus\PycharmProjects\AquaVision_v1\datasets\fish\New Dataset\train_split\Bacterial diseases - Aeromoniasis\Bacterial diseases - Aeromoniasis_128.jpg,Bacterial diseases - Aeromoniasis,train,6.26,32.95,2.21,22.72,0.324,51.18
C:\Users\Asus\PycharmProjects\AquaVision_v1\datasets\fish\New Dataset\train_split\Bacterial diseases - Aeromoniasis\Bacterial diseases - Aeromoniasis_129.jpg,Bacterial diseases - Aeromoniasis,train,6.83,31.73,2.63,35.46,0.264,49.74
C:\Users\Asus\PycharmProjects\AquaVision_v1\datasets\fish\New Dataset\train_split\Bacterial diseases - Aeromoniasis\Bacterial diseases - Aeromoniasis_13.jpg,Bacterial diseases - Aeromoniasis,train,5.52,32.97,4.13,24.72,0.262,49.24
C:\Users\Asus\PycharmProjects\AquaVision_v1\datasets\fish\New Dataset\train_split\Bacterial diseases - Aeromoniasis\Bacterial diseases - Aeromoniasis_130.jpg,Bacterial diseases - Aeromoniasis,train,6.66,30.39,2.6,24.44,0.903,36.84
C:\Users\Asus\PycharmProjects\AquaVision_v1\datasets\fish\New Dataset\train_split\Bacterial diseases - Aeromoniasis\Bacterial diseases - Aeromoniasis_131.jpg,Bacterial diseases - Aeromoniasis,train,6.27,33.07,3.21,33.81,0.215,30.94
C:\Users\Asus\PycharmProjects\AquaVision_v1\datasets\fish\New Dataset\train_split\Bacterial diseases - Aeromoniasis\Bacterial diseases - Aeromoniasis_132.jpg,Bacterial diseases - Aeromoniasis,train,6.08,28.32,3.59,27.11,0.004,52.14
C:\Users\Asus\PycharmProjects\AquaVision_v1\datasets\fish\New Dataset\train_split\Bacterial diseases - Aeromoniasis\Bacterial diseases - Aeromoniasis_135.jpg,Bacterial diseases - Aeromoniasis,train,6.38,30.82,2.52,21.94,0.476,35.74
C:\Users\Asus\PycharmProjects\AquaVision_v1\datasets\fish\New Dataset\train_split\Bacterial diseases - Aeromoniasis\Bacterial diseases - Aeromoniasis_136.jpg,Bacterial diseases - Aeromoniasis,train,5.79,31.43,3.51,24.46,0.239,46.54
C:\Users\Asus\PycharmProjects\AquaVision_v1\datasets\fish\New Dataset\train_split\Bacterial diseases - Aeromoniasis\Bacterial diseases - Aeromoniasis_137.jpg,Bacterial diseases - Aeromoniasis,train,6.13,28.14,3.49,30.24,0.299,35.41
C:\Users\Asus\PycharmProjects\AquaVision_v1\datasets\fish\New Dataset\train_split\Bacterial diseases - Aeromoniasis\Bacterial diseases - Aeromoniasis_139.jpg,Bacterial diseases - Aeromoniasis,train,6.93,32.29,3.61,30.06,0.4,83.53
C:\Users\Asus\PycharmProjects\AquaVision_v1\datasets\fish\New Dataset\train_split\Bacterial diseases - Aeromoniasis\Bacterial diseases - Aeromoniasis_14.jpg,Bacterial diseases - Aeromoniasis,train,5.82,32.63,6.42,31.04,0.118,46.65
C:\Users\Asus\PycharmProjects\AquaVision_v1\datasets\fish\New Dataset\train_split\Bacterial diseases - Aeromoniasis\Bacterial diseases - Aeromoniasis_140.jpg,Bacterial diseases - Aeromoniasis,train,4.98,32.72,1.91,26.11,0.034,55.89
C:\Users\Asus\PycharmProjects\AquaVision_v1\datasets\fish\New Dataset\train_split\Bacterial diseases - Aeromoniasis\Bacterial diseases - Aeromoniasis_142.jpg,Bacterial diseases - Aeromoniasis,train,5.67,32.7,2.62,28.87,0.013,68.89
C:\Users\Asus\PycharmProjects\AquaVision_v1\datasets\fish\New Dataset\train_split\Bacterial diseases - Aeromoniasis\Bacterial diseases - Aeromoniasis_143.jpg,Bacterial diseases - Aeromoniasis,train,7.21,25.94,3.35,25.35,0.144,53.52
C:\Users\Asus\PycharmProjects\AquaVision_v1\datasets\fish\New Dataset\train_split\Bacterial diseases - Aeromoniasis\Bacterial diseases - Aeromoniasis_145.jpg,Bacterial diseases - Aeromoniasis,train,6.4,33.16,2.24,26.66,0.043,48.18
C:\Users\Asus\PycharmProjects\AquaVision_v1\datasets\fish\New Dataset\train_split\Bacterial diseases - Aeromoniasis\Bacterial diseases - Aeromoniasis_147.jpg,Bacterial diseases - Aeromoniasis,train,5.13,27.85,3.93,36.49,0.136,55.32
C:\Users\Asus\PycharmProjects\AquaVision_v1\datasets\fish\New Dataset\train_split\Bacterial diseases - Aeromoniasis\Bacterial diseases - Aeromoniasis_15.jpg,Bacterial diseases - Aeromoniasis,train,6.86,29.23,3.56,31.1,0.161,44.81
C:\Users\Asus\PycharmProjects\AquaVision_v1\datasets\fish\New Dataset\train_split\Bacterial diseases - Aeromoniasis\Bacterial diseases - Aeromoniasis_150.jpg,Bacterial diseases - Aeromoniasis,train,6.98,30.37,0.5,34.53,0.252,30.7
C:\Users\Asus\PycharmProjects\AquaVision_v1\datasets\fish\New Dataset\train_split\Bacterial diseases - Aeromoniasis\Bacterial diseases - Aeromoniasis_151.jpg,Bacterial diseases - Aeromoniasis,train,6.8,31.03,2.41,29.85,0.018,42.98
C:\Users\Asus\PycharmProjects\AquaVision_v1\datasets\fish\New Dataset\train_split\Bacterial diseases - Aeromoniasis\Bacterial diseases - Aeromoniasis_152.jpg,Bacterial diseases - Aeromoniasis,train,6.14,31.28,3.73,34.34,0.153,32.62
C:\Users\Asus\PycharmProjects\AquaVision_v1\datasets\fish\New Dataset\train_split\Bacterial diseases - Aeromoniasis\Bacterial diseases - Aeromoniasis_154.jpg,Bacterial diseases - Aeromoniasis,train,5.54,32.47,2.54,25.51,0.018,53.85
C:\Users\Asus\PycharmProjects\AquaVision_v1\datasets\fish\New Dataset\train_split\Bacterial diseases - Aeromoniasis\Bacterial diseases - Aeromoniasis_155.jpg,Bacterial diseases - Aeromoniasis,train,6.61,31.89,2.65,31.6,0.332,48.07
C:\Users\Asus\PycharmProjects\AquaVision_v1\datasets\fish\New Dataset\train_split\Bacterial diseases - Aeromoniasis\Bacterial diseases - Aeromoniasis_158.jpg,Bacterial diseases - Aeromoniasis,train,5.6,29.6,3.8,30.44,1.164,27.12
C:\Users\Asus\PycharmProjects\AquaVision_v1\datasets\fish\New Dataset\train_split\Bacterial diseases - Aeromoniasis\Bacterial diseases - Aeromoniasis_16.jpg,Bacterial diseases - Aeromoniasis,train,5.37,32.37,3.04,27.13,0.347,55.99
C:\Users\Asus\PycharmProjects\AquaVision_v1\datasets\fish\New Dataset\train_split\Bacterial diseases - Aeromoniasis\Bacterial diseases - Aeromoniasis_160.jpg,Bacterial diseases - Aeromoniasis,val,6.88,31.05,3.75,26.76,0.123,42.29
C:\Users\Asus\PycharmProjects\AquaVision_v1\datasets\fish\New Dataset\train_split\Bacterial diseases - Aeromoniasis\Bacterial diseases - Aeromoniasis_163.jpg,Bacterial diseases - Aeromoniasis,val,5.73,31.24,3.68,24.73,0.087,65.92
C:\Users\Asus\PycharmProjects\AquaVision_v1\datasets\fish\New Dataset\train_split\Bacterial diseases - Aeromoniasis\Bacterial diseases - Aeromoniasis_164.jpg,Bacterial diseases - Aeromoniasis,train,6.79,32.98,3.7,30.51,0.024,38.01
C:\Users\Asus\PycharmProjects\AquaVision_v1\datasets\fish\New Dataset\train_split\Bacterial diseases - Aeromoniasis\Bacterial diseases - Aeromoniasis_165.jpg,Bacterial diseases - Aeromoniasis,train,6.09,33.44,3.08,24.7,0.039,41.79
C:\Users\Asus\PycharmProjects\AquaVision_v1\datasets\fish\New Dataset\train_split\Bacterial diseases - Aeromoniasis\Bacterial diseases - Aeromoniasis_167.jpg,Bacterial diseases - Aeromoniasis,train,5.61,31.61,3.4,25.97,0.019,50.59
C:\Users\Asus\PycharmProjects\AquaVision_v1\datasets\fish\New Dataset\train_split\Bacterial diseases - Aeromoniasis\Bacterial diseases - Aeromoniasis_169.jpg,Bacterial diseases - Aeromoniasis,train,6.62,27.38,2.07,25.13,0.375,42.87
C:\Users\Asus\PycharmProjects\AquaVision_v1\datasets\fish\New Dataset\train_split\Bacterial diseases - Aeromoniasis\Bacterial diseases - Aeromoniasis_17.jpg,Bacterial diseases - Aeromoniasis,val,6.61,30.6,3.18,23.99,0.003,38.18
C:\Users\Asus\PycharmProjects\AquaVision_v1\datasets\fish\New Dataset\train_split\Bacterial diseases - Aeromoniasis\Bacterial diseases - Aeromoniasis_170.jpg,Bacterial diseases - Aeromoniasis,val,6.07,31.81,2.54,30.08,0.819,60.33
C:\Users\Asus\PycharmProjects\AquaVision_v1\datasets\fish\New Dataset\train_split\Bacterial diseases - Aeromoniasis\Bacterial diseases - Aeromoniasis_173.jpg,Bacterial diseases - Aeromoniasis,train,6.51,30.0,3.38,28.05,0.019,49.74
C:\Users\Asus\PycharmProjects\AquaVision_v1\datasets\fish\New Dataset\train_split\Bacterial diseases - Aeromoniasis\Bacterial diseases - Aeromoniasis_174.jpg,Bacterial diseases - Aeromoniasis,train,6.13,34.63,3.97,36.61,0.219,37.33
C:\Users\Asus\PycharmProjects\AquaVision_v1\datasets\fish\New Dataset\train_split\Bacterial diseases - Aeromoniasis\Bacterial diseases - Aeromoniasis_175.jpg,Bacterial diseases - Aeromoniasis,train,7.41,28.98,2.53,25.6,0.156,55.33
C:\Users\Asus\PycharmProjects\AquaVision_v1\datasets\fish\New Dataset\train_split\Bacterial diseases - Aeromoniasis\Bacterial diseases - Aeromoniasis_176.jpg,Bacterial diseases - Aeromoniasis,val,5.01,31.85,4.7,31.8,0.289,39.23
C:\Users\Asus\PycharmProjects\AquaVision_v1\datasets\fish\New Dataset\train_split\Bacterial diseases - Aeromoniasis\Bacterial diseases - Aeromoniasis_177.jpg,Bacterial diseases - Aeromoniasis,train,5.31,35.58,4.14,26.12,1.091,47.95
C:\Users\Asus\PycharmProjects\AquaVision_v1\datasets\fish\New Dataset\train_split\Bacterial diseases - Aeromoniasis\Bacterial diseases - Aeromoniasis_178.jpeg,Bacterial diseases - Aeromoniasis,val,5.44,30.71,4.19,21.62,0.015,39.01
C:\Users\Asus\PycharmProjects\AquaVision_v1\datasets\fish\New Dataset\train_split\Bacterial diseases - Aeromoniasis\Bacterial diseases - Aeromoniasis_18.jpg,Bacterial diseases - Aeromoniasis,train,6.1,31.12,2.84,30.49,0.15,31.31
C:\Users\Asus\PycharmProjects\AquaVision_v1\datasets\fish\New Dataset\train_split\Bacterial diseases - Aeromoniasis\Bacterial diseases - Aeromoniasis_181.jpg,Bacterial diseases - Aeromoniasis,train,6.42,27.16,4.22,29.33,0.184,37.52
C:\Users\Asus\PycharmProjects\AquaVision_v1\datasets\fish\New Dataset\train_split\Bacterial diseases - Aeromoniasis\Bacterial diseases - Aeromoniasis_183.jpg,Bacterial diseases - Aeromoniasis,train,6.54,31.17,5.82,35.02,0.523,34.8
C:\Users\Asus\PycharmProjects\AquaVision_v1\datasets\fish\New Dataset\train_split\Bacterial diseases - Aeromoniasis\Bacterial diseases - Aeromoniasis_186.jpg,Bacterial diseases - Aeromoniasis,train,6.92,28.59,3.75,32.23,0.124,27.41
C:\Users\Asus\PycharmProjects\AquaVision_v1\datasets\fish\New Dataset\train_split\Bacterial diseases - Aeromoniasis\Bacterial diseases - Aeromoniasis_187.jpg,Bacterial diseases - Aeromoniasis,train,5.94,32.79,4.4,28.3,0.126,54.82
C:\Users\Asus\PycharmProjects\AquaVision_v1\datasets\fish\New Dataset\train_split\Bacterial diseases - Aeromoniasis\Bacterial diseases - Aeromoniasis_188.jpg,Bacterial diseases - Aeromoniasis,train,6.3,26.74,3.16,29.54,0.17,44.67
C:\Users\Asus\PycharmProjects\AquaVision_v1\datasets\fish\New Dataset\train_split\Bacterial diseases - Aeromoniasis\Bacterial diseases - Aeromoniasis_189.jpeg,Bacterial diseases - Aeromoniasis,train,5.32,32.67,3.49,24.24,0.05,52.47
C:\Users\Asus\PycharmProjects\AquaVision_v1\datasets\fish\New Dataset\train_split\Bacterial diseases - Aeromoniasis\Bacterial diseases - Aeromoniasis_19.jpg,Bacterial diseases - Aeromoniasis,train,5.93,28.54,3.6,25.88,0.049,37.07
C:\Users\Asus\PycharmProjects\AquaVision_v1\datasets\fish\New Dataset\train_split\Bacterial diseases - Aeromoniasis\Bacterial diseases - Aeromoniasis_192.jpg,Bacterial diseases - Aeromoniasis,val,6.04,28.41,2.76,23.21,0.175,43.98
C:\Users\Asus\PycharmProjects\AquaVision_v1\datasets\fish\New Dataset\train_split\Bacterial diseases - Aeromoniasis\Bacterial diseases - Aeromoniasis_193.jpg,Bacterial diseases - Aeromoniasis,train,6.13,29.25,3.37,27.55,0.41,42.79
C:\Users\Asus\PycharmProjects\AquaVision_v1\datasets\fish\New Dataset\train_split\Bacterial diseases - Aeromoniasis\Bacterial diseases - Aeromoniasis_194.jpg,Bacterial diseases - Aeromoniasis,train,5.78,29.56,2.98,18.79,0.241,38.73
C:\Users\Asus\PycharmProjects\AquaVision_v1\datasets\fish\New Dataset\train_split\Bacterial diseases - Aeromoniasis\Bacterial diseases - Aeromoniasis_195.jpg,Bacterial diseases - Aeromoniasis,train,4.78,32.44,3.45,40.0,0.028,56.2
C:\Users\Asus\PycharmProjects\AquaVision_v1\datasets\fish\New Dataset\train_split\Bacterial diseases - Aeromoniasis\Bacterial diseases - Aeromoniasis_196.jpg,Bacterial diseases - Aeromoniasis,train,5.14,31.51,2.59,22.31,0.005,34.39
C:\Users\Asus\PycharmProjects\AquaVision_v1\datasets\fish\New Dataset\train_split\Bacterial diseases - Aeromoniasis\Bacterial diseases - Aeromoniasis_197.jpg,Bacterial diseases - Aeromoniasis,train,5.71,35.22,3.91,27.97,0.023,59.8
C:\Users\Asus\PycharmProjects\AquaVision_v1\datasets\fish\New Dataset\train_split\Bacterial diseases - Aeromoniasis\Bacterial diseases - Aeromoniasis_198.jpg,Bacterial diseases - Aeromoniasis,train,7.01,32.35,2.37,27.24,0.083,58.96
C:\Users\Asus\PycharmProjects\AquaVision_v1\datasets\fish\New Dataset\train_split\Bacterial diseases - Aeromoniasis\Bacterial diseases - Aeromoniasis_199.jpg,Bacterial diseases - Aeromoniasis,train,5.31,27.5,3.65,25.4,0.052,40.13
C:\Users\Asus\PycharmProjects\AquaVision_v1\datasets\fish\New Dataset\train_split\Bacterial diseases - Aeromoniasis\Bacterial diseases - Aeromoniasis_2.jpg,Bacterial diseases - Aeromoniasis,train,6.13,28.92,3.42,27.8,0.03,48.9
C:\Users\Asus\PycharmProjects\AquaVision_v1\datasets\fish\New Dataset\train_split\Bacterial diseases - Aeromoniasis\Bacterial diseases - Aeromoniasis_200.jpeg,Bacterial diseases - Aeromoniasis,train,6.05,29.56,3.8,30.0,0.663,35.22
C:\Users\Asus\PycharmProjects\AquaVision_v1\datasets\fish\New Dataset\train_split\Bacterial diseases - Aeromoniasis\Bacterial diseases - Aeromoniasis_201.jpg,Bacterial diseases - Aeromoniasis,train,5.1,32.36,2.67,30.28,0.098,47.8
C:\Users\Asus\PycharmProjects\AquaVision_v1\datasets\fish\New Dataset\train_split\Bacterial diseases - Aeromoniasis\Bacterial diseases - Aeromoniasis_203.jpg,Bacterial diseases - Aeromoniasis,train,4.46,31.65,2.48,30.55,0.042,28.38
C:\Users\Asus\PycharmProjects\AquaVision_v1\datasets\fish\New Dataset\train_split\Bacterial diseases - Aeromoniasis\Bacterial diseases - Aeromoniasis_204.jpg,Bacterial diseases - Aeromoniasis,train,5.71,31.12,2.51,26.46,0.016,38.98
C:\Users\Asus\PycharmProjects\AquaVision_v1\datasets\fish\New Dataset\train_split\Bacterial diseases - Aeromoniasis\Bacterial diseases - Aeromoniasis_205.jpg,Bacterial diseases - Aeromoniasis,train,6.56,32.32,4.35,18.11,0.107,37.03
C:\Users\Asus\PycharmProjects\AquaVision_v1\datasets\fish\New Dataset\train_split\Bacterial diseases - Aeromoniasis\Bacterial diseases - Aeromoniasis_206.jpg,Bacterial diseases - Aeromoniasis,train,6.32,29.49,3.27,27.38,0.214,43.8
C:\Users\Asus\PycharmProjects\AquaVision_v1\datasets\fish\New Dataset\train_split\Bacterial diseases - Aeromoniasis\Bacterial diseases - Aeromoniasis_207.jpg,Bacterial diseases - Aeromoniasis,train,6.17,29.78,2.85,29.58,0.274,40.79
C:\Users\Asus\PycharmProjects\AquaVision_v1\datasets\fish\New Dataset\train_split\Bacterial diseases - Aeromoniasis\Bacterial diseases - Aeromoniasis_209.jpg,Bacterial diseases - Aeromoniasis,train,6.62,30.18,4.16,26.37,0.145,38.24
C:\Users\Asus\PycharmProjects\AquaVision_v1\datasets\fish\New Dataset\train_split\Bacterial diseases - Aeromoniasis\Bacterial diseases - Aeromoniasis_21.jpg,Bacterial diseases - Aeromoniasis,train,4.76,31.05,4.54,29.31,0.121,42.81
C:\Users\Asus\PycharmProjects\AquaVision_v1\datasets\fish\New Dataset\train_split\Bacterial diseases - Aeromoniasis\Bacterial diseases - Aeromoniasis_214.jpg,Bacterial diseases - Aeromoniasis,train,6.24,32.93,2.02,32.58,0.037,50.09
C:\Users\Asus\PycharmProjects\AquaVision_v1\datasets\fish\New Dataset\train_split\Bacterial diseases - Aeromoniasis\Bacterial diseases - Aeromoniasis_216.jpg,Bacterial diseases - Aeromoniasis,train,6.85,31.45,3.4,26.16,0.071,36.5
C:\Users\Asus\PycharmProjects\AquaVision_v1\datasets\fish\New Dataset\train_split\Bacterial diseases - Aeromoniasis\Bacterial diseases - Aeromoniasis_218.jpg,Bacterial diseases - Aeromoniasis,val,6.14,29.81,3.58,29.33,0.105,57.87
C:\Users\Asus\PycharmProjects\AquaVision_v1\datasets\fish\New Dataset\train_split\Bacterial diseases - Aeromoniasis\Bacterial diseases - Aeromoniasis_219.jpg,Bacterial diseases - Aeromoniasis,train,5.83,32.89,2.46,31.48,0.296,58.56
C:\Users\Asus\PycharmProjects\AquaVision_v1\datasets\fish\New Dataset\train_split\Bacterial diseases - Aeromoniasis\Bacterial diseases - Aeromoniasis_220.jpg,Bacterial diseases - Aeromoniasis,train,5.64,27.89,1.78,33.98,0.155,46.81
C:\Users\Asus\PycharmProjects\AquaVision_v1\datasets\fish\New Dataset\train_split\Bacterial diseases - Aeromoniasis\Bacterial diseases - Aeromoniasis_221.jpg,Bacterial diseases - Aeromoniasis,val,7.69,31.27,3.78,29.92,0.307,47.24
C:\Users\Asus\PycharmProjects\AquaVision_v1\datasets\fish\New Dataset\train_split\Bacterial diseases - Aeromoniasis\Bacterial diseases - Aeromoniasis_222.jpg,Bacterial diseases - Aeromoniasis,train,7.23,34.36,4.47,25.96,0.681,44.1
C:\Users\Asus\PycharmProjects\AquaVision_v1\datasets\fish\New Dataset\train_split\Bacterial diseases - Aeromoniasis\Bacterial diseases - Aeromoniasis_223.jpg,Bacterial diseases - Aeromoniasis,train,6.57,31.14,4.08,21.23,0.014,60.3
C:\Users\Asus\PycharmProjects\AquaVision_v1\datasets\fish\New Dataset\train_split\Bacterial diseases - Aeromoniasis\Bacterial diseases - Aeromoniasis_224.jpg,Bacterial diseases - Aeromoniasis,train,5.49,26.86,3.86,28.29,0.106,57.7
C:\Users\Asus\PycharmProjects\AquaVision_v1\datasets\fish\New Dataset\train_split\Bacterial diseases - Aeromoniasis\Bacterial diseases - Aeromoniasis_226.jpg,Bacterial diseases - Aeromoniasis,val,5.61,30.35,2.0,27.02,0.172,42.27
C:\Users\Asus\PycharmProjects\AquaVision_v1\datasets\fish\New Dataset\train_split\Bacterial diseases - Aeromoniasis\Bacterial diseases - Aeromoniasis_227.jpg,Bacterial diseases - Aeromoniasis,train,5.96,32.74,4.68,32.51,0.003,34.83
C:\Users\Asus\PycharmProjects\AquaVision_v1\datasets\fish\New Dataset\train_split\Bacterial diseases - Aeromoniasis\Bacterial diseases - Aeromoniasis_228.jpg,Bacterial diseases - Aeromoniasis,train,6.41,30.33,2.31,38.29,0.017,45.59
C:\Users\Asus\PycharmProjects\AquaVision_v1\datasets\fish\New Dataset\train_split\Bacterial diseases - Aeromoniasis\Bacterial diseases - Aeromoniasis_229.jpg,Bacterial diseases - Aeromoniasis,train,5.11,30.64,2.36,25.81,0.009,70.7
C:\Users\Asus\PycharmProjects\AquaVision_v1\datasets\fish\New Dataset\train_split\Bacterial diseases - Aeromoniasis\Bacterial diseases - Aeromoniasis_23.jpg,Bacterial diseases - Aeromoniasis,train,7.0,24.37,4.07,32.98,0.042,24.27
C:\Users\Asus\PycharmProjects\AquaVision_v1\datasets\fish\New Dataset\train_split\Bacterial diseases - Aeromoniasis\Bacterial diseases - Aeromoniasis_230.jpg,Bacterial diseases - Aeromoniasis,val,5.26,29.06,2.31,35.01,0.006,49.85
C:\Users\Asus\PycharmProjects\AquaVision_v1\datasets\fish\New Dataset\train_split\Bacterial diseases - Aeromoniasis\Bacterial diseases - Aeromoniasis_231.jpg,Bacterial diseases - Aeromoniasis,train,5.64,32.8,2.3,25.9,0.264,49.89
C:\Users\Asus\PycharmProjects\AquaVision_v1\datasets\fish\New Dataset\train_split\Bacterial diseases - Aeromoniasis\Bacterial diseases - Aeromoniasis_232.jpg,Bacterial diseases - Aeromoniasis,val,5.96,30.06,3.77,29.78,0.443,61.46
C:\Users\Asus\PycharmProjects\AquaVision_v1\datasets\fish\New Dataset\train_split\Bacterial diseases - Aeromoniasis\Bacterial diseases - Aeromoniasis_233.jpg,Bacterial diseases - Aeromoniasis,train,5.5,32.48,2.95,29.3,0.137,32.49
C:\Users\Asus\PycharmProjects\AquaVision_v1\datasets\fish\New Dataset\train_split\Bacterial diseases - Aeromoniasis\Bacterial diseases - Aeromoniasis_236.jpg,Bacterial diseases - Aeromoniasis,train,5.79,33.62,2.64,22.37,0.223,52.56
C:\Users\Asus\PycharmProjects\AquaVision_v1\datasets\fish\New Dataset\train_split\Bacterial diseases - Aeromoniasis\Bacterial diseases - Aeromoniasis_237.jpg,Bacterial diseases - Aeromoniasis,val,5.25,25.8,4.56,28.84,0.361,44.03
C:\Users\Asus\PycharmProjects\AquaVision_v1\datasets\fish\New Dataset\train_split\Bacterial diseases - Aeromoniasis\Bacterial diseases - Aeromoniasis_238.jpg,Bacterial diseases - Aeromoniasis,train,6.08,33.76,3.29,28.6,0.138,66.55
C:\Users\Asus\PycharmProjects\AquaVision_v1\datasets\fish\New Dataset\train_split\Bacterial diseases - Aeromoniasis\Bacterial diseases - Aeromoniasis_24.jpg,Bacterial diseases - Aeromoniasis,val,6.5,31.43,3.05,28.07,0.047,48.48
C:\Users\Asus\PycharmProjects\AquaVision_v1\datasets\fish\New Dataset\train_split\Bacterial diseases - Aeromoniasis\Bacterial diseases - Aeromoniasis_241.jpg,Bacterial diseases - Aeromoniasis,train,6.74,28.55,3.91,21.19,0.263,40.31
C:\Users\Asus\PycharmProjects\AquaVision_v1\datasets\fish\New Dataset\train_split\Bacterial diseases - Aeromoniasis\Bacterial diseases - Aeromoniasis_242.jpg,Bacterial diseases - Aeromoniasis,train,7.21,35.16,2.92,20.64,0.183,32.2
C:\Users\Asus\PycharmProjects\AquaVision_v1\datasets\fish\New Dataset\train_split\Bacterial diseases - Aeromoniasis\Bacterial diseases - Aeromoniasis_25.jpg,Bacterial diseases - Aeromoniasis,train,6.21,29.11,2.71,22.37,0.085,58.41
C:\Users\Asus\PycharmProjects\AquaVision_v1\datasets\fish\New Dataset\train_split\Bacterial diseases - Aeromoniasis\Bacterial diseases - Aeromoniasis_26.jpg,Bacterial diseases - Aeromoniasis,val,5.57,28.63,5.31,29.97,0.33,46.85
C:\Users\Asus\PycharmProjects\AquaVision_v1\datasets\fish\New Dataset\train_split\Bacterial diseases - Aeromoniasis\Bacterial diseases - Aeromoniasis_27.jpg,Bacterial diseases - Aeromoniasis,val,5.75,31.31,5.25,27.62,0.102,41.48
C:\Users\Asus\PycharmProjects\AquaVision_v1\datasets\fish\New Dataset\train_split\Bacterial diseases - Aeromoniasis\Bacterial diseases - Aeromoniasis_28.jpg,Bacterial diseases - Aeromoniasis,train,6.25,30.91,4.62,25.49,0.071,63.12
C:\Users\Asus\PycharmProjects\AquaVision_v1\datasets\fish\New Dataset\train_split\Bacterial diseases - Aeromoniasis\Bacterial diseases - Aeromoniasis_29.jpg,Bacterial diseases - Aeromoniasis,val,6.48,33.43,3.7,21.72,0.112,31.81
C:\Users\Asus\PycharmProjects\AquaVision_v1\datasets\fish\New Dataset\train_split\Bacterial diseases - Aeromoniasis\Bacterial diseases - Aeromoniasis_3.png,Bacterial diseases - Aeromoniasis,train,5.96,31.95,3.69,30.24,0.295,55.81
C:\Users\Asus\PycharmProjects\AquaVision_v1\datasets\fish\New Dataset\train_split\Bacterial diseases - Aeromoniasis\Bacterial diseases - Aeromoniasis_30.jpg,Bacterial diseases - Aeromoniasis,val,6.19,26.85,1.92,28.83,0.05,53.18
C:\Users\Asus\PycharmProjects\AquaVision_v1\datasets\fish\New Dataset\train_split\Bacterial diseases - Aeromoniasis\Bacterial diseases - Aeromoniasis_31.jpg,Bacterial diseases - Aeromoniasis,train,6.73,30.9,3.75,28.11,0.096,45.3
C:\Users\Asus\PycharmProjects\AquaVision_v1\datasets\fish\New Dataset\train_split\Bacterial diseases - Aeromoniasis\Bacterial diseases - Aeromoniasis_32.jpg,Bacterial diseases - Aeromoniasis,val,6.16,29.84,2.85,26.76,0.02,34.58
C:\Users\Asus\PycharmProjects\AquaVision_v1\datasets\fish\New Dataset\train_split\Bacterial diseases - Aeromoniasis\Bacterial diseases - Aeromoniasis_33.jpg,Bacterial diseases - Aeromoniasis,train,6.87,30.53,2.85,33.79,0.096,46.97
C:\Users\Asus\PycharmProjects\AquaVision_v1\datasets\fish\New Dataset\train_split\Bacterial diseases - Aeromoniasis\Bacterial diseases - Aeromoniasis_34.jpg,Bacterial diseases - Aeromoniasis,val,6.26,33.22,3.27,32.26,0.699,57.23
C:\Users\Asus\PycharmProjects\AquaVision_v1\datasets\fish\New Dataset\train_split\Bacterial diseases - Aeromoniasis\Bacterial diseases - Aeromoniasis_35.jpg,Bacterial diseases - Aeromoniasis,val,5.69,36.75,2.91,26.22,0.137,59.53
C:\Users\Asus\PycharmProjects\AquaVision_v1\datasets\fish\New Dataset\train_split\Bacterial diseases - Aeromoniasis\Bacterial diseases - Aeromoniasis_36.jpg,Bacterial diseases - Aeromoniasis,train,5.85,30.3,2.12,24.33,0.088,25.66
C:\Users\Asus\PycharmProjects\AquaVision_v1\datasets\fish\New Dataset\train_split\Bacterial diseases - Aeromoniasis\Bacterial diseases - Aeromoniasis_37.jpg,Bacterial diseases - Aeromoniasis,val,5.38,33.46,3.03,27.8,0.238,51.75
C:\Users\Asus\PycharmProjects\AquaVision_v1\datasets\fish\New Dataset\train_split\Bacterial diseases - Aeromoniasis\Bacterial diseases - Aeromoniasis_38.jpg,Bacterial diseases - Aeromoniasis,train,6.2,32.23,3.43,37.82,0.066,39.82
C:\Users\Asus\PycharmProjects\AquaVision_v1\datasets\fish\New Dataset\train_split\Bacterial diseases - Aeromoniasis\Bacterial diseases - Aeromoniasis_39.jpg,Bacterial diseases - Aeromoniasis,train,5.74,29.41,4.15,33.68,0.298,39.29
C:\Users\Asus\PycharmProjects\AquaVision_v1\datasets\fish\New Dataset\train_split\Bacterial diseases - Aeromoniasis\Bacterial diseases - Aeromoniasis_4.jpg,Bacterial diseases - Aeromoniasis,train,5.77,32.58,3.36,21.94,0.225,36.6
C:\Users\Asus\PycharmProjects\AquaVision_v1\datasets\fish\New Dataset\train_split\Bacterial diseases - Aeromoniasis\Bacterial diseases - Aeromoniasis_40.jpg,Bacterial diseases - Aeromoniasis,train,6.2,29.47,2.89,29.14,0.266,48.34
C:\Users\Asus\PycharmProjects\AquaVision_v1\datasets\fish\New Dataset\train_split\Bacterial diseases - Aeromoniasis\Bacterial diseases - Aeromoniasis_41.jpg,Bacterial diseases - Aeromoniasis,train,5.99,29.0,2.1,25.08,0.321,36.59
C:\Users\Asus\PycharmProjects\AquaVision_v1\datasets\fish\New Dataset\train_split\Bacterial diseases - Aeromoniasis\Bacterial diseases - Aeromoniasis_42.jpg,Bacterial diseases - Aeromoniasis,train,6.1,29.71,3.38,27.93,0.164,56.88
C:\Users\Asus\PycharmProjects\AquaVision_v1\datasets\fish\New Dataset\train_split\Bacterial diseases - Aeromoniasis\Bacterial diseases - Aeromoniasis_44.jpg,Bacterial diseases - Aeromoniasis,train,5.81,33.61,3.75,35.39,0.078,47.4
C:\Users\Asus\PycharmProjects\AquaVision_v1\datasets\fish\New Dataset\train_split\Bacterial diseases - Aeromoniasis\Bacterial diseases - Aeromoniasis_47.jpg,Bacterial diseases - Aeromoniasis,train,6.28,33.05,3.61,32.27,0.241,56.69
C:\Users\Asus\PycharmProjects\AquaVision_v1\datasets\fish\New Dataset\train_split\Bacterial diseases - Aeromoniasis\Bacterial diseases - Aeromoniasis_5.jpg,Bacterial diseases - Aeromoniasis,train,6.0,31.37,4.17,24.73,0.044,49.18
C:\Users\Asus\PycharmProjects\AquaVision_v1\datasets\fish\New Dataset\train_split\Bacterial diseases - Aeromoniasis\Bacterial diseases - Aeromoniasis_52.jpg,Bacterial diseases - Aeromoniasis,train,6.34,31.48,3.24,22.56,0.251,52.46
C:\Users\Asus\PycharmProjects\AquaVision_v1\datasets\fish\New Dataset\train_split\Bacterial diseases - Aeromoniasis\Bacterial diseases - Aeromoniasis_54.jpg,Bacterial diseases - Aeromoniasis,train,5.92,31.55,3.4,34.31,0.824,57.09
C:\Users\Asus\PycharmProjects\AquaVision_v1\datasets\fish\New Dataset\train_split\Bacterial diseases - Aeromoniasis\Bacterial diseases - Aeromoniasis_57.jpg,Bacterial diseases - Aeromoniasis,train,5.24,29.88,3.36,32.29,0.017,34.73
C:\Users\Asus\PycharmProjects\AquaVision_v1\datasets\fish\New Dataset\train_split\Bacterial diseases - Aeromoniasis\Bacterial diseases - Aeromoniasis_59.jpg,Bacterial diseases - Aeromoniasis,train,6.82,27.19,2.75,29.51,0.355,43.69
C:\Users\Asus\PycharmProjects\AquaVision_v1\datasets\fish\New Dataset\train_split\Bacterial diseases - Aeromoniasis\Bacterial diseases - Aeromoniasis_60.jpg,Bacterial diseases - Aeromoniasis,train,4.88,29.61,4.7,22.21,0.045,23.01
C:\Users\Asus\PycharmProjects\AquaVision_v1\datasets\fish\New Dataset\train_split\Bacterial diseases - Aeromoniasis\Bacterial diseases - Aeromoniasis_63.jpg,Bacterial diseases - Aeromoniasis,val,5.49,32.77,3.4,25.74,0.266,42.78
C:\Users\Asus\PycharmProjects\AquaVision_v1\datasets\fish\New Dataset\train_split\Bacterial diseases - Aeromoniasis\Bacterial diseases - Aeromoniasis_64.jpg,Bacterial diseases - Aeromoniasis,val,5.41,35.62,2.34,21.9,1.033,38.08
C:\Users\Asus\PycharmProjects\AquaVision_v1\datasets\fish\New Dataset\train_split\Bacterial diseases - Aeromoniasis\Bacterial diseases - Aeromoniasis_66.jpg,Bacterial diseases - Aeromoniasis,train,5.96,31.88,2.2,33.78,0.499,50.06
C:\Users\Asus\PycharmProjects\AquaVision_v1\datasets\fish\New Dataset\train_split\Bacterial diseases - Aeromoniasis\Bacterial diseases - Aeromoniasis_67.jpg,Bacterial diseases - Aeromoniasis,val,6.08,31.86,3.57,30.28,0.358,49.48
C:\Users\Asus\PycharmProjects\AquaVision_v1\datasets\fish\New Dataset\train_split\Bacterial diseases - Aeromoniasis\Bacterial diseases - Aeromoniasis_68.jpg,Bacterial diseases - Aeromoniasis,train,6.22,32.77,3.13,33.76,0.031,48.75
C:\Users\Asus\PycharmProjects\AquaVision_v1\datasets\fish\New Dataset\train_split\Bacterial diseases - Aeromoniasis\Bacterial diseases - Aeromoniasis_70.jpg,Bacterial diseases - Aeromoniasis,train,5.65,30.9,2.06,28.51,0.078,38.19
C:\Users\Asus\PycharmProjects\AquaVision_v1\datasets\fish\New Dataset\train_split\Bacterial diseases - Aeromoniasis\Bacterial diseases - Aeromoniasis_71.jpg,Bacterial diseases - Aeromoniasis,train,5.83,26.28,2.84,18.3,0.229,55.24
C:\Users\Asus\PycharmProjects\AquaVision_v1\datasets\fish\New Dataset\train_split\Bacterial diseases - Aeromoniasis\Bacterial diseases - Aeromoniasis_72.jpg,Bacterial diseases - Aeromoniasis,train,5.44,28.58,3.16,27.99,0.241,33.42
C:\Users\Asus\PycharmProjects\AquaVision_v1\datasets\fish\New Dataset\train_split\Bacterial diseases - Aeromoniasis\Bacterial diseases - Aeromoniasis_73.jpg,Bacterial diseases - Aeromoniasis,train,5.97,31.07,3.37,19.83,0.023,42.31
C:\Users\Asus\PycharmProjects\AquaVision_v1\datasets\fish\New Dataset\train_split\Bacterial diseases - Aeromoniasis\Bacterial diseases - Aeromoniasis_74.jpg,Bacterial diseases - Aeromoniasis,train,6.05,28.5,2.98,35.19,0.403,51.41
C:\Users\Asus\PycharmProjects\AquaVision_v1\datasets\fish\New Dataset\train_split\Bacterial diseases - Aeromoniasis\Bacterial diseases - Aeromoniasis_75.jpg,Bacterial diseases - Aeromoniasis,train,6.94,33.31,3.25,25.41,0.309,48.93
C:\Users\Asus\PycharmProjects\AquaVision_v1\datasets\fish\New Dataset\train_split\Bacterial diseases - Aeromoniasis\Bacterial diseases - Aeromoniasis_76.jpg,Bacterial diseases - Aeromoniasis,train,6.51,33.62,2.77,33.27,0.151,46.98
C:\Users\Asus\PycharmProjects\AquaVision_v1\datasets\fish\New Dataset\train_split\Bacterial diseases - Aeromoniasis\Bacterial diseases - Aeromoniasis_77.jpg,Bacterial diseases - Aeromoniasis,train,7.14,31.49,2.68,26.06,0.514,34.68
C:\Users\Asus\PycharmProjects\AquaVision_v1\datasets\fish\New Dataset\train_split\Bacterial diseases - Aeromoniasis\Bacterial diseases - Aeromoniasis_78.jpg,Bacterial diseases - Aeromoniasis,train,5.78,30.94,4.91,34.91,0.065,49.36
C:\Users\Asus\PycharmProjects\AquaVision_v1\datasets\fish\New Dataset\train_split\Bacterial diseases - Aeromoniasis\Bacterial diseases - Aeromoniasis_79.jpg,Bacterial diseases - Aeromoniasis,val,6.12,31.3,3.69,23.91,0.019,55.91
C:\Users\Asus\PycharmProjects\AquaVision_v1\datasets\fish\New Dataset\train_split\Bacterial diseases - Aeromoniasis\Bacterial diseases - Aeromoniasis_80.jpg,Bacterial diseases - Aeromoniasis,train,6.26,29.79,6.03,23.1,1.099,30.36
C:\Users\Asus\PycharmProjects\AquaVision_v1\datasets\fish\New Dataset\train_split\Bacterial diseases - Aeromoniasis\Bacterial diseases - Aeromoniasis_83.jpg,Bacterial diseases - Aeromoniasis,train,7.11,29.85,4.06,27.85,0.577,28.67
C:\Users\Asus\PycharmProjects\AquaVision_v1\datasets\fish\New Dataset\train_split\Bacterial diseases - Aeromoniasis\Bacterial diseases - Aeromoniasis_84.jpg,Bacterial diseases - Aeromoniasis,train,5.76,34.69,4.3,25.5,0.315,48.96
C:\Users\Asus\PycharmProjects\AquaVision_v1\datasets\fish\New Dataset\train_split\Bacterial diseases - Aeromoniasis\Bacterial diseases - Aeromoniasis_85.jpg,Bacterial diseases - Aeromoniasis,train,5.77,29.32,3.18,32.69,0.071,43.43
C:\Users\Asus\PycharmProjects\AquaVision_v1\datasets\fish\New Dataset\train_split\Bacterial diseases - Aeromoniasis\Bacterial diseases - Aeromoniasis_86.jpg,Bacterial diseases - Aeromoniasis,train,6.74,33.87,1.81,26.55,0.872,33.8
C:\Users\Asus\PycharmProjects\AquaVision_v1\datasets\fish\New Dataset\train_split\Bacterial diseases - Aeromoniasis\Bacterial diseases - Aeromoniasis_88.jpg,Bacterial diseases - Aeromoniasis,train,5.32,33.9,2.83,29.39,0.875,29.44
C:\Users\Asus\PycharmProjects\AquaVision_v1\datasets\fish\New Dataset\train_split\Bacterial diseases - Aeromoniasis\Bacterial diseases - Aeromoniasis_89.jpg,Bacterial diseases - Aeromoniasis,train,5.94,31.19,2.17,31.99,0.141,40.06
C:\Users\Asus\PycharmProjects\AquaVision_v1\datasets\fish\New Dataset\train_split\Bacterial diseases - Aeromoniasis\Bacterial diseases - Aeromoniasis_9.jpg,Bacterial diseases - Aeromoniasis,train,7.0,33.13,2.92,26.6,0.009,53.47
C:\Users\Asus\PycharmProjects\AquaVision_v1\datasets\fish\New Dataset\train_split\Bacterial diseases - Aeromoniasis\Bacterial diseases - Aeromoniasis_91.jpg,Bacterial diseases - Aeromoniasis,train,6.83,31.95,3.54,32.12,0.058,47.39
C:\Users\Asus\PycharmProjects\AquaVision_v1\datasets\fish\New Dataset\train_split\Bacterial diseases - Aeromoniasis\Bacterial diseases - Aeromoniasis_93.jpg,Bacterial diseases - Aeromoniasis,train,6.06,30.91,3.78,28.21,0.01,43.69
C:\Users\Asus\PycharmProjects\AquaVision_v1\datasets\fish\New Dataset\train_split\Bacterial diseases - Aeromoniasis\Bacterial diseases - Aeromoniasis_94.jpg,Bacterial diseases - Aeromoniasis,val,5.48,31.2,1.6,31.67,0.152,48.46
C:\Users\Asus\PycharmProjects\AquaVision_v1\datasets\fish\New Dataset\train_split\Bacterial diseases - Aeromoniasis\Bacterial diseases - Aeromoniasis_95.jpg,Bacterial diseases - Aeromoniasis,train,7.35,30.65,4.09,23.84,0.056,47.77
C:\Users\Asus\PycharmProjects\AquaVision_v1\datasets\fish\New Dataset\train_split\Bacterial diseases - Aeromoniasis\Bacterial diseases - Aeromoniasis_96.jpg,Bacterial diseases - Aeromoniasis,train,5.71,30.52,3.37,31.48,0.723,49.96
C:\Users\Asus\PycharmProjects\AquaVision_v1\datasets\fish\New Dataset\train_split\Bacterial diseases - Aeromoniasis\Bacterial diseases - Aeromoniasis_97.jpg,Bacterial diseases - Aeromoniasis,train,7.54,30.86,3.36,32.2,0.008,46.98
C:\Users\Asus\PycharmProjects\AquaVision_v1\datasets\fish\New Dataset\train_split\Bacterial diseases - Aeromoniasis\Bacterial diseases - Aeromoniasis_98.jpg,Bacterial diseases - Aeromoniasis,train,6.37,32.6,2.29,34.53,0.028,33.54
C:\Users\Asus\PycharmProjects\AquaVision_v1\datasets\fish\New Dataset\train_split\Bacterial diseases - Aeromoniasis\Bacterial diseases - Aeromoniasis_99.jpg,Bacterial diseases - Aeromoniasis,train,6.06,31.82,3.46,29.69,0.209,50.64
C:\Users\Asus\PycharmProjects\AquaVision_v1\datasets\fish\New Dataset\train_split\Bacterial diseases - Aeromoniasis\Bacterial diseases - Aeromoniasis_aug_0.jpg,Bacterial diseases - Aeromoniasis,train,6.31,33.97,2.22,30.39,0.4,52.01
C:\Users\Asus\PycharmProjects\AquaVision_v1\datasets\fish\New Dataset\train_split\Bacterial diseases - Aeromoniasis\Bacterial diseases - Aeromoniasis_aug_100.jpg,Bacterial diseases - Aeromoniasis,train,6.01,31.31,3.06,28.06,0.098,32.22
C:\Users\Asus\PycharmProjects\AquaVision_v1\datasets\fish\New Dataset\train_split\Bacterial diseases - Aeromoniasis\Bacterial diseases - Aeromoniasis_aug_101.jpg,Bacterial diseases - Aeromoniasis,val,5.11,28.52,1.48,25.44,0.064,31.77
C:\Users\Asus\PycharmProjects\AquaVision_v1\datasets\fish\New Dataset\train_split\Bacterial diseases - Aeromoniasis\Bacterial diseases - Aeromoniasis_aug_103.jpg,Bacterial diseases - Aeromoniasis,train,7.09,33.52,2.65,37.01,0.119,45.59
C:\Users\Asus\PycharmProjects\AquaVision_v1\datasets\fish\New Dataset\train_split\Bacterial diseases - Aeromoniasis\Bacterial diseases - Aeromoniasis_aug_104.jpg,Bacterial diseases - Aeromoniasis,train,6.78,27.53,1.88,32.09,0.234,69.4
C:\Users\Asus\PycharmProjects\AquaVision_v1\datasets\fish\New Dataset\train_split\Bacterial diseases - Aeromoniasis\Bacterial diseases - Aeromoniasis_aug_106.jpg,Bacterial diseases - Aeromoniasis,train,6.46,33.13,3.81,29.12,0.07,43.11
C:\Users\Asus\PycharmProjects\AquaVision_v1\datasets\fish\New Dataset\train_split\Bacterial diseases - Aeromoniasis\Bacterial diseases - Aeromoniasis_aug_109.jpg,Bacterial diseases - Aeromoniasis,train,6.43,26.77,3.12,24.05,0.406,33.96
C:\Users\Asus\PycharmProjects\AquaVision_v1\datasets\fish\New Dataset\train_split\Bacterial diseases - Aeromoniasis\Bacterial diseases - Aeromoniasis_aug_11.jpg,Bacterial diseases - Aeromoniasis,train,6.65,27.07,2.41,31.76,0.133,43.66
C:\Users\Asus\PycharmProjects\AquaVision_v1\datasets\fish\New Dataset\train_split\Bacterial diseases - Aeromoniasis\Bacterial diseases - Aeromoniasis_aug_110.jpg,Bacterial diseases - Aeromoniasis,train,6.0,31.26,2.13,25.59,0.209,48.2
C:\Users\Asus\PycharmProjects\AquaVision_v1\datasets\fish\New Dataset\train_split\Bacterial diseases - Aeromoniasis\Bacterial diseases - Aeromoniasis_aug_112.jpg,Bacterial diseases - Aeromoniasis,val,6.09,32.38,3.38,33.46,0.011,49.72
C:\Users\Asus\PycharmProjects\AquaVision_v1\datasets\fish\New Dataset\train_split\Bacterial diseases - Aeromoniasis\Bacterial diseases - Aeromoniasis_aug_113.jpg,Bacterial diseases - Aeromoniasis,train,6.18,31.12,3.23,25.19,0.236,38.37
C:\Users\Asus\PycharmProjects\AquaVision_v1\datasets\fish\New Dataset\train_split\Bacterial diseases - Aeromoniasis\Bacterial diseases - Aeromoniasis_aug_115.jpg,Bacterial diseases - Aeromoniasis,val,5.35,29.27,2.63,31.58,0.432,63.2
C:\Users\Asus\PycharmProjects\AquaVision_v1\datasets\fish\New Dataset\train_split\Bacterial diseases - Aeromoniasis\Bacterial diseases - Aeromoniasis_aug_116.jpg,Bacterial diseases - Aeromoniasis,train,5.6,28.91,4.92,23.25,0.334,48.1
C:\Users\Asus\PycharmProjects\AquaVision_v1\datasets\fish\New Dataset\train_split\Bacterial diseases - Aeromoniasis\Bacterial diseases - Aeromoniasis_aug_117.jpg,Bacterial diseases - Aeromoniasis,train,5.99,30.68,3.24,27.41,0.234,29.63
C:\Users\Asus\PycharmProjects\AquaVision_v1\datasets\fish\New Dataset\train_split\Bacterial diseases - Aeromoniasis\Bacterial diseases - Aeromoniasis_aug_118.jpg,Bacterial diseases - Aeromoniasis,train,6.26,30.78,5.26,24.79,0.14,61.39
C:\Users\Asus\PycharmProjects\AquaVision_v1\datasets\fish\New Dataset\train_split\Bacterial diseases - Aeromoniasis\Bacterial diseases - Aeromoniasis_aug_119.jpg,Bacterial diseases - Aeromoniasis,val,6.44,35.07,2.9,27.19,0.022,33.99
C:\Users\Asus\PycharmProjects\AquaVision_v1\datasets\fish\New Dataset\train_split\Bacterial diseases - Aeromoniasis\Bacterial diseases - Aeromoniasis_aug_12.jpg,Bacterial diseases - Aeromoniasis,train,5.67,31.09,2.58,28.94,0.53,29.44
C:\Users\Asus\PycharmProjects\AquaVision_v1\datasets\fish\New Dataset\train_split\Bacterial diseases - Aeromoniasis\Bacterial diseases - Aeromoniasis_aug_120.jpg,Bacterial diseases - Aeromoniasis,train,4.9,31.94,4.18,23.16,1.285,51.95
C:\Users\Asus\PycharmProjects\AquaVision_v1\datasets\fish\New Dataset\train_split\Bacterial diseases - Aeromoniasis\Bacterial diseases - Aeromoniasis_aug_121.jpg,Bacterial diseases - Aeromoniasis,train,7.27,29.24,3.16,30.23,0.048,45.76
C:\Users\Asus\PycharmProjects\AquaVision_v1\datasets\fish\New Dataset\train_split\Bacterial diseases - Aeromoniasis\Bacterial diseases - Aeromoniasis_aug_123.jpg,Bacterial diseases - Aeromoniasis,train,6.2,27.47,3.11,24.38,0.353,58.14
C:\Users\Asus\PycharmProjects\AquaVision_v1\datasets\fish\New Dataset\train_split\Bacterial diseases - Aeromoniasis\Bacterial diseases - Aeromoniasis_aug_124.jpg,Bacterial diseases - Aeromoniasis,train,5.37,28.27,2.95,32.85,0.184,46.42
C:\Users\Asus\PycharmProjects\AquaVision_v1\datasets\fish\New Dataset\train_split\Bacterial diseases - Aeromoniasis\Bacterial diseases - Aeromoniasis_aug_125.jpg,Bacterial diseases - Aeromoniasis,train,6.22,30.23,3.31,27.39,0.381,34.29
C:\Users\Asus\PycharmProjects\AquaVision_v1\datasets\fish\New Dataset\train_split\Bacterial diseases - Aeromoniasis\Bacterial diseases - Aeromoniasis_aug_126.jpg,Bacterial diseases - Aeromoniasis,train,5.57,26.41,3.61,23.59,0.229,23.47
C:\Users\Asus\PycharmProjects\AquaVision_v1\datasets\fish\New Dataset\train_split\Bacterial diseases - Aeromoniasis\Bacterial diseases - Aeromoniasis_aug_127.jpg,Bacterial diseases - Aeromoniasis,train,6.1,33.1,3.27,27.6,0.12,50.68
C:\Users\Asus\PycharmProjects\AquaVision_v1\datasets\fish\New Dataset\train_split\Bacterial diseases - Aeromoniasis\Bacterial diseases - Aeromoniasis_aug_128.jpg,Bacterial diseases - Aeromoniasis,train,6.46,30.56,2.6,30.15,0.106,36.02
C:\Users\Asus\PycharmProjects\AquaVision_v1\datasets\fish\New Dataset\train_split\Bacterial diseases - Aeromoniasis\Bacterial diseases - Aeromoniasis_aug_130.jpg,Bacterial diseases - Aeromoniasis,train,6.75,32.19,3.18,31.27,0.233,38.5
C:\Users\Asus\PycharmProjects\AquaVision_v1\datasets\fish\New Dataset\train_split\Bacterial diseases - Aeromoniasis\Bacterial diseases - Aeromoniasis_aug_131.jpg,Bacterial diseases - Aeromoniasis,train,6.42,28.34,2.96,25.56,0.007,43.13
C:\Users\Asus\PycharmProjects\AquaVision_v1\datasets\fish\New Dataset\train_split\Bacterial diseases - Aeromoniasis\Bacterial diseases - Aeromoniasis_aug_132.jpg,Bacterial diseases - Aeromoniasis,train,6.13,32.32,3.14,29.95,0.093,16.12
C:\Users\Asus\PycharmProjects\AquaVision_v1\datasets\fish\New Dataset\train_split\Bacterial diseases - Aeromoniasis\Bacterial diseases - Aeromoniasis_aug_133.jpg,Bacterial diseases - Aeromoniasis,train,6.06,27.98,5.92,34.12,0.041,57.19
C:\Users\Asus\PycharmProjects\AquaVision_v1\datasets\fish\New Dataset\train_split\Bacterial diseases - Aeromoniasis\Bacterial diseases - Aeromoniasis_aug_134.jpg,Bacterial diseases - Aeromoniasis,train,6.19,30.16,2.71,26.79,0.295,45.16
C:\Users\Asus\PycharmProjects\AquaVision_v1\datasets\fish\New Dataset\train_split\Bacterial diseases - Aeromoniasis\Bacterial diseases - Aeromoniasis_aug_136.jpg,Bacterial diseases - Aeromoniasis,train,5.66,32.09,4.15,31.8,0.187,30.15
C:\Users\Asus\PycharmProjects\AquaVision_v1\datasets\fish\New Dataset\train_split\Bacterial diseases - Aeromoniasis\Bacterial diseases - Aeromoniasis_aug_14.jpg,Bacterial diseases - Aeromoniasis,train,6.04,30.44,1.4,20.79,0.439,53.79
C:\Users\Asus\PycharmProjects\AquaVision_v1\datasets\fish\New Dataset\train_split\Bacterial diseases - Aeromoniasis\Bacterial diseases - Aeromoniasis_aug_142.jpg,Bacterial diseases - Aeromoniasis,train,4.55,29.63,3.51,22.08,0.003,46.83
C:\Users\Asus\PycharmProjects\AquaVision_v1\datasets\fish\New Dataset\train_split\Bacterial diseases - Aeromoniasis\Bacterial diseases - Aeromoniasis_aug_144.jpg,Bacterial diseases - Aeromoniasis,train,6.09,32.45,3.3,24.11,0.151,33.07
C:\Users\Asus\PycharmProjects\AquaVision_v1\datasets\fish\New Dataset\train_split\Bacterial diseases - Aeromoniasis\Bacterial diseases - Aeromoniasis_aug_145.jpg,Bacterial diseases - Aeromoniasis,train,6.08,30.57,4.57,22.51,0.154,28.86
C:\Users\Asus\PycharmProjects\AquaVision_v1\datasets\fish\New Dataset\train_split\Bacterial diseases - Aeromoniasis\Bacterial diseases - Aeromoniasis_aug_147.jpg,Bacterial diseases - Aeromoniasis,train,5.7,33.6,2.72,35.3,0.073,44.12
C:\Users\Asus\PycharmProjects\AquaVision_v1\datasets\fish\New Dataset\train_split\Bacterial diseases - Aeromoniasis\Bacterial diseases - Aeromoniasis_aug_15.jpg,Bacterial diseases - Aeromoniasis,train,6.65,32.86,3.44,33.21,0.017,60.62
C:\Users\Asus\PycharmProjects\AquaVision_v1\datasets\fish\New Dataset\train_split\Bacterial diseases - Aeromoniasis\Bacterial diseases - Aeromoniasis_aug_151.jpg,Bacterial diseases - Aeromoniasis,train,6.38,29.31,4.81,28.55,0.011,47.37
C:\Users\Asus\PycharmProjects\AquaVision_v1\datasets\fish\New Dataset\train_split\Bacterial diseases - Aeromoniasis\Bacterial diseases - Aeromoniasis_aug_152.jpg,Bacterial diseases - Aeromoniasis,val,5.83,27.63,2.42,32.8,0.271,38.43
C:\Users\Asus\PycharmProjects\AquaVision_v1\datasets\fish\New Dataset\train_split\Bacterial diseases - Aeromoniasis\Bacterial diseases - Aeromoniasis_aug_153.jpg,Bacterial diseases - Aeromoniasis,train,6.81,32.8,4.0,24.97,0.245,32.47
C:\Users\Asus\PycharmProjects\AquaVision_v1\datasets\fish\New Dataset\train_split\Bacterial diseases - Aeromoniasis\Bacterial diseases - Aeromoniasis_aug_154.jpg,Bacterial diseases - Aeromoniasis,train,5.8,34.32,3.64,29.82,0.011,66.65
C:\Users\Asus\PycharmProjects\AquaVision_v1\datasets\fish\New Dataset\train_split\Bacterial diseases - Aeromoniasis\Bacterial diseases - Aeromoniasis_aug_158.jpg,Bacterial diseases - Aeromoniasis,train,5.71,33.32,3.25,29.07,0.218,52.46
C:\Users\Asus\PycharmProjects\AquaVision_v1\datasets\fish\New Dataset\train_split\Bacterial diseases - Aeromoniasis\Bacterial diseases - Aeromoniasis_aug_159.jpg,Bacterial diseases - Aeromoniasis,train,6.46,30.09,2.53,23.82,0.145,25.34
C:\Users\Asus\PycharmProjects\AquaVision_v1\datasets\fish\New Dataset\train_split\Bacterial diseases - Aeromoniasis\Bacterial diseases - Aeromoniasis_aug_16.jpg,Bacterial diseases - Aeromoniasis,train,5.97,30.31,3.45,31.26,0.084,48.04
C:\Users\Asus\PycharmProjects\AquaVision_v1\datasets\fish\New Dataset\train_split\Bacterial diseases - Aeromoniasis\Bacterial diseases - Aeromoniasis_aug_160.jpg,Bacterial diseases - Aeromoniasis,val,6.26,30.58,3.43,27.01,0.461,61.07
C:\Users\Asus\PycharmProjects\AquaVision_v1\datasets\fish\New Dataset\train_split\Bacterial diseases - Aeromoniasis\Bacterial diseases - Aeromoniasis_aug_161.jpg,Bacterial diseases - Aeromoniasis,train,6.5,33.93,3.34,22.81,1.044,44.06
C:\Users\Asus\PycharmProjects\AquaVision_v1\datasets\fish\New Dataset\train_split\Bacterial diseases - Aeromoniasis\Bacterial diseases - Aeromoniasis_aug_163.jpg,Bacterial diseases - Aeromoniasis,val,6.05,29.68,3.67,32.95,0.33,45.21
C:\Users\Asus\PycharmProjects\AquaVision_v1\datasets\fish\New Dataset\train_split\Bacterial diseases - Aeromoniasis\Bacterial diseases - Aeromoniasis_aug_165.jpg,Bacterial diseases - Aeromoniasis,train,6.24,37.5,3.65,20.96,0.292,48.29
C:\Users\Asus\PycharmProjects\AquaVision_v1\datasets\fish\New Dataset\train_split\Bacterial diseases - Aeromoniasis\Bacterial diseases - Aeromoniasis_aug_166.jpg,Bacterial diseases - Aeromoniasis,train,6.64,30.65,2.22,27.16,0.402,36.49
C:\Users\Asus\PycharmProjects\AquaVision_v1\datasets\fish\New Dataset\train_split\Bacterial diseases - Aeromoniasis\Bacterial diseases - Aeromoniasis_aug_167.jpg,Bacterial diseases - Aeromoniasis,train,8.56,31.99,1.07,29.78,0.11,47.78
C:\Users\Asus\PycharmProjects\AquaVision_v1\datasets\fish\New Dataset\train_split\Bacterial diseases - Aeromoniasis\Bacterial diseases - Aeromoniasis_aug_17.jpg,Bacterial diseases - Aeromoniasis,train,6.49,30.7,3.54,24.45,0.091,40.63
C:\Users\Asus\PycharmProjects\AquaVision_v1\datasets\fish\New Dataset\train_split\Bacterial diseases - Aeromoniasis\Bacterial diseases - Aeromoniasis_aug_170.jpg,Bacterial diseases - Aeromoniasis,train,6.39,30.0,1.09,31.73,0.124,61.81
C:\Users\Asus\PycharmProjects\AquaVision_v1\datasets\fish\New Dataset\train_split\Bacterial diseases - Aeromoniasis\Bacterial diseases - Aeromoniasis_aug_171.jpg,Bacterial diseases - Aeromoniasis,train,6.86,29.62,5.25,25.74,0.217,46.85
C:\Users\Asus\PycharmProjects\AquaVision_v1\datasets\fish\New Dataset\train_split\Bacterial diseases - Aeromoniasis\Bacterial diseases - Aeromoniasis_aug_172.jpg,Bacterial diseases - Aeromoniasis,train,7.34,34.02,4.02,30.37,0.079,44.93
C:\Users\Asus\PycharmProjects\AquaVision_v1\datasets\fish\New Dataset\train_split\Bacterial diseases - Aeromoniasis\Bacterial diseases - Aeromoniasis_aug_173.jpg,Bacterial diseases - Aeromoniasis,train,6.89,30.57,2.84,30.79,0.389,54.55
C:\Users\Asus\PycharmProjects\AquaVision_v1\datasets\fish\New Dataset\train_split\Bacterial diseases - Aeromoniasis\Bacterial diseases - Aeromoniasis_aug_176.jpg,Bacterial diseases - Aeromoniasis,train,5.41,30.52,2.63,20.53,0.023,49.8
C:\Users\Asus\PycharmProjects\AquaVision_v1\datasets\fish\New Dataset\train_split\Bacterial diseases - Aeromoniasis\Bacterial diseases - Aeromoniasis_aug_177.jpg,Bacterial diseases - Aeromoniasis,train,5.28,28.44,4.68,32.88,0.031,50.82
C:\Users\Asus\PycharmProjects\AquaVision_v1\datasets\fish\New Dataset\train_split\Bacterial diseases - Aeromoniasis\Bacterial diseases - Aeromoniasis_aug_178.jpg,Bacterial diseases - Aeromoniasis,train,4.7,33.72,4.92,34.17,0.051,30.89
C:\Users\Asus\PycharmProjects\AquaVision_v1\datasets\fish\New Dataset\train_split\Bacterial diseases - Aeromoniasis\Bacterial diseases - Aeromoniasis_aug_179.jpg,Bacterial diseases - Aeromoniasis,train,5.04,31.81,3.08,26.14,0.515,29.05
C:\Users\Asus\PycharmProjects\AquaVision_v1\datasets\fish\New Dataset\train_split\Bacterial diseases - Aeromoniasis\Bacterial diseases - Aeromoniasis_aug_180.jpg,Bacterial diseases - Aeromoniasis,train,6.41,29.67,2.26,16.51,0.036,47.06
C:\Users\Asus\PycharmProjects\AquaVision_v1\datasets\fish\New Dataset\train_split\Bacterial diseases - Aeromoniasis\Bacterial diseases - Aeromoniasis_aug_182.jpg,Bacterial diseases - Aeromoniasis,train,5.87,35.15,2.83,25.59,0.236,49.69
C:\Users\Asus\PycharmProjects\AquaVision_v1\datasets\fish\New Dataset\train_split\Bacterial diseases - Aeromoniasis\Bacterial diseases - Aeromoniasis_aug_184.jpg,Bacterial diseases - Aeromoniasis,train,6.56,34.07,3.12,27.19,0.076,48.55
C:\Users\Asus\PycharmProjects\AquaVision_v1\datasets\fish\New Dataset\train_split\Bacterial diseases - Aeromoniasis\Bacterial diseases - Aeromoniasis_aug_185.jpg,Bacterial diseases - Aeromoniasis,train,5.97,33.28,2.56,33.97,0.017,42.29
C:\Users\Asus\PycharmProjects\AquaVision_v1\datasets\fish\New Dataset\train_split\Bacterial diseases - Aeromoniasis\Bacterial diseases - Aeromoniasis_aug_187.jpg,Bacterial diseases - Aeromoniasis,train,4.65,33.21,3.79,26.87,0.006,47.47
C:\Users\Asus\PycharmProjects\AquaVision_v1\datasets\fish\New Dataset\train_split\Bacterial diseases - Aeromoniasis\Bacterial diseases - Aeromoniasis_aug_193.jpg,Bacterial diseases - Aeromoniasis,val,6.15,27.09,2.78,31.18,0.055,32.46
C:\Users\Asus\PycharmProjects\AquaVision_v1\datasets\fish\New Dataset\train_split\Bacterial diseases - Aeromoniasis\Bacterial diseases - Aeromoniasis_aug_194.jpg,Bacterial diseases - Aeromoniasis,train,6.38,30.91,1.91,32.66,0.03,40.73
C:\Users\Asus\PycharmProjects\AquaVision_v1\datasets\fish\New Dataset\train_split\Bacterial diseases - Aeromoniasis\Bacterial diseases - Aeromoniasis_aug_198.jpg,Bacterial diseases - Aeromoniasis,train,5.77,31.5,4.12,23.94,0.492,45.62
C:\Users\Asus\PycharmProjects\AquaVision_v1\datasets\fish\New Dataset\train_split\Bacterial diseases - Aeromoniasis\Bacterial diseases - Aeromoniasis_aug_199.jpg,Bacterial diseases - Aeromoniasis,train,6.21,30.08,2.54,28.34,0.153,32.34
C:\Users\Asus\PycharmProjects\AquaVision_v1\datasets\fish\New Dataset\train_split\Bacterial diseases - Aeromoniasis\Bacterial diseases - Aeromoniasis_aug_2.jpg,Bacterial diseases - Aeromoniasis,val,6.07,32.09,3.92,18.55,0.263,34.9
C:\Users\Asus\PycharmProjects\AquaVision_v1\datasets\fish\New Dataset\train_split\Bacterial diseases - Aeromoniasis\Bacterial diseases - Aeromoniasis_aug_201.jpg,Bacterial diseases - Aeromoniasis,val,6.11,29.18,3.05,33.5,0.013,38.72
C:\Users\Asus\PycharmProjects\AquaVision_v1\datasets\fish\New Dataset\train_split\Bacterial diseases - Aeromoniasis\Bacterial diseases - Aeromoniasis_aug_202.jpg,Bacterial diseases - Aeromoniasis,val,6.46,29.79,2.44,28.49,0.057,61.25
C:\Users\Asus\PycharmProjects\AquaVision_v1\datasets\fish\New Dataset\train_split\Bacterial diseases - Aeromoniasis\Bacterial diseases - Aeromoniasis_aug_203.jpg,Bacterial diseases - Aeromoniasis,train,5.92,27.09,3.91,27.69,0.193,35.27
C:\Users\Asus\PycharmProjects\AquaVision_v1\datasets\fish\New Dataset\train_split\Bacterial diseases - Aeromoniasis\Bacterial diseases - Aeromoniasis_aug_206.jpg,Bacterial diseases - Aeromoniasis,val,6.1,29.93,4.12,28.45,0.085,30.62
C:\Users\Asus\PycharmProjects\AquaVision_v1\datasets\fish\New Dataset\train_split\Bacterial diseases - Aeromoniasis\Bacterial diseases - Aeromoniasis_aug_21.jpg,Bacterial diseases - Aeromoniasis,val,7.22,33.7,2.84,33.12,0.617,32.81
C:\Users\Asus\PycharmProjects\AquaVision_v1\datasets\fish\New Dataset\train_split\Bacterial diseases - Aeromoniasis\Bacterial diseases - Aeromoniasis_aug_212.jpg,Bacterial diseases - Aeromoniasis,train,6.17,29.39,4.02,26.66,0.051,40.96
C:\Users\Asus\PycharmProjects\AquaVision_v1\datasets\fish\New Dataset\train_split\Bacterial diseases - Aeromoniasis\Bacterial diseases - Aeromoniasis_aug_213.jpg,Bacterial diseases - Aeromoniasis,train,5.53,32.06,4.85,23.73,0.022,46.92
C:\Users\Asus\PycharmProjects\AquaVision_v1\datasets\fish\New Dataset\train_split\Bacterial diseases - Aeromoniasis\Bacterial diseases - Aeromoniasis_aug_214.jpg,Bacterial diseases - Aeromoniasis,train,6.24,30.8,3.56,23.75,0.534,49.28
C:\Users\Asus\PycharmProjects\AquaVision_v1\datasets\fish\New Dataset\train_split\Bacterial diseases - Aeromoniasis\Bacterial diseases - Aeromoniasis_aug_215.jpg,Bacterial diseases - Aeromoniasis,train,6.81,37.47,3.66,29.3,0.021,36.95
C:\Users\Asus\PycharmProjects\AquaVision_v1\datasets\fish\New Dataset\train_split\Bacterial diseases - Aeromoniasis\Bacterial diseases - Aeromoniasis_aug_217.jpg,Bacterial diseases - Aeromoniasis,train,6.46,31.42,4.25,23.97,0.159,56.4
C:\Users\Asus\PycharmProjects\AquaVision_v1\datasets\fish\New Dataset\train_split\Bacterial diseases - Aeromoniasis\Bacterial diseases - Aeromoniasis_aug_219.jpg,Bacterial diseases - Aeromoniasis,train,4.83,29.48,4.24,27.91,0.102,50.46
C:\Users\Asus\PycharmProjects\AquaVision_v1\datasets\fish\New Dataset\train_split\Bacterial diseases - Aeromoniasis\Bacterial diseases - Aeromoniasis_aug_222.jpg,Bacterial diseases - Aeromoniasis,train,5.6,30.4,2.91,26.43,0.15,35.78
C:\Users\Asus\PycharmProjects\AquaVision_v1\datasets\fish\New Dataset\train_split\Bacterial diseases - Aeromoniasis\Bacterial diseases - Aeromoniasis_aug_223.jpg,Bacterial diseases - Aeromoniasis,train,6.83,34.8,4.0,26.27,0.159,45.38
C:\Users\Asus\PycharmProjects\AquaVision_v1\datasets\fish\New Dataset\train_split\Bacterial diseases - Aeromoniasis\Bacterial diseases - Aeromoniasis_aug_224.jpg,Bacterial diseases - Aeromoniasis,val,6.18,28.05,4.15,26.14,0.048,47.01
C:\Users\Asus\PycharmProjects\AquaVision_v1\datasets\fish\New Dataset\train_split\Bacterial diseases - Aeromoniasis\Bacterial diseases - Aeromoniasis_aug_225.jpg,Bacterial diseases - Aeromoniasis,train,6.45,29.81,3.9,22.62,0.296,25.64
C:\Users\Asus\PycharmProjects\AquaVision_v1\datasets\fish\New Dataset\train_split\Bacterial diseases - Aeromoniasis\Bacterial diseases - Aeromoniasis_aug_228.jpg,Bacterial diseases - Aeromoniasis,train,6.18,32.28,3.34,29.4,0.388,49.89
C:\Users\Asus\PycharmProjects\AquaVision_v1\datasets\fish\New Dataset\train_split\Bacterial diseases - Aeromoniasis\Bacterial diseases - Aeromoniasis_aug_23.jpg,Bacterial diseases - Aeromoniasis,train,6.35,30.4,3.74,35.6,0.029,27.95
C:\Users\Asus\PycharmProjects\AquaVision_v1\datasets\fish\New Dataset\train_split\Bacterial diseases - Aeromoniasis\Bacterial diseases - Aeromoniasis_aug_230.jpg,Bacterial diseases - Aeromoniasis,train,4.73,25.57,3.88,25.86,0.337,44.09
C:\Users\Asus\PycharmProjects\AquaVision_v1\datasets\fish\New Dataset\train_split\Bacterial diseases - Aeromoniasis\Bacterial diseases - Aeromoniasis_aug_231.jpg,Bacterial diseases - Aeromoniasis,train,6.53,29.91,3.61,26.96,0.351,53.89
C:\Users\Asus\PycharmProjects\AquaVision_v1\datasets\fish\New Dataset\train_split\Bacterial diseases - Aeromoniasis\Bacterial diseases - Aeromoniasis_aug_234.jpg,Bacterial diseases - Aeromoniasis,train,5.78,31.92,4.67,27.11,0.003,41.51
C:\Users\Asus\PycharmProjects\AquaVision_v1\datasets\fish\New Dataset\train_split\Bacterial diseases - Aeromoniasis\Bacterial diseases - Aeromoniasis_aug_235.jpg,Bacterial diseases - Aeromoniasis,train,6.58,26.96,2.36,23.73,0.34,49.28
C:\Users\Asus\PycharmProjects\AquaVision_v1\datasets\fish\New Dataset\train_split\Bacterial diseases - Aeromoniasis\Bacterial diseases - Aeromoniasis_aug_237.jpg,Bacterial diseases - Aeromoniasis,train,6.64,30.74,3.06,28.28,0.016,56.62
C:\Users\Asus\PycharmProjects\AquaVision_v1\datasets\fish\New Dataset\train_split\Bacterial diseases - Aeromoniasis\Bacterial diseases - Aeromoniasis_aug_239.jpg,Bacterial diseases - Aeromoniasis,train,5.54,31.6,3.98,30.0,0.528,51.53
C:\Users\Asus\PycharmProjects\AquaVision_v1\datasets\fish\New Dataset\train_split\Bacterial diseases - Aeromoniasis\Bacterial diseases - Aeromoniasis_aug_240.jpg,Bacterial diseases - Aeromoniasis,train,7.71,29.36,1.74,30.04,0.558,58.74
C:\Users\Asus\PycharmProjects\AquaVision_v1\datasets\fish\New Dataset\train_split\Bacterial diseases - Aeromoniasis\Bacterial diseases - Aeromoniasis_aug_241.jpg,Bacterial diseases - Aeromoniasis,val,7.07,34.29,4.51,30.97,0.068,35.35
C:\Users\Asus\PycharmProjects\AquaVision_v1\datasets\fish\New Dataset\train_split\Bacterial diseases - Aeromoniasis\Bacterial diseases - Aeromoniasis_aug_242.jpg,Bacterial diseases - Aeromoniasis,train,6.12,36.43,3.06,28.49,0.34,50.51
C:\Users\Asus\PycharmProjects\AquaVision_v1\datasets\fish\New Dataset\train_split\Bacterial diseases - Aeromoniasis\Bacterial diseases - Aeromoniasis_aug_244.jpg,Bacterial diseases - Aeromoniasis,val,5.73,31.49,2.61,22.72,0.16,42.8
C:\Users\Asus\PycharmProjects\AquaVision_v1\datasets\fish\New Dataset\train_split\Bacterial diseases - Aeromoniasis\Bacterial diseases - Aeromoniasis_aug_245.jpg,Bacterial diseases - Aeromoniasis,train,4.55,27.24,2.68,28.33,0.001,30.42
C:\Users\Asus\PycharmProjects\AquaVision_v1\datasets\fish\New Dataset\train_split\Bacterial diseases - Aeromoniasis\Bacterial diseases - Aeromoniasis_aug_247.jpg,Bacterial diseases - Aeromoniasis,train,6.29,34.35,1.7,28.46,0.671,37.21
C:\Users\Asus\PycharmProjects\AquaVision_v1\datasets\fish\New Dataset\train_split\Bacterial diseases - Aeromoniasis\Bacterial diseases - Aeromoniasis_aug_25.jpg,Bacterial diseases - Aeromoniasis,train,5.98,30.2,2.56,32.3,0.17,45.21
C:\Users\Asus\PycharmProjects\AquaVision_v1\datasets\fish\New Dataset\train_split\Bacterial diseases - Aeromoniasis\Bacterial diseases - Aeromoniasis_aug_250.jpg,Bacterial diseases - Aeromoniasis,train,5.67,27.22,1.76,21.66,0.595,52.72
C:\Users\Asus\PycharmProjects\AquaVision_v1\datasets\fish\New Dataset\train_split\Bacterial diseases - Aeromoniasis\Bacterial diseases - Aeromoniasis_aug_251.jpg,Bacterial diseases - Aeromoniasis,train,7.02,29.79,3.32,34.45,0.03,53.97
C:\Users\Asus\PycharmProjects\AquaVision_v1\datasets\fish\New Dataset\train_split\Bacterial diseases - Aeromoniasis\Bacterial diseases - Aeromoniasis_aug_258.jpg,Bacterial diseases - Aeromoniasis,val,4.81,29.2,3.03,24.05,0.348,50.12
C:\Users\Asus\PycharmProjects\AquaVision_v1\datasets\fish\New Dataset\train_split\Bacterial diseases - Aeromoniasis\Bacterial diseases - Aeromoniasis_aug_259.jpg,Bacterial diseases - Aeromoniasis,val,6.0,28.27,4.33,27.61,0.253,45.19
C:\Users\Asus\PycharmProjects\AquaVision_v1\datasets\fish\New Dataset\train_split\Bacterial diseases - Aeromoniasis\Bacterial diseases - Aeromoniasis_aug_260.jpg,Bacterial diseases - Aeromoniasis,train,6.67,31.72,2.71,29.45,0.582,45.58
C:\Users\Asus\PycharmProjects\AquaVision_v1\datasets\fish\New Dataset\train_split\Bacterial diseases - Aeromoniasis\Bacterial diseases - Aeromoniasis_aug_261.jpg,Bacterial diseases - Aeromoniasis,train,5.81,30.92,1.49,27.49,0.215,26.18
C:\Users\Asus\PycharmProjects\AquaVision_v1\datasets\fish\New Dataset\train_split\Bacterial diseases - Aeromoniasis\Bacterial diseases - Aeromoniasis_aug_264.jpg,Bacterial diseases - Aeromoniasis,train,6.86,28.83,3.98,29.71,0.295,63.4
C:\Users\Asus\PycharmProjects\AquaVision_v1\datasets\fish\New Dataset\train_split\Bacterial diseases - Aeromoniasis\Bacterial diseases - Aeromoniasis_aug_265.jpg,Bacterial diseases - Aeromoniasis,val,5.65,33.5,2.66,33.57,0.432,42.5
C:\Users\Asus\PycharmProjects\AquaVision_v1\datasets\fish\New Dataset\train_split\Bacterial diseases - Aeromoniasis\Bacterial diseases - Aeromoniasis_aug_266.jpg,Bacterial diseases - Aeromoniasis,train,6.02,33.03,3.83,21.01,0.116,60.86
C:\Users\Asus\PycharmProjects\AquaVision_v1\datasets\fish\New Dataset\train_split\Bacterial diseases - Aeromoniasis\Bacterial diseases - Aeromoniasis_aug_267.jpg,Bacterial diseases - Aeromoniasis,train,6.57,28.27,2.87,23.58,0.552,42.85
C:\Users\Asus\PycharmProjects\AquaVision_v1\datasets\fish\New Dataset\train_split\Bacterial diseases - Aeromoniasis\Bacterial diseases - Aeromoniasis_aug_270.jpg,Bacterial diseases - Aeromoniasis,train,6.89,34.49,2.75,27.16,0.132,56.1
C:\Users\Asus\PycharmProjects\AquaVision_v1\datasets\fish\New Dataset\train_split\Bacterial diseases - Aeromoniasis\Bacterial diseases - Aeromoniasis_aug_271.jpg,Bacterial diseases - Aeromoniasis,train,5.39,27.91,2.73,27.89,0.291,47.8
C:\Users\Asus\PycharmProjects\AquaVision_v1\datasets\fish\New Dataset\train_split\Bacterial diseases - Aeromoniasis\Bacterial diseases - Aeromoniasis_aug_272.jpg,Bacterial diseases - Aeromoniasis,train,5.45,30.96,3.25,28.03,0.121,34.02
C:\Users\Asus\PycharmProjects\AquaVision_v1\datasets\fish\New Dataset\train_split\Bacterial diseases - Aeromoniasis\Bacterial diseases - Aeromoniasis_aug_275.jpg,Bacterial diseases - Aeromoniasis,train,7.06,32.4,2.96,30.79,0.231,41.66
C:\Users\Asus\PycharmProjects\AquaVision_v1\datasets\fish\New Dataset\train_split\Bacterial diseases - Aeromoniasis\Bacterial diseases - Aeromoniasis_aug_28.jpg,Bacterial diseases - Aeromoniasis,train,6.04,32.12,1.94,23.49,0.195,46.83
C:\Users\Asus\PycharmProjects\AquaVision_v1\datasets\fish\New Dataset\train_split\Bacterial diseases - Aeromoniasis\Bacterial diseases - Aeromoniasis_aug_29.jpg,Bacterial diseases - Aeromoniasis,train,5.39,32.6,3.6,20.8,0.075,39.57
C:\Users\Asus\PycharmProjects\AquaVision_v1\datasets\fish\New Dataset\train_split\Bacterial diseases - Aeromoniasis\Bacterial diseases - Aeromoniasis_aug_3.jpg,Bacterial diseases - Aeromoniasis,train,6.0,29.82,1.62,30.99,0.217,43.28
C:\Users\Asus\PycharmProjects\AquaVision_v1\datasets\fish\New Dataset\train_split\Bacterial diseases - Aeromoniasis\Bacterial diseases - Aeromoniasis_aug_32.jpg,Bacterial diseases - Aeromoniasis,train,5.44,24.67,2.97,32.4,0.242,64.58
C:\Users\Asus\PycharmProjects\AquaVision_v1\datasets\fish\New Dataset\train_split\Bacterial diseases - Aeromoniasis\Bacterial diseases - Aeromoniasis_aug_35.jpg,Bacterial diseases - Aeromoniasis,train,5.82,30.74,5.32,21.99,0.065,47.66
C:\Users\Asus\PycharmProjects\AquaVision_v1\datasets\fish\New Dataset\train_split\Bacterial diseases - Aeromoniasis\Bacterial diseases - Aeromoniasis_aug_37.jpg,Bacterial diseases - Aeromoniasis,train,7.16,31.77,2.89,29.08,0.081,41.57
C:\Users\Asus\PycharmProjects\AquaVision_v1\datasets\fish\New Dataset\train_split\Bacterial diseases - Aeromoniasis\Bacterial diseases - Aeromoniasis_aug_38.jpg,Bacterial diseases - Aeromoniasis,train,6.33,30.93,4.1,27.79,0.222,30.52
C:\Users\Asus\PycharmProjects\AquaVision_v1\datasets\fish\New Dataset\train_split\Bacterial diseases - Aeromoniasis\Bacterial diseases - Aeromoniasis_aug_40.jpg,Bacterial diseases - Aeromoniasis,val,5.59,29.51,4.3,19.46,0.215,76.38
C:\Users\Asus\PycharmProjects\AquaVision_v1\datasets\fish\New Dataset\train_split\Bacterial diseases - Aeromoniasis\Bacterial diseases - Aeromoniasis_aug_41.jpg,Bacterial diseases - Aeromoniasis,train,6.07,31.71,3.62,30.58,0.213,56.66
C:\Users\Asus\PycharmProjects\AquaVision_v1\datasets\fish\New Dataset\train_split\Bacterial diseases - Aeromoniasis\Bacterial diseases - Aeromoniasis_aug_43.jpg,Bacterial diseases - Aeromoniasis,train,5.98,32.48,0.85,30.62,0.005,46.95
C:\Users\Asus\PycharmProjects\AquaVision_v1\datasets\fish\New Dataset\train_split\Bacterial diseases - Aeromoniasis\Bacterial diseases - Aeromoniasis_aug_45.jpg,Bacterial diseases - Aeromoniasis,val,6.77,33.37,2.58,29.63,0.089,56.45
C:\Users\Asus\PycharmProjects\AquaVision_v1\datasets\fish\New Dataset\train_split\Bacterial diseases - Aeromoniasis\Bacterial diseases - Aeromoniasis_aug_46.jpg,Bacterial diseases - Aeromoniasis,train,5.78,33.38,3.61,30.9,0.337,50.16
C:\Users\Asus\PycharmProjects\AquaVision_v1\datasets\fish\New Dataset\train_split\Bacterial diseases - Aeromoniasis\Bacterial diseases - Aeromoniasis_aug_47.jpg,Bacterial diseases - Aeromoniasis,train,6.58,32.89,4.15,30.83,0.468,37.33
C:\Users\Asus\PycharmProjects\AquaVision_v1\datasets\fish\New Dataset\train_split\Bacterial diseases - Aeromoniasis\Bacterial diseases - Aeromoniasis_aug_48.jpg,Bacterial diseases - Aeromoniasis,train,6.23,30.59,2.6,25.3,0.107,43.55
C:\Users\Asus\PycharmProjects\AquaVision_v1\datasets\fish\New Dataset\train_split\Bacterial diseases - Aeromoniasis\Bacterial diseases - Aeromoniasis_aug_50.jpg,Bacterial diseases - Aeromoniasis,train,4.96,31.53,3.2,24.73,0.396,43.21
C:\Users\Asus\PycharmProjects\AquaVision_v1\datasets\fish\New Dataset\train_split\Bacterial diseases - Aeromoniasis\Bacterial diseases - Aeromoniasis_aug_53.jpg,Bacterial diseases - Aeromoniasis,train,6.15,26.98,2.59,24.92,0.407,35.6
C:\Users\Asus\PycharmProjects\AquaVision_v1\datasets\fish\New Dataset\train_split\Bacterial diseases - Aeromoniasis\Bacterial diseases - Aeromoniasis_aug_55.jpg,Bacterial diseases - Aeromoniasis,train,6.6,30.52,2.99,19.98,0.064,45.79
C:\Users\Asus\PycharmProjects\AquaVision_v1\datasets\fish\New Dataset\train_split\Bacterial diseases - Aeromoniasis\Bacterial diseases - Aeromoniasis_aug_56.jpg,Bacterial diseases - Aeromoniasis,train,6.11,34.4,2.15,15.92,0.22,46.84
C:\Users\Asus\PycharmProjects\AquaVision_v1\datasets\fish\New Dataset\train_split\Bacterial diseases - Aeromoniasis\Bacterial diseases - Aeromoniasis_aug_59.jpg,Bacterial diseases - Aeromoniasis,val,6.23,29.77,3.85,24.11,0.432,47.37
C:\Users\Asus\PycharmProjects\AquaVision_v1\datasets\fish\New Dataset\train_split\Bacterial diseases - Aeromoniasis\Bacterial diseases - Aeromoniasis_aug_60.jpg,Bacterial diseases - Aeromoniasis,train,6.92,31.98,2.79,27.9,0.084,27.31
C:\Users\Asus\PycharmProjects\AquaVision_v1\datasets\fish\New Dataset\train_split\Bacterial diseases - Aeromoniasis\Bacterial diseases - Aeromoniasis_aug_63.jpg,Bacterial diseases - Aeromoniasis,val,5.79,31.38,2.54,32.48,0.0,38.74
C:\Users\Asus\PycharmProjects\AquaVision_v1\datasets\fish\New Dataset\train_split\Bacterial diseases - Aeromoniasis\Bacterial diseases - Aeromoniasis_aug_65.jpg,Bacterial diseases - Aeromoniasis,train,6.11,30.18,3.32,31.3,0.095,36.33
C:\Users\Asus\PycharmProjects\AquaVision_v1\datasets\fish\New Dataset\train_split\Bacterial diseases - Aeromoniasis\Bacterial diseases - Aeromoniasis_aug_68.jpg,Bacterial diseases - Aeromoniasis,train,5.29,28.95,2.82,31.5,0.389,43.4
C:\Users\Asus\PycharmProjects\AquaVision_v1\datasets\fish\New Dataset\train_split\Bacterial diseases - Aeromoniasis\Bacterial diseases - Aeromoniasis_aug_69.jpg,Bacterial diseases - Aeromoniasis,val,6.67,31.98,3.12,29.06,0.17,39.17
C:\Users\Asus\PycharmProjects\AquaVision_v1\datasets\fish\New Dataset\train_split\Bacterial diseases - Aeromoniasis\Bacterial diseases - Aeromoniasis_aug_70.jpg,Bacterial diseases - Aeromoniasis,val,6.95,33.32,3.97,32.94,0.846,34.45
C:\Users\Asus\PycharmProjects\AquaVision_v1\datasets\fish\New Dataset\train_split\Bacterial diseases - Aeromoniasis\Bacterial diseases - Aeromoniasis_aug_71.jpg,Bacterial diseases - Aeromoniasis,train,6.74,32.54,4.16,27.44,0.785,40.5
C:\Users\Asus\PycharmProjects\AquaVision_v1\datasets\fish\New Dataset\train_split\Bacterial diseases - Aeromoniasis\Bacterial diseases - Aeromoniasis_aug_73.jpg,Bacterial diseases - Aeromoniasis,train,5.23,25.26,2.76,23.12,0.115,57.35
C:\Users\Asus\PycharmProjects\AquaVision_v1\datasets\fish\New Dataset\train_split\Bacterial diseases - Aeromoniasis\Bacterial diseases - Aeromoniasis_aug_74.jpg,Bacterial diseases - Aeromoniasis,train,5.91,32.56,2.29,32.16,0.061,44.24
C:\Users\Asus\PycharmProjects\AquaVision_v1\datasets\fish\New Dataset\train_split\Bacterial diseases - Aeromoniasis\Bacterial diseases - Aeromoniasis_aug_77.jpg,Bacterial diseases - Aeromoniasis,train,5.17,33.04,3.5,24.39,0.335,55.75
C:\Users\Asus\PycharmProjects\AquaVision_v1\datasets\fish\New Dataset\train_split\Bacterial diseases - Aeromoniasis\Bacterial diseases - Aeromoniasis_aug_78.jpg,Bacterial diseases - Aeromoniasis,train,5.32,28.75,2.21,26.69,0.115,51.03
C:\Users\Asus\PycharmProjects\AquaVision_v1\datasets\fish\New Dataset\train_split\Bacterial diseases - Aeromoniasis\Bacterial diseases - Aeromoniasis_aug_79.jpg,Bacterial diseases - Aeromoniasis,train,6.54,29.72,3.02,24.02,0.17,52.79
C:\Users\Asus\PycharmProjects\AquaVision_v1\datasets\fish\New Dataset\train_split\Bacterial diseases - Aeromoniasis\Bacterial diseases - Aeromoniasis_aug_82.jpg,Bacterial diseases - Aeromoniasis,train,4.65,30.95,2.99,28.09,0.283,50.47
C:\Users\Asus\PycharmProjects\AquaVision_v1\datasets\fish\New Dataset\train_split\Bacterial diseases - Aeromoniasis\Bacterial diseases - Aeromoniasis_aug_85.jpg,Bacterial diseases - Aeromoniasis,train,6.53,32.8,3.55,28.08,0.034,42.62
C:\Users\Asus\PycharmProjects\AquaVision_v1\datasets\fish\New Dataset\train_split\Bacterial diseases - Aeromoniasis\Bacterial diseases - Aeromoniasis_aug_86.jpg,Bacterial diseases - Aeromoniasis,train,6.22,31.25,4.44,23.04,0.0,30.32
C:\Users\Asus\PycharmProjects\AquaVision_v1\datasets\fish\New Dataset\train_split\Bacterial diseases - Aeromoniasis\Bacterial diseases - Aeromoniasis_aug_91.jpg,Bacterial diseases - Aeromoniasis,train,6.2,31.13,3.34,28.98,0.379,22.27
C:\Users\Asus\PycharmProjects\AquaVision_v1\datasets\fish\New Dataset\train_split\Bacterial diseases - Aeromoniasis\Bacterial diseases - Aeromoniasis_aug_92.jpg,Bacterial diseases - Aeromoniasis,train,5.54,30.74,1.89,27.3,0.015,61.61
C:\Users\Asus\PycharmProjects\AquaVision_v1\datasets\fish\New Dataset\train_split\Bacterial diseases - Aeromoniasis\Bacterial diseases - Aeromoniasis_aug_93.jpg,Bacterial diseases - Aeromoniasis,train,6.11,31.58,2.19,25.53,0.054,48.39
C:\Users\Asus\PycharmProjects\AquaVision_v1\datasets\fish\New Dataset\train_split\Bacterial diseases - Aeromoniasis\Bacterial diseases - Aeromoniasis_aug_94.jpg,Bacterial diseases - Aeromoniasis,train,5.5,28.22,3.4,29.99,0.123,56.4
C:\Users\Asus\PycharmProjects\AquaVision_v1\datasets\fish\New Dataset\train_split\Bacterial diseases - Aeromoniasis\Bacterial diseases - Aeromoniasis_aug_95.jpg,Bacterial diseases - Aeromoniasis,train,6.23,27.86,1.76,29.87,0.159,48.3
C:\Users\Asus\PycharmProjects\AquaVision_v1\datasets\fish\New Dataset\train_split\Bacterial diseases - Aeromoniasis\Bacterial diseases - Aeromoniasis_aug_97.jpg,Bacterial diseases - Aeromoniasis,train,7.35,26.98,3.35,36.09,0.02,45.07
C:\Users\Asus\PycharmProjects\AquaVision_v1\datasets\fish\New Dataset\train_split\Bacterial diseases - Aeromoniasis\Bacterial diseases - Aeromoniasis_aug_99.jpg,Bacterial diseases - Aeromoniasis,train,5.99,34.43,1.43,34.13,0.011,42.99
C:\Users\Asus\PycharmProjects\AquaVision_v1\datasets\fish\New Dataset\train_split\Bacterial gill disease\Bacterial gill disease_100.jpg,Bacterial gill disease,val,5.36,29.93,3.67,21.61,0.144,49.62
C:\Users\Asus\PycharmProjects\AquaVision_v1\datasets\fish\New Dataset\train_split\Bacterial gill disease\Bacterial gill disease_101.jpg,Bacterial gill disease,train,6.21,29.35,3.54,28.08,0.354,44.15
C:\Users\Asus\PycharmProjects\AquaVision_v1\datasets\fish\New Dataset\train_split\Bacterial gill disease\Bacterial gill disease_103.jpg,Bacterial gill disease,train,5.35,32.8,2.17,24.17,0.208,49.72
C:\Users\Asus\PycharmProjects\AquaVision_v1\datasets\fish\New Dataset\train_split\Bacterial gill disease\Bacterial gill disease_11.jpg,Bacterial gill disease,train,5.91,31.0,2.2,30.42,0.097,49.7
C:\Users\Asus\PycharmProjects\AquaVision_v1\datasets\fish\New Dataset\train_split\Bacterial gill disease\Bacterial gill disease_112.jpg,Bacterial gill disease,val,6.53,29.91,3.15,36.4,0.032,42.53
C:\Users\Asus\PycharmProjects\AquaVision_v1\datasets\fish\New Dataset\train_split\Bacterial gill disease\Bacterial gill disease_115.jpg,Bacterial gill disease,train,6.55,30.55,2.68,33.29,0.125,47.48
C:\Users\Asus\PycharmProjects\AquaVision_v1\datasets\fish\New Dataset\train_split\Bacterial gill disease\Bacterial gill disease_116.jpg,Bacterial gill disease,train,6.19,26.33,4.01,25.26,0.208,52.91
C:\Users\Asus\PycharmProjects\AquaVision_v1\datasets\fish\New Dataset\train_split\Bacterial gill disease\Bacterial gill disease_117.jpg,Bacterial gill disease,val,5.37,32.83,3.21,24.18,0.062,47.14
C:\Users\Asus\PycharmProjects\AquaVision_v1\datasets\fish\New Dataset\train_split\Bacterial gill disease\Bacterial gill disease_118.jpg,Bacterial gill disease,train,5.99,31.26,3.67,35.91,0.182,29.36
C:\Users\Asus\PycharmProjects\AquaVision_v1\datasets\fish\New Dataset\train_split\Bacterial gill disease\Bacterial gill disease_119.jpg,Bacterial gill disease,train,5.56,27.67,3.05,31.69,0.379,41.39
C:\Users\Asus\PycharmProjects\AquaVision_v1\datasets\fish\New Dataset\train_split\Bacterial gill disease\Bacterial gill disease_12.jpg,Bacterial gill disease,train,4.02,27.87,3.49,31.55,0.058,40.79
C:\Users\Asus\PycharmProjects\AquaVision_v1\datasets\fish\New Dataset\train_split\Bacterial gill disease\Bacterial gill disease_120.jpg,Bacterial gill disease,val,4.54,31.5,3.55,29.62,0.101,55.37
C:\Users\Asus\PycharmProjects\AquaVision_v1\datasets\fish\New Dataset\train_split\Bacterial gill disease\Bacterial gill disease_121.jpg,Bacterial gill disease,train,6.54,26.55,3.46,25.98,0.034,44.18
C:\Users\Asus\PycharmProjects\AquaVision_v1\datasets\fish\New Dataset\train_split\Bacterial gill disease\Bacterial gill disease_122.jpg,Bacterial gill disease,train,5.69,31.09,2.33,23.66,0.065,57.17
C:\Users\Asus\PycharmProjects\AquaVision_v1\datasets\fish\New Dataset\train_split\Bacterial gill disease\Bacterial gill disease_123.jpg,Bacterial gill disease,train,6.59,26.69,2.66,32.78,0.424,35.19
C:\Users\Asus\PycharmProjects\AquaVision_v1\datasets\fish\New Dataset\train_split\Bacterial gill disease\Bacterial gill disease_124.jpg,Bacterial gill disease,train,6.57,30.37,2.72,33.69,0.223,39.02
C:\Users\Asus\PycharmProjects\AquaVision_v1\datasets\fish\New Dataset\train_split\Bacterial gill disease\Bacterial gill disease_127.jpg,Bacterial gill disease,train,6.89,28.92,1.36,29.67,0.76,59.02
C:\Users\Asus\PycharmProjects\AquaVision_v1\datasets\fish\New Dataset\train_split\Bacterial gill disease\Bacterial gill disease_129.jpg,Bacterial gill disease,train,6.73,28.5,2.89,29.0,0.18,21.91
C:\Users\Asus\PycharmProjects\AquaVision_v1\datasets\fish\New Dataset\train_split\Bacterial gill disease\Bacterial gill disease_130.jpg,Bacterial gill disease,train,6.19,32.34,3.91,26.72,0.635,62.95
C:\Users\Asus\PycharmProjects\AquaVision_v1\datasets\fish\New Dataset\train_split\Bacterial gill disease\Bacterial gill disease_131.jpg,Bacterial gill disease,train,6.5,32.05,3.87,25.53,0.054,32.01
C:\Users\Asus\PycharmProjects\AquaVision_v1\datasets\fish\New Dataset\train_split\Bacterial gill disease\Bacterial gill disease_135.jpg,Bacterial gill disease,train,5.37,32.1,3.82,29.83,0.735,61.74
C:\Users\Asus\PycharmProjects\AquaVision_v1\datasets\fish\New Dataset\train_split\Bacterial gill disease\Bacterial gill disease_136.jpg,Bacterial gill disease,val,5.44,30.03,3.76,31.4,0.121,44.4
C:\Users\Asus\PycharmProjects\AquaVision_v1\datasets\fish\New Dataset\train_split\Bacterial gill disease\Bacterial gill disease_137.jpg,Bacterial gill disease,train,6.37,33.23,3.66,30.0,0.013,45.5
C:\Users\Asus\PycharmProjects\AquaVision_v1\datasets\fish\New Dataset\train_split\Bacterial gill disease\Bacterial gill disease_138.jpg,Bacterial gill disease,train,6.52,32.05,3.59,25.9,0.201,35.04
C:\Users\Asus\PycharmProjects\AquaVision_v1\datasets\fish\New Dataset\train_split\Bacterial gill disease\Bacterial gill disease_139.jpg,Bacterial gill disease,train,5.93,29.8,2.51,30.77,0.279,41.08
C:\Users\Asus\PycharmProjects\AquaVision_v1\datasets\fish\New Dataset\train_split\Bacterial gill disease\Bacterial gill disease_14.jpg,Bacterial gill disease,val,6.51,27.59,4.17,29.05,0.591,45.7
C:\Users\Asus\PycharmProjects\AquaVision_v1\datasets\fish\New Dataset\train_split\Bacterial gill disease\Bacterial gill disease_140.jpg,Bacterial gill disease,train,5.72,28.43,2.12,21.91,0.33,56.13
C:\Users\Asus\PycharmProjects\AquaVision_v1\datasets\fish\New Dataset\train_split\Bacterial gill disease\Bacterial gill disease_141.jpg,Bacterial gill disease,train,5.78,26.73,2.31,32.94,0.015,50.41
C:\Users\Asus\PycharmProjects\AquaVision_v1\datasets\fish\New Dataset\train_split\Bacterial gill disease\Bacterial gill disease_142.jpg,Bacterial gill disease,train,6.01,33.79,4.36,26.56,0.348,31.74
C:\Users\Asus\PycharmProjects\AquaVision_v1\datasets\fish\New Dataset\train_split\Bacterial gill disease\Bacterial gill disease_143.jpg,Bacterial gill disease,train,5.52,28.61,3.48,27.81,0.017,31.72
C:\Users\Asus\PycharmProjects\AquaVision_v1\datasets\fish\New Dataset\train_split\Bacterial gill disease\Bacterial gill disease_145.jpg,Bacterial gill disease,train,6.15,30.42,2.46,31.56,0.137,55.35
C:\Users\Asus\PycharmProjects\AquaVision_v1\datasets\fish\New Dataset\train_split\Bacterial gill disease\Bacterial gill disease_146.jpg,Bacterial gill disease,train,5.2,29.37,3.13,22.2,0.078,54.48
C:\Users\Asus\PycharmProjects\AquaVision_v1\datasets\fish\New Dataset\train_split\Bacterial gill disease\Bacterial gill disease_151.jpg,Bacterial gill disease,train,5.33,29.2,3.34,25.81,0.228,42.28
C:\Users\Asus\PycharmProjects\AquaVision_v1\datasets\fish\New Dataset\train_split\Bacterial gill disease\Bacterial gill disease_152.jpg,Bacterial gill disease,val,5.32,33.07,3.85,23.41,0.307,29.25
C:\Users\Asus\PycharmProjects\AquaVision_v1\datasets\fish\New Dataset\train_split\Bacterial gill disease\Bacterial gill disease_153.jpg,Bacterial gill disease,train,6.66,33.54,3.42,30.21,0.057,48.41
C:\Users\Asus\PycharmProjects\AquaVision_v1\datasets\fish\New Dataset\train_split\Bacterial gill disease\Bacterial gill disease_154.jpg,Bacterial gill disease,train,6.73,33.92,3.02,27.83,0.219,41.73
C:\Users\Asus\PycharmProjects\AquaVision_v1\datasets\fish\New Dataset\train_split\Bacterial gill disease\Bacterial gill disease_155.jpg,Bacterial gill disease,train,5.13,33.81,2.93,30.26,0.943,34.8
C:\Users\Asus\PycharmProjects\AquaVision_v1\datasets\fish\New Dataset\train_split\Bacterial gill disease\Bacterial gill disease_156.jpg,Bacterial gill disease,train,6.09,30.56,3.38,26.52,0.615,28.95
C:\Users\Asus\PycharmProjects\AquaVision_v1\datasets\fish\New Dataset\train_split\Bacterial gill disease\Bacterial gill disease_157.jpg,Bacterial gill disease,train,5.84,35.37,4.31,22.83,0.313,51.9
C:\Users\Asus\PycharmProjects\AquaVision_v1\datasets\fish\New Dataset\train_split\Bacterial gill disease\Bacterial gill disease_159.jpg,Bacterial gill disease,train,6.28,30.41,2.57,25.24,0.079,62.05
C:\Users\Asus\PycharmProjects\AquaVision_v1\datasets\fish\New Dataset\train_split\Bacterial gill disease\Bacterial gill disease_16.jpg,Bacterial gill disease,train,5.92,29.55,3.39,30.0,0.675,49.72
C:\Users\Asus\PycharmProjects\AquaVision_v1\datasets\fish\New Dataset\train_split\Bacterial gill disease\Bacterial gill disease_160.jpg,Bacterial gill disease,train,6.39,27.91,3.9,31.55,0.184,43.15
C:\Users\Asus\PycharmProjects\AquaVision_v1\datasets\fish\New Dataset\train_split\Bacterial gill disease\Bacterial gill disease_162.jpg,Bacterial gill disease,val,5.73,33.68,5.09,24.86,0.564,31.19
C:\Users\Asus\PycharmProjects\AquaVision_v1\datasets\fish\New Dataset\train_split\Bacterial gill disease\Bacterial gill disease_163.jpg,Bacterial gill disease,train,5.96,34.63,2.13,30.77,0.306,28.85
C:\Users\Asus\PycharmProjects\AquaVision_v1\datasets\fish\New Dataset\train_split\Bacterial gill disease\Bacterial gill disease_164.jpg,Bacterial gill disease,train,4.88,29.63,3.89,26.45,0.09,44.55
C:\Users\Asus\PycharmProjects\AquaVision_v1\datasets\fish\New Dataset\train_split\Bacterial gill disease\Bacterial gill disease_165.jpg,Bacterial gill disease,val,6.09,29.28,2.81,33.77,0.266,38.01
C:\Users\Asus\PycharmProjects\AquaVision_v1\datasets\fish\New Dataset\train_split\Bacterial gill disease\Bacterial gill disease_166.jpg,Bacterial gill disease,val,5.8,32.98,3.47,30.28,0.029,54.68
C:\Users\Asus\PycharmProjects\AquaVision_v1\datasets\fish\New Dataset\train_split\Bacterial gill disease\Bacterial gill disease_167.jpg,Bacterial gill disease,val,5.45,28.94,5.56,32.98,0.11,55.49
C:\Users\Asus\PycharmProjects\AquaVision_v1\datasets\fish\New Dataset\train_split\Bacterial gill disease\Bacterial gill disease_168.jpg,Bacterial gill disease,train,5.82,32.37,3.0,27.5,0.109,48.28
C:\Users\Asus\PycharmProjects\AquaVision_v1\datasets\fish\New Dataset\train_split\Bacterial gill disease\Bacterial gill disease_17.jpg,Bacterial gill disease,train,5.96,28.87,3.34,39.94,0.054,49.18
C:\Users\Asus\PycharmProjects\AquaVision_v1\datasets\fish\New Dataset\train_split\Bacterial gill disease\Bacterial gill disease_170.jpg,Bacterial gill disease,val,6.61,32.05,3.69,36.23,0.044,33.69
C:\Users\Asus\PycharmProjects\AquaVision_v1\datasets\fish\New Dataset\train_split\Bacterial gill disease\Bacterial gill disease_171.jpg,Bacterial gill disease,train,6.43,28.7,2.87,26.82,0.045,46.12
C:\Users\Asus\PycharmProjects\AquaVision_v1\datasets\fish\New Dataset\train_split\Bacterial gill disease\Bacterial gill disease_173.jpg,Bacterial gill disease,train,7.15,29.23,2.19,27.13,0.183,41.92
C:\Users\Asus\PycharmProjects\AquaVision_v1\datasets\fish\New Dataset\train_split\Bacterial gill disease\Bacterial gill disease_174.jpg,Bacterial gill disease,train,5.27,29.59,4.02,36.35,0.134,58.42
C:\Users\Asus\PycharmProjects\AquaVision_v1\datasets\fish\New Dataset\train_split\Bacterial gill disease\Bacterial gill disease_175.jpg,Bacterial gill disease,train,4.7,28.83,3.63,17.46,0.511,45.03
C:\Users\Asus\PycharmProjects\AquaVision_v1\datasets\fish\New Dataset\train_split\Bacterial gill disease\Bacterial gill disease_177.jpg,Bacterial gill disease,val,5.49,31.21,2.46,29.02,0.103,49.33
C:\Users\Asus\PycharmProjects\AquaVision_v1\datasets\fish\New Dataset\train_split\Bacterial gill disease\Bacterial gill disease_179.jpg,Bacterial gill disease,train,8.24,33.15,1.34,28.15,0.136,30.51
C:\Users\Asus\PycharmProjects\AquaVision_v1\datasets\fish\New Dataset\train_split\Bacterial gill disease\Bacterial gill disease_18.jpg,Bacterial gill disease,train,6.98,33.49,3.42,35.03,0.452,48.61
C:\Users\Asus\PycharmProjects\AquaVision_v1\datasets\fish\New Dataset\train_split\Bacterial gill disease\Bacterial gill disease_180.jpg,Bacterial gill disease,train,6.3,33.74,2.7,22.72,0.483,42.97
C:\Users\Asus\PycharmProjects\AquaVision_v1\datasets\fish\New Dataset\train_split\Bacterial gill disease\Bacterial gill disease_182.jpg,Bacterial gill disease,train,5.62,30.84,4.19,26.17,0.58,42.24
C:\Users\Asus\PycharmProjects\AquaVision_v1\datasets\fish\New Dataset\train_split\Bacterial gill disease\Bacterial gill disease_183.jpg,Bacterial gill disease,val,6.66,29.48,3.37,32.8,0.142,40.08
C:\Users\Asus\PycharmProjects\AquaVision_v1\datasets\fish\New Dataset\train_split\Bacterial gill disease\Bacterial gill disease_184.jpg,Bacterial gill disease,train,4.97,32.55,2.69,23.24,0.117,43.13
C:\Users\Asus\PycharmProjects\AquaVision_v1\datasets\fish\New Dataset\train_split\Bacterial gill disease\Bacterial gill disease_186.jpg,Bacterial gill disease,train,6.33,33.24,5.22,30.61,0.165,33.62
C:\Users\Asus\PycharmProjects\AquaVision_v1\datasets\fish\New Dataset\train_split\Bacterial gill disease\Bacterial gill disease_19.jpg,Bacterial gill disease,train,5.66,31.2,3.57,33.82,0.381,52.51
C:\Users\Asus\PycharmProjects\AquaVision_v1\datasets\fish\New Dataset\train_split\Bacterial gill disease\Bacterial gill disease_192.jpg,Bacterial gill disease,train,6.47,32.02,2.51,33.61,0.047,51.98
C:\Users\Asus\PycharmProjects\AquaVision_v1\datasets\fish\New Dataset\train_split\Bacterial gill disease\Bacterial gill disease_193.jpg,Bacterial gill disease,train,6.28,32.16,3.36,29.25,0.227,52.84
C:\Users\Asus\PycharmProjects\AquaVision_v1\datasets\fish\New Dataset\train_split\Bacterial gill disease\Bacterial gill disease_194.jpg,Bacterial gill disease,train,6.29,28.42,3.52,35.24,0.079,42.82
C:\Users\Asus\PycharmProjects\AquaVision_v1\datasets\fish\New Dataset\train_split\Bacterial gill disease\Bacterial gill disease_195.jpg,Bacterial gill disease,train,5.45,29.04,2.9,22.38,0.596,31.28
C:\Users\Asus\PycharmProjects\AquaVision_v1\datasets\fish\New Dataset\train_split\Bacterial gill disease\Bacterial gill disease_196.jpg,Bacterial gill disease,train,6.12,28.73,4.42,30.04,0.398,55.31
C:\Users\Asus\PycharmProjects\AquaVision_v1\datasets\fish\New Dataset\train_split\Bacterial gill disease\Bacterial gill disease_198.jpg,Bacterial gill disease,train,5.44,33.23,3.34,30.21,0.098,36.83
C:\Users\Asus\PycharmProjects\AquaVision_v1\datasets\fish\New Dataset\train_split\Bacterial gill disease\Bacterial gill disease_199.jpg,Bacterial gill disease,train,5.73,32.16,2.11,31.39,0.422,32.67
C:\Users\Asus\PycharmProjects\AquaVision_v1\datasets\fish\New Dataset\train_split\Bacterial gill disease\Bacterial gill disease_20.jpeg,Bacterial gill disease,train,5.68,32.46,3.41,25.84,0.115,40.4
C:\Users\Asus\PycharmProjects\AquaVision_v1\datasets\fish\New Dataset\train_split\Bacterial gill disease\Bacterial gill disease_200.jpg,Bacterial gill disease,val,6.06,31.87,1.95,28.38,0.098,42.37
C:\Users\Asus\PycharmProjects\AquaVision_v1\datasets\fish\New Dataset\train_split\Bacterial gill disease\Bacterial gill disease_201.jpg,Bacterial gill disease,train,5.9,32.83,3.47,29.26,0.072,37.93
C:\Users\Asus\PycharmProjects\AquaVision_v1\datasets\fish\New Dataset\train_split\Bacterial gill disease\Bacterial gill disease_202.jpg,Bacterial gill disease,train,6.18,32.89,3.69,23.93,0.006,42.56
C:\Users\Asus\PycharmProjects\AquaVision_v1\datasets\fish\New Dataset\train_split\Bacterial gill disease\Bacterial gill disease_208.jpg,Bacterial gill disease,train,6.93,34.58,4.65,22.75,0.066,58.35
C:\Users\Asus\PycharmProjects\AquaVision_v1\datasets\fish\New Dataset\train_split\Bacterial gill disease\Bacterial gill disease_21.jpg,Bacterial gill disease,train,6.75,36.03,4.02,29.0,0.217,55.45
C:\Users\Asus\PycharmProjects\AquaVision_v1\datasets\fish\New Dataset\train_split\Bacterial gill disease\Bacterial gill disease_210.jpg,Bacterial gill disease,val,5.89,34.91,2.55,34.13,0.065,52.04
C:\Users\Asus\PycharmProjects\AquaVision_v1\datasets\fish\New Dataset\train_split\Bacterial gill disease\Bacterial gill disease_212.jpg,Bacterial gill disease,train,8.15,31.92,0.76,30.5,0.225,53.85
C:\Users\Asus\PycharmProjects\AquaVision_v1\datasets\fish\New Dataset\train_split\Bacterial gill disease\Bacterial gill disease_213.jpg,Bacterial gill disease,train,5.46,34.7,4.77,28.01,0.299,31.88
C:\Users\Asus\PycharmProjects\AquaVision_v1\datasets\fish\New Dataset\train_split\Bacterial gill disease\Bacterial gill disease_214.jpg,Bacterial gill disease,train,6.62,34.08,4.55,30.25,0.152,36.2
C:\Users\Asus\PycharmProjects\AquaVision_v1\datasets\fish\New Dataset\train_split\Bacterial gill disease\Bacterial gill disease_215.jpg,Bacterial gill disease,train,5.9,31.86,4.44,31.42,0.455,35.2
C:\Users\Asus\PycharmProjects\AquaVision_v1\datasets\fish\New Dataset\train_split\Bacterial gill disease\Bacterial gill disease_216.jpg,Bacterial gill disease,train,7.94,31.6,2.28,29.55,0.219,42.96
C:\Users\Asus\PycharmProjects\AquaVision_v1\datasets\fish\New Dataset\train_split\Bacterial gill disease\Bacterial gill disease_217.jpg,Bacterial gill disease,train,5.82,30.62,3.14,26.19,0.022,54.32
C:\Users\Asus\PycharmProjects\AquaVision_v1\datasets\fish\New Dataset\train_split\Bacterial gill disease\Bacterial gill disease_218.jpg,Bacterial gill disease,train,6.26,28.17,3.7,30.52,0.084,36.96
C:\Users\Asus\PycharmProjects\AquaVision_v1\datasets\fish\New Dataset\train_split\Bacterial gill disease\Bacterial gill disease_220.jpg,Bacterial gill disease,train,5.77,33.05,2.86,29.82,0.47,43.18
C:\Users\Asus\PycharmProjects\AquaVision_v1\datasets\fish\New Dataset\train_split\Bacterial gill disease\Bacterial gill disease_222.jpg,Bacterial gill disease,train,5.65,30.56,1.96,26.04,0.046,42.15
C:\Users\Asus\PycharmProjects\AquaVision_v1\datasets\fish\New Dataset\train_split\Bacterial gill disease\Bacterial gill disease_223.jpg,Bacterial gill disease,train,6.06,32.2,3.9,25.4,0.099,34.85
C:\Users\Asus\PycharmProjects\AquaVision_v1\datasets\fish\New Dataset\train_split\Bacterial gill disease\Bacterial gill disease_224.jpg,Bacterial gill disease,train,5.64,29.08,2.16,26.18,0.059,46.81
C:\Users\Asus\PycharmProjects\AquaVision_v1\datasets\fish\New Dataset\train_split\Bacterial gill disease\Bacterial gill disease_225.jpg,Bacterial gill disease,train,5.85,28.68,3.17,24.61,0.09,58.52
C:\Users\Asus\PycharmProjects\AquaVision_v1\datasets\fish\New Dataset\train_split\Bacterial gill disease\Bacterial gill disease_226.jpg,Bacterial gill disease,train,6.27,31.46,5.35,29.4,0.08,34.96
C:\Users\Asus\PycharmProjects\AquaVision_v1\datasets\fish\New Dataset\train_split\Bacterial gill disease\Bacterial gill disease_227.jpg,Bacterial gill disease,val,6.05,28.92,3.93,25.8,0.015,33.14
C:\Users\Asus\PycharmProjects\AquaVision_v1\datasets\fish\New Dataset\train_split\Bacterial gill disease\Bacterial gill disease_229.jpg,Bacterial gill disease,val,4.71,35.58,3.85,29.93,0.094,48.69
C:\Users\Asus\PycharmProjects\AquaVision_v1\datasets\fish\New Dataset\train_split\Bacterial gill disease\Bacterial gill disease_230.jpg,Bacterial gill disease,train,5.93,33.11,3.16,22.38,0.338,11.75
C:\Users\Asus\PycharmProjects\AquaVision_v1\datasets\fish\New Dataset\train_split\Bacterial gill disease\Bacterial gill disease_235.jpg,Bacterial gill disease,val,5.22,33.38,2.91,21.18,0.151,35.76
C:\Users\Asus\PycharmProjects\AquaVision_v1\datasets\fish\New Dataset\train_split\Bacterial gill disease\Bacterial gill disease_236.jpg,Bacterial gill disease,train,5.95,30.25,4.72,34.5,0.168,32.67
C:\Users\Asus\PycharmProjects\AquaVision_v1\datasets\fish\New Dataset\train_split\Bacterial gill disease\Bacterial gill disease_238.jpg,Bacterial gill disease,train,6.5,34.69,2.27,28.87,0.051,34.03
C:\Users\Asus\PycharmProjects\AquaVision_v1\datasets\fish\New Dataset\train_split\Bacterial gill disease\Bacterial gill disease_239.jpg,Bacterial gill disease,train,5.74,29.65,2.76,31.33,0.655,45.67
C:\Users\Asus\PycharmProjects\AquaVision_v1\datasets\fish\New Dataset\train_split\Bacterial gill disease\Bacterial gill disease_24.jpeg,Bacterial gill disease,train,6.37,34.04,2.79,25.13,0.203,42.69
C:\Users\Asus\PycharmProjects\AquaVision_v1\datasets\fish\New Dataset\train_split\Bacterial gill disease\Bacterial gill disease_241.jpg,Bacterial gill disease,train,5.78,32.21,2.32,30.73,0.062,41.39
C:\Users\Asus\PycharmProjects\AquaVision_v1\datasets\fish\New Dataset\train_split\Bacterial gill disease\Bacterial gill disease_242.jpg,Bacterial gill disease,train,6.42,32.34,4.18,25.45,0.153,49.58
C:\Users\Asus\PycharmProjects\AquaVision_v1\datasets\fish\New Dataset\train_split\Bacterial gill disease\Bacterial gill disease_243.jpg,Bacterial gill disease,train,6.08,28.73,2.45,25.33,0.068,44.3
C:\Users\Asus\PycharmProjects\AquaVision_v1\datasets\fish\New Dataset\train_split\Bacterial gill disease\Bacterial gill disease_244.jpg,Bacterial gill disease,train,6.63,29.48,3.57,17.01,0.227,40.0
C:\Users\Asus\PycharmProjects\AquaVision_v1\datasets\fish\New Dataset\train_split\Bacterial gill disease\Bacterial gill disease_249.jpg,Bacterial gill disease,train,5.78,34.47,2.89,29.53,0.008,39.01
C:\Users\Asus\PycharmProjects\AquaVision_v1\datasets\fish\New Dataset\train_split\Bacterial gill disease\Bacterial gill disease_25.jpg,Bacterial gill disease,train,4.0,32.92,5.96,30.03,0.013,84.26
C:\Users\Asus\PycharmProjects\AquaVision_v1\datasets\fish\New Dataset\train_split\Bacterial gill disease\Bacterial gill disease_250.jpg,Bacterial gill disease,train,5.93,31.72,3.16,26.3,0.068,47.49
C:\Users\Asus\PycharmProjects\AquaVision_v1\datasets\fish\New Dataset\train_split\Bacterial gill disease\Bacterial gill disease_252.jpg,Bacterial gill disease,val,5.56,29.96,2.3,26.2,0.347,57.57
C:\Users\Asus\PycharmProjects\AquaVision_v1\datasets\fish\New Dataset\train_split\Bacterial gill disease\Bacterial gill disease_255.jpg,Bacterial gill disease,train,5.5,32.89,3.9,35.39,0.662,38.6
C:\Users\Asus\PycharmProjects\AquaVision_v1\datasets\fish\New Dataset\train_split\Bacterial gill disease\Bacterial gill disease_256.jpg,Bacterial gill disease,train,6.88,29.2,3.8,27.22,0.814,44.36
C:\Users\Asus\PycharmProjects\AquaVision_v1\datasets\fish\New Dataset\train_split\Bacterial gill disease\Bacterial gill disease_257.jpg,Bacterial gill disease,train,6.03,31.54,4.46,31.94,0.096,48.31
C:\Users\Asus\PycharmProjects\AquaVision_v1\datasets\fish\New Dataset\train_split\Bacterial gill disease\Bacterial gill disease_258.jpg,Bacterial gill disease,val,6.42,33.19,4.38,25.58,0.146,42.7
C:\Users\Asus\PycharmProjects\AquaVision_v1\datasets\fish\New Dataset\train_split\Bacterial gill disease\Bacterial gill disease_259.jpg,Bacterial gill disease,train,6.7,29.83,3.71,27.24,0.016,34.05
C:\Users\Asus\PycharmProjects\AquaVision_v1\datasets\fish\New Dataset\train_split\Bacterial gill disease\Bacterial gill disease_260.jpg,Bacterial gill disease,val,6.28,31.21,0.81,27.25,0.271,28.7
C:\Users\Asus\PycharmProjects\AquaVision_v1\datasets\fish\New Dataset\train_split\Bacterial gill disease\Bacterial gill disease_261.jpg,Bacterial gill disease,train,6.38,34.8,2.44,34.99,0.129,42.3
C:\Users\Asus\PycharmProjects\AquaVision_v1\datasets\fish\New Dataset\train_split\Bacterial gill disease\Bacterial gill disease_262.jpg,Bacterial gill disease,train,6.46,28.94,2.71,25.88,0.141,34.43
C:\Users\Asus\PycharmProjects\AquaVision_v1\datasets\fish\New Dataset\train_split\Bacterial gill disease\Bacterial gill disease_263.jpg,Bacterial gill disease,train,6.31,29.57,1.74,29.08,0.17,52.8
C:\Users\Asus\PycharmProjects\AquaVision_v1\datasets\fish\New Dataset\train_split\Bacterial gill disease\Bacterial gill disease_265.jpg,Bacterial gill disease,train,5.13,33.28,3.28,33.05,0.269,36.54
C:\Users\Asus\PycharmProjects\AquaVision_v1\datasets\fish\New Dataset\train_split\Bacterial gill disease\Bacterial gill disease_266.jpg,Bacterial gill disease,train,6.26,34.18,3.79,29.15,0.128,49.67
C:\Users\Asus\PycharmProjects\AquaVision_v1\datasets\fish\New Dataset\train_split\Bacterial gill disease\Bacterial gill disease_267.jpg,Bacterial gill disease,train,6.4,28.17,5.13,34.07,0.008,51.02
C:\Users\Asus\PycharmProjects\AquaVision_v1\datasets\fish\New Dataset\train_split\Bacterial gill disease\Bacterial gill disease_268.jpg,Bacterial gill disease,train,5.53,31.19,3.41,23.03,0.088,44.34
C:\Users\Asus\PycharmProjects\AquaVision_v1\datasets\fish\New Dataset\train_split\Bacterial gill disease\Bacterial gill disease_27.jpg,Bacterial gill disease,val,6.37,29.97,4.71,30.23,0.073,31.65
C:\Users\Asus\PycharmProjects\AquaVision_v1\datasets\fish\New Dataset\train_split\Bacterial gill disease\Bacterial gill disease_271.jpg,Bacterial gill disease,train,6.75,29.82,3.13,33.3,0.108,56.54
C:\Users\Asus\PycharmProjects\AquaVision_v1\datasets\fish\New Dataset\train_split\Bacterial gill disease\Bacterial gill disease_272.jpg,Bacterial gill disease,train,5.79,27.2,0.93,26.2,0.12,50.52
C:\Users\Asus\PycharmProjects\AquaVision_v1\datasets\fish\New Dataset\train_split\Bacterial gill disease\Bacterial gill disease_273.jpg,Bacterial gill disease,train,7.81,33.88,0.5,26.45,0.674,48.36
C:\Users\Asus\PycharmProjects\AquaVision_v1\datasets\fish\New Dataset\train_split\Bacterial gill disease\Bacterial gill disease_274.jpg,Bacterial gill disease,train,4.74,32.13,2.1,28.24,0.314,49.47
C:\Users\Asus\PycharmProjects\AquaVision_v1\datasets\fish\New Dataset\train_split\Bacterial gill disease\Bacterial gill disease_277.jpg,Bacterial gill disease,train,6.47,31.39,2.73,28.9,0.109,23.15
C:\Users\Asus\PycharmProjects\AquaVision_v1\datasets\fish\New Dataset\train_split\Bacterial gill disease\Bacterial gill disease_278.jpg,Bacterial gill disease,train,6.79,32.06,4.16,22.51,0.028,37.91
C:\Users\Asus\PycharmProjects\AquaVision_v1\datasets\fish\New Dataset\train_split\Bacterial gill disease\Bacterial gill disease_279.jpg,Bacterial gill disease,train,7.14,28.86,2.76,28.82,0.126,41.23
C:\Users\Asus\PycharmProjects\AquaVision_v1\datasets\fish\New Dataset\train_split\Bacterial gill disease\Bacterial gill disease_298.jpg,Bacterial gill disease,train,5.89,30.77,2.78,21.94,0.175,48.22
C:\Users\Asus\PycharmProjects\AquaVision_v1\datasets\fish\New Dataset\train_split\Bacterial gill disease\Bacterial gill disease_318.jpg,Bacterial gill disease,train,6.24,32.73,2.18,34.81,0.349,64.9
C:\Users\Asus\PycharmProjects\AquaVision_v1\datasets\fish\New Dataset\train_split\Bacterial gill disease\Bacterial gill disease_32.jpg,Bacterial gill disease,val,6.31,32.94,3.64,28.94,0.194,42.51
C:\Users\Asus\PycharmProjects\AquaVision_v1\datasets\fish\New Dataset\train_split\Bacterial gill disease\Bacterial gill disease_34.jpg,Bacterial gill disease,train,4.92,28.21,3.05,29.24,0.465,68.5
C:\Users\Asus\PycharmProjects\AquaVision_v1\datasets\fish\New Dataset\train_split\Bacterial gill disease\Bacterial gill disease_357.jpg,Bacterial gill disease,train,4.5,26.46,3.81,27.62,0.326,49.2
C:\Users\Asus\PycharmProjects\AquaVision_v1\datasets\fish\New Dataset\train_split\Bacterial gill disease\Bacterial gill disease_358.jpg,Bacterial gill disease,train,6.73,32.46,3.1,30.32,0.382,45.73
C:\Users\Asus\PycharmProjects\AquaVision_v1\datasets\fish\New Dataset\train_split\Bacterial gill disease\Bacterial gill disease_359.jpg,Bacterial gill disease,train,5.9,29.18,3.49,22.83,0.092,50.72
C:\Users\Asus\PycharmProjects\AquaVision_v1\datasets\fish\New Dataset\train_split\Bacterial gill disease\Bacterial gill disease_360.jpg,Bacterial gill disease,train,5.18,30.29,4.53,23.16,0.354,36.6
C:\Users\Asus\PycharmProjects\AquaVision_v1\datasets\fish\New Dataset\train_split\Bacterial gill disease\Bacterial gill disease_361.jpg,Bacterial gill disease,train,7.09,29.79,2.71,29.96,0.652,41.42
C:\Users\Asus\PycharmProjects\AquaVision_v1\datasets\fish\New Dataset\train_split\Bacterial gill disease\Bacterial gill disease_363.jpg,Bacterial gill disease,train,5.96,34.3,0.66,26.35,0.003,38.23
C:\Users\Asus\PycharmProjects\AquaVision_v1\datasets\fish\New Dataset\train_split\Bacterial gill disease\Bacterial gill disease_368.jpg,Bacterial gill disease,train,7.0,31.1,3.55,31.81,0.079,34.79
C:\Users\Asus\PycharmProjects\AquaVision_v1\datasets\fish\New Dataset\train_split\Bacterial gill disease\Bacterial gill disease_372.jpg,Bacterial gill disease,train,6.61,25.68,3.12,25.59,0.446,39.09
C:\Users\Asus\PycharmProjects\AquaVision_v1\datasets\fish\New Dataset\train_split\Bacterial gill disease\Bacterial gill disease_373.jpg,Bacterial gill disease,train,6.49,30.72,2.48,31.37,0.022,41.31
C:\Users\Asus\PycharmProjects\AquaVision_v1\datasets\fish\New Dataset\train_split\Bacterial gill disease\Bacterial gill disease_374.jpg,Bacterial gill disease,train,4.36,30.06,2.37,21.47,0.189,47.52
C:\Users\Asus\PycharmProjects\AquaVision_v1\datasets\fish\New Dataset\train_split\Bacterial gill disease\Bacterial gill disease_375.jpg,Bacterial gill disease,train,5.39,29.48,3.56,26.16,0.112,38.05
C:\Users\Asus\PycharmProjects\AquaVision_v1\datasets\fish\New Dataset\train_split\Bacterial gill disease\Bacterial gill disease_377.jpg,Bacterial gill disease,train,5.87,31.4,3.12,26.34,0.299,50.25
C:\Users\Asus\PycharmProjects\AquaVision_v1\datasets\fish\New Dataset\train_split\Bacterial gill disease\Bacterial gill disease_38.jpg,Bacterial gill disease,train,5.42,28.49,2.6,22.13,0.279,39.99
C:\Users\Asus\PycharmProjects\AquaVision_v1\datasets\fish\New Dataset\train_split\Bacterial gill disease\Bacterial gill disease_381.jpg,Bacterial gill disease,train,6.69,32.31,2.32,26.68,0.335,59.01
C:\Users\Asus\PycharmProjects\AquaVision_v1\datasets\fish\New Dataset\train_split\Bacterial gill disease\Bacterial gill disease_39.jpg,Bacterial gill disease,train,5.41,33.23,4.66,26.36,0.158,52.12
C:\Users\Asus\PycharmProjects\AquaVision_v1\datasets\fish\New Dataset\train_split\Bacterial gill disease\Bacterial gill disease_392.jpg,Bacterial gill disease,train,5.18,26.3,3.77,20.47,0.475,54.28
C:\Users\Asus\PycharmProjects\AquaVision_v1\datasets\fish\New Dataset\train_split\Bacterial gill disease\Bacterial gill disease_393.jpg,Bacterial gill disease,val,6.43,28.62,2.66,24.91,0.502,53.3
C:\Users\Asus\PycharmProjects\AquaVision_v1\datasets\fish\New Dataset\train_split\Bacterial gill disease\Bacterial gill disease_403.jpg,Bacterial gill disease,train,6.64,32.13,4.15,23.29,0.225,61.23
C:\Users\Asus\PycharmProjects\AquaVision_v1\datasets\fish\New Dataset\train_split\Bacterial gill disease\Bacterial gill disease_405.jpg,Bacterial gill disease,train,6.65,26.86,2.78,25.06,0.295,52.21
C:\Users\Asus\PycharmProjects\AquaVision_v1\datasets\fish\New Dataset\train_split\Bacterial gill disease\Bacterial gill disease_41.jpg,Bacterial gill disease,val,6.92,32.74,3.43,24.05,0.473,42.14
C:\Users\Asus\PycharmProjects\AquaVision_v1\datasets\fish\New Dataset\train_split\Bacterial gill disease\Bacterial gill disease_42.jpg,Bacterial gill disease,train,4.83,29.96,1.58,23.72,0.199,64.11
C:\Users\Asus\PycharmProjects\AquaVision_v1\datasets\fish\New Dataset\train_split\Bacterial gill disease\Bacterial gill disease_44.jpg,Bacterial gill disease,train,6.7,27.86,3.35,31.75,0.207,37.27
C:\Users\Asus\PycharmProjects\AquaVision_v1\datasets\fish\New Dataset\train_split\Bacterial gill disease\Bacterial gill disease_45.jpg,Bacterial gill disease,train,6.1,26.83,4.05,27.31,0.039,52.72
C:\Users\Asus\PycharmProjects\AquaVision_v1\datasets\fish\New Dataset\train_split\Bacterial gill disease\Bacterial gill disease_46.jpg,Bacterial gill disease,val,6.24,26.36,3.68,29.19,0.393,56.82
C:\Users\Asus\PycharmProjects\AquaVision_v1\datasets\fish\New Dataset\train_split\Bacterial gill disease\Bacterial gill disease_47.jpg,Bacterial gill disease,train,5.89,28.8,4.39,32.75,0.225,59.36
C:\Users\Asus\PycharmProjects\AquaVision_v1\datasets\fish\New Dataset\train_split\Bacterial gill disease\Bacterial gill disease_49.jpg,Bacterial gill disease,train,6.5,35.85,2.5,26.49,0.025,37.4
C:\Users\Asus\PycharmProjects\AquaVision_v1\datasets\fish\New Dataset\train_split\Bacterial gill disease\Bacterial gill disease_5.jpg,Bacterial gill disease,train,7.44,33.2,3.98,24.33,0.073,58.55
C:\Users\Asus\PycharmProjects\AquaVision_v1\datasets\fish\New Dataset\train_split\Bacterial gill disease\Bacterial gill disease_51.png,Bacterial gill disease,train,6.15,32.39,2.51,28.12,0.199,59.18
C:\Users\Asus\PycharmProjects\AquaVision_v1\datasets\fish\New Dataset\train_split\Bacterial gill disease\Bacterial gill disease_52.jpg,Bacterial gill disease,train,5.15,30.17,3.03,25.49,0.049,42.12
C:\Users\Asus\PycharmProjects\AquaVision_v1\datasets\fish\New Dataset\train_split\Bacterial gill disease\Bacterial gill disease_53.jpg,Bacterial gill disease,train,6.95,24.78,4.22,29.35,0.099,36.82
C:\Users\Asus\PycharmProjects\AquaVision_v1\datasets\fish\New Dataset\train_split\Bacterial gill disease\Bacterial gill disease_54.jpg,Bacterial gill disease,train,5.12,28.12,4.11,29.35,0.034,35.62
C:\Users\Asus\PycharmProjects\AquaVision_v1\datasets\fish\New Dataset\train_split\Bacterial gill disease\Bacterial gill disease_55.jpg,Bacterial gill disease,train,6.76,33.65,3.63,29.45,0.173,52.45
C:\Users\Asus\PycharmProjects\AquaVision_v1\datasets\fish\New Dataset\train_split\Bacterial gill disease\Bacterial gill disease_56.jpg,Bacterial gill disease,train,6.96,36.22,2.39,26.55,0.034,49.16
C:\Users\Asus\PycharmProjects\AquaVision_v1\datasets\fish\New Dataset\train_split\Bacterial gill disease\Bacterial gill disease_57.jpg,Bacterial gill disease,val,6.07,28.54,4.1,37.28,0.022,56.8
C:\Users\Asus\PycharmProjects\AquaVision_v1\datasets\fish\New Dataset\train_split\Bacterial gill disease\Bacterial gill disease_58.jpg,Bacterial gill disease,train,7.47,33.76,3.58,27.99,0.292,39.11
C:\Users\Asus\PycharmProjects\AquaVision_v1\datasets\fish\New Dataset\train_split\Bacterial gill disease\Bacterial gill disease_60.jpg,Bacterial gill disease,train,6.65,27.14,4.47,30.3,0.113,39.81
C:\Users\Asus\PycharmProjects\AquaVision_v1\datasets\fish\New Dataset\train_split\Bacterial gill disease\Bacterial gill disease_62.png,Bacterial gill disease,train,7.4,32.26,4.64,30.82,0.005,42.57
C:\Users\Asus\PycharmProjects\AquaVision_v1\datasets\fish\New Dataset\train_split\Bacterial gill disease\Bacterial gill disease_63.jpg,Bacterial gill disease,train,5.48,34.08,2.43,34.51,0.353,22.44
C:\Users\Asus\PycharmProjects\AquaVision_v1\datasets\fish\New Dataset\train_split\Bacterial gill disease\Bacterial gill disease_64.jpg,Bacterial gill disease,train,5.47,29.7,0.5,29.71,0.119,45.77
C:\Users\Asus\PycharmProjects\AquaVision_v1\datasets\fish\New Dataset\train_split\Bacterial gill disease\Bacterial gill disease_65.jpg,Bacterial gill disease,train,6.37,28.55,2.28,21.25,0.031,42.87
C:\Users\Asus\PycharmProjects\AquaVision_v1\datasets\fish\New Dataset\train_split\Bacterial gill disease\Bacterial gill disease_66.jpg,Bacterial gill disease,train,6.68,29.23,4.76,25.9,0.42,46.78
C:\Users\Asus\PycharmProjects\AquaVision_v1\datasets\fish\New Dataset\train_split\Bacterial gill disease\Bacterial gill disease_68.jpg,Bacterial gill disease,train,6.34,31.33,3.14,23.22,0.23,27.03
C:\Users\Asus\PycharmProjects\AquaVision_v1\datasets\fish\New Dataset\train_split\Bacterial gill disease\Bacterial gill disease_70.jpg,Bacterial gill disease,train,9.16,30.3,4.21,30.02,0.059,37.72
C:\Users\Asus\PycharmProjects\AquaVision_v1\datasets\fish\New Dataset\train_split\Bacterial gill disease\Bacterial gill disease_71.jpg,Bacterial gill disease,train,6.23,33.57,4.08,25.74,0.194,46.24
C:\Users\Asus\PycharmProjects\AquaVision_v1\datasets\fish\New Dataset\train_split\Bacterial gill disease\Bacterial gill disease_74.jpg,Bacterial gill disease,train,5.62,27.06,2.56,27.7,0.142,44.24
C:\Users\Asus\PycharmProjects\AquaVision_v1\datasets\fish\New Dataset\train_split\Bacterial gill disease\Bacterial gill disease_77.jpg,Bacterial gill disease,val,6.4,34.72,5.02,26.38,0.441,37.93
C:\Users\Asus\PycharmProjects\AquaVision_v1\datasets\fish\New Dataset\train_split\Bacterial gill disease\Bacterial gill disease_78.jpg,Bacterial gill disease,val,6.64,32.09,1.17,30.73,0.279,46.26
C:\Users\Asus\PycharmProjects\AquaVision_v1\datasets\fish\New Dataset\train_split\Bacterial gill disease\Bacterial gill disease_80.jpg,Bacterial gill disease,train,5.7,29.99,4.79,24.67,0.12,46.32
C:\Users\Asus\PycharmProjects\AquaVision_v1\datasets\fish\New Dataset\train_split\Bacterial gill disease\Bacterial gill disease_81.jpg,Bacterial gill disease,train,5.75,27.77,2.77,25.57,0.429,44.23
C:\Users\Asus\PycharmProjects\AquaVision_v1\datasets\fish\New Dataset\train_split\Bacterial gill disease\Bacterial gill disease_82.jpg,Bacterial gill disease,train,5.03,33.66,3.4,33.54,0.437,57.41
C:\Users\Asus\PycharmProjects\AquaVision_v1\datasets\fish\New Dataset\train_split\Bacterial gill disease\Bacterial gill disease_83.jpg,Bacterial gill disease,train,6.44,32.31,3.12,37.09,0.062,53.89
C:\Users\Asus\PycharmProjects\AquaVision_v1\datasets\fish\New Dataset\train_split\Bacterial gill disease\Bacterial gill disease_84.jpg,Bacterial gill disease,train,5.33,31.73,3.32,25.54,0.361,29.56
C:\Users\Asus\PycharmProjects\AquaVision_v1\datasets\fish\New Dataset\train_split\Bacterial gill disease\Bacterial gill disease_85.jpg,Bacterial gill disease,train,6.18,30.72,2.56,26.45,0.057,40.86
C:\Users\Asus\PycharmProjects\AquaVision_v1\datasets\fish\New Dataset\train_split\Bacterial gill disease\Bacterial gill disease_86.jpg,Bacterial gill disease,train,6.02,29.6,0.86,36.21,0.121,43.02
C:\Users\Asus\PycharmProjects\AquaVision_v1\datasets\fish\New Dataset\train_split\Bacterial gill disease\Bacterial gill disease_9.png,Bacterial gill disease,train,6.39,35.24,2.71,28.63,0.803,55.24
C:\Users\Asus\PycharmProjects\AquaVision_v1\datasets\fish\New Dataset\train_split\Bacterial gill disease\Bacterial gill disease_92.jpg,Bacterial gill disease,train,5.85,31.33,2.84,27.13,0.047,28.62
C:\Users\Asus\PycharmProjects\AquaVision_v1\datasets\fish\New Dataset\train_split\Bacterial gill disease\Bacterial gill disease_93.jpg,Bacterial gill disease,val,6.17,33.44,1.52,32.61,0.132,58.86
C:\Users\Asus\PycharmProjects\AquaVision_v1\datasets\fish\New Dataset\train_split\Bacterial gill disease\Bacterial gill disease_95.jpg,Bacterial gill disease,train,5.88,30.84,2.39,25.94,0.026,46.1
C:\Users\Asus\PycharmProjects\AquaVision_v1\datasets\fish\New Dataset\train_split\Bacterial gill disease\Bacterial gill disease_96.jpg,Bacterial gill disease,train,6.4,28.69,1.92,26.69,0.049,42.87
C:\Users\Asus\PycharmProjects\AquaVision_v1\datasets\fish\New Dataset\train_split\Bacterial gill disease\Bacterial gill disease_97.jpg,Bacterial gill disease,train,6.41,35.84,3.85,27.81,0.019,36.03
C:\Users\Asus\PycharmProjects\AquaVision_v1\datasets\fish\New Dataset\train_split\Bacterial gill disease\Bacterial gill disease_99.jpg,Bacterial gill disease,train,5.31,31.11,3.24,25.99,0.132,31.28
C:\Users\Asus\PycharmProjects\AquaVision_v1\datasets\fish\New Dataset\train_split\Bacterial gill disease\Bacterial gill disease_aug_0.jpg,Bacterial gill disease,train,6.4,29.67,4.18,24.49,0.136,57.01
C:\Users\Asus\PycharmProjects\AquaVision_v1\datasets\fish\New Dataset\train_split\Bacterial gill disease\Bacterial gill disease_aug_1.jpg,Bacterial gill disease,train,6.27,29.01,3.54,33.12,0.129,22.83
C:\Users\Asus\PycharmProjects\AquaVision_v1\datasets\fish\New Dataset\train_split\Bacterial gill disease\Bacterial gill disease_aug_10.jpg,Bacterial gill disease,train,5.52,35.07,2.73,23.3,0.277,18.73
C:\Users\Asus\PycharmProjects\AquaVision_v1\datasets\fish\New Dataset\train_split\Bacterial gill disease\Bacterial gill disease_aug_101.jpg,Bacterial gill disease,train,5.79,34.74,4.69,27.59,0.202,32.61
C:\Users\Asus\PycharmProjects\AquaVision_v1\datasets\fish\New Dataset\train_split\Bacterial gill disease\Bacterial gill disease_aug_102.jpg,Bacterial gill disease,train,6.51,28.97,3.16,27.36,0.379,28.79
C:\Users\Asus\PycharmProjects\AquaVision_v1\datasets\fish\New Dataset\train_split\Bacterial gill disease\Bacterial gill disease_aug_103.jpg,Bacterial gill disease,train,6.36,34.44,3.45,30.75,0.167,59.67
C:\Users\Asus\PycharmProjects\AquaVision_v1\datasets\fish\New Dataset\train_split\Bacterial gill disease\Bacterial gill disease_aug_104.jpg,Bacterial gill disease,train,5.78,27.08,3.48,38.05,0.085,44.98
C:\Users\Asus\PycharmProjects\AquaVision_v1\datasets\fish\New Dataset\train_split\Bacterial gill disease\Bacterial gill disease_aug_105.jpg,Bacterial gill disease,train,5.96,32.6,3.3,27.55,0.024,32.01
C:\Users\Asus\PycharmProjects\AquaVision_v1\datasets\fish\New Dataset\train_split\Bacterial gill disease\Bacterial gill disease_aug_106.jpg,Bacterial gill disease,train,4.79,33.99,3.97,28.21,0.055,54.36
C:\Users\Asus\PycharmProjects\AquaVision_v1\datasets\fish\New Dataset\train_split\Bacterial gill disease\Bacterial gill disease_aug_108.jpg,Bacterial gill disease,train,6.21,30.26,4.25,29.28,0.212,46.94
C:\Users\Asus\PycharmProjects\AquaVision_v1\datasets\fish\New Dataset\train_split\Bacterial gill disease\Bacterial gill disease_aug_110.jpg,Bacterial gill disease,val,5.6,29.4,2.55,23.74,0.202,29.44
C:\Users\Asus\PycharmProjects\AquaVision_v1\datasets\fish\New Dataset\train_split\Bacterial gill disease\Bacterial gill disease_aug_114.jpg,Bacterial gill disease,train,7.22,31.18,2.17,25.22,0.128,35.82
C:\Users\Asus\PycharmProjects\AquaVision_v1\datasets\fish\New Dataset\train_split\Bacterial gill disease\Bacterial gill disease_aug_116.jpg,Bacterial gill disease,train,6.74,32.51,5.04,22.08,0.272,49.8
C:\Users\Asus\PycharmProjects\AquaVision_v1\datasets\fish\New Dataset\train_split\Bacterial gill disease\Bacterial gill disease_aug_117.jpg,Bacterial gill disease,val,6.22,28.57,4.01,29.34,0.074,42.73
C:\Users\Asus\PycharmProjects\AquaVision_v1\datasets\fish\New Dataset\train_split\Bacterial gill disease\Bacterial gill disease_aug_121.jpg,Bacterial gill disease,train,7.33,31.0,3.83,24.84,0.357,36.93
C:\Users\Asus\PycharmProjects\AquaVision_v1\datasets\fish\New Dataset\train_split\Bacterial gill disease\Bacterial gill disease_aug_123.jpg,Bacterial gill disease,train,5.08,31.09,3.29,27.28,0.381,48.96
C:\Users\Asus\PycharmProjects\AquaVision_v1\datasets\fish\New Dataset\train_split\Bacterial gill disease\Bacterial gill disease_aug_127.jpg,Bacterial gill disease,train,5.51,30.29,4.16,31.58,0.214,45.22
C:\Users\Asus\PycharmProjects\AquaVision_v1\datasets\fish\New Dataset\train_split\Bacterial gill disease\Bacterial gill disease_aug_128.jpg,Bacterial gill disease,train,5.22,35.74,2.44,24.66,0.13,52.64
C:\Users\Asus\PycharmProjects\AquaVision_v1\datasets\fish\New Dataset\train_split\Bacterial gill disease\Bacterial gill disease_aug_129.jpg,Bacterial gill disease,train,5.3,29.41,1.53,30.98,0.348,29.92
C:\Users\Asus\PycharmProjects\AquaVision_v1\datasets\fish\New Dataset\train_split\Bacterial gill disease\Bacterial gill disease_aug_131.jpg,Bacterial gill disease,train,6.08,28.97,2.31,29.03,0.09,47.13
C:\Users\Asus\PycharmProjects\AquaVision_v1\datasets\fish\New Dataset\train_split\Bacterial gill disease\Bacterial gill disease_aug_132.jpg,Bacterial gill disease,train,6.34,32.38,3.56,24.7,0.725,33.66
C:\Users\Asus\PycharmProjects\AquaVision_v1\datasets\fish\New Dataset\train_split\Bacterial gill disease\Bacterial gill disease_aug_134.jpg,Bacterial gill disease,val,6.84,31.4,4.97,26.56,0.405,37.72
C:\Users\Asus\PycharmProjects\AquaVision_v1\datasets\fish\New Dataset\train_split\Bacterial gill disease\Bacterial gill disease_aug_136.jpg,Bacterial gill disease,train,6.82,27.86,3.79,30.36,0.729,53.17
C:\Users\Asus\PycharmProjects\AquaVision_v1\datasets\fish\New Dataset\train_split\Bacterial gill disease\Bacterial gill disease_aug_138.jpg,Bacterial gill disease,train,5.84,33.57,3.9,23.43,0.516,53.2
C:\Users\Asus\PycharmProjects\AquaVision_v1\datasets\fish\New Dataset\train_split\Bacterial gill disease\Bacterial gill disease_aug_139.jpg,Bacterial gill disease,train,6.14,30.62,4.15,27.67,0.121,48.39
C:\Users\Asus\PycharmProjects\AquaVision_v1\datasets\fish\New Dataset\train_split\Bacterial gill disease\Bacterial gill disease_aug_14.jpg,Bacterial gill disease,val,5.9,32.51,2.52,37.94,0.154,47.65
C:\Users\Asus\PycharmProjects\AquaVision_v1\datasets\fish\New Dataset\train_split\Bacterial gill disease\Bacterial gill disease_aug_142.jpg,Bacterial gill disease,train,6.42,33.1,4.17,32.23,0.113,48.61
C:\Users\Asus\PycharmProjects\AquaVision_v1\datasets\fish\New Dataset\train_split\Bacterial gill disease\Bacterial gill disease_aug_146.jpg,Bacterial gill disease,train,6.46,33.33,3.02,32.26,0.079,59.53
C:\Users\Asus\PycharmProjects\AquaVision_v1\datasets\fish\New Dataset\train_split\Bacterial gill disease\Bacterial gill disease_aug_147.jpg,Bacterial gill disease,train,6.02,31.77,2.78,33.41,0.037,45.24
C:\Users\Asus\PycharmProjects\AquaVision_v1\datasets\fish\New Dataset\train_split\Bacterial gill disease\Bacterial gill disease_aug_148.jpg,Bacterial gill disease,train,5.94,27.41,2.15,29.12,0.145,23.67
C:\Users\Asus\PycharmProjects\AquaVision_v1\datasets\fish\New Dataset\train_split\Bacterial gill disease\Bacterial gill disease_aug_149.jpg,Bacterial gill disease,train,8.05,36.77,3.05,27.57,0.272,29.47
C:\Users\Asus\PycharmProjects\AquaVision_v1\datasets\fish\New Dataset\train_split\Bacterial gill disease\Bacterial gill disease_aug_154.jpg,Bacterial gill disease,train,7.15,29.44,3.67,29.99,0.136,55.7
C:\Users\Asus\PycharmProjects\AquaVision_v1\datasets\fish\New Dataset\train_split\Bacterial gill disease\Bacterial gill disease_aug_155.jpg,Bacterial gill disease,train,6.61,28.93,1.59,28.58,0.227,44.97
C:\Users\Asus\PycharmProjects\AquaVision_v1\datasets\fish\New Dataset\train_split\Bacterial gill disease\Bacterial gill disease_aug_157.jpg,Bacterial gill disease,train,5.4,29.86,3.85,26.52,0.062,31.52
C:\Users\Asus\PycharmProjects\AquaVision_v1\datasets\fish\New Dataset\train_split\Bacterial gill disease\Bacterial gill disease_aug_159.jpg,Bacterial gill disease,train,6.29,31.42,2.4,27.27,0.18,32.67
C:\Users\Asus\PycharmProjects\AquaVision_v1\datasets\fish\New Dataset\train_split\Bacterial gill disease\Bacterial gill disease_aug_160.jpg,Bacterial gill disease,val,5.21,29.54,3.46,33.01,0.104,40.52
C:\Users\Asus\PycharmProjects\AquaVision_v1\datasets\fish\New Dataset\train_split\Bacterial gill disease\Bacterial gill disease_aug_161.jpg,Bacterial gill disease,train,6.16,36.11,3.42,27.91,0.165,47.48
C:\Users\Asus\PycharmProjects\AquaVision_v1\datasets\fish\New Dataset\train_split\Bacterial gill disease\Bacterial gill disease_aug_163.jpg,Bacterial gill disease,train,5.12,28.56,4.24,30.66,0.103,39.47
C:\Users\Asus\PycharmProjects\AquaVision_v1\datasets\fish\New Dataset\train_split\Bacterial gill disease\Bacterial gill disease_aug_165.jpg,Bacterial gill disease,train,5.63,29.1,1.78,29.89,0.135,54.2
C:\Users\Asus\PycharmProjects\AquaVision_v1\datasets\fish\New Dataset\train_split\Bacterial gill disease\Bacterial gill disease_aug_168.jpg,Bacterial gill disease,train,5.92,25.81,3.13,27.4,0.088,41.73
C:\Users\Asus\PycharmProjects\AquaVision_v1\datasets\fish\New Dataset\train_split\Bacterial gill disease\Bacterial gill disease_aug_169.jpg,Bacterial gill disease,train,6.38,29.62,3.45,24.46,0.033,49.85
C:\Users\Asus\PycharmProjects\AquaVision_v1\datasets\fish\New Dataset\train_split\Bacterial gill disease\Bacterial gill disease_aug_17.jpg,Bacterial gill disease,train,5.82,32.47,2.87,29.03,0.003,42.59
C:\Users\Asus\PycharmProjects\AquaVision_v1\datasets\fish\New Dataset\train_split\Bacterial gill disease\Bacterial gill disease_aug_173.jpg,Bacterial gill disease,train,6.0,31.53,2.41,23.94,0.118,54.33
C:\Users\Asus\PycharmProjects\AquaVision_v1\datasets\fish\New Dataset\train_split\Bacterial gill disease\Bacterial gill disease_aug_174.jpg,Bacterial gill disease,train,4.76,28.77,3.61,28.14,0.398,25.31
C:\Users\Asus\PycharmProjects\AquaVision_v1\datasets\fish\New Dataset\train_split\Bacterial gill disease\Bacterial gill disease_aug_175.jpg,Bacterial gill disease,train,5.5,32.05,2.51,28.39,0.118,39.96
C:\Users\Asus\PycharmProjects\AquaVision_v1\datasets\fish\New Dataset\train_split\Bacterial gill disease\Bacterial gill disease_aug_179.jpg,Bacterial gill disease,train,6.04,30.04,3.1,26.41,0.738,33.16
C:\Users\Asus\PycharmProjects\AquaVision_v1\datasets\fish\New Dataset\train_split\Bacterial gill disease\Bacterial gill disease_aug_191.jpg,Bacterial gill disease,train,5.86,31.67,3.16,28.73,0.373,56.97
C:\Users\Asus\PycharmProjects\AquaVision_v1\datasets\fish\New Dataset\train_split\Bacterial gill disease\Bacterial gill disease_aug_192.jpg,Bacterial gill disease,train,5.21,33.95,3.58,27.19,0.094,39.72
C:\Users\Asus\PycharmProjects\AquaVision_v1\datasets\fish\New Dataset\train_split\Bacterial gill disease\Bacterial gill disease_aug_193.jpg,Bacterial gill disease,train,5.52,30.01,4.19,29.52,0.12,42.22
C:\Users\Asus\PycharmProjects\AquaVision_v1\datasets\fish\New Dataset\train_split\Bacterial gill disease\Bacterial gill disease_aug_194.jpg,Bacterial gill disease,val,5.9,33.45,2.1,34.44,0.113,53.28
C:\Users\Asus\PycharmProjects\AquaVision_v1\datasets\fish\New Dataset\train_split\Bacterial gill disease\Bacterial gill disease_aug_197.jpg,Bacterial gill disease,val,6.01,27.42,2.78,29.97,0.029,41.72
C:\Users\Asus\PycharmProjects\AquaVision_v1\datasets\fish\New Dataset\train_split\Bacterial gill disease\Bacterial gill disease_aug_198.jpg,Bacterial gill disease,train,6.58,30.09,3.08,22.42,0.122,50.91
C:\Users\Asus\PycharmProjects\AquaVision_v1\datasets\fish\New Dataset\train_split\Bacterial gill disease\Bacterial gill disease_aug_199.jpg,Bacterial gill disease,train,5.83,29.03,3.19,27.14,0.033,49.73
C:\Users\Asus\PycharmProjects\AquaVision_v1\datasets\fish\New Dataset\train_split\Bacterial gill disease\Bacterial gill disease_aug_20.jpg,Bacterial gill disease,train,5.97,31.8,4.52,28.56,0.191,54.96
C:\Users\Asus\PycharmProjects\AquaVision_v1\datasets\fish\New Dataset\train_split\Bacterial gill disease\Bacterial gill disease_aug_206.jpg,Bacterial gill disease,train,5.44,27.31,2.61,32.77,0.759,51.18
C:\Users\Asus\PycharmProjects\AquaVision_v1\datasets\fish\New Dataset\train_split\Bacterial gill disease\Bacterial gill disease_aug_207.jpg,Bacterial gill disease,val,7.01,27.17,3.04,29.21,0.138,46.76
C:\Users\Asus\PycharmProjects\AquaVision_v1\datasets\fish\New Dataset\train_split\Bacterial gill disease\Bacterial gill disease_aug_210.jpg,Bacterial gill disease,train,6.06,32.34,1.44,27.35,0.601,60.13
C:\Users\Asus\PycharmProjects\AquaVision_v1\datasets\fish\New Dataset\train_split\Bacterial gill disease\Bacterial gill disease_aug_212.jpg,Bacterial gill disease,train,6.34,29.0,1.67,26.43,0.395,55.02
C:\Users\Asus\PycharmProjects\AquaVision_v1\datasets\fish\New Dataset\train_split\Bacterial gill disease\Bacterial gill disease_aug_213.jpg,Bacterial gill disease,train,6.94,32.78,3.54,29.52,0.126,43.76
C:\Users\Asus\PycharmProjects\AquaVision_v1\datasets\fish\New Dataset\train_split\Bacterial gill disease\Bacterial gill disease_aug_219.jpg,Bacterial gill disease,train,5.76,35.04,2.94,33.3,0.052,30.93
C:\Users\Asus\PycharmProjects\AquaVision_v1\datasets\fish\New Dataset\train_split\Bacterial gill disease\Bacterial gill disease_aug_220.jpg,Bacterial gill disease,val,5.25,31.55,4.01,24.62,0.165,36.16
C:\Users\Asus\PycharmProjects\AquaVision_v1\datasets\fish\New Dataset\train_split\Bacterial gill disease\Bacterial gill disease_aug_221.jpg,Bacterial gill disease,train,4.55,35.64,3.38,26.61,0.033,28.88
C:\Users\Asus\PycharmProjects\AquaVision_v1\datasets\fish\New Dataset\train_split\Bacterial gill disease\Bacterial gill disease_aug_226.jpg,Bacterial gill disease,train,6.68,32.16,2.26,28.69,0.326,60.19
C:\Users\Asus\PycharmProjects\AquaVision_v1\datasets\fish\New Dataset\train_split\Bacterial gill disease\Bacterial gill disease_aug_227.jpg,Bacterial gill disease,train,6.5,31.15,3.51,33.0,0.018,31.67
C:\Users\Asus\PycharmProjects\AquaVision_v1\datasets\fish\New Dataset\train_split\Bacterial gill disease\Bacterial gill disease_aug_23.jpg,Bacterial gill disease,train,5.89,29.07,3.5,32.92,0.125,56.65
C:\Users\Asus\PycharmProjects\AquaVision_v1\datasets\fish\New Dataset\train_split\Bacterial gill disease\Bacterial gill disease_aug_230.jpg,Bacterial gill disease,train,6.05,32.34,3.54,26.88,0.045,32.21
C:\Users\Asus\PycharmProjects\AquaVision_v1\datasets\fish\New Dataset\train_split\Bacterial gill disease\Bacterial gill disease_aug_231.jpg,Bacterial gill disease,train,7.41,32.43,2.74,25.55,0.011,51.3
C:\Users\Asus\PycharmProjects\AquaVision_v1\datasets\fish\New Dataset\train_split\Bacterial gill disease\Bacterial gill disease_aug_232.jpg,Bacterial gill disease,train,4.37,29.17,5.26,28.2,0.075,52.69
C:\Users\Asus\PycharmProjects\AquaVision_v1\datasets\fish\New Dataset\train_split\Bacterial gill disease\Bacterial gill disease_aug_234.jpg,Bacterial gill disease,train,6.29,26.28,4.81,33.16,0.045,59.58
C:\Users\Asus\PycharmProjects\AquaVision_v1\datasets\fish\New Dataset\train_split\Bacterial gill disease\Bacterial gill disease_aug_235.jpg,Bacterial gill disease,train,5.2,31.89,3.35,30.02,0.053,59.47
C:\Users\Asus\PycharmProjects\AquaVision_v1\datasets\fish\New Dataset\train_split\Bacterial gill disease\Bacterial gill disease_aug_236.jpg,Bacterial gill disease,train,6.92,35.1,5.72,23.51,0.102,30.88
C:\Users\Asus\PycharmProjects\AquaVision_v1\datasets\fish\New Dataset\train_split\Bacterial gill disease\Bacterial gill disease_aug_24.jpg,Bacterial gill disease,train,6.15,35.81,2.58,21.24,0.204,40.29
C:\Users\Asus\PycharmProjects\AquaVision_v1\datasets\fish\New Dataset\train_split\Bacterial gill disease\Bacterial gill disease_aug_241.jpg,Bacterial gill disease,train,4.86,31.07,1.54,26.72,0.633,45.29
C:\Users\Asus\PycharmProjects\AquaVision_v1\datasets\fish\New Dataset\train_split\Bacterial gill disease\Bacterial gill disease_aug_242.jpg,Bacterial gill disease,train,5.94,28.84,3.18,28.07,0.238,49.73
C:\Users\Asus\PycharmProjects\AquaVision_v1\datasets\fish\New Dataset\train_split\Bacterial gill disease\Bacterial gill disease_aug_243.jpg,Bacterial gill disease,train,4.51,29.43,1.33,30.53,0.054,60.75
C:\Users\Asus\PycharmProjects\AquaVision_v1\datasets\fish\New Dataset\train_split\Bacterial gill disease\Bacterial gill disease_aug_246.jpg,Bacterial gill disease,train,8.39,30.8,0.6,26.08,0.137,51.96
C:\Users\Asus\PycharmProjects\AquaVision_v1\datasets\fish\New Dataset\train_split\Bacterial gill disease\Bacterial gill disease_aug_247.jpg,Bacterial gill disease,train,4.99,32.96,2.66,26.73,0.114,47.17
C:\Users\Asus\PycharmProjects\AquaVision_v1\datasets\fish\New Dataset\train_split\Bacterial gill disease\Bacterial gill disease_aug_248.jpg,Bacterial gill disease,val,5.9,35.0,3.84,31.45,0.152,30.84
C:\Users\Asus\PycharmProjects\AquaVision_v1\datasets\fish\New Dataset\train_split\Bacterial gill disease\Bacterial gill disease_aug_249.jpg,Bacterial gill disease,train,5.61,33.39,3.61,27.11,0.014,53.74
C:\Users\Asus\PycharmProjects\AquaVision_v1\datasets\fish\New Dataset\train_split\Bacterial gill disease\Bacterial gill disease_aug_250.jpg,Bacterial gill disease,train,6.08,26.96,3.44,31.73,0.205,40.85
C:\Users\Asus\PycharmProjects\AquaVision_v1\datasets\fish\New Dataset\train_split\Bacterial gill disease\Bacterial gill disease_aug_251.jpg,Bacterial gill disease,train,6.04,31.98,2.61,28.73,0.287,46.24
C:\Users\Asus\PycharmProjects\AquaVision_v1\datasets\fish\New Dataset\train_split\Bacterial gill disease\Bacterial gill disease_aug_252.jpg,Bacterial gill disease,train,6.53,34.66,3.56,31.85,0.262,42.63
C:\Users\Asus\PycharmProjects\AquaVision_v1\datasets\fish\New Dataset\train_split\Bacterial gill disease\Bacterial gill disease_aug_253.jpg,Bacterial gill disease,train,5.53,31.8,2.41,25.47,0.599,52.64
C:\Users\Asus\PycharmProjects\AquaVision_v1\datasets\fish\New Dataset\train_split\Bacterial gill disease\Bacterial gill disease_aug_255.jpg,Bacterial gill disease,train,6.41,32.43,0.5,21.85,0.24,43.55
C:\Users\Asus\PycharmProjects\AquaVision_v1\datasets\fish\New Dataset\train_split\Bacterial gill disease\Bacterial gill disease_aug_26.jpg,Bacterial gill disease,train,5.92,30.24,5.67,25.21,0.139,41.36
C:\Users\Asus\PycharmProjects\AquaVision_v1\datasets\fish\New Dataset\train_split\Bacterial gill disease\Bacterial gill disease_aug_27.jpg,Bacterial gill disease,train,5.97,33.15,3.26,32.56,0.036,41.13
C:\Users\Asus\PycharmProjects\AquaVision_v1\datasets\fish\New Dataset\train_split\Bacterial gill disease\Bacterial gill disease_aug_3.jpg,Bacterial gill disease,val,5.44,34.55,3.11,28.89,0.101,55.18
C:\Users\Asus\PycharmProjects\AquaVision_v1\datasets\fish\New Dataset\train_split\Bacterial gill disease\Bacterial gill disease_aug_30.jpg,Bacterial gill disease,train,6.56,32.49,2.73,27.47,0.122,45.72
C:\Users\Asus\PycharmProjects\AquaVision_v1\datasets\fish\New Dataset\train_split\Bacterial gill disease\Bacterial gill disease_aug_34.jpg,Bacterial gill disease,train,6.91,33.22,3.15,28.97,0.405,55.55
C:\Users\Asus\PycharmProjects\AquaVision_v1\datasets\fish\New Dataset\train_split\Bacterial gill disease\Bacterial gill disease_aug_36.jpg,Bacterial gill disease,train,5.99,33.87,2.58,34.24,0.147,29.7
C:\Users\Asus\PycharmProjects\AquaVision_v1\datasets\fish\New Dataset\train_split\Bacterial gill disease\Bacterial gill disease_aug_38.jpg,Bacterial gill disease,train,5.95,26.27,2.84,23.84,0.128,46.2
C:\Users\Asus\PycharmProjects\AquaVision_v1\datasets\fish\New Dataset\train_split\Bacterial gill disease\Bacterial gill disease_aug_39.jpg,Bacterial gill disease,val,5.72,31.77,2.32,24.48,0.302,62.99
C:\Users\Asus\PycharmProjects\AquaVision_v1\datasets\fish\New Dataset\train_split\Bacterial gill disease\Bacterial gill disease_aug_40.jpg,Bacterial gill disease,train,5.95,31.01,4.06,33.09,0.01,46.54
C:\Users\Asus\PycharmProjects\AquaVision_v1\datasets\fish\New Dataset\train_split\Bacterial gill disease\Bacterial gill disease_aug_43.jpg,Bacterial gill disease,val,6.07,33.23,3.2,30.48,0.4,61.38
C:\Users\Asus\PycharmProjects\AquaVision_v1\datasets\fish\New Dataset\train_split\Bacterial gill disease\Bacterial gill disease_aug_45.jpg,Bacterial gill disease,val,5.19,24.42,3.51,27.62,0.299,37.34
C:\Users\Asus\PycharmProjects\AquaVision_v1\datasets\fish\New Dataset\train_split\Bacterial gill disease\Bacterial gill disease_aug_46.jpg,Bacterial gill disease,train,6.09,33.48,3.75,30.11,0.204,40.23
C:\Users\Asus\PycharmProjects\AquaVision_v1\datasets\fish\New Dataset\train_split\Bacterial gill disease\Bacterial gill disease_aug_47.jpg,Bacterial gill disease,train,5.94,26.41,2.85,31.18,0.054,41.07
C:\Users\Asus\PycharmProjects\AquaVision_v1\datasets\fish\New Dataset\train_split\Bacterial gill disease\Bacterial gill disease_aug_48.jpg,Bacterial gill disease,train,5.67,27.14,3.07,26.06,0.703,35.34
C:\Users\Asus\PycharmProjects\AquaVision_v1\datasets\fish\New Dataset\train_split\Bacterial gill disease\Bacterial gill disease_aug_49.jpg,Bacterial gill disease,train,6.09,31.77,4.65,26.63,1.029,35.28
C:\Users\Asus\PycharmProjects\AquaVision_v1\datasets\fish\New Dataset\train_split\Bacterial gill disease\Bacterial gill disease_aug_5.jpg,Bacterial gill disease,train,7.09,29.8,3.88,37.4,0.14,37.84
C:\Users\Asus\PycharmProjects\AquaVision_v1\datasets\fish\New Dataset\train_split\Bacterial gill disease\Bacterial gill disease_aug_51.jpg,Bacterial gill disease,train,6.87,24.93,1.29,26.02,0.546,41.94
C:\Users\Asus\PycharmProjects\AquaVision_v1\datasets\fish\New Dataset\train_split\Bacterial gill disease\Bacterial gill disease_aug_53.jpg,Bacterial gill disease,train,6.54,23.48,3.66,28.97,0.083,34.1
C:\Users\Asus\PycharmProjects\AquaVision_v1\datasets\fish\New Dataset\train_split\Bacterial gill disease\Bacterial gill disease_aug_54.jpg,Bacterial gill disease,train,6.17,29.43,3.6,16.58,0.075,39.19
C:\Users\Asus\PycharmProjects\AquaVision_v1\datasets\fish\New Dataset\train_split\Bacterial gill disease\Bacterial gill disease_aug_55.jpg,Bacterial gill disease,train,5.95,32.99,1.71,28.18,0.004,50.58
C:\Users\Asus\PycharmProjects\AquaVision_v1\datasets\fish\New Dataset\train_split\Bacterial gill disease\Bacterial gill disease_aug_56.jpg,Bacterial gill disease,train,7.21,29.8,3.46,20.78,0.191,33.24
C:\Users\Asus\PycharmProjects\AquaVision_v1\datasets\fish\New Dataset\train_split\Bacterial gill disease\Bacterial gill disease_aug_58.jpg,Bacterial gill disease,train,5.9,30.99,4.14,22.51,0.196,50.2
C:\Users\Asus\PycharmProjects\AquaVision_v1\datasets\fish\New Dataset\train_split\Bacterial gill disease\Bacterial gill disease_aug_6.jpg,Bacterial gill disease,train,6.27,31.02,1.94,33.42,0.37,41.04
C:\Users\Asus\PycharmProjects\AquaVision_v1\datasets\fish\New Dataset\train_split\Bacterial gill disease\Bacterial gill disease_aug_60.jpg,Bacterial gill disease,train,5.42,34.59,2.92,33.81,0.215,44.22
C:\Users\Asus\PycharmProjects\AquaVision_v1\datasets\fish\New Dataset\train_split\Bacterial gill disease\Bacterial gill disease_aug_62.jpg,Bacterial gill disease,train,5.75,32.75,3.22,21.83,0.076,15.96
C:\Users\Asus\PycharmProjects\AquaVision_v1\datasets\fish\New Dataset\train_split\Bacterial gill disease\Bacterial gill disease_aug_65.jpg,Bacterial gill disease,val,6.45,33.69,3.37,28.84,0.506,34.08
C:\Users\Asus\PycharmProjects\AquaVision_v1\datasets\fish\New Dataset\train_split\Bacterial gill disease\Bacterial gill disease_aug_67.jpg,Bacterial gill disease,train,5.6,34.56,3.13,24.45,0.125,41.19
C:\Users\Asus\PycharmProjects\AquaVision_v1\datasets\fish\New Dataset\train_split\Bacterial gill disease\Bacterial gill disease_aug_72.jpg,Bacterial gill disease,train,6.43,32.9,2.97,27.76,0.097,49.94
C:\Users\Asus\PycharmProjects\AquaVision_v1\datasets\fish\New Dataset\train_split\Bacterial gill disease\Bacterial gill disease_aug_73.jpg,Bacterial gill disease,val,5.43,33.32,3.09,25.91,0.109,44.03
C:\Users\Asus\PycharmProjects\AquaVision_v1\datasets\fish\New Dataset\train_split\Bacterial gill disease\Bacterial gill disease_aug_77.jpg,Bacterial gill disease,train,4.9,29.5,2.43,27.73,0.147,48.64
C:\Users\Asus\PycharmProjects\AquaVision_v1\datasets\fish\New Dataset\train_split\Bacterial gill disease\Bacterial gill disease_aug_78.jpg,Bacterial gill disease,train,6.8,33.43,2.58,28.81,0.282,46.45
C:\Users\Asus\PycharmProjects\AquaVision_v1\datasets\fish\New Dataset\train_split\Bacterial gill disease\Bacterial gill disease_aug_81.jpg,Bacterial gill disease,val,5.71,32.27,2.86,22.06,0.036,42.92
C:\Users\Asus\PycharmProjects\AquaVision_v1\datasets\fish\New Dataset\train_split\Bacterial gill disease\Bacterial gill disease_aug_82.jpg,Bacterial gill disease,train,6.82,27.18,2.36,28.51,0.086,37.55
C:\Users\Asus\PycharmProjects\AquaVision_v1\datasets\fish\New Dataset\train_split\Bacterial gill disease\Bacterial gill disease_aug_85.jpg,Bacterial gill disease,val,5.69,28.56,3.76,22.77,0.937,29.02
C:\Users\Asus\PycharmProjects\AquaVision_v1\datasets\fish\New Dataset\train_split\Bacterial gill disease\Bacterial gill disease_aug_88.jpg,Bacterial gill disease,train,5.72,32.83,3.04,26.14,0.078,60.33
C:\Users\Asus\PycharmProjects\AquaVision_v1\datasets\fish\New Dataset\train_split\Bacterial gill disease\Bacterial gill disease_aug_89.jpg,Bacterial gill disease,train,6.12,29.98,4.0,23.49,0.016,56.28
C:\Users\Asus\PycharmProjects\AquaVision_v1\datasets\fish\New Dataset\train_split\Bacterial gill disease\Bacterial gill disease_aug_94.jpg,Bacterial gill disease,train,6.09,30.73,4.18,23.69,0.363,54.37
C:\Users\Asus\PycharmProjects\AquaVision_v1\datasets\fish\New Dataset\train_split\Bacterial gill disease\Bacterial gill disease_aug_96.jpg,Bacterial gill disease,train,5.75,35.25,2.88,30.73,0.235,33.46
C:\Users\Asus\PycharmProjects\AquaVision_v1\datasets\fish\New Dataset\train_split\Bacterial gill disease\Bacterial gill disease_aug_97.jpg,Bacterial gill disease,train,6.38,29.39,1.87,30.01,0.161,53.61
C:\Users\Asus\PycharmProjects\AquaVision_v1\datasets\fish\New Dataset\train_split\Bacterial gill disease\Bacterial gill disease_aug_98.jpg,Bacterial gill disease,train,5.02,35.87,4.02,25.38,0.066,45.27
C:\Users\Asus\PycharmProjects\AquaVision_v1\datasets\fish\New Dataset\train_split\Bacterial Red disease\Bacterial Red disease_100.jpg,Bacterial Red disease,train,5.54,29.6,1.57,28.19,0.075,34.0
C:\Users\Asus\PycharmProjects\AquaVision_v1\datasets\fish\New Dataset\train_split\Bacterial Red disease\Bacterial Red disease_101.jpg,Bacterial Red disease,train,6.04,32.01,3.77,28.91,0.413,41.76
C:\Users\Asus\PycharmProjects\AquaVision_v1\datasets\fish\New Dataset\train_split\Bacterial Red disease\Bacterial Red disease_102.jpg,Bacterial Red disease,train,4.0,28.94,2.41,32.78,0.26,62.18
C:\Users\Asus\PycharmProjects\AquaVision_v1\datasets\fish\New Dataset\train_split\Bacterial Red disease\Bacterial Red disease_11.jpg,Bacterial Red disease,train,6.23,26.64,2.76,23.63,0.294,46.35
C:\Users\Asus\PycharmProjects\AquaVision_v1\datasets\fish\New Dataset\train_split\Bacterial Red disease\Bacterial Red disease_112.jpg,Bacterial Red disease,train,4.68,36.11,3.44,24.89,0.506,49.26
C:\Users\Asus\PycharmProjects\AquaVision_v1\datasets\fish\New Dataset\train_split\Bacterial Red disease\Bacterial Red disease_114.jpg,Bacterial Red disease,train,6.76,29.48,2.88,25.25,0.716,30.67
C:\Users\Asus\PycharmProjects\AquaVision_v1\datasets\fish\New Dataset\train_split\Bacterial Red disease\Bacterial Red disease_115.jpg,Bacterial Red disease,train,6.41,33.05,3.46,25.87,0.08,31.03
C:\Users\Asus\PycharmProjects\AquaVision_v1\datasets\fish\New Dataset\train_split\Bacterial Red disease\Bacterial Red disease_116.jpg,Bacterial Red disease,train,6.83,28.75,2.43,32.32,0.453,54.43
C:\Users\Asus\PycharmProjects\AquaVision_v1\datasets\fish\New Dataset\train_split\Bacterial Red disease\Bacterial Red disease_119.jpg,Bacterial Red disease,train,6.39,33.68,2.5,29.39,0.263,39.58
C:\Users\Asus\PycharmProjects\AquaVision_v1\datasets\fish\New Dataset\train_split\Bacterial Red disease\Bacterial Red disease_122.jpg,Bacterial Red disease,train,6.06,32.35,3.9,25.33,0.139,44.39
C:\Users\Asus\PycharmProjects\AquaVision_v1\datasets\fish\New Dataset\train_split\Bacterial Red disease\Bacterial Red disease_123.jpg,Bacterial Red disease,train,6.22,32.52,3.41,20.2,0.017,44.32
C:\Users\Asus\PycharmProjects\AquaVision_v1\datasets\fish\New Dataset\train_split\Bacterial Red disease\Bacterial Red disease_125.jpg,Bacterial Red disease,train,6.24,34.42,2.33,33.02,0.078,54.46
C:\Users\Asus\PycharmProjects\AquaVision_v1\datasets\fish\New Dataset\train_split\Bacterial Red disease\Bacterial Red disease_126.jpg,Bacterial Red disease,train,6.31,28.89,3.28,26.07,0.509,43.74
C:\Users\Asus\PycharmProjects\AquaVision_v1\datasets\fish\New Dataset\train_split\Bacterial Red disease\Bacterial Red disease_127.jpg,Bacterial Red disease,val,6.68,31.57,2.75,25.79,0.137,51.96
C:\Users\Asus\PycharmProjects\AquaVision_v1\datasets\fish\New Dataset\train_split\Bacterial Red disease\Bacterial Red disease_128.jpg,Bacterial Red disease,train,5.9,32.25,2.11,28.89,0.027,42.87
C:\Users\Asus\PycharmProjects\AquaVision_v1\datasets\fish\New Dataset\train_split\Bacterial Red disease\Bacterial Red disease_13.jpg,Bacterial Red disease,train,6.81,28.8,3.28,29.92,0.052,59.97
C:\Users\Asus\PycharmProjects\AquaVision_v1\datasets\fish\New Dataset\train_split\Bacterial Red disease\Bacterial Red disease_131.jpg,Bacterial Red disease,train,6.79,31.74,4.21,29.15,0.099,55.95
C:\Users\Asus\PycharmProjects\AquaVision_v1\datasets\fish\New Dataset\train_split\Bacterial Red disease\Bacterial Red disease_134.jpg,Bacterial Red disease,train,5.07,33.97,4.68,31.37,0.058,56.63
C:\Users\Asus\PycharmProjects\AquaVision_v1\datasets\fish\New Dataset\train_split\Bacterial Red disease\Bacterial Red disease_135.jpg,Bacterial Red disease,train,6.61,32.04,3.29,29.55,0.051,63.67
C:\Users\Asus\PycharmProjects\AquaVision_v1\datasets\fish\New Dataset\train_split\Bacterial Red disease\Bacterial Red disease_136.jpg,Bacterial Red disease,train,6.85,33.11,3.61,26.16,0.256,52.57
C:\Users\Asus\PycharmProjects\AquaVision_v1\datasets\fish\New Dataset\train_split\Bacterial Red disease\Bacterial Red disease_137.jpg,Bacterial Red disease,val,5.38,31.71,2.52,30.21,0.067,53.64
C:\Users\Asus\PycharmProjects\AquaVision_v1\datasets\fish\New Dataset\train_split\Bacterial Red disease\Bacterial Red disease_143.jpg,Bacterial Red disease,val,6.09,32.05,2.74,31.52,0.04,45.01
C:\Users\Asus\PycharmProjects\AquaVision_v1\datasets\fish\New Dataset\train_split\Bacterial Red disease\Bacterial Red disease_145.jpg,Bacterial Red disease,train,5.75,29.85,3.89,34.71,0.351,39.92
C:\Users\Asus\PycharmProjects\AquaVision_v1\datasets\fish\New Dataset\train_split\Bacterial Red disease\Bacterial Red disease_146.jpg,Bacterial Red disease,train,4.98,28.6,2.12,21.67,0.617,49.13
C:\Users\Asus\PycharmProjects\AquaVision_v1\datasets\fish\New Dataset\train_split\Bacterial Red disease\Bacterial Red disease_148.jpg,Bacterial Red disease,train,6.51,31.66,3.73,27.72,0.282,35.72
C:\Users\Asus\PycharmProjects\AquaVision_v1\datasets\fish\New Dataset\train_split\Bacterial Red disease\Bacterial Red disease_150.jpg,Bacterial Red disease,train,5.75,30.56,2.47,26.33,0.035,48.44
C:\Users\Asus\PycharmProjects\AquaVision_v1\datasets\fish\New Dataset\train_split\Bacterial Red disease\Bacterial Red disease_151.jpg,Bacterial Red disease,train,5.81,33.69,3.6,36.3,0.283,55.34
C:\Users\Asus\PycharmProjects\AquaVision_v1\datasets\fish\New Dataset\train_split\Bacterial Red disease\Bacterial Red disease_152.jpg,Bacterial Red disease,train,6.98,30.87,2.76,28.67,0.447,54.45
C:\Users\Asus\PycharmProjects\AquaVision_v1\datasets\fish\New Dataset\train_split\Bacterial Red disease\Bacterial Red disease_153.jpg,Bacterial Red disease,train,6.4,28.8,3.79,25.45,0.028,46.27
C:\Users\Asus\PycharmProjects\AquaVision_v1\datasets\fish\New Dataset\train_split\Bacterial Red disease\Bacterial Red disease_154.jpg,Bacterial Red disease,train,6.15,28.4,4.76,20.72,0.359,39.02
C:\Users\Asus\PycharmProjects\AquaVision_v1\datasets\fish\New Dataset\train_split\Bacterial Red disease\Bacterial Red disease_156.jpg,Bacterial Red disease,train,6.32,32.46,3.12,27.77,0.078,47.33
C:\Users\Asus\PycharmProjects\AquaVision_v1\datasets\fish\New Dataset\train_split\Bacterial Red disease\Bacterial Red disease_157.jpg,Bacterial Red disease,train,6.53,33.18,2.43,27.68,0.246,42.0
C:\Users\Asus\PycharmProjects\AquaVision_v1\datasets\fish\New Dataset\train_split\Bacterial Red disease\Bacterial Red disease_158.jpg,Bacterial Red disease,train,5.78,32.64,2.34,34.88,0.227,42.56
C:\Users\Asus\PycharmProjects\AquaVision_v1\datasets\fish\New Dataset\train_split\Bacterial Red disease\Bacterial Red disease_159.jpg,Bacterial Red disease,train,6.36,33.13,2.22,33.81,0.036,45.14
C:\Users\Asus\PycharmProjects\AquaVision_v1\datasets\fish\New Dataset\train_split\Bacterial Red disease\Bacterial Red disease_160.jpg,Bacterial Red disease,val,5.74,30.25,3.85,25.66,0.119,42.46
C:\Users\Asus\PycharmProjects\AquaVision_v1\datasets\fish\New Dataset\train_split\Bacterial Red disease\Bacterial Red disease_162.jpg,Bacterial Red disease,train,5.91,28.06,3.18,25.73,0.018,53.32
C:\Users\Asus\PycharmProjects\AquaVision_v1\datasets\fish\New Dataset\train_split\Bacterial Red disease\Bacterial Red disease_163.jpg,Bacterial Red disease,train,6.1,32.96,3.05,32.77,0.308,37.3
C:\Users\Asus\PycharmProjects\AquaVision_v1\datasets\fish\New Dataset\train_split\Bacterial Red disease\Bacterial Red disease_173.jpg,Bacterial Red disease,train,6.43,29.47,3.36,30.18,1.395,23.28
C:\Users\Asus\PycharmProjects\AquaVision_v1\datasets\fish\New Dataset\train_split\Bacterial Red disease\Bacterial Red disease_174.jpg,Bacterial Red disease,train,5.93,34.23,3.54,33.24,0.544,62.3
C:\Users\Asus\PycharmProjects\AquaVision_v1\datasets\fish\New Dataset\train_split\Bacterial Red disease\Bacterial Red disease_176.jpg,Bacterial Red disease,train,5.21,28.27,3.0,26.62,0.059,49.89
C:\Users\Asus\PycharmProjects\AquaVision_v1\datasets\fish\New Dataset\train_split\Bacterial Red disease\Bacterial Red disease_178.jpg,Bacterial Red disease,train,6.14,25.95,4.35,25.95,0.039,33.29
C:\Users\Asus\PycharmProjects\AquaVision_v1\datasets\fish\New Dataset\train_split\Bacterial Red disease\Bacterial Red disease_179.jpg,Bacterial Red disease,train,7.46,30.96,3.12,26.19,0.329,62.26
C:\Users\Asus\PycharmProjects\AquaVision_v1\datasets\fish\New Dataset\train_split\Bacterial Red disease\Bacterial Red disease_18.jpg,Bacterial Red disease,train,6.31,34.15,2.67,25.07,0.247,41.93
C:\Users\Asus\PycharmProjects\AquaVision_v1\datasets\fish\New Dataset\train_split\Bacterial Red disease\Bacterial Red disease_181.jpg,Bacterial Red disease,train,6.82,31.97,3.87,25.28,0.057,15.86
C:\Users\Asus\PycharmProjects\AquaVision_v1\datasets\fish\New Dataset\train_split\Bacterial Red disease\Bacterial Red disease_182.jpg,Bacterial Red disease,train,4.89,23.92,3.85,28.51,0.403,62.49
C:\Users\Asus\PycharmProjects\AquaVision_v1\datasets\fish\New Dataset\train_split\Bacterial Red disease\Bacterial Red disease_183.jpg,Bacterial Red disease,train,5.87,27.52,3.17,21.53,0.616,42.71
C:\Users\Asus\PycharmProjects\AquaVision_v1\datasets\fish\New Dataset\train_split\Bacterial Red disease\Bacterial Red disease_184.jpg,Bacterial Red disease,train,6.13,32.56,3.76,36.62,0.035,37.0
C:\Users\Asus\PycharmProjects\AquaVision_v1\datasets\fish\New Dataset\train_split\Bacterial Red disease\Bacterial Red disease_185.jpg,Bacterial Red disease,train,5.95,34.7,2.97,25.74,0.13,40.29
C:\Users\Asus\PycharmProjects\AquaVision_v1\datasets\fish\New Dataset\train_split\Bacterial Red disease\Bacterial Red disease_187.jpg,Bacterial Red disease,val,5.71,35.16,2.52,28.14,1.043,32.65
C:\Users\Asus\PycharmProjects\AquaVision_v1\datasets\fish\New Dataset\train_split\Bacterial Red disease\Bacterial Red disease_189.jpg,Bacterial Red disease,train,6.67,32.2,2.36,31.29,0.375,35.37
C:\Users\Asus\PycharmProjects\AquaVision_v1\datasets\fish\New Dataset\train_split\Bacterial Red disease\Bacterial Red disease_19.jpg,Bacterial Red disease,val,6.62,31.63,3.01,25.69,0.071,53.98
C:\Users\Asus\PycharmProjects\AquaVision_v1\datasets\fish\New Dataset\train_split\Bacterial Red disease\Bacterial Red disease_192.jpg,Bacterial Red disease,train,6.78,29.01,2.44,22.23,0.005,40.17
C:\Users\Asus\PycharmProjects\AquaVision_v1\datasets\fish\New Dataset\train_split\Bacterial Red disease\Bacterial Red disease_193.jpg,Bacterial Red disease,val,6.05,31.61,3.96,30.11,0.04,49.33
C:\Users\Asus\PycharmProjects\AquaVision_v1\datasets\fish\New Dataset\train_split\Bacterial Red disease\Bacterial Red disease_194.jpg,Bacterial Red disease,train,5.79,31.32,2.82,24.03,0.367,30.55
C:\Users\Asus\PycharmProjects\AquaVision_v1\datasets\fish\New Dataset\train_split\Bacterial Red disease\Bacterial Red disease_195.jpg,Bacterial Red disease,val,6.45,30.68,4.33,26.06,0.165,49.9
C:\Users\Asus\PycharmProjects\AquaVision_v1\datasets\fish\New Dataset\train_split\Bacterial Red disease\Bacterial Red disease_196.jpg,Bacterial Red disease,train,6.43,32.02,3.49,28.33,0.013,44.62
C:\Users\Asus\PycharmProjects\AquaVision_v1\datasets\fish\New Dataset\train_split\Bacterial Red disease\Bacterial Red disease_197.jpg,Bacterial Red disease,train,7.53,33.96,3.78,28.45,0.274,24.67
C:\Users\Asus\PycharmProjects\AquaVision_v1\datasets\fish\New Dataset\train_split\Bacterial Red disease\Bacterial Red disease_198.jpg,Bacterial Red disease,train,7.37,31.53,2.81,34.37,0.166,45.19
C:\Users\Asus\PycharmProjects\AquaVision_v1\datasets\fish\New Dataset\train_split\Bacterial Red disease\Bacterial Red disease_199.jpg,Bacterial Red disease,val,5.47,32.18,3.43,31.83,0.043,45.22
C:\Users\Asus\PycharmProjects\AquaVision_v1\datasets\fish\New Dataset\train_split\Bacterial Red disease\Bacterial Red disease_200.jpg,Bacterial Red disease,train,6.43,27.59,3.76,30.08,0.965,49.96
C:\Users\Asus\PycharmProjects\AquaVision_v1\datasets\fish\New Dataset\train_split\Bacterial Red disease\Bacterial Red disease_201.jpg,Bacterial Red disease,train,7.06,30.29,3.31,23.66,0.198,43.35
C:\Users\Asus\PycharmProjects\AquaVision_v1\datasets\fish\New Dataset\train_split\Bacterial Red disease\Bacterial Red disease_202.jpg,Bacterial Red disease,train,5.6,30.41,2.87,25.86,0.244,47.95
C:\Users\Asus\PycharmProjects\AquaVision_v1\datasets\fish\New Dataset\train_split\Bacterial Red disease\Bacterial Red disease_206.jpg,Bacterial Red disease,train,5.7,32.8,2.18,30.68,0.313,47.61
C:\Users\Asus\PycharmProjects\AquaVision_v1\datasets\fish\New Dataset\train_split\Bacterial Red disease\Bacterial Red disease_207.jpg,Bacterial Red disease,train,6.71,28.04,3.0,32.12,0.028,52.97
C:\Users\Asus\PycharmProjects\AquaVision_v1\datasets\fish\New Dataset\train_split\Bacterial Red disease\Bacterial Red disease_208.jpg,Bacterial Red disease,train,6.49,31.05,1.34,31.13,0.471,12.25
C:\Users\Asus\PycharmProjects\AquaVision_v1\datasets\fish\New Dataset\train_split\Bacterial Red disease\Bacterial Red disease_209.jpg,Bacterial Red disease,train,5.61,31.7,3.43,21.24,0.169,35.22
C:\Users\Asus\PycharmProjects\AquaVision_v1\datasets\fish\New Dataset\train_split\Bacterial Red disease\Bacterial Red disease_21.jpg,Bacterial Red disease,train,6.54,29.37,1.53,27.32,0.028,36.15
C:\Users\Asus\PycharmProjects\AquaVision_v1\datasets\fish\New Dataset\train_split\Bacterial Red disease\Bacterial Red disease_211.jpg,Bacterial Red disease,train,5.79,32.22,1.64,19.8,0.148,52.39
C:\Users\Asus\PycharmProjects\AquaVision_v1\datasets\fish\New Dataset\train_split\Bacterial Red disease\Bacterial Red disease_217.jpg,Bacterial Red disease,train,4.33,29.23,5.13,21.62,0.356,51.62
C:\Users\Asus\PycharmProjects\AquaVision_v1\datasets\fish\New Dataset\train_split\Bacterial Red disease\Bacterial Red disease_218.jpg,Bacterial Red disease,train,5.85,32.89,1.67,30.64,0.013,36.96
C:\Users\Asus\PycharmProjects\AquaVision_v1\datasets\fish\New Dataset\train_split\Bacterial Red disease\Bacterial Red disease_219.jpg,Bacterial Red disease,train,6.28,30.38,4.26,24.5,0.096,44.71
C:\Users\Asus\PycharmProjects\AquaVision_v1\datasets\fish\New Dataset\train_split\Bacterial Red disease\Bacterial Red disease_22.png,Bacterial Red disease,val,5.3,30.84,3.39,28.34,0.079,52.98
C:\Users\Asus\PycharmProjects\AquaVision_v1\datasets\fish\New Dataset\train_split\Bacterial Red disease\Bacterial Red disease_222.jpg,Bacterial Red disease,train,6.62,28.03,3.67,30.48,0.178,36.9
C:\Users\Asus\PycharmProjects\AquaVision_v1\datasets\fish\New Dataset\train_split\Bacterial Red disease\Bacterial Red disease_223.jpg,Bacterial Red disease,train,5.82,34.38,2.68,24.77,0.005,45.76
C:\Users\Asus\PycharmProjects\AquaVision_v1\datasets\fish\New Dataset\train_split\Bacterial Red disease\Bacterial Red disease_225.jpg,Bacterial Red disease,train,6.51,30.65,4.13,30.12,0.157,36.88
C:\Users\Asus\PycharmProjects\AquaVision_v1\datasets\fish\New Dataset\train_split\Bacterial Red disease\Bacterial Red disease_233.jpg,Bacterial Red disease,train,5.93,29.6,3.58,17.5,0.245,70.49
C:\Users\Asus\PycharmProjects\AquaVision_v1\datasets\fish\New Dataset\train_split\Bacterial Red disease\Bacterial Red disease_234.jpg,Bacterial Red disease,train,6.81,36.86,3.9,31.8,0.037,42.24
C:\Users\Asus\PycharmProjects\AquaVision_v1\datasets\fish\New Dataset\train_split\Bacterial Red disease\Bacterial Red disease_235.jpg,Bacterial Red disease,train,6.26,29.28,2.12,27.7,0.131,28.15
C:\Users\Asus\PycharmProjects\AquaVision_v1\datasets\fish\New Dataset\train_split\Bacterial Red disease\Bacterial Red disease_236.jpg,Bacterial Red disease,train,6.19,29.69,5.66,33.44,0.206,40.47
C:\Users\Asus\PycharmProjects\AquaVision_v1\datasets\fish\New Dataset\train_split\Bacterial Red disease\Bacterial Red disease_237.jpg,Bacterial Red disease,train,5.8,27.65,3.55,25.27,0.036,54.68
C:\Users\Asus\PycharmProjects\AquaVision_v1\datasets\fish\New Dataset\train_split\Bacterial Red disease\Bacterial Red disease_25.jpg,Bacterial Red disease,val,6.7,34.43,2.52,29.9,0.07,40.75
C:\Users\Asus\PycharmProjects\AquaVision_v1\datasets\fish\New Dataset\train_split\Bacterial Red disease\Bacterial Red disease_250.jpg,Bacterial Red disease,train,6.4,29.07,4.49,28.91,0.024,51.36
C:\Users\Asus\PycharmProjects\AquaVision_v1\datasets\fish\New Dataset\train_split\Bacterial Red disease\Bacterial Red disease_251.jpg,Bacterial Red disease,train,5.61,27.95,2.74,27.5,0.172,42.46
C:\Users\Asus\PycharmProjects\AquaVision_v1\datasets\fish\New Dataset\train_split\Bacterial Red disease\Bacterial Red disease_26.jpg,Bacterial Red disease,train,5.52,32.68,3.68,26.43,0.117,34.82
C:\Users\Asus\PycharmProjects\AquaVision_v1\datasets\fish\New Dataset\train_split\Bacterial Red disease\Bacterial Red disease_27.jpg,Bacterial Red disease,train,6.49,33.32,2.8,23.39,0.028,36.04
C:\Users\Asus\PycharmProjects\AquaVision_v1\datasets\fish\New Dataset\train_split\Bacterial Red disease\Bacterial Red disease_28.jpg,Bacterial Red disease,train,6.28,29.7,4.26,31.31,0.202,46.58
C:\Users\Asus\PycharmProjects\AquaVision_v1\datasets\fish\New Dataset\train_split\Bacterial Red disease\Bacterial Red disease_29.jpg,Bacterial Red disease,train,6.74,30.06,4.28,33.17,0.504,45.98
C:\Users\Asus\PycharmProjects\AquaVision_v1\datasets\fish\New Dataset\train_split\Bacterial Red disease\Bacterial Red disease_3.png,Bacterial Red disease,val,5.56,32.47,4.33,29.79,0.318,39.99
C:\Users\Asus\PycharmProjects\AquaVision_v1\datasets\fish\New Dataset\train_split\Bacterial Red disease\Bacterial Red disease_30.jpg,Bacterial Red disease,val,5.33,30.64,4.08,19.23,0.242,54.7
C:\Users\Asus\PycharmProjects\AquaVision_v1\datasets\fish\New Dataset\train_split\Bacterial Red disease\Bacterial Red disease_32.png,Bacterial Red disease,train,6.38,31.01,4.18,31.93,0.108,31.0
C:\Users\Asus\PycharmProjects\AquaVision_v1\datasets\fish\New Dataset\train_split\Bacterial Red disease\Bacterial Red disease_33.jpg,Bacterial Red disease,train,6.15,29.18,4.6,32.16,0.074,55.24
C:\Users\Asus\PycharmProjects\AquaVision_v1\datasets\fish\New Dataset\train_split\Bacterial Red disease\Bacterial Red disease_35.jpg,Bacterial Red disease,train,5.86,31.6,4.2,31.16,0.058,54.7
C:\Users\Asus\PycharmProjects\AquaVision_v1\datasets\fish\New Dataset\train_split\Bacterial Red disease\Bacterial Red disease_37.jpg,Bacterial Red disease,train,5.98,33.65,3.16,30.01,0.039,50.23
C:\Users\Asus\PycharmProjects\AquaVision_v1\datasets\fish\New Dataset\train_split\Bacterial Red disease\Bacterial Red disease_38.jpg,Bacterial Red disease,train,6.02,29.36,3.01,24.24,0.382,56.19
C:\Users\Asus\PycharmProjects\AquaVision_v1\datasets\fish\New Dataset\train_split\Bacterial Red disease\Bacterial Red disease_40.jpg,Bacterial Red disease,train,7.02,30.8,2.39,19.66,0.118,49.39
C:\Users\Asus\PycharmProjects\AquaVision_v1\datasets\fish\New Dataset\train_split\Bacterial Red disease\Bacterial Red disease_43.jpg,Bacterial Red disease,train,4.75,31.97,1.42,23.21,0.081,53.87
C:\Users\Asus\PycharmProjects\AquaVision_v1\datasets\fish\New Dataset\train_split\Bacterial Red disease\Bacterial Red disease_44.png,Bacterial Red disease,train,6.44,35.09,3.02,28.28,0.241,75.15
C:\Users\Asus\PycharmProjects\AquaVision_v1\datasets\fish\New Dataset\train_split\Bacterial Red disease\Bacterial Red disease_45.jpg,Bacterial Red disease,val,6.48,30.71,3.65,25.37,0.01,44.51
C:\Users\Asus\PycharmProjects\AquaVision_v1\datasets\fish\New Dataset\train_split\Bacterial Red disease\Bacterial Red disease_49.jpg,Bacterial Red disease,train,6.53,38.78,3.85,24.61,0.046,43.28
C:\Users\Asus\PycharmProjects\AquaVision_v1\datasets\fish\New Dataset\train_split\Bacterial Red disease\Bacterial Red disease_5.jpg,Bacterial Red disease,train,5.28,32.83,2.18,32.19,0.135,49.88
C:\Users\Asus\PycharmProjects\AquaVision_v1\datasets\fish\New Dataset\train_split\Bacterial Red disease\Bacterial Red disease_52.jpg,Bacterial Red disease,val,7.06,32.83,3.21,27.05,0.01,52.87
C:\Users\Asus\PycharmProjects\AquaVision_v1\datasets\fish\New Dataset\train_split\Bacterial Red disease\Bacterial Red disease_56.png,Bacterial Red disease,train,6.18,25.74,4.83,28.62,0.017,48.98
C:\Users\Asus\PycharmProjects\AquaVision_v1\datasets\fish\New Dataset\train_split\Bacterial Red disease\Bacterial Red disease_62.jpg,Bacterial Red disease,train,5.99,27.0,5.02,23.06,0.11,45.14
C:\Users\Asus\PycharmProjects\AquaVision_v1\datasets\fish\New Dataset\train_split\Bacterial Red disease\Bacterial Red disease_63.jpg,Bacterial Red disease,train,5.34,27.91,4.2,30.92,0.859,50.38
C:\Users\Asus\PycharmProjects\AquaVision_v1\datasets\fish\New Dataset\train_split\Bacterial Red disease\Bacterial Red disease_64.jpg,Bacterial Red disease,val,6.53,36.99,4.95,25.25,0.204,36.26
C:\Users\Asus\PycharmProjects\AquaVision_v1\datasets\fish\New Dataset\train_split\Bacterial Red disease\Bacterial Red disease_68.png,Bacterial Red disease,train,6.68,30.57,2.55,31.31,1.168,55.71
C:\Users\Asus\PycharmProjects\AquaVision_v1\datasets\fish\New Dataset\train_split\Bacterial Red disease\Bacterial Red disease_69.jpg,Bacterial Red disease,train,4.86,30.94,4.1,27.25,0.288,42.78
C:\Users\Asus\PycharmProjects\AquaVision_v1\datasets\fish\New Dataset\train_split\Bacterial Red disease\Bacterial Red disease_7.jpg,Bacterial Red disease,train,6.27,27.96,2.3,30.84,0.012,45.19
C:\Users\Asus\PycharmProjects\AquaVision_v1\datasets\fish\New Dataset\train_split\Bacterial Red disease\Bacterial Red disease_70.jpg,Bacterial Red disease,train,5.92,33.62,2.93,22.64,0.122,46.43
C:\Users\Asus\PycharmProjects\AquaVision_v1\datasets\fish\New Dataset\train_split\Bacterial Red disease\Bacterial Red disease_71.jpg,Bacterial Red disease,train,6.24,30.95,3.43,23.28,0.737,42.8
C:\Users\Asus\PycharmProjects\AquaVision_v1\datasets\fish\New Dataset\train_split\Bacterial Red disease\Bacterial Red disease_72.jpg,Bacterial Red disease,train,6.47,27.11,3.36,28.4,0.533,60.44
C:\Users\Asus\PycharmProjects\AquaVision_v1\datasets\fish\New Dataset\train_split\Bacterial Red disease\Bacterial Red disease_75.jpg,Bacterial Red disease,train,7.11,28.52,6.8,28.34,0.078,34.31
C:\Users\Asus\PycharmProjects\AquaVision_v1\datasets\fish\New Dataset\train_split\Bacterial Red disease\Bacterial Red disease_8.jpg,Bacterial Red disease,train,6.09,32.26,3.27,25.15,0.46,51.27
C:\Users\Asus\PycharmProjects\AquaVision_v1\datasets\fish\New Dataset\train_split\Bacterial Red disease\Bacterial Red disease_80.jpg,Bacterial Red disease,train,5.93,27.52,4.56,27.54,0.077,41.54
C:\Users\Asus\PycharmProjects\AquaVision_v1\datasets\fish\New Dataset\train_split\Bacterial Red disease\Bacterial Red disease_83.jpg,Bacterial Red disease,train,5.64,31.17,4.02,30.01,0.261,45.32
C:\Users\Asus\PycharmProjects\AquaVision_v1\datasets\fish\New Dataset\train_split\Bacterial Red disease\Bacterial Red disease_84.jpg,Bacterial Red disease,train,6.54,28.32,1.16,26.08,0.244,70.39
C:\Users\Asus\PycharmProjects\AquaVision_v1\datasets\fish\New Dataset\train_split\Bacterial Red disease\Bacterial Red disease_85.jpg,Bacterial Red disease,train,6.02,32.3,4.54,25.64,0.231,37.65
C:\Users\Asus\PycharmProjects\AquaVision_v1\datasets\fish\New Dataset\train_split\Bacterial Red disease\Bacterial Red disease_88.jpg,Bacterial Red disease,train,5.11,30.36,3.14,30.76,0.056,38.16
C:\Users\Asus\PycharmProjects\AquaVision_v1\datasets\fish\New Dataset\train_split\Bacterial Red disease\Bacterial Red disease_93.jpg,Bacterial Red disease,val,5.94,30.96,3.32,28.39,0.482,41.63
C:\Users\Asus\PycharmProjects\AquaVision_v1\datasets\fish\New Dataset\train_split\Bacterial Red disease\Bacterial Red disease_95.jpg,Bacterial Red disease,train,6.18,31.98,3.56,21.67,0.467,45.5
C:\Users\Asus\PycharmProjects\AquaVision_v1\datasets\fish\New Dataset\train_split\Bacterial Red disease\Bacterial Red disease_97.jpg,Bacterial Red disease,train,5.68,29.35,2.74,30.15,0.017,40.75
C:\Users\Asus\PycharmProjects\AquaVision_v1\datasets\fish\New Dataset\train_split\Bacterial Red disease\Bacterial Red disease_98.jpg,Bacterial Red disease,train,6.73,33.27,3.3,27.5,0.277,42.89
C:\Users\Asus\PycharmProjects\AquaVision_v1\datasets\fish\New Dataset\train_split\Bacterial Red disease\Bacterial Red disease_aug_1.jpg,Bacterial Red disease,train,7.47,28.87,3.61,25.88,0.855,44.61
C:\Users\Asus\PycharmProjects\AquaVision_v1\datasets\fish\New Dataset\train_split\Bacterial Red disease\Bacterial Red disease_aug_100.jpg,Bacterial Red disease,train,5.05,31.34,5.53,27.26,0.102,33.7
C:\Users\Asus\PycharmProjects\AquaVision_v1\datasets\fish\New Dataset\train_split\Bacterial Red disease\Bacterial Red disease_aug_102.jpg,Bacterial Red disease,train,6.04,31.04,3.84,31.89,0.114,35.08
C:\Users\Asus\PycharmProjects\AquaVision_v1\datasets\fish\New Dataset\train_split\Bacterial Red disease\Bacterial Red disease_aug_103.jpg,Bacterial Red disease,train,5.77,29.96,2.4,30.2,0.122,63.01
C:\Users\Asus\PycharmProjects\AquaVision_v1\datasets\fish\New Dataset\train_split\Bacterial Red disease\Bacterial Red disease_aug_104.jpg,Bacterial Red disease,val,6.03,31.04,3.37,26.21,0.632,37.13
C:\Users\Asus\PycharmProjects\AquaVision_v1\datasets\fish\New Dataset\train_split\Bacterial Red disease\Bacterial Red disease_aug_106.jpg,Bacterial Red disease,train,5.82,30.08,2.48,24.33,0.159,62.31
C:\Users\Asus\PycharmProjects\AquaVision_v1\datasets\fish\New Dataset\train_split\Bacterial Red disease\Bacterial Red disease_aug_107.jpg,Bacterial Red disease,train,4.99,29.93,4.02,26.65,0.346,39.14
C:\Users\Asus\PycharmProjects\AquaVision_v1\datasets\fish\New Dataset\train_split\Bacterial Red disease\Bacterial Red disease_aug_11.jpg,Bacterial Red disease,train,5.89,31.37,3.82,37.53,0.114,53.27
C:\Users\Asus\PycharmProjects\AquaVision_v1\datasets\fish\New Dataset\train_split\Bacterial Red disease\Bacterial Red disease_aug_110.jpg,Bacterial Red disease,val,5.48,31.16,3.29,23.69,0.689,52.6
C:\Users\Asus\PycharmProjects\AquaVision_v1\datasets\fish\New Dataset\train_split\Bacterial Red disease\Bacterial Red disease_aug_112.jpg,Bacterial Red disease,train,5.86,31.73,2.79,25.94,0.174,33.01
C:\Users\Asus\PycharmProjects\AquaVision_v1\datasets\fish\New Dataset\train_split\Bacterial Red disease\Bacterial Red disease_aug_114.jpg,Bacterial Red disease,train,5.97,28.68,5.55,23.71,0.426,49.44
C:\Users\Asus\PycharmProjects\AquaVision_v1\datasets\fish\New Dataset\train_split\Bacterial Red disease\Bacterial Red disease_aug_117.jpg,Bacterial Red disease,train,5.82,35.52,3.6,23.78,0.274,42.43
C:\Users\Asus\PycharmProjects\AquaVision_v1\datasets\fish\New Dataset\train_split\Bacterial Red disease\Bacterial Red disease_aug_119.jpg,Bacterial Red disease,train,5.26,34.01,3.34,31.35,0.022,60.81
C:\Users\Asus\PycharmProjects\AquaVision_v1\datasets\fish\New Dataset\train_split\Bacterial Red disease\Bacterial Red disease_aug_12.jpg,Bacterial Red disease,train,5.91,33.43,3.19,25.6,0.572,29.41
C:\Users\Asus\PycharmProjects\AquaVision_v1\datasets\fish\New Dataset\train_split\Bacterial Red disease\Bacterial Red disease_aug_121.jpg,Bacterial Red disease,train,6.59,32.06,2.43,25.85,0.068,29.73
C:\Users\Asus\PycharmProjects\AquaVision_v1\datasets\fish\New Dataset\train_split\Bacterial Red disease\Bacterial Red disease_aug_122.jpg,Bacterial Red disease,train,5.8,29.97,2.61,21.49,0.106,65.23
C:\Users\Asus\PycharmProjects\AquaVision_v1\datasets\fish\New Dataset\train_split\Bacterial Red disease\Bacterial Red disease_aug_123.jpg,Bacterial Red disease,train,6.26,32.04,4.15,24.73,0.041,41.37
C:\Users\Asus\PycharmProjects\AquaVision_v1\datasets\fish\New Dataset\train_split\Bacterial Red disease\Bacterial Red disease_aug_124.jpg,Bacterial Red disease,train,5.58,27.66,3.78,33.16,0.266,70.88
C:\Users\Asus\PycharmProjects\AquaVision_v1\datasets\fish\New Dataset\train_split\Bacterial Red disease\Bacterial Red disease_aug_126.jpg,Bacterial Red disease,train,5.85,32.96,2.02,22.95,0.196,51.77
C:\Users\Asus\PycharmProjects\AquaVision_v1\datasets\fish\New Dataset\train_split\Bacterial Red disease\Bacterial Red disease_aug_127.jpg,Bacterial Red disease,val,5.45,35.05,3.53,23.13,0.414,58.63
C:\Users\Asus\PycharmProjects\AquaVision_v1\datasets\fish\New Dataset\train_split\Bacterial Red disease\Bacterial Red disease_aug_128.jpg,Bacterial Red disease,train,7.04,32.14,2.0,24.33,0.154,65.14
C:\Users\Asus\PycharmProjects\AquaVision_v1\datasets\fish\New Dataset\train_split\Bacterial Red disease\Bacterial Red disease_aug_129.jpg,Bacterial Red disease,val,6.44,30.48,2.95,31.43,0.486,50.54
C:\Users\Asus\PycharmProjects\AquaVision_v1\datasets\fish\New Dataset\train_split\Bacterial Red disease\Bacterial Red disease_aug_13.jpg,Bacterial Red disease,train,6.02,28.87,2.59,24.09,0.37,64.07
C:\Users\Asus\PycharmProjects\AquaVision_v1\datasets\fish\New Dataset\train_split\Bacterial Red disease\Bacterial Red disease_aug_130.jpg,Bacterial Red disease,train,5.24,29.36,2.99,21.96,0.677,42.79
C:\Users\Asus\PycharmProjects\AquaVision_v1\datasets\fish\New Dataset\train_split\Bacterial Red disease\Bacterial Red disease_aug_131.jpg,Bacterial Red disease,train,6.23,28.0,4.07,28.84,0.162,28.9
C:\Users\Asus\PycharmProjects\AquaVision_v1\datasets\fish\New Dataset\train_split\Bacterial Red disease\Bacterial Red disease_aug_132.jpg,Bacterial Red disease,train,5.68,29.65,3.0,29.02,1.785,56.93
C:\Users\Asus\PycharmProjects\AquaVision_v1\datasets\fish\New Dataset\train_split\Bacterial Red disease\Bacterial Red disease_aug_133.jpg,Bacterial Red disease,train,5.64,29.76,2.79,24.79,0.394,49.35
C:\Users\Asus\PycharmProjects\AquaVision_v1\datasets\fish\New Dataset\train_split\Bacterial Red disease\Bacterial Red disease_aug_134.jpg,Bacterial Red disease,train,5.92,28.37,3.54,21.19,0.334,39.39
C:\Users\Asus\PycharmProjects\AquaVision_v1\datasets\fish\New Dataset\train_split\Bacterial Red disease\Bacterial Red disease_aug_136.jpg,Bacterial Red disease,train,5.94,25.5,1.6,28.14,0.327,49.08
C:\Users\Asus\PycharmProjects\AquaVision_v1\datasets\fish\New Dataset\train_split\Bacterial Red disease\Bacterial Red disease_aug_137.jpg,Bacterial Red disease,val,6.31,29.65,3.92,21.47,0.157,35.95
C:\Users\Asus\PycharmProjects\AquaVision_v1\datasets\fish\New Dataset\train_split\Bacterial Red disease\Bacterial Red disease_aug_138.jpg,Bacterial Red disease,train,6.07,31.29,3.25,24.29,0.015,42.64
C:\Users\Asus\PycharmProjects\AquaVision_v1\datasets\fish\New Dataset\train_split\Bacterial Red disease\Bacterial Red disease_aug_139.jpg,Bacterial Red disease,train,5.9,34.41,2.96,26.04,0.102,60.89
C:\Users\Asus\PycharmProjects\AquaVision_v1\datasets\fish\New Dataset\train_split\Bacterial Red disease\Bacterial Red disease_aug_14.jpg,Bacterial Red disease,train,5.44,30.83,3.55,30.96,0.165,49.46
C:\Users\Asus\PycharmProjects\AquaVision_v1\datasets\fish\New Dataset\train_split\Bacterial Red disease\Bacterial Red disease_aug_141.jpg,Bacterial Red disease,train,6.11,32.52,2.75,25.65,0.282,38.8
C:\Users\Asus\PycharmProjects\AquaVision_v1\datasets\fish\New Dataset\train_split\Bacterial Red disease\Bacterial Red disease_aug_142.jpg,Bacterial Red disease,val,6.61,31.06,4.28,21.95,0.043,41.45
C:\Users\Asus\PycharmProjects\AquaVision_v1\datasets\fish\New Dataset\train_split\Bacterial Red disease\Bacterial Red disease_aug_144.jpg,Bacterial Red disease,train,5.32,29.25,3.33,28.41,0.005,46.49
C:\Users\Asus\PycharmProjects\AquaVision_v1\datasets\fish\New Dataset\train_split\Bacterial Red disease\Bacterial Red disease_aug_147.jpg,Bacterial Red disease,val,5.25,33.01,3.39,30.93,0.019,45.62
C:\Users\Asus\PycharmProjects\AquaVision_v1\datasets\fish\New Dataset\train_split\Bacterial Red disease\Bacterial Red disease_aug_148.jpg,Bacterial Red disease,train,5.61,28.03,2.88,30.14,0.175,45.91
C:\Users\Asus\PycharmProjects\AquaVision_v1\datasets\fish\New Dataset\train_split\Bacterial Red disease\Bacterial Red disease_aug_150.jpg,Bacterial Red disease,train,5.18,33.88,3.04,32.47,0.054,50.87
C:\Users\Asus\PycharmProjects\AquaVision_v1\datasets\fish\New Dataset\train_split\Bacterial Red disease\Bacterial Red disease_aug_151.jpg,Bacterial Red disease,train,5.7,29.23,3.72,26.47,0.717,25.24
C:\Users\Asus\PycharmProjects\AquaVision_v1\datasets\fish\New Dataset\train_split\Bacterial Red disease\Bacterial Red disease_aug_152.jpg,Bacterial Red disease,train,5.76,28.05,3.23,23.24,0.154,43.29
C:\Users\Asus\PycharmProjects\AquaVision_v1\datasets\fish\New Dataset\train_split\Bacterial Red disease\Bacterial Red disease_aug_154.jpg,Bacterial Red disease,train,4.66,29.07,1.78,25.26,0.01,38.83
C:\Users\Asus\PycharmProjects\AquaVision_v1\datasets\fish\New Dataset\train_split\Bacterial Red disease\Bacterial Red disease_aug_155.jpg,Bacterial Red disease,train,6.51,29.47,3.15,32.74,0.134,38.02
C:\Users\Asus\PycharmProjects\AquaVision_v1\datasets\fish\New Dataset\train_split\Bacterial Red disease\Bacterial Red disease_aug_156.jpg,Bacterial Red disease,train,5.85,32.89,0.91,22.6,0.681,62.68
C:\Users\Asus\PycharmProjects\AquaVision_v1\datasets\fish\New Dataset\train_split\Bacterial Red disease\Bacterial Red disease_aug_157.jpg,Bacterial Red disease,train,5.83,31.28,4.56,23.57,0.299,30.9
C:\Users\Asus\PycharmProjects\AquaVision_v1\datasets\fish\New Dataset\train_split\Bacterial Red disease\Bacterial Red disease_aug_158.jpg,Bacterial Red disease,train,6.75,28.41,3.04,27.85,0.095,51.6
C:\Users\Asus\PycharmProjects\AquaVision_v1\datasets\fish\New Dataset\train_split\Bacterial Red disease\Bacterial Red disease_aug_160.jpg,Bacterial Red disease,train,4.92,30.95,3.43,29.0,0.279,45.86
C:\Users\Asus\PycharmProjects\AquaVision_v1\datasets\fish\New Dataset\train_split\Bacterial Red disease\Bacterial Red disease_aug_163.jpg,Bacterial Red disease,train,5.27,30.07,4.45,27.32,0.148,61.37
C:\Users\Asus\PycharmProjects\AquaVision_v1\datasets\fish\New Dataset\train_split\Bacterial Red disease\Bacterial Red disease_aug_165.jpg,Bacterial Red disease,train,7.28,32.13,3.27,28.15,0.189,50.29
C:\Users\Asus\PycharmProjects\AquaVision_v1\datasets\fish\New Dataset\train_split\Bacterial Red disease\Bacterial Red disease_aug_166.jpg,Bacterial Red disease,train,6.03,29.22,2.89,26.36,0.27,55.22
C:\Users\Asus\PycharmProjects\AquaVision_v1\datasets\fish\New Dataset\train_split\Bacterial Red disease\Bacterial Red disease_aug_168.jpg,Bacterial Red disease,train,6.36,27.81,3.1,25.39,0.198,60.81
C:\Users\Asus\PycharmProjects\AquaVision_v1\datasets\fish\New Dataset\train_split\Bacterial Red disease\Bacterial Red disease_aug_169.jpg,Bacterial Red disease,val,5.86,31.41,2.09,26.07,0.14,53.42
C:\Users\Asus\PycharmProjects\AquaVision_v1\datasets\fish\New Dataset\train_split\Bacterial Red disease\Bacterial Red disease_aug_170.jpg,Bacterial Red disease,val,5.96,30.65,3.31,30.91,0.275,42.48
C:\Users\Asus\PycharmProjects\AquaVision_v1\datasets\fish\New Dataset\train_split\Bacterial Red disease\Bacterial Red disease_aug_172.jpg,Bacterial Red disease,train,5.76,32.26,2.71,23.04,0.191,29.97
C:\Users\Asus\PycharmProjects\AquaVision_v1\datasets\fish\New Dataset\train_split\Bacterial Red disease\Bacterial Red disease_aug_173.jpg,Bacterial Red disease,val,6.55,29.46,2.51,25.55,0.175,41.17
C:\Users\Asus\PycharmProjects\AquaVision_v1\datasets\fish\New Dataset\train_split\Bacterial Red disease\Bacterial Red disease_aug_174.jpg,Bacterial Red disease,train,6.43,34.23,2.6,33.26,0.802,47.1
C:\Users\Asus\PycharmProjects\AquaVision_v1\datasets\fish\New Dataset\train_split\Bacterial Red disease\Bacterial Red disease_aug_175.jpg,Bacterial Red disease,train,6.0,37.25,2.36,26.59,0.275,51.47
C:\Users\Asus\PycharmProjects\AquaVision_v1\datasets\fish\New Dataset\train_split\Bacterial Red disease\Bacterial Red disease_aug_178.jpg,Bacterial Red disease,train,5.12,34.06,3.04,26.54,0.193,28.29
C:\Users\Asus\PycharmProjects\AquaVision_v1\datasets\fish\New Dataset\train_split\Bacterial Red disease\Bacterial Red disease_aug_179.jpg,Bacterial Red disease,train,5.07,34.32,2.33,29.63,0.674,59.51
C:\Users\Asus\PycharmProjects\AquaVision_v1\datasets\fish\New Dataset\train_split\Bacterial Red disease\Bacterial Red disease_aug_18.jpg,Bacterial Red disease,train,5.23,31.19,4.04,27.88,0.169,52.75
C:\Users\Asus\PycharmProjects\AquaVision_v1\datasets\fish\New Dataset\train_split\Bacterial Red disease\Bacterial Red disease_aug_181.jpg,Bacterial Red disease,train,5.73,32.87,3.23,30.76,0.283,40.53
C:\Users\Asus\PycharmProjects\AquaVision_v1\datasets\fish\New Dataset\train_split\Bacterial Red disease\Bacterial Red disease_aug_182.jpg,Bacterial Red disease,train,6.3,30.99,2.77,26.62,0.114,41.25
C:\Users\Asus\PycharmProjects\AquaVision_v1\datasets\fish\New Dataset\train_split\Bacterial Red disease\Bacterial Red disease_aug_183.jpg,Bacterial Red disease,train,5.7,31.48,2.12,28.06,0.213,53.4
C:\Users\Asus\PycharmProjects\AquaVision_v1\datasets\fish\New Dataset\train_split\Bacterial Red disease\Bacterial Red disease_aug_184.jpg,Bacterial Red disease,train,8.51,33.92,4.93,25.42,0.261,17.61
C:\Users\Asus\PycharmProjects\AquaVision_v1\datasets\fish\New Dataset\train_split\Bacterial Red disease\Bacterial Red disease_aug_186.jpg,Bacterial Red disease,train,6.09,30.37,3.21,29.53,0.11,56.6
C:\Users\Asus\PycharmProjects\AquaVision_v1\datasets\fish\New Dataset\train_split\Bacterial Red disease\Bacterial Red disease_aug_190.jpg,Bacterial Red disease,val,5.93,31.28,3.57,27.25,0.007,43.96
C:\Users\Asus\PycharmProjects\AquaVision_v1\datasets\fish\New Dataset\train_split\Bacterial Red disease\Bacterial Red disease_aug_194.jpg,Bacterial Red disease,train,5.97,33.43,3.54,28.88,0.131,45.77
C:\Users\Asus\PycharmProjects\AquaVision_v1\datasets\fish\New Dataset\train_split\Bacterial Red disease\Bacterial Red disease_aug_196.jpg,Bacterial Red disease,train,5.27,32.65,4.61,32.15,0.132,45.93
C:\Users\Asus\PycharmProjects\AquaVision_v1\datasets\fish\New Dataset\train_split\Bacterial Red disease\Bacterial Red disease_aug_197.jpg,Bacterial Red disease,train,6.0,30.18,3.51,27.38,0.083,64.94
C:\Users\Asus\PycharmProjects\AquaVision_v1\datasets\fish\New Dataset\train_split\Bacterial Red disease\Bacterial Red disease_aug_199.jpg,Bacterial Red disease,train,5.83,35.29,3.12,29.31,0.276,54.52
C:\Users\Asus\PycharmProjects\AquaVision_v1\datasets\fish\New Dataset\train_split\Bacterial Red disease\Bacterial Red disease_aug_200.jpg,Bacterial Red disease,val,5.66,33.16,3.32,29.19,0.35,42.04
C:\Users\Asus\PycharmProjects\AquaVision_v1\datasets\fish\New Dataset\train_split\Bacterial Red disease\Bacterial Red disease_aug_201.jpg,Bacterial Red disease,train,5.22,30.15,3.39,31.15,0.183,39.4
C:\Users\Asus\PycharmProjects\AquaVision_v1\datasets\fish\New Dataset\train_split\Bacterial Red disease\Bacterial Red disease_aug_202.jpg,Bacterial Red disease,train,7.57,26.64,2.52,34.27,0.248,55.72
C:\Users\Asus\PycharmProjects\AquaVision_v1\datasets\fish\New Dataset\train_split\Bacterial Red disease\Bacterial Red disease_aug_203.jpg,Bacterial Red disease,train,6.78,28.81,2.56,32.04,0.119,44.56
C:\Users\Asus\PycharmProjects\AquaVision_v1\datasets\fish\New Dataset\train_split\Bacterial Red disease\Bacterial Red disease_aug_206.jpg,Bacterial Red disease,train,6.07,28.69,3.21,22.09,0.067,58.85
C:\Users\Asus\PycharmProjects\AquaVision_v1\datasets\fish\New Dataset\train_split\Bacterial Red disease\Bacterial Red disease_aug_211.jpg,Bacterial Red disease,train,5.83,26.67,4.27,37.99,0.205,45.46
C:\Users\Asus\PycharmProjects\AquaVision_v1\datasets\fish\New Dataset\train_split\Bacterial Red disease\Bacterial Red disease_aug_212.jpg,Bacterial Red disease,train,5.31,31.05,3.34,33.38,0.035,43.51
C:\Users\Asus\PycharmProjects\AquaVision_v1\datasets\fish\New Dataset\train_split\Bacterial Red disease\Bacterial Red disease_aug_214.jpg,Bacterial Red disease,train,6.41,28.48,3.24,25.74,0.121,30.06
C:\Users\Asus\PycharmProjects\AquaVision_v1\datasets\fish\New Dataset\train_split\Bacterial Red disease\Bacterial Red disease_aug_215.jpg,Bacterial Red disease,train,5.34,30.58,3.25,21.01,0.04,56.79
C:\Users\Asus\PycharmProjects\AquaVision_v1\datasets\fish\New Dataset\train_split\Bacterial Red disease\Bacterial Red disease_aug_216.jpg,Bacterial Red disease,train,7.3,30.0,2.6,27.58,0.002,51.13
C:\Users\Asus\PycharmProjects\AquaVision_v1\datasets\fish\New Dataset\train_split\Bacterial Red disease\Bacterial Red disease_aug_217.jpg,Bacterial Red disease,train,6.14,29.49,2.93,19.66,0.237,48.74
C:\Users\Asus\PycharmProjects\AquaVision_v1\datasets\fish\New Dataset\train_split\Bacterial Red disease\Bacterial Red disease_aug_218.jpg,Bacterial Red disease,train,6.61,31.22,2.37,31.43,0.044,48.98
C:\Users\Asus\PycharmProjects\AquaVision_v1\datasets\fish\New Dataset\train_split\Bacterial Red disease\Bacterial Red disease_aug_220.jpg,Bacterial Red disease,train,6.37,30.35,3.64,20.38,0.013,28.76
C:\Users\Asus\PycharmProjects\AquaVision_v1\datasets\fish\New Dataset\train_split\Bacterial Red disease\Bacterial Red disease_aug_221.jpg,Bacterial Red disease,train,5.88,29.88,2.23,19.17,0.097,42.69
C:\Users\Asus\PycharmProjects\AquaVision_v1\datasets\fish\New Dataset\train_split\Bacterial Red disease\Bacterial Red disease_aug_224.jpg,Bacterial Red disease,train,6.01,31.11,4.02,27.24,0.09,47.13
C:\Users\Asus\PycharmProjects\AquaVision_v1\datasets\fish\New Dataset\train_split\Bacterial Red disease\Bacterial Red disease_aug_227.jpg,Bacterial Red disease,val,5.9,29.43,3.28,29.35,0.058,35.07
C:\Users\Asus\PycharmProjects\AquaVision_v1\datasets\fish\New Dataset\train_split\Bacterial Red disease\Bacterial Red disease_aug_228.jpg,Bacterial Red disease,train,5.04,31.92,2.89,28.81,0.028,32.55
C:\Users\Asus\PycharmProjects\AquaVision_v1\datasets\fish\New Dataset\train_split\Bacterial Red disease\Bacterial Red disease_aug_229.jpg,Bacterial Red disease,train,6.08,30.89,2.21,33.56,0.035,31.44
C:\Users\Asus\PycharmProjects\AquaVision_v1\datasets\fish\New Dataset\train_split\Bacterial Red disease\Bacterial Red disease_aug_231.jpg,Bacterial Red disease,train,6.44,30.17,2.79,31.41,0.389,25.95
C:\Users\Asus\PycharmProjects\AquaVision_v1\datasets\fish\New Dataset\train_split\Bacterial Red disease\Bacterial Red disease_aug_237.jpg,Bacterial Red disease,train,6.25,31.27,2.94,30.51,0.071,44.2
C:\Users\Asus\PycharmProjects\AquaVision_v1\datasets\fish\New Dataset\train_split\Bacterial Red disease\Bacterial Red disease_aug_24.jpg,Bacterial Red disease,train,7.23,30.59,3.76,24.66,0.052,30.89
C:\Users\Asus\PycharmProjects\AquaVision_v1\datasets\fish\New Dataset\train_split\Bacterial Red disease\Bacterial Red disease_aug_240.jpg,Bacterial Red disease,train,6.32,31.07,3.76,23.07,0.013,38.16
C:\Users\Asus\PycharmProjects\AquaVision_v1\datasets\fish\New Dataset\train_split\Bacterial Red disease\Bacterial Red disease_aug_241.jpg,Bacterial Red disease,train,6.37,36.25,3.09,30.36,0.296,73.16
C:\Users\Asus\PycharmProjects\AquaVision_v1\datasets\fish\New Dataset\train_split\Bacterial Red disease\Bacterial Red disease_aug_242.jpg,Bacterial Red disease,train,7.76,26.94,0.81,29.19,0.1,46.39
C:\Users\Asus\PycharmProjects\AquaVision_v1\datasets\fish\New Dataset\train_split\Bacterial Red disease\Bacterial Red disease_aug_245.jpg,Bacterial Red disease,train,6.41,29.38,3.44,27.05,0.305,64.13
C:\Users\Asus\PycharmProjects\AquaVision_v1\datasets\fish\New Dataset\train_split\Bacterial Red disease\Bacterial Red disease_aug_246.jpg,Bacterial Red disease,train,4.8,25.24,2.91,38.81,0.052,42.69
C:\Users\Asus\PycharmProjects\AquaVision_v1\datasets\fish\New Dataset\train_split\Bacterial Red disease\Bacterial Red disease_aug_247.jpg,Bacterial Red disease,val,6.76,34.6,3.38,24.63,0.032,45.53
C:\Users\Asus\PycharmProjects\AquaVision_v1\datasets\fish\New Dataset\train_split\Bacterial Red disease\Bacterial Red disease_aug_249.jpg,Bacterial Red disease,train,5.61,28.96,3.34,23.0,1.088,42.35
C:\Users\Asus\PycharmProjects\AquaVision_v1\datasets\fish\New Dataset\train_split\Bacterial Red disease\Bacterial Red disease_aug_25.jpg,Bacterial Red disease,train,5.72,33.99,1.07,21.3,0.262,27.36
C:\Users\Asus\PycharmProjects\AquaVision_v1\datasets\fish\New Dataset\train_split\Bacterial Red disease\Bacterial Red disease_aug_251.jpg,Bacterial Red disease,val,6.59,31.46,2.86,20.38,0.113,59.44
C:\Users\Asus\PycharmProjects\AquaVision_v1\datasets\fish\New Dataset\train_split\Bacterial Red disease\Bacterial Red disease_aug_254.jpg,Bacterial Red disease,train,6.32,28.01,2.01,19.5,0.073,44.41
C:\Users\Asus\PycharmProjects\AquaVision_v1\datasets\fish\New Dataset\train_split\Bacterial Red disease\Bacterial Red disease_aug_255.jpg,Bacterial Red disease,train,6.89,28.7,2.75,28.97,0.055,40.3
C:\Users\Asus\PycharmProjects\AquaVision_v1\datasets\fish\New Dataset\train_split\Bacterial Red disease\Bacterial Red disease_aug_256.jpg,Bacterial Red disease,train,5.27,26.5,1.42,25.93,0.027,55.82
C:\Users\Asus\PycharmProjects\AquaVision_v1\datasets\fish\New Dataset\train_split\Bacterial Red disease\Bacterial Red disease_aug_26.jpg,Bacterial Red disease,val,5.34,30.16,1.76,25.73,0.006,39.0
C:\Users\Asus\PycharmProjects\AquaVision_v1\datasets\fish\New Dataset\train_split\Bacterial Red disease\Bacterial Red disease_aug_261.jpg,Bacterial Red disease,val,5.71,29.26,2.68,26.45,0.255,31.4
C:\Users\Asus\PycharmProjects\AquaVision_v1\datasets\fish\New Dataset\train_split\Bacterial Red disease\Bacterial Red disease_aug_267.jpg,Bacterial Red disease,train,6.84,26.96,3.5,24.73,0.192,48.21
C:\Users\Asus\PycharmProjects\AquaVision_v1\datasets\fish\New Dataset\train_split\Bacterial Red disease\Bacterial Red disease_aug_268.jpg,Bacterial Red disease,train,6.5,27.25,2.02,34.69,0.064,43.57
C:\Users\Asus\PycharmProjects\AquaVision_v1\datasets\fish\New Dataset\train_split\Bacterial Red disease\Bacterial Red disease_aug_269.jpg,Bacterial Red disease,val,5.09,30.43,3.77,22.4,0.453,29.8
C:\Users\Asus\PycharmProjects\AquaVision_v1\datasets\fish\New Dataset\train_split\Bacterial Red disease\Bacterial Red disease_aug_272.jpg,Bacterial Red disease,train,5.12,33.7,3.0,32.37,0.127,65.92
C:\Users\Asus\PycharmProjects\AquaVision_v1\datasets\fish\New Dataset\train_split\Bacterial Red disease\Bacterial Red disease_aug_274.jpg,Bacterial Red disease,val,6.74,28.77,2.89,27.3,0.129,16.0
C:\Users\Asus\PycharmProjects\AquaVision_v1\datasets\fish\New Dataset\train_split\Bacterial Red disease\Bacterial Red disease_aug_275.jpg,Bacterial Red disease,train,6.4,30.78,4.21,29.62,0.029,28.48
C:\Users\Asus\PycharmProjects\AquaVision_v1\datasets\fish\New Dataset\train_split\Bacterial Red disease\Bacterial Red disease_aug_276.jpg,Bacterial Red disease,train,5.48,32.61,2.32,33.01,0.033,46.61
C:\Users\Asus\PycharmProjects\AquaVision_v1\datasets\fish\New Dataset\train_split\Bacterial Red disease\Bacterial Red disease_aug_277.jpg,Bacterial Red disease,val,6.49,31.2,1.8,24.56,0.233,47.54
C:\Users\Asus\PycharmProjects\AquaVision_v1\datasets\fish\New Dataset\train_split\Bacterial Red disease\Bacterial Red disease_aug_279.jpg,Bacterial Red disease,train,5.56,28.58,2.56,28.41,0.205,21.86
C:\Users\Asus\PycharmProjects\AquaVision_v1\datasets\fish\New Dataset\train_split\Bacterial Red disease\Bacterial Red disease_aug_281.jpg,Bacterial Red disease,train,6.84,27.05,4.2,36.93,0.256,41.5
C:\Users\Asus\PycharmProjects\AquaVision_v1\datasets\fish\New Dataset\train_split\Bacterial Red disease\Bacterial Red disease_aug_284.jpg,Bacterial Red disease,train,5.98,31.0,1.96,29.97,0.389,53.34
C:\Users\Asus\PycharmProjects\AquaVision_v1\datasets\fish\New Dataset\train_split\Bacterial Red disease\Bacterial Red disease_aug_285.jpg,Bacterial Red disease,train,5.1,27.26,3.31,28.1,0.046,52.03
C:\Users\Asus\PycharmProjects\AquaVision_v1\datasets\fish\New Dataset\train_split\Bacterial Red disease\Bacterial Red disease_aug_286.jpg,Bacterial Red disease,train,5.78,30.69,3.68,26.22,0.249,65.54
C:\Users\Asus\PycharmProjects\AquaVision_v1\datasets\fish\New Dataset\train_split\Bacterial Red disease\Bacterial Red disease_aug_287.jpg,Bacterial Red disease,train,6.12,27.56,4.29,28.5,0.332,37.3
C:\Users\Asus\PycharmProjects\AquaVision_v1\datasets\fish\New Dataset\train_split\Bacterial Red disease\Bacterial Red disease_aug_288.jpg,Bacterial Red disease,train,6.3,33.44,3.2,30.74,0.04,23.46
C:\Users\Asus\PycharmProjects\AquaVision_v1\datasets\fish\New Dataset\train_split\Bacterial Red disease\Bacterial Red disease_aug_289.jpg,Bacterial Red disease,train,7.09,32.56,3.39,29.95,0.279,45.94
C:\Users\Asus\PycharmProjects\AquaVision_v1\datasets\fish\New Dataset\train_split\Bacterial Red disease\Bacterial Red disease_aug_29.jpg,Bacterial Red disease,train,5.48,34.98,2.74,24.81,0.053,45.41
C:\Users\Asus\PycharmProjects\AquaVision_v1\datasets\fish\New Dataset\train_split\Bacterial Red disease\Bacterial Red disease_aug_291.jpg,Bacterial Red disease,train,6.42,31.77,2.4,30.08,0.217,42.15
C:\Users\Asus\PycharmProjects\AquaVision_v1\datasets\fish\New Dataset\train_split\Bacterial Red disease\Bacterial Red disease_aug_292.jpg,Bacterial Red disease,train,6.48,32.17,2.26,23.54,0.094,38.69
C:\Users\Asus\PycharmProjects\AquaVision_v1\datasets\fish\New Dataset\train_split\Bacterial Red disease\Bacterial Red disease_aug_293.jpg,Bacterial Red disease,train,5.97,33.09,2.94,21.66,0.097,55.99
C:\Users\Asus\PycharmProjects\AquaVision_v1\datasets\fish\New Dataset\train_split\Bacterial Red disease\Bacterial Red disease_aug_294.jpg,Bacterial Red disease,train,5.99,32.2,2.51,36.71,0.551,46.94
C:\Users\Asus\PycharmProjects\AquaVision_v1\datasets\fish\New Dataset\train_split\Bacterial Red disease\Bacterial Red disease_aug_296.jpg,Bacterial Red disease,train,6.25,32.0,5.19,26.9,0.098,43.89
C:\Users\Asus\PycharmProjects\AquaVision_v1\datasets\fish\New Dataset\train_split\Bacterial Red disease\Bacterial Red disease_aug_297.jpg,Bacterial Red disease,val,5.93,26.09,2.73,21.46,0.045,40.75
C:\Users\Asus\PycharmProjects\AquaVision_v1\datasets\fish\New Dataset\train_split\Bacterial Red disease\Bacterial Red disease_aug_298.jpg,Bacterial Red disease,train,5.24,31.17,3.89,21.22,0.019,50.89
C:\Users\Asus\PycharmProjects\AquaVision_v1\datasets\fish\New Dataset\train_split\Bacterial Red disease\Bacterial Red disease_aug_299.jpg,Bacterial Red disease,train,6.54,33.39,4.17,36.81,0.01,41.44
C:\Users\Asus\PycharmProjects\AquaVision_v1\datasets\fish\New Dataset\train_split\Bacterial Red disease\Bacterial Red disease_aug_30.jpg,Bacterial Red disease,train,6.1,34.83,2.12,24.56,0.257,52.51
C:\Users\Asus\PycharmProjects\AquaVision_v1\datasets\fish\New Dataset\train_split\Bacterial Red disease\Bacterial Red disease_aug_300.jpg,Bacterial Red disease,train,6.33,31.85,4.4,28.3,0.182,55.26
C:\Users\Asus\PycharmProjects\AquaVision_v1\datasets\fish\New Dataset\train_split\Bacterial Red disease\Bacterial Red disease_aug_301.jpg,Bacterial Red disease,train,6.13,32.81,2.91,37.55,0.025,52.62
C:\Users\Asus\PycharmProjects\AquaVision_v1\datasets\fish\New Dataset\train_split\Bacterial Red disease\Bacterial Red disease_aug_302.jpg,Bacterial Red disease,train,6.6,33.17,2.8,30.31,0.687,29.91
C:\Users\Asus\PycharmProjects\AquaVision_v1\datasets\fish\New Dataset\train_split\Bacterial Red disease\Bacterial Red disease_aug_303.jpg,Bacterial Red disease,train,7.12,29.07,2.18,24.42,1.427,52.39
C:\Users\Asus\PycharmProjects\AquaVision_v1\datasets\fish\New Dataset\train_split\Bacterial Red disease\Bacterial Red disease_aug_307.jpg,Bacterial Red disease,train,6.87,34.87,3.46,32.89,0.008,46.34
C:\Users\Asus\PycharmProjects\AquaVision_v1\datasets\fish\New Dataset\train_split\Bacterial Red disease\Bacterial Red disease_aug_314.jpg,Bacterial Red disease,train,5.91,27.13,3.41,27.84,0.202,48.98
C:\Users\Asus\PycharmProjects\AquaVision_v1\datasets\fish\New Dataset\train_split\Bacterial Red disease\Bacterial Red disease_aug_315.jpg,Bacterial Red disease,val,6.25,30.59,2.5,28.29,0.187,52.38
C:\Users\Asus\PycharmProjects\AquaVision_v1\datasets\fish\New Dataset\train_split\Bacterial Red disease\Bacterial Red disease_aug_319.jpg,Bacterial Red disease,train,6.24,29.2,2.73,28.92,0.231,50.1
C:\Users\Asus\PycharmProjects\AquaVision_v1\datasets\fish\New Dataset\train_split\Bacterial Red disease\Bacterial Red disease_aug_321.jpg,Bacterial Red disease,val,5.66,36.84,2.51,30.14,0.09,37.73
C:\Users\Asus\PycharmProjects\AquaVision_v1\datasets\fish\New Dataset\train_split\Bacterial Red disease\Bacterial Red disease_aug_322.jpg,Bacterial Red disease,train,6.39,28.82,3.03,23.88,0.071,36.54
C:\Users\Asus\PycharmProjects\AquaVision_v1\datasets\fish\New Dataset\train_split\Bacterial Red disease\Bacterial Red disease_aug_323.jpg,Bacterial Red disease,val,6.63,30.71,3.32,24.95,0.124,47.1
C:\Users\Asus\PycharmProjects\AquaVision_v1\datasets\fish\New Dataset\train_split\Bacterial Red disease\Bacterial Red disease_aug_324.jpg,Bacterial Red disease,train,6.8,34.75,2.55,22.18,0.027,45.32
C:\Users\Asus\PycharmProjects\AquaVision_v1\datasets\fish\New Dataset\train_split\Bacterial Red disease\Bacterial Red disease_aug_326.jpg,Bacterial Red disease,train,7.19,28.99,2.28,32.36,0.569,39.29
C:\Users\Asus\PycharmProjects\AquaVision_v1\datasets\fish\New Dataset\train_split\Bacterial Red disease\Bacterial Red disease_aug_327.jpg,Bacterial Red disease,train,5.81,30.89,3.19,30.73,0.105,58.28
C:\Users\Asus\PycharmProjects\AquaVision_v1\datasets\fish\New Dataset\train_split\Bacterial Red disease\Bacterial Red disease_aug_328.jpg,Bacterial Red disease,val,7.43,35.73,2.49,24.91,0.01,36.29
C:\Users\Asus\PycharmProjects\AquaVision_v1\datasets\fish\New Dataset\train_split\Bacterial Red disease\Bacterial Red disease_aug_330.jpg,Bacterial Red disease,train,6.53,32.12,3.07,24.33,0.065,28.24
C:\Users\Asus\PycharmProjects\AquaVision_v1\datasets\fish\New Dataset\train_split\Bacterial Red disease\Bacterial Red disease_aug_331.jpg,Bacterial Red disease,train,6.17,31.36,3.9,23.0,0.133,29.67
C:\Users\Asus\PycharmProjects\AquaVision_v1\datasets\fish\New Dataset\train_split\Bacterial Red disease\Bacterial Red disease_aug_332.jpg,Bacterial Red disease,train,6.78,30.62,3.07,29.75,0.206,31.57
C:\Users\Asus\PycharmProjects\AquaVision_v1\datasets\fish\New Dataset\train_split\Bacterial Red disease\Bacterial Red disease_aug_333.jpg,Bacterial Red disease,train,5.86,30.61,2.23,34.37,0.121,53.77
C:\Users\Asus\PycharmProjects\AquaVision_v1\datasets\fish\New Dataset\train_split\Bacterial Red disease\Bacterial Red disease_aug_334.jpg,Bacterial Red disease,train,5.06,35.88,3.15,25.0,0.43,56.23
C:\Users\Asus\PycharmProjects\AquaVision_v1\datasets\fish\New Dataset\train_split\Bacterial Red disease\Bacterial Red disease_aug_337.jpg,Bacterial Red disease,val,6.33,33.71,2.34,25.3,0.171,54.58
C:\Users\Asus\PycharmProjects\AquaVision_v1\datasets\fish\New Dataset\train_split\Bacterial Red disease\Bacterial Red disease_aug_338.jpg,Bacterial Red disease,train,5.24,29.81,2.96,26.57,0.014,30.25
C:\Users\Asus\PycharmProjects\AquaVision_v1\datasets\fish\New Dataset\train_split\Bacterial Red disease\Bacterial Red disease_aug_342.jpg,Bacterial Red disease,train,6.71,29.62,2.32,37.17,0.265,63.67
C:\Users\Asus\PycharmProjects\AquaVision_v1\datasets\fish\New Dataset\train_split\Bacterial Red disease\Bacterial Red disease_aug_343.jpg,Bacterial Red disease,train,5.86,31.32,3.15,25.36,0.199,39.96
C:\Users\Asus\PycharmProjects\AquaVision_v1\datasets\fish\New Dataset\train_split\Bacterial Red disease\Bacterial Red disease_aug_344.jpg,Bacterial Red disease,train,6.44,28.77,1.89,28.05,0.404,33.03
C:\Users\Asus\PycharmProjects\AquaVision_v1\datasets\fish\New Dataset\train_split\Bacterial Red disease\Bacterial Red disease_aug_345.jpg,Bacterial Red disease,train,6.82,30.92,3.13,35.52,0.074,46.93
C:\Users\Asus\PycharmProjects\AquaVision_v1\datasets\fish\New Dataset\train_split\Bacterial Red disease\Bacterial Red disease_aug_35.jpg,Bacterial Red disease,train,6.68,33.07,2.69,29.16,0.126,41.36
C:\Users\Asus\PycharmProjects\AquaVision_v1\datasets\fish\New Dataset\train_split\Bacterial Red disease\Bacterial Red disease_aug_36.jpg,Bacterial Red disease,train,5.97,33.42,2.69,28.21,0.001,52.92
C:\Users\Asus\PycharmProjects\AquaVision_v1\datasets\fish\New Dataset\train_split\Bacterial Red disease\Bacterial Red disease_aug_37.jpg,Bacterial Red disease,train,5.43,30.46,2.45,33.33,0.049,54.29
C:\Users\Asus\PycharmProjects\AquaVision_v1\datasets\fish\New Dataset\train_split\Bacterial Red disease\Bacterial Red disease_aug_38.jpg,Bacterial Red disease,train,5.74,32.24,3.63,30.57,0.227,32.75
C:\Users\Asus\PycharmProjects\AquaVision_v1\datasets\fish\New Dataset\train_split\Bacterial Red disease\Bacterial Red disease_aug_39.jpg,Bacterial Red disease,train,5.6,37.59,3.44,26.45,0.113,22.95
C:\Users\Asus\PycharmProjects\AquaVision_v1\datasets\fish\New Dataset\train_split\Bacterial Red disease\Bacterial Red disease_aug_4.jpg,Bacterial Red disease,train,4.86,30.17,4.44,31.09,0.672,46.51
C:\Users\Asus\PycharmProjects\AquaVision_v1\datasets\fish\New Dataset\train_split\Bacterial Red disease\Bacterial Red disease_aug_41.jpg,Bacterial Red disease,train,6.68,33.42,3.6,26.55,0.035,52.42
C:\Users\Asus\PycharmProjects\AquaVision_v1\datasets\fish\New Dataset\train_split\Bacterial Red disease\Bacterial Red disease_aug_44.jpg,Bacterial Red disease,train,5.86,31.21,3.93,27.27,1.014,34.6
C:\Users\Asus\PycharmProjects\AquaVision_v1\datasets\fish\New Dataset\train_split\Bacterial Red disease\Bacterial Red disease_aug_47.jpg,Bacterial Red disease,train,6.35,27.98,3.25,28.45,0.329,46.86
C:\Users\Asus\PycharmProjects\AquaVision_v1\datasets\fish\New Dataset\train_split\Bacterial Red disease\Bacterial Red disease_aug_5.jpg,Bacterial Red disease,train,5.74,29.46,2.37,30.8,0.144,51.7
C:\Users\Asus\PycharmProjects\AquaVision_v1\datasets\fish\New Dataset\train_split\Bacterial Red disease\Bacterial Red disease_aug_50.jpg,Bacterial Red disease,train,6.5,32.26,3.55,23.24,0.08,51.79
C:\Users\Asus\PycharmProjects\AquaVision_v1\datasets\fish\New Dataset\train_split\Bacterial Red disease\Bacterial Red disease_aug_51.jpg,Bacterial Red disease,train,5.89,29.54,3.02,22.24,0.598,48.07
C:\Users\Asus\PycharmProjects\AquaVision_v1\datasets\fish\New Dataset\train_split\Bacterial Red disease\Bacterial Red disease_aug_52.jpg,Bacterial Red disease,train,5.58,26.13,5.8,24.76,0.296,53.57
C:\Users\Asus\PycharmProjects\AquaVision_v1\datasets\fish\New Dataset\train_split\Bacterial Red disease\Bacterial Red disease_aug_58.jpg,Bacterial Red disease,train,5.36,32.52,4.08,30.87,0.16,36.82
C:\Users\Asus\PycharmProjects\AquaVision_v1\datasets\fish\New Dataset\train_split\Bacterial Red disease\Bacterial Red disease_aug_62.jpg,Bacterial Red disease,val,7.42,34.08,3.19,26.45,0.065,58.06
C:\Users\Asus\PycharmProjects\AquaVision_v1\datasets\fish\New Dataset\train_split\Bacterial Red disease\Bacterial Red disease_aug_67.jpg,Bacterial Red disease,train,5.79,32.55,4.31,28.44,0.109,32.17
C:\Users\Asus\PycharmProjects\AquaVision_v1\datasets\fish\New Dataset\train_split\Bacterial Red disease\Bacterial Red disease_aug_7.jpg,Bacterial Red disease,train,6.53,30.71,3.27,30.76,0.106,40.55
C:\Users\Asus\PycharmProjects\AquaVision_v1\datasets\fish\New Dataset\train_split\Bacterial Red disease\Bacterial Red disease_aug_71.jpg,Bacterial Red disease,train,5.54,30.72,3.09,27.34,0.806,54.73
C:\Users\Asus\PycharmProjects\AquaVision_v1\datasets\fish\New Dataset\train_split\Bacterial Red disease\Bacterial Red disease_aug_72.jpg,Bacterial Red disease,train,6.47,28.08,2.62,39.12,0.25,34.62
C:\Users\Asus\PycharmProjects\AquaVision_v1\datasets\fish\New Dataset\train_split\Bacterial Red disease\Bacterial Red disease_aug_74.jpg,Bacterial Red disease,train,4.85,30.41,4.92,21.82,0.143,60.74
C:\Users\Asus\PycharmProjects\AquaVision_v1\datasets\fish\New Dataset\train_split\Bacterial Red disease\Bacterial Red disease_aug_75.jpg,Bacterial Red disease,train,5.75,29.72,3.75,33.56,0.115,62.87
C:\Users\Asus\PycharmProjects\AquaVision_v1\datasets\fish\New Dataset\train_split\Bacterial Red disease\Bacterial Red disease_aug_77.jpg,Bacterial Red disease,train,5.61,29.93,2.99,27.25,0.287,48.96
C:\Users\Asus\PycharmProjects\AquaVision_v1\datasets\fish\New Dataset\train_split\Bacterial Red disease\Bacterial Red disease_aug_78.jpg,Bacterial Red disease,train,6.18,30.57,4.08,29.43,0.19,45.65
C:\Users\Asus\PycharmProjects\AquaVision_v1\datasets\fish\New Dataset\train_split\Bacterial Red disease\Bacterial Red disease_aug_80.jpg,Bacterial Red disease,val,7.33,27.4,2.79,27.49,0.404,32.33
C:\Users\Asus\PycharmProjects\AquaVision_v1\datasets\fish\New Dataset\train_split\Bacterial Red disease\Bacterial Red disease_aug_83.jpg,Bacterial Red disease,val,6.36,33.11,3.8,20.23,0.91,44.96
C:\Users\Asus\PycharmProjects\AquaVision_v1\datasets\fish\New Dataset\train_split\Bacterial Red disease\Bacterial Red disease_aug_86.jpg,Bacterial Red disease,train,5.15,29.34,2.48,31.24,0.047,26.66
C:\Users\Asus\PycharmProjects\AquaVision_v1\datasets\fish\New Dataset\train_split\Bacterial Red disease\Bacterial Red disease_aug_87.jpg,Bacterial Red disease,train,6.26,31.83,2.55,26.54,0.377,50.04
C:\Users\Asus\PycharmProjects\AquaVision_v1\datasets\fish\New Dataset\train_split\Bacterial Red disease\Bacterial Red disease_aug_89.jpg,Bacterial Red disease,train,6.05,31.77,2.85,28.73,0.126,45.45
C:\Users\Asus\PycharmProjects\AquaVision_v1\datasets\fish\New Dataset\train_split\Bacterial Red disease\Bacterial Red disease_aug_90.jpg,Bacterial Red disease,train,6.91,31.91,2.31,22.86,0.754,59.76
C:\Users\Asus\PycharmProjects\AquaVision_v1\datasets\fish\New Dataset\train_split\Bacterial Red disease\Bacterial Red disease_aug_93.jpg,Bacterial Red disease,val,5.42,28.95,4.24,28.55,0.027,50.72
C:\Users\Asus\PycharmProjects\AquaVision_v1\datasets\fish\New Dataset\train_split\Bacterial Red disease\Bacterial Red disease_aug_94.jpg,Bacterial Red disease,train,5.58,34.38,2.83,25.49,0.118,18.82
C:\Users\Asus\PycharmProjects\AquaVision_v1\datasets\fish\New Dataset\train_split\Bacterial Red disease\Bacterial Red disease_aug_95.jpg,Bacterial Red disease,train,6.18,30.18,2.12,26.88,0.423,44.36
C:\Users\Asus\PycharmProjects\AquaVision_v1\datasets\fish\New Dataset\train_split\Bacterial Red disease\Bacterial Red disease_aug_98.jpg,Bacterial Red disease,train,6.95,27.54,3.92,31.14,0.01,36.02
C:\Users\Asus\PycharmProjects\AquaVision_v1\datasets\fish\New Dataset\train_split\Bacterial Red disease\Bacterial Red disease_aug_99.jpg,Bacterial Red disease,val,5.64,29.85,1.4,29.34,0.517,28.65
C:\Users\Asus\PycharmProjects\AquaVision_v1\datasets\fish\New Dataset\train_split\EUS\EUS_1.jpg,EUS,train,5.09,27.23,0.5,23.27,0.215,54.96
C:\Users\Asus\PycharmProjects\AquaVision_v1\datasets\fish\New Dataset\train_split\EUS\EUS_10.jpg,EUS,train,6.0,32.5,2.23,31.24,0.034,43.47
C:\Users\Asus\PycharmProjects\AquaVision_v1\datasets\fish\New Dataset\train_split\EUS\EUS_101.jpg,EUS,train,5.89,32.33,2.67,28.15,0.119,41.85
C:\Users\Asus\PycharmProjects\AquaVision_v1\datasets\fish\New Dataset\train_split\EUS\EUS_102.jpg,EUS,train,5.0,32.54,4.03,24.36,0.513,42.16
C:\Users\Asus\PycharmProjects\AquaVision_v1\datasets\fish\New Dataset\train_split\EUS\EUS_103.jpg,EUS,train,6.55,28.78,2.93,30.81,0.057,69.98
C:\Users\Asus\PycharmProjects\AquaVision_v1\datasets\fish\New Dataset\train_split\EUS\EUS_104.jpg,EUS,train,6.34,34.3,3.29,24.37,0.303,50.39
C:\Users\Asus\PycharmProjects\AquaVision_v1\datasets\fish\New Dataset\train_split\EUS\EUS_106.jpg,EUS,val,6.83,33.49,4.15,27.73,0.101,41.42
C:\Users\Asus\PycharmProjects\AquaVision_v1\datasets\fish\New Dataset\train_split\EUS\EUS_108.jpg,EUS,val,6.36,27.57,4.05,26.97,0.073,45.49
C:\Users\Asus\PycharmProjects\AquaVision_v1\datasets\fish\New Dataset\train_split\EUS\EUS_109.jpg,EUS,train,6.23,27.94,4.34,34.2,0.105,53.82
C:\Users\Asus\PycharmProjects\AquaVision_v1\datasets\fish\New Dataset\train_split\EUS\EUS_110.jpg,EUS,train,4.77,29.24,4.0,28.58,0.178,26.43
C:\Users\Asus\PycharmProjects\AquaVision_v1\datasets\fish\New Dataset\train_split\EUS\EUS_115.jpg,EUS,train,6.58,33.8,3.43,26.64,0.019,44.59
C:\Users\Asus\PycharmProjects\AquaVision_v1\datasets\fish\New Dataset\train_split\EUS\EUS_116.jpg,EUS,train,6.45,32.15,4.43,33.02,0.007,49.84
C:\Users\Asus\PycharmProjects\AquaVision_v1\datasets\fish\New Dataset\train_split\EUS\EUS_117.jpg,EUS,train,6.43,28.62,3.76,25.93,0.136,34.77
C:\Users\Asus\PycharmProjects\AquaVision_v1\datasets\fish\New Dataset\train_split\EUS\EUS_119.jpg,EUS,train,5.05,30.56,3.27,26.52,0.126,52.39
C:\Users\Asus\PycharmProjects\AquaVision_v1\datasets\fish\New Dataset\train_split\EUS\EUS_12.jpg,EUS,train,5.86,30.96,4.13,29.59,0.058,37.53
C:\Users\Asus\PycharmProjects\AquaVision_v1\datasets\fish\New Dataset\train_split\EUS\EUS_120.jpg,EUS,train,6.04,33.78,3.75,33.61,0.406,59.18
C:\Users\Asus\PycharmProjects\AquaVision_v1\datasets\fish\New Dataset\train_split\EUS\EUS_121.jpg,EUS,val,5.9,30.95,3.77,33.9,0.431,43.07
C:\Users\Asus\PycharmProjects\AquaVision_v1\datasets\fish\New Dataset\train_split\EUS\EUS_123.jpg,EUS,train,6.02,27.7,4.91,26.12,0.443,31.19
C:\Users\Asus\PycharmProjects\AquaVision_v1\datasets\fish\New Dataset\train_split\EUS\EUS_124.jpg,EUS,train,6.23,31.63,1.77,26.85,0.066,47.45
C:\Users\Asus\PycharmProjects\AquaVision_v1\datasets\fish\New Dataset\train_split\EUS\EUS_125.jpg,EUS,train,7.06,31.26,4.34,26.96,0.241,24.66
C:\Users\Asus\PycharmProjects\AquaVision_v1\datasets\fish\New Dataset\train_split\EUS\EUS_126.jpg,EUS,train,5.35,26.4,4.26,25.98,0.214,38.92
C:\Users\Asus\PycharmProjects\AquaVision_v1\datasets\fish\New Dataset\train_split\EUS\EUS_128.jpg,EUS,train,5.33,31.15,3.93,29.69,0.075,49.47
C:\Users\Asus\PycharmProjects\AquaVision_v1\datasets\fish\New Dataset\train_split\EUS\EUS_129.jpg,EUS,train,6.1,28.98,3.35,24.85,0.8,47.03
C:\Users\Asus\PycharmProjects\AquaVision_v1\datasets\fish\New Dataset\train_split\EUS\EUS_132.jpg,EUS,train,6.51,33.41,2.22,36.79,0.489,44.99
C:\Users\Asus\PycharmProjects\AquaVision_v1\datasets\fish\New Dataset\train_split\EUS\EUS_136.jpg,EUS,train,6.46,33.72,5.09,22.25,0.001,42.75
C:\Users\Asus\PycharmProjects\AquaVision_v1\datasets\fish\New Dataset\train_split\EUS\EUS_137.jpg,EUS,train,4.53,31.48,4.05,27.84,0.108,34.1
C:\Users\Asus\PycharmProjects\AquaVision_v1\datasets\fish\New Dataset\train_split\EUS\EUS_138.jpg,EUS,train,6.58,29.52,2.41,21.73,0.065,49.57
C:\Users\Asus\PycharmProjects\AquaVision_v1\datasets\fish\New Dataset\train_split\EUS\EUS_14.jpg,EUS,train,4.05,30.02,1.86,22.75,0.017,41.86
C:\Users\Asus\PycharmProjects\AquaVision_v1\datasets\fish\New Dataset\train_split\EUS\EUS_140.jpg,EUS,train,7.18,28.87,2.66,24.09,0.05,62.98
C:\Users\Asus\PycharmProjects\AquaVision_v1\datasets\fish\New Dataset\train_split\EUS\EUS_143.jpg,EUS,train,6.76,31.5,3.41,26.62,0.28,48.47
C:\Users\Asus\PycharmProjects\AquaVision_v1\datasets\fish\New Dataset\train_split\EUS\EUS_144.jpg,EUS,train,5.69,27.83,4.43,27.55,0.819,47.99
C:\Users\Asus\PycharmProjects\AquaVision_v1\datasets\fish\New Dataset\train_split\EUS\EUS_146.jpg,EUS,train,6.6,29.42,3.89,17.17,0.087,40.53
C:\Users\Asus\PycharmProjects\AquaVision_v1\datasets\fish\New Dataset\train_split\EUS\EUS_148.jpg,EUS,train,5.06,31.96,3.76,28.96,0.265,38.34
C:\Users\Asus\PycharmProjects\AquaVision_v1\datasets\fish\New Dataset\train_split\EUS\EUS_149.jpg,EUS,train,6.66,32.94,3.22,24.41,0.066,49.77
C:\Users\Asus\PycharmProjects\AquaVision_v1\datasets\fish\New Dataset\train_split\EUS\EUS_150.jpg,EUS,train,5.81,32.79,3.16,28.06,0.047,46.43
C:\Users\Asus\PycharmProjects\AquaVision_v1\datasets\fish\New Dataset\train_split\EUS\EUS_152.jpg,EUS,train,5.05,29.26,3.58,25.19,0.0,52.75
C:\Users\Asus\PycharmProjects\AquaVision_v1\datasets\fish\New Dataset\train_split\EUS\EUS_153.jpg,EUS,train,6.21,32.3,2.34,31.99,0.096,56.27
C:\Users\Asus\PycharmProjects\AquaVision_v1\datasets\fish\New Dataset\train_split\EUS\EUS_160.jpg,EUS,train,4.42,30.63,3.62,22.4,0.043,57.16
C:\Users\Asus\PycharmProjects\AquaVision_v1\datasets\fish\New Dataset\train_split\EUS\EUS_161.jpg,EUS,train,5.93,33.68,4.34,33.74,0.195,47.85
C:\Users\Asus\PycharmProjects\AquaVision_v1\datasets\fish\New Dataset\train_split\EUS\EUS_163.jpg,EUS,train,6.73,30.8,4.6,31.44,0.408,34.36
C:\Users\Asus\PycharmProjects\AquaVision_v1\datasets\fish\New Dataset\train_split\EUS\EUS_164.jpg,EUS,train,7.1,29.75,4.16,24.77,0.615,42.77
C:\Users\Asus\PycharmProjects\AquaVision_v1\datasets\fish\New Dataset\train_split\EUS\EUS_165.jpg,EUS,train,5.47,35.46,4.55,24.46,0.017,59.06
C:\Users\Asus\PycharmProjects\AquaVision_v1\datasets\fish\New Dataset\train_split\EUS\EUS_166.jpg,EUS,train,6.39,33.03,3.47,39.74,0.628,34.72
C:\Users\Asus\PycharmProjects\AquaVision_v1\datasets\fish\New Dataset\train_split\EUS\EUS_169.jpg,EUS,train,4.65,30.02,0.51,22.03,0.085,51.6
C:\Users\Asus\PycharmProjects\AquaVision_v1\datasets\fish\New Dataset\train_split\EUS\EUS_17.jpg,EUS,train,6.41,29.73,3.06,31.58,0.541,37.34
C:\Users\Asus\PycharmProjects\AquaVision_v1\datasets\fish\New Dataset\train_split\EUS\EUS_171.jpg,EUS,train,5.38,25.04,4.71,29.97,0.18,54.08
C:\Users\Asus\PycharmProjects\AquaVision_v1\datasets\fish\New Dataset\train_split\EUS\EUS_175.jpg,EUS,train,5.98,31.74,4.53,19.5,0.184,49.14
C:\Users\Asus\PycharmProjects\AquaVision_v1\datasets\fish\New Dataset\train_split\EUS\EUS_177.jpg,EUS,train,7.09,29.43,3.17,28.13,0.15,61.78
C:\Users\Asus\PycharmProjects\AquaVision_v1\datasets\fish\New Dataset\train_split\EUS\EUS_179.jpg,EUS,val,5.61,33.18,3.46,31.3,1.246,43.36
C:\Users\Asus\PycharmProjects\AquaVision_v1\datasets\fish\New Dataset\train_split\EUS\EUS_180.jpg,EUS,train,6.82,31.02,3.25,26.94,0.081,40.78
C:\Users\Asus\PycharmProjects\AquaVision_v1\datasets\fish\New Dataset\train_split\EUS\EUS_181.jpg,EUS,train,6.52,28.25,3.75,27.65,0.085,40.46
C:\Users\Asus\PycharmProjects\AquaVision_v1\datasets\fish\New Dataset\train_split\EUS\EUS_182.jpg,EUS,val,5.98,34.5,4.43,34.29,0.439,28.6
C:\Users\Asus\PycharmProjects\AquaVision_v1\datasets\fish\New Dataset\train_split\EUS\EUS_183.jpg,EUS,val,5.77,25.12,4.54,24.54,0.317,43.73
C:\Users\Asus\PycharmProjects\AquaVision_v1\datasets\fish\New Dataset\train_split\EUS\EUS_184.jpg,EUS,train,5.87,27.74,3.55,22.27,0.116,61.92
C:\Users\Asus\PycharmProjects\AquaVision_v1\datasets\fish\New Dataset\train_split\EUS\EUS_185.jpg,EUS,train,4.7,26.09,2.02,27.99,0.202,39.56
C:\Users\Asus\PycharmProjects\AquaVision_v1\datasets\fish\New Dataset\train_split\EUS\EUS_186.jpg,EUS,train,5.58,32.39,3.8,25.61,0.735,44.93
C:\Users\Asus\PycharmProjects\AquaVision_v1\datasets\fish\New Dataset\train_split\EUS\EUS_188.jpg,EUS,train,5.42,30.57,2.85,29.77,0.191,37.49
C:\Users\Asus\PycharmProjects\AquaVision_v1\datasets\fish\New Dataset\train_split\EUS\EUS_189.jpg,EUS,train,6.33,28.06,3.94,20.92,0.095,44.19
C:\Users\Asus\PycharmProjects\AquaVision_v1\datasets\fish\New Dataset\train_split\EUS\EUS_191.jpg,EUS,train,6.03,35.68,2.52,37.76,0.823,49.37
C:\Users\Asus\PycharmProjects\AquaVision_v1\datasets\fish\New Dataset\train_split\EUS\EUS_192.jpg,EUS,train,7.62,28.52,2.3,24.98,0.076,61.93
C:\Users\Asus\PycharmProjects\AquaVision_v1\datasets\fish\New Dataset\train_split\EUS\EUS_193.jpg,EUS,train,6.12,31.38,2.97,25.53,0.273,53.99
C:\Users\Asus\PycharmProjects\AquaVision_v1\datasets\fish\New Dataset\train_split\EUS\EUS_194.jpg,EUS,train,7.26,31.64,3.19,32.12,0.094,37.15
C:\Users\Asus\PycharmProjects\AquaVision_v1\datasets\fish\New Dataset\train_split\EUS\EUS_195.jpg,EUS,train,6.53,32.02,3.73,22.6,0.11,40.45
C:\Users\Asus\PycharmProjects\AquaVision_v1\datasets\fish\New Dataset\train_split\EUS\EUS_196.jpg,EUS,train,6.43,29.17,2.96,21.49,0.122,44.53
C:\Users\Asus\PycharmProjects\AquaVision_v1\datasets\fish\New Dataset\train_split\EUS\EUS_197.jpg,EUS,val,7.24,31.45,7.84,22.09,0.141,63.06
C:\Users\Asus\PycharmProjects\AquaVision_v1\datasets\fish\New Dataset\train_split\EUS\EUS_198.jpg,EUS,train,5.35,32.12,2.63,25.84,0.792,40.89
C:\Users\Asus\PycharmProjects\AquaVision_v1\datasets\fish\New Dataset\train_split\EUS\EUS_199.jpg,EUS,train,6.42,30.9,2.02,31.79,0.045,45.55
C:\Users\Asus\PycharmProjects\AquaVision_v1\datasets\fish\New Dataset\train_split\EUS\EUS_2.jpg,EUS,train,5.88,31.72,2.27,26.57,0.073,48.92
C:\Users\Asus\PycharmProjects\AquaVision_v1\datasets\fish\New Dataset\train_split\EUS\EUS_20.jpg,EUS,train,5.11,29.28,4.13,32.28,0.209,32.14
C:\Users\Asus\PycharmProjects\AquaVision_v1\datasets\fish\New Dataset\train_split\EUS\EUS_200.jpg,EUS,train,7.15,30.92,3.41,25.48,0.565,40.04
C:\Users\Asus\PycharmProjects\AquaVision_v1\datasets\fish\New Dataset\train_split\EUS\EUS_202.jpg,EUS,train,7.13,31.05,2.3,27.73,0.361,34.25
C:\Users\Asus\PycharmProjects\AquaVision_v1\datasets\fish\New Dataset\train_split\EUS\EUS_204.jpg,EUS,train,6.25,30.98,3.9,29.92,0.134,42.5
C:\Users\Asus\PycharmProjects\AquaVision_v1\datasets\fish\New Dataset\train_split\EUS\EUS_205.jpg,EUS,train,5.91,29.93,3.97,33.2,0.221,54.6
C:\Users\Asus\PycharmProjects\AquaVision_v1\datasets\fish\New Dataset\train_split\EUS\EUS_206.jpg,EUS,train,5.0,33.25,2.91,30.81,0.263,34.81
C:\Users\Asus\PycharmProjects\AquaVision_v1\datasets\fish\New Dataset\train_split\EUS\EUS_208.jpg,EUS,val,7.8,28.5,1.94,28.38,0.719,63.06
C:\Users\Asus\PycharmProjects\AquaVision_v1\datasets\fish\New Dataset\train_split\EUS\EUS_210.jpg,EUS,train,6.77,31.58,3.6,26.63,0.005,47.3
C:\Users\Asus\PycharmProjects\AquaVision_v1\datasets\fish\New Dataset\train_split\EUS\EUS_211.jpg,EUS,train,6.17,29.55,3.14,27.77,0.007,53.26
C:\Users\Asus\PycharmProjects\AquaVision_v1\datasets\fish\New Dataset\train_split\EUS\EUS_216.jpg,EUS,train,5.46,30.87,4.73,32.66,0.176,48.0
C:\Users\Asus\PycharmProjects\AquaVision_v1\datasets\fish\New Dataset\train_split\EUS\EUS_217.jpg,EUS,train,6.26,34.9,1.64,22.74,0.623,58.09
C:\Users\Asus\PycharmProjects\AquaVision_v1\datasets\fish\New Dataset\train_split\EUS\EUS_218.jpg,EUS,train,5.93,29.32,2.2,25.78,0.22,40.0
C:\Users\Asus\PycharmProjects\AquaVision_v1\datasets\fish\New Dataset\train_split\EUS\EUS_219.jpg,EUS,train,6.06,32.47,3.97,31.78,0.093,55.74
C:\Users\Asus\PycharmProjects\AquaVision_v1\datasets\fish\New Dataset\train_split\EUS\EUS_220.jpg,EUS,train,6.56,29.68,3.2,29.6,0.002,40.85
C:\Users\Asus\PycharmProjects\AquaVision_v1\datasets\fish\New Dataset\train_split\EUS\EUS_222.jpg,EUS,val,5.6,32.79,3.01,30.83,0.233,52.77
C:\Users\Asus\PycharmProjects\AquaVision_v1\datasets\fish\New Dataset\train_split\EUS\EUS_223.jpg,EUS,val,6.91,34.61,3.43,28.13,0.329,49.38
C:\Users\Asus\PycharmProjects\AquaVision_v1\datasets\fish\New Dataset\train_split\EUS\EUS_225.jpg,EUS,train,6.3,30.91,2.52,33.16,0.147,45.55
C:\Users\Asus\PycharmProjects\AquaVision_v1\datasets\fish\New Dataset\train_split\EUS\EUS_227.jpg,EUS,train,5.77,31.08,4.11,29.6,0.043,61.22
C:\Users\Asus\PycharmProjects\AquaVision_v1\datasets\fish\New Dataset\train_split\EUS\EUS_229.jpg,EUS,train,7.08,27.59,2.77,30.0,0.235,35.18
C:\Users\Asus\PycharmProjects\AquaVision_v1\datasets\fish\New Dataset\train_split\EUS\EUS_230.jpg,EUS,val,5.16,28.67,1.37,24.87,0.498,43.01
C:\Users\Asus\PycharmProjects\AquaVision_v1\datasets\fish\New Dataset\train_split\EUS\EUS_232.jpg,EUS,train,6.36,32.15,1.98,31.19,0.001,39.45
C:\Users\Asus\PycharmProjects\AquaVision_v1\datasets\fish\New Dataset\train_split\EUS\EUS_238.jpg,EUS,train,5.34,28.12,3.97,29.6,0.235,40.51
C:\Users\Asus\PycharmProjects\AquaVision_v1\datasets\fish\New Dataset\train_split\EUS\EUS_24.jpg,EUS,train,6.5,30.32,3.18,35.81,0.224,51.87
C:\Users\Asus\PycharmProjects\AquaVision_v1\datasets\fish\New Dataset\train_split\EUS\EUS_240.jpg,EUS,val,5.67,31.29,3.39,24.24,0.08,43.68
C:\Users\Asus\PycharmProjects\AquaVision_v1\datasets\fish\New Dataset\train_split\EUS\EUS_241.jpg,EUS,val,5.63,34.01,2.45,22.51,0.351,56.8
C:\Users\Asus\PycharmProjects\AquaVision_v1\datasets\fish\New Dataset\train_split\EUS\EUS_242.jpg,EUS,train,6.58,36.15,3.65,27.37,0.426,29.88
C:\Users\Asus\PycharmProjects\AquaVision_v1\datasets\fish\New Dataset\train_split\EUS\EUS_244.jpg,EUS,train,6.42,30.23,1.52,28.55,0.045,26.14
C:\Users\Asus\PycharmProjects\AquaVision_v1\datasets\fish\New Dataset\train_split\EUS\EUS_246.jpg,EUS,train,6.13,33.16,2.82,34.71,0.249,32.19
C:\Users\Asus\PycharmProjects\AquaVision_v1\datasets\fish\New Dataset\train_split\EUS\EUS_247.jpg,EUS,train,5.26,37.78,2.96,24.49,0.022,30.93
C:\Users\Asus\PycharmProjects\AquaVision_v1\datasets\fish\New Dataset\train_split\EUS\EUS_248.jpg,EUS,train,6.16,30.26,3.71,26.45,0.166,46.75
C:\Users\Asus\PycharmProjects\AquaVision_v1\datasets\fish\New Dataset\train_split\EUS\EUS_249.jpg,EUS,train,4.94,28.55,3.33,33.26,0.113,35.51
C:\Users\Asus\PycharmProjects\AquaVision_v1\datasets\fish\New Dataset\train_split\EUS\EUS_250.jpg,EUS,train,5.5,30.09,4.54,30.75,0.039,42.02
C:\Users\Asus\PycharmProjects\AquaVision_v1\datasets\fish\New Dataset\train_split\EUS\EUS_253.jpg,EUS,train,4.94,31.06,3.7,28.77,0.01,58.1
C:\Users\Asus\PycharmProjects\AquaVision_v1\datasets\fish\New Dataset\train_split\EUS\EUS_254.jpg,EUS,train,6.46,31.25,2.89,30.06,0.062,49.11
C:\Users\Asus\PycharmProjects\AquaVision_v1\datasets\fish\New Dataset\train_split\EUS\EUS_255.jpg,EUS,train,6.42,22.95,3.52,28.14,0.008,28.19
C:\Users\Asus\PycharmProjects\AquaVision_v1\datasets\fish\New Dataset\train_split\EUS\EUS_256.jpg,EUS,train,6.29,32.19,3.67,17.39,0.116,53.28
C:\Users\Asus\PycharmProjects\AquaVision_v1\datasets\fish\New Dataset\train_split\EUS\EUS_257.jpg,EUS,train,6.52,28.81,3.73,26.46,0.1,24.29
C:\Users\Asus\PycharmProjects\AquaVision_v1\datasets\fish\New Dataset\train_split\EUS\EUS_258.jpg,EUS,train,5.59,29.99,3.42,27.77,0.064,33.11
C:\Users\Asus\PycharmProjects\AquaVision_v1\datasets\fish\New Dataset\train_split\EUS\EUS_259.jpg,EUS,val,7.29,35.74,3.11,32.34,0.085,45.39
C:\Users\Asus\PycharmProjects\AquaVision_v1\datasets\fish\New Dataset\train_split\EUS\EUS_26.jpg,EUS,val,6.0,32.51,4.3,29.44,0.098,38.01
C:\Users\Asus\PycharmProjects\AquaVision_v1\datasets\fish\New Dataset\train_split\EUS\EUS_260.jpg,EUS,train,6.35,31.79,2.91,30.92,0.717,35.69
C:\Users\Asus\PycharmProjects\AquaVision_v1\datasets\fish\New Dataset\train_split\EUS\EUS_264.jpg,EUS,train,4.86,36.3,2.97,19.9,0.231,65.88
C:\Users\Asus\PycharmProjects\AquaVision_v1\datasets\fish\New Dataset\train_split\EUS\EUS_265.jpg,EUS,train,5.84,32.13,3.12,35.1,0.309,30.21
C:\Users\Asus\PycharmProjects\AquaVision_v1\datasets\fish\New Dataset\train_split\EUS\EUS_266.jpg,EUS,train,6.59,28.89,1.81,28.63,0.375,64.8
C:\Users\Asus\PycharmProjects\AquaVision_v1\datasets\fish\New Dataset\train_split\EUS\EUS_267.jpg,EUS,train,6.49,36.92,2.9,22.84,0.815,40.93
C:\Users\Asus\PycharmProjects\AquaVision_v1\datasets\fish\New Dataset\train_split\EUS\EUS_268.jpg,EUS,val,5.75,34.89,2.31,21.04,0.132,65.27
C:\Users\Asus\PycharmProjects\AquaVision_v1\datasets\fish\New Dataset\train_split\EUS\EUS_269.jpg,EUS,train,7.34,30.97,2.3,27.77,0.674,44.49
C:\Users\Asus\PycharmProjects\AquaVision_v1\datasets\fish\New Dataset\train_split\EUS\EUS_270.jpg,EUS,train,5.48,35.22,3.4,30.91,0.367,49.04
C:\Users\Asus\PycharmProjects\AquaVision_v1\datasets\fish\New Dataset\train_split\EUS\EUS_271.jpg,EUS,train,6.03,30.36,3.42,24.27,0.079,35.03
C:\Users\Asus\PycharmProjects\AquaVision_v1\datasets\fish\New Dataset\train_split\EUS\EUS_274.jpg,EUS,train,5.59,29.39,3.76,25.48,0.207,44.89
C:\Users\Asus\PycharmProjects\AquaVision_v1\datasets\fish\New Dataset\train_split\EUS\EUS_275.jpg,EUS,train,6.77,31.84,5.34,32.23,0.326,54.67
C:\Users\Asus\PycharmProjects\AquaVision_v1\datasets\fish\New Dataset\train_split\EUS\EUS_276.jpg,EUS,train,6.05,32.62,2.73,37.81,0.675,45.02
C:\Users\Asus\PycharmProjects\AquaVision_v1\datasets\fish\New Dataset\train_split\EUS\EUS_277.jpg,EUS,train,5.61,31.97,4.29,27.41,0.006,38.43
C:\Users\Asus\PycharmProjects\AquaVision_v1\datasets\fish\New Dataset\train_split\EUS\EUS_278.jpg,EUS,train,6.62,31.2,3.35,24.66,0.19,49.8
C:\Users\Asus\PycharmProjects\AquaVision_v1\datasets\fish\New Dataset\train_split\EUS\EUS_279.jpg,EUS,train,5.93,33.26,3.02,33.75,0.162,37.96
C:\Users\Asus\PycharmProjects\AquaVision_v1\datasets\fish\New Dataset\train_split\EUS\EUS_280.jpg,EUS,train,6.05,32.92,2.58,33.47,0.005,44.91
C:\Users\Asus\PycharmProjects\AquaVision_v1\datasets\fish\New Dataset\train_split\EUS\EUS_281.jpg,EUS,val,5.53,34.12,2.35,32.3,0.17,55.47
C:\Users\Asus\PycharmProjects\AquaVision_v1\datasets\fish\New Dataset\train_split\EUS\EUS_284.jpg,EUS,val,4.33,29.4,2.7,24.09,0.011,31.75
C:\Users\Asus\PycharmProjects\AquaVision_v1\datasets\fish\New Dataset\train_split\EUS\EUS_285.jpg,EUS,train,6.52,29.21,4.1,25.36,0.373,39.85
C:\Users\Asus\PycharmProjects\AquaVision_v1\datasets\fish\New Dataset\train_split\EUS\EUS_286.jpg,EUS,train,6.37,23.39,4.02,33.75,0.416,44.58
C:\Users\Asus\PycharmProjects\AquaVision_v1\datasets\fish\New Dataset\train_split\EUS\EUS_290.jpg,EUS,train,6.04,29.87,2.6,28.9,0.272,25.53
C:\Users\Asus\PycharmProjects\AquaVision_v1\datasets\fish\New Dataset\train_split\EUS\EUS_292.jpg,EUS,train,5.54,34.11,3.48,20.76,0.006,43.49
C:\Users\Asus\PycharmProjects\AquaVision_v1\datasets\fish\New Dataset\train_split\EUS\EUS_294.jpg,EUS,train,5.64,29.86,3.4,29.9,0.236,52.08
C:\Users\Asus\PycharmProjects\AquaVision_v1\datasets\fish\New Dataset\train_split\EUS\EUS_298.jpg,EUS,train,5.27,29.82,5.55,30.9,0.193,51.19
C:\Users\Asus\PycharmProjects\AquaVision_v1\datasets\fish\New Dataset\train_split\EUS\EUS_3.jpg,EUS,train,6.15,31.6,3.44,27.85,0.469,27.62
C:\Users\Asus\PycharmProjects\AquaVision_v1\datasets\fish\New Dataset\train_split\EUS\EUS_300.jpg,EUS,train,5.74,32.03,3.88,24.36,0.045,32.06
C:\Users\Asus\PycharmProjects\AquaVision_v1\datasets\fish\New Dataset\train_split\EUS\EUS_302.jpg,EUS,train,5.61,28.75,4.34,24.34,0.409,46.26
C:\Users\Asus\PycharmProjects\AquaVision_v1\datasets\fish\New Dataset\train_split\EUS\EUS_303.jpg,EUS,val,6.89,33.16,3.44,27.08,0.239,32.22
C:\Users\Asus\PycharmProjects\AquaVision_v1\datasets\fish\New Dataset\train_split\EUS\EUS_304.jpg,EUS,train,5.93,29.1,3.73,32.24,0.297,39.45
C:\Users\Asus\PycharmProjects\AquaVision_v1\datasets\fish\New Dataset\train_split\EUS\EUS_305.jpg,EUS,train,7.14,29.83,2.17,25.98,0.25,64.82
C:\Users\Asus\PycharmProjects\AquaVision_v1\datasets\fish\New Dataset\train_split\EUS\EUS_308.jpg,EUS,train,5.83,32.16,3.69,30.29,0.263,48.97
C:\Users\Asus\PycharmProjects\AquaVision_v1\datasets\fish\New Dataset\train_split\EUS\EUS_309.jpg,EUS,train,5.91,29.01,3.0,29.26,0.02,50.32
C:\Users\Asus\PycharmProjects\AquaVision_v1\datasets\fish\New Dataset\train_split\EUS\EUS_310.jpg,EUS,train,6.37,32.1,3.87,33.13,0.136,45.78
C:\Users\Asus\PycharmProjects\AquaVision_v1\datasets\fish\New Dataset\train_split\EUS\EUS_311.jpg,EUS,val,6.13,26.41,4.31,28.57,0.392,59.07
C:\Users\Asus\PycharmProjects\AquaVision_v1\datasets\fish\New Dataset\train_split\EUS\EUS_312.jpg,EUS,train,6.34,30.73,3.05,24.91,0.523,61.66
C:\Users\Asus\PycharmProjects\AquaVision_v1\datasets\fish\New Dataset\train_split\EUS\EUS_313.jpg,EUS,train,4.97,33.95,4.04,28.39,0.609,42.24
C:\Users\Asus\PycharmProjects\AquaVision_v1\datasets\fish\New Dataset\train_split\EUS\EUS_317.jpg,EUS,train,4.0,32.96,4.01,27.92,0.168,42.52
C:\Users\Asus\PycharmProjects\AquaVision_v1\datasets\fish\New Dataset\train_split\EUS\EUS_318.jpg,EUS,train,5.02,32.35,2.94,23.32,0.066,30.95
C:\Users\Asus\PycharmProjects\AquaVision_v1\datasets\fish\New Dataset\train_split\EUS\EUS_319.jpg,EUS,train,6.2,32.15,2.46,26.2,0.158,47.94
C:\Users\Asus\PycharmProjects\AquaVision_v1\datasets\fish\New Dataset\train_split\EUS\EUS_322.jpg,EUS,train,5.19,32.58,4.61,39.17,0.645,67.09
C:\Users\Asus\PycharmProjects\AquaVision_v1\datasets\fish\New Dataset\train_split\EUS\EUS_323.jpg,EUS,train,6.88,32.94,2.81,32.95,0.433,42.46
C:\Users\Asus\PycharmProjects\AquaVision_v1\datasets\fish\New Dataset\train_split\EUS\EUS_324.jpg,EUS,train,5.46,33.55,2.36,23.8,0.323,36.79
C:\Users\Asus\PycharmProjects\AquaVision_v1\datasets\fish\New Dataset\train_split\EUS\EUS_325.jpg,EUS,val,6.42,29.46,2.12,25.58,0.881,44.68
C:\Users\Asus\PycharmProjects\AquaVision_v1\datasets\fish\New Dataset\train_split\EUS\EUS_326.jpg,EUS,val,5.39,28.12,4.89,24.56,0.04,48.4
C:\Users\Asus\PycharmProjects\AquaVision_v1\datasets\fish\New Dataset\train_split\EUS\EUS_327.jpg,EUS,train,5.83,33.37,5.55,23.05,0.288,57.74
C:\Users\Asus\PycharmProjects\AquaVision_v1\datasets\fish\New Dataset\train_split\EUS\EUS_328.jpg,EUS,train,4.75,31.49,4.73,26.59,0.539,41.4
C:\Users\Asus\PycharmProjects\AquaVision_v1\datasets\fish\New Dataset\train_split\EUS\EUS_329.jpg,EUS,val,6.47,30.16,2.7,32.92,0.574,49.61
C:\Users\Asus\PycharmProjects\AquaVision_v1\datasets\fish\New Dataset\train_split\EUS\EUS_331.jpg,EUS,val,5.94,29.06,2.72,28.01,0.107,49.92
C:\Users\Asus\PycharmProjects\AquaVision_v1\datasets\fish\New Dataset\train_split\EUS\EUS_332.jpg,EUS,train,5.46,24.07,3.06,34.9,0.203,46.22
C:\Users\Asus\PycharmProjects\AquaVision_v1\datasets\fish\New Dataset\train_split\EUS\EUS_333.jpg,EUS,train,5.7,25.4,3.36,24.9,0.085,46.6
C:\Users\Asus\PycharmProjects\AquaVision_v1\datasets\fish\New Dataset\train_split\EUS\EUS_335.jpg,EUS,train,5.37,31.54,2.83,23.29,0.158,49.69
C:\Users\Asus\PycharmProjects\AquaVision_v1\datasets\fish\New Dataset\train_split\EUS\EUS_336.jpg,EUS,train,4.67,32.68,3.99,21.66,0.7,39.55
C:\Users\Asus\PycharmProjects\AquaVision_v1\datasets\fish\New Dataset\train_split\EUS\EUS_341.jpg,EUS,train,6.23,33.54,2.88,22.06,0.251,24.51
C:\Users\Asus\PycharmProjects\AquaVision_v1\datasets\fish\New Dataset\train_split\EUS\EUS_344.jpg,EUS,train,6.15,29.9,2.78,23.7,0.107,24.51
C:\Users\Asus\PycharmProjects\AquaVision_v1\datasets\fish\New Dataset\train_split\EUS\EUS_347.jpg,EUS,train,5.87,32.52,3.17,31.18,0.259,58.49
C:\Users\Asus\PycharmProjects\AquaVision_v1\datasets\fish\New Dataset\train_split\EUS\EUS_351.jpg,EUS,train,6.11,28.55,3.79,34.72,0.447,47.08
C:\Users\Asus\PycharmProjects\AquaVision_v1\datasets\fish\New Dataset\train_split\EUS\EUS_38.jpg,EUS,val,5.82,27.19,2.28,31.42,0.171,47.64
C:\Users\Asus\PycharmProjects\AquaVision_v1\datasets\fish\New Dataset\train_split\EUS\EUS_42.jpg,EUS,train,5.58,30.47,1.97,23.49,0.316,37.75
C:\Users\Asus\PycharmProjects\AquaVision_v1\datasets\fish\New Dataset\train_split\EUS\EUS_43.jpg,EUS,train,5.56,30.1,2.22,32.71,0.178,39.16
C:\Users\Asus\PycharmProjects\AquaVision_v1\datasets\fish\New Dataset\train_split\EUS\EUS_47.jpg,EUS,train,5.72,34.71,2.61,22.4,0.172,32.87
C:\Users\Asus\PycharmProjects\AquaVision_v1\datasets\fish\New Dataset\train_split\EUS\EUS_48.jpg,EUS,train,5.66,33.97,3.73,27.89,0.057,58.64
C:\Users\Asus\PycharmProjects\AquaVision_v1\datasets\fish\New Dataset\train_split\EUS\EUS_5.jpg,EUS,train,5.48,33.04,3.52,28.68,0.32,42.5
C:\Users\Asus\PycharmProjects\AquaVision_v1\datasets\fish\New Dataset\train_split\EUS\EUS_50.jpg,EUS,val,5.3,34.62,2.67,21.71,0.226,34.47
C:\Users\Asus\PycharmProjects\AquaVision_v1\datasets\fish\New Dataset\train_split\EUS\EUS_51.jpg,EUS,train,6.02,29.73,3.59,24.6,0.028,32.56
C:\Users\Asus\PycharmProjects\AquaVision_v1\datasets\fish\New Dataset\train_split\EUS\EUS_55.jpg,EUS,train,6.68,30.06,3.16,28.94,0.097,8.12
C:\Users\Asus\PycharmProjects\AquaVision_v1\datasets\fish\New Dataset\train_split\EUS\EUS_56.jpg,EUS,train,7.0,28.3,3.33,33.98,0.223,38.57
C:\Users\Asus\PycharmProjects\AquaVision_v1\datasets\fish\New Dataset\train_split\EUS\EUS_58.jpg,EUS,train,5.56,28.99,2.61,38.89,0.725,53.44
C:\Users\Asus\PycharmProjects\AquaVision_v1\datasets\fish\New Dataset\train_split\EUS\EUS_59.jpg,EUS,train,6.76,32.23,1.91,29.58,0.076,52.12
C:\Users\Asus\PycharmProjects\AquaVision_v1\datasets\fish\New Dataset\train_split\EUS\EUS_6.jpg,EUS,train,5.52,35.63,2.87,23.61,0.127,41.38
C:\Users\Asus\PycharmProjects\AquaVision_v1\datasets\fish\New Dataset\train_split\EUS\EUS_61.jpg,EUS,train,4.86,31.22,2.85,28.03,0.094,47.19
C:\Users\Asus\PycharmProjects\AquaVision_v1\datasets\fish\New Dataset\train_split\EUS\EUS_62.jpg,EUS,train,6.88,28.51,2.35,32.41,0.854,41.16
C:\Users\Asus\PycharmProjects\AquaVision_v1\datasets\fish\New Dataset\train_split\EUS\EUS_65.jpg,EUS,train,6.75,30.17,4.42,19.46,0.066,47.2
C:\Users\Asus\PycharmProjects\AquaVision_v1\datasets\fish\New Dataset\train_split\EUS\EUS_66.jpg,EUS,val,7.1,29.32,3.73,31.57,0.106,51.42
C:\Users\Asus\PycharmProjects\AquaVision_v1\datasets\fish\New Dataset\train_split\EUS\EUS_67.jpg,EUS,train,6.1,30.9,3.8,19.94,0.052,40.78
C:\Users\Asus\PycharmProjects\AquaVision_v1\datasets\fish\New Dataset\train_split\EUS\EUS_7.jpg,EUS,train,6.48,30.46,0.5,25.19,0.046,36.24
C:\Users\Asus\PycharmProjects\AquaVision_v1\datasets\fish\New Dataset\train_split\EUS\EUS_70.jpg,EUS,train,5.97,34.86,4.0,31.61,0.037,39.39
C:\Users\Asus\PycharmProjects\AquaVision_v1\datasets\fish\New Dataset\train_split\EUS\EUS_71.jpg,EUS,train,5.78,32.02,2.72,33.97,0.343,43.4
C:\Users\Asus\PycharmProjects\AquaVision_v1\datasets\fish\New Dataset\train_split\EUS\EUS_72.jpg,EUS,train,6.72,27.48,3.56,31.4,0.077,55.14
C:\Users\Asus\PycharmProjects\AquaVision_v1\datasets\fish\New Dataset\train_split\EUS\EUS_75.jpg,EUS,train,6.49,29.1,2.96,34.3,0.063,44.52
C:\Users\Asus\PycharmProjects\AquaVision_v1\datasets\fish\New Dataset\train_split\EUS\EUS_76.jpg,EUS,train,6.3,27.67,3.0,29.33,0.251,50.49
C:\Users\Asus\PycharmProjects\AquaVision_v1\datasets\fish\New Dataset\train_split\EUS\EUS_77.jpg,EUS,train,5.7,30.25,2.21,27.31,0.193,59.38
C:\Users\Asus\PycharmProjects\AquaVision_v1\datasets\fish\New Dataset\train_split\EUS\EUS_78.jpg,EUS,train,7.08,27.42,2.17,21.54,0.297,45.69
C:\Users\Asus\PycharmProjects\AquaVision_v1\datasets\fish\New Dataset\train_split\EUS\EUS_79.jpg,EUS,train,6.53,29.99,3.2,28.47,0.004,28.28
C:\Users\Asus\PycharmProjects\AquaVision_v1\datasets\fish\New Dataset\train_split\EUS\EUS_8.jpg,EUS,train,7.73,32.3,3.37,30.46,0.134,41.53
C:\Users\Asus\PycharmProjects\AquaVision_v1\datasets\fish\New Dataset\train_split\EUS\EUS_82.jpg,EUS,train,5.93,34.55,3.43,30.92,1.074,58.92
C:\Users\Asus\PycharmProjects\AquaVision_v1\datasets\fish\New Dataset\train_split\EUS\EUS_83.jpg,EUS,train,6.59,29.19,3.24,28.5,0.227,23.42
C:\Users\Asus\PycharmProjects\AquaVision_v1\datasets\fish\New Dataset\train_split\EUS\EUS_84.jpg,EUS,train,5.72,34.29,3.77,23.9,0.17,51.07
C:\Users\Asus\PycharmProjects\AquaVision_v1\datasets\fish\New Dataset\train_split\EUS\EUS_86.jpg,EUS,train,7.66,26.69,3.76,32.67,0.132,53.21
C:\Users\Asus\PycharmProjects\AquaVision_v1\datasets\fish\New Dataset\train_split\EUS\EUS_88.jpg,EUS,train,5.55,33.6,2.38,27.09,0.471,35.6
C:\Users\Asus\PycharmProjects\AquaVision_v1\datasets\fish\New Dataset\train_split\EUS\EUS_89.jpg,EUS,train,6.16,37.52,3.35,28.24,0.014,55.73
C:\Users\Asus\PycharmProjects\AquaVision_v1\datasets\fish\New Dataset\train_split\EUS\EUS_90.jpg,EUS,train,6.23,31.28,2.57,24.3,0.473,40.5
C:\Users\Asus\PycharmProjects\AquaVision_v1\datasets\fish\New Dataset\train_split\EUS\EUS_91.jpg,EUS,train,5.3,30.2,3.32,20.67,0.076,49.52
C:\Users\Asus\PycharmProjects\AquaVision_v1\datasets\fish\New Dataset\train_split\EUS\EUS_92.jpg,EUS,train,5.31,30.6,2.76,29.71,0.137,62.23
C:\Users\Asus\PycharmProjects\AquaVision_v1\datasets\fish\New Dataset\train_split\EUS\EUS_93.jpg,EUS,train,6.45,30.55,3.32,26.41,0.555,39.77
C:\Users\Asus\PycharmProjects\AquaVision_v1\datasets\fish\New Dataset\train_split\EUS\EUS_95.jpg,EUS,train,6.4,29.88,3.39,30.4,0.327,53.53
C:\Users\Asus\PycharmProjects\AquaVision_v1\datasets\fish\New Dataset\train_split\EUS\EUS_96.jpg,EUS,train,6.68,33.91,3.15,27.12,0.04,53.19
C:\Users\Asus\PycharmProjects\AquaVision_v1\datasets\fish\New Dataset\train_split\EUS\EUS_97.jpg,EUS,train,6.17,32.6,2.98,28.87,0.15,36.75
C:\Users\Asus\PycharmProjects\AquaVision_v1\datasets\fish\New Dataset\train_split\EUS\EUS_aug_1.jpg,EUS,train,5.93,30.1,3.15,26.21,0.081,47.8
C:\Users\Asus\PycharmProjects\AquaVision_v1\datasets\fish\New Dataset\train_split\EUS\EUS_aug_101.jpg,EUS,train,6.69,28.77,3.26,25.4,0.16,41.73
C:\Users\Asus\PycharmProjects\AquaVision_v1\datasets\fish\New Dataset\train_split\EUS\EUS_aug_103.jpg,EUS,train,6.32,32.35,2.4,24.58,0.1,45.87
C:\Users\Asus\PycharmProjects\AquaVision_v1\datasets\fish\New Dataset\train_split\EUS\EUS_aug_105.jpg,EUS,train,5.05,36.14,3.32,22.33,0.045,38.57
C:\Users\Asus\PycharmProjects\AquaVision_v1\datasets\fish\New Dataset\train_split\EUS\EUS_aug_107.jpg,EUS,train,6.62,33.03,2.28,30.9,0.222,38.96
C:\Users\Asus\PycharmProjects\AquaVision_v1\datasets\fish\New Dataset\train_split\EUS\EUS_aug_108.jpg,EUS,train,7.73,38.06,2.92,25.63,0.346,48.27
C:\Users\Asus\PycharmProjects\AquaVision_v1\datasets\fish\New Dataset\train_split\EUS\EUS_aug_11.jpg,EUS,val,5.31,30.4,4.23,27.77,0.752,30.84
C:\Users\Asus\PycharmProjects\AquaVision_v1\datasets\fish\New Dataset\train_split\EUS\EUS_aug_113.jpg,EUS,train,6.88,32.46,2.99,28.67,0.098,55.6
C:\Users\Asus\PycharmProjects\AquaVision_v1\datasets\fish\New Dataset\train_split\EUS\EUS_aug_115.jpg,EUS,train,4.94,29.63,4.26,27.52,0.033,43.68
C:\Users\Asus\PycharmProjects\AquaVision_v1\datasets\fish\New Dataset\train_split\EUS\EUS_aug_117.jpg,EUS,train,6.45,27.28,2.3,29.56,0.162,33.26
C:\Users\Asus\PycharmProjects\AquaVision_v1\datasets\fish\New Dataset\train_split\EUS\EUS_aug_118.jpg,EUS,train,6.15,30.3,3.82,31.13,0.543,48.05
C:\Users\Asus\PycharmProjects\AquaVision_v1\datasets\fish\New Dataset\train_split\EUS\EUS_aug_122.jpg,EUS,train,5.51,30.16,3.9,26.9,0.049,40.43
C:\Users\Asus\PycharmProjects\AquaVision_v1\datasets\fish\New Dataset\train_split\EUS\EUS_aug_124.jpg,EUS,train,6.89,33.93,2.19,33.16,0.56,50.25
C:\Users\Asus\PycharmProjects\AquaVision_v1\datasets\fish\New Dataset\train_split\EUS\EUS_aug_126.jpg,EUS,train,4.88,31.78,4.05,30.43,0.066,58.46
C:\Users\Asus\PycharmProjects\AquaVision_v1\datasets\fish\New Dataset\train_split\EUS\EUS_aug_128.jpg,EUS,train,5.99,33.12,1.43,37.68,0.148,46.49
C:\Users\Asus\PycharmProjects\AquaVision_v1\datasets\fish\New Dataset\train_split\EUS\EUS_aug_13.jpg,EUS,train,7.02,27.39,3.56,29.65,0.286,35.59
C:\Users\Asus\PycharmProjects\AquaVision_v1\datasets\fish\New Dataset\train_split\EUS\EUS_aug_131.jpg,EUS,train,6.69,31.02,2.07,31.91,1.018,36.39
C:\Users\Asus\PycharmProjects\AquaVision_v1\datasets\fish\New Dataset\train_split\EUS\EUS_aug_132.jpg,EUS,train,5.71,34.38,4.88,27.84,0.008,66.59
C:\Users\Asus\PycharmProjects\AquaVision_v1\datasets\fish\New Dataset\train_split\EUS\EUS_aug_133.jpg,EUS,train,5.72,35.09,2.58,30.94,0.063,40.98
C:\Users\Asus\PycharmProjects\AquaVision_v1\datasets\fish\New Dataset\train_split\EUS\EUS_aug_134.jpg,EUS,val,5.46,29.99,4.11,34.39,0.069,51.45
C:\Users\Asus\PycharmProjects\AquaVision_v1\datasets\fish\New Dataset\train_split\EUS\EUS_aug_136.jpg,EUS,val,6.15,31.8,2.41,30.89,0.076,24.87
C:\Users\Asus\PycharmProjects\AquaVision_v1\datasets\fish\New Dataset\train_split\EUS\EUS_aug_137.jpg,EUS,train,6.18,30.82,4.71,28.95,0.025,36.59
C:\Users\Asus\PycharmProjects\AquaVision_v1\datasets\fish\New Dataset\train_split\EUS\EUS_aug_139.jpg,EUS,train,6.29,32.45,4.17,27.9,0.23,51.11
C:\Users\Asus\PycharmProjects\AquaVision_v1\datasets\fish\New Dataset\train_split\EUS\EUS_aug_14.jpg,EUS,train,5.31,31.82,2.53,34.61,0.008,65.78
C:\Users\Asus\PycharmProjects\AquaVision_v1\datasets\fish\New Dataset\train_split\EUS\EUS_aug_140.jpg,EUS,train,6.0,32.79,4.22,30.28,0.383,56.52
C:\Users\Asus\PycharmProjects\AquaVision_v1\datasets\fish\New Dataset\train_split\EUS\EUS_aug_141.jpg,EUS,train,6.14,30.28,3.54,27.55,0.397,44.44
C:\Users\Asus\PycharmProjects\AquaVision_v1\datasets\fish\New Dataset\train_split\EUS\EUS_aug_143.jpg,EUS,val,5.66,29.15,4.9,31.91,0.161,52.55
C:\Users\Asus\PycharmProjects\AquaVision_v1\datasets\fish\New Dataset\train_split\EUS\EUS_aug_145.jpg,EUS,val,5.98,26.47,2.44,15.45,0.183,43.63
C:\Users\Asus\PycharmProjects\AquaVision_v1\datasets\fish\New Dataset\train_split\EUS\EUS_aug_147.jpg,EUS,train,5.12,31.21,2.87,34.01,0.246,54.14
C:\Users\Asus\PycharmProjects\AquaVision_v1\datasets\fish\New Dataset\train_split\EUS\EUS_aug_149.jpg,EUS,train,6.8,27.12,2.08,27.66,0.473,67.54
C:\Users\Asus\PycharmProjects\AquaVision_v1\datasets\fish\New Dataset\train_split\EUS\EUS_aug_15.jpg,EUS,train,5.98,30.54,2.05,31.78,0.005,42.4
C:\Users\Asus\PycharmProjects\AquaVision_v1\datasets\fish\New Dataset\train_split\EUS\EUS_aug_151.jpg,EUS,val,6.32,33.38,3.83,25.48,0.184,37.93
C:\Users\Asus\PycharmProjects\AquaVision_v1\datasets\fish\New Dataset\train_split\EUS\EUS_aug_154.jpg,EUS,val,5.45,28.06,2.86,26.04,0.388,47.25
C:\Users\Asus\PycharmProjects\AquaVision_v1\datasets\fish\New Dataset\train_split\EUS\EUS_aug_155.jpg,EUS,train,6.14,31.46,2.41,28.42,0.244,46.51
C:\Users\Asus\PycharmProjects\AquaVision_v1\datasets\fish\New Dataset\train_split\EUS\EUS_aug_156.jpg,EUS,val,5.57,31.23,4.13,31.7,0.838,63.1
C:\Users\Asus\PycharmProjects\AquaVision_v1\datasets\fish\New Dataset\train_split\EUS\EUS_aug_159.jpg,EUS,train,6.34,29.45,2.56,19.71,0.492,46.54
C:\Users\Asus\PycharmProjects\AquaVision_v1\datasets\fish\New Dataset\train_split\EUS\EUS_aug_160.jpg,EUS,train,6.32,34.34,2.64,32.55,0.445,48.53
C:\Users\Asus\PycharmProjects\AquaVision_v1\datasets\fish\New Dataset\train_split\EUS\EUS_aug_162.jpg,EUS,train,4.01,26.04,4.26,29.76,1.036,39.79
C:\Users\Asus\PycharmProjects\AquaVision_v1\datasets\fish\New Dataset\train_split\EUS\EUS_aug_164.jpg,EUS,train,6.04,29.78,3.23,38.55,0.517,47.49
C:\Users\Asus\PycharmProjects\AquaVision_v1\datasets\fish\New Dataset\train_split\EUS\EUS_aug_166.jpg,EUS,train,5.76,32.09,3.33,18.42,0.093,38.21
C:\Users\Asus\PycharmProjects\AquaVision_v1\datasets\fish\New Dataset\train_split\EUS\EUS_aug_168.jpg,EUS,train,5.41,26.05,3.17,31.28,0.244,40.51
C:\Users\Asus\PycharmProjects\AquaVision_v1\datasets\fish\New Dataset\train_split\EUS\EUS_aug_17.jpg,EUS,train,6.74,26.61,2.18,24.44,0.241,43.4
C:\Users\Asus\PycharmProjects\AquaVision_v1\datasets\fish\New Dataset\train_split\EUS\EUS_aug_170.jpg,EUS,train,5.96,31.03,4.11,23.28,0.165,40.75
C:\Users\Asus\PycharmProjects\AquaVision_v1\datasets\fish\New Dataset\train_split\EUS\EUS_aug_172.jpg,EUS,train,6.02,33.2,2.44,27.27,0.597,47.81
C:\Users\Asus\PycharmProjects\AquaVision_v1\datasets\fish\New Dataset\train_split\EUS\EUS_aug_173.jpg,EUS,train,6.27,35.58,1.98,27.51,0.306,47.3
C:\Users\Asus\PycharmProjects\AquaVision_v1\datasets\fish\New Dataset\train_split\EUS\EUS_aug_175.jpg,EUS,train,5.29,29.42,2.61,22.21,0.169,40.35
C:\Users\Asus\PycharmProjects\AquaVision_v1\datasets\fish\New Dataset\train_split\EUS\EUS_aug_176.jpg,EUS,train,6.48,35.16,3.41,25.76,0.046,38.11
C:\Users\Asus\PycharmProjects\AquaVision_v1\datasets\fish\New Dataset\train_split\EUS\EUS_aug_18.jpg,EUS,train,6.57,33.32,2.89,28.73,0.038,34.64
C:\Users\Asus\PycharmProjects\AquaVision_v1\datasets\fish\New Dataset\train_split\EUS\EUS_aug_180.jpg,EUS,train,6.01,33.19,3.83,27.91,0.184,71.81
C:\Users\Asus\PycharmProjects\AquaVision_v1\datasets\fish\New Dataset\train_split\EUS\EUS_aug_184.jpg,EUS,train,5.85,29.12,3.11,25.83,0.026,57.64
C:\Users\Asus\PycharmProjects\AquaVision_v1\datasets\fish\New Dataset\train_split\EUS\EUS_aug_185.jpg,EUS,val,5.82,33.8,4.48,34.11,0.114,45.07
C:\Users\Asus\PycharmProjects\AquaVision_v1\datasets\fish\New Dataset\train_split\EUS\EUS_aug_189.jpg,EUS,train,6.65,31.0,3.31,28.22,0.421,31.74
C:\Users\Asus\PycharmProjects\AquaVision_v1\datasets\fish\New Dataset\train_split\EUS\EUS_aug_19.jpg,EUS,train,6.51,33.37,3.68,26.36,0.56,41.86
C:\Users\Asus\PycharmProjects\AquaVision_v1\datasets\fish\New Dataset\train_split\EUS\EUS_aug_192.jpg,EUS,train,5.94,31.27,4.0,30.57,0.013,65.77
C:\Users\Asus\PycharmProjects\AquaVision_v1\datasets\fish\New Dataset\train_split\EUS\EUS_aug_193.jpg,EUS,train,7.42,31.2,0.5,32.95,0.047,37.37
C:\Users\Asus\PycharmProjects\AquaVision_v1\datasets\fish\New Dataset\train_split\EUS\EUS_aug_195.jpg,EUS,train,5.8,32.53,1.95,23.69,0.395,48.43
C:\Users\Asus\PycharmProjects\AquaVision_v1\datasets\fish\New Dataset\train_split\EUS\EUS_aug_199.jpg,EUS,val,5.63,28.55,2.79,28.96,0.135,31.79
C:\Users\Asus\PycharmProjects\AquaVision_v1\datasets\fish\New Dataset\train_split\EUS\EUS_aug_2.jpg,EUS,train,6.25,26.87,3.97,30.18,0.098,49.49
C:\Users\Asus\PycharmProjects\AquaVision_v1\datasets\fish\New Dataset\train_split\EUS\EUS_aug_200.jpg,EUS,train,5.84,36.46,3.0,30.94,0.085,13.83
C:\Users\Asus\PycharmProjects\AquaVision_v1\datasets\fish\New Dataset\train_split\EUS\EUS_aug_203.jpg,EUS,train,6.13,33.64,3.83,31.66,0.125,35.13
C:\Users\Asus\PycharmProjects\AquaVision_v1\datasets\fish\New Dataset\train_split\EUS\EUS_aug_205.jpg,EUS,train,6.23,30.97,3.06,33.35,0.073,43.5
C:\Users\Asus\PycharmProjects\AquaVision_v1\datasets\fish\New Dataset\train_split\EUS\EUS_aug_206.jpg,EUS,train,6.08,39.44,3.74,26.36,0.138,34.44
C:\Users\Asus\PycharmProjects\AquaVision_v1\datasets\fish\New Dataset\train_split\EUS\EUS_aug_207.jpg,EUS,val,6.17,34.57,4.1,28.92,0.41,49.04
C:\Users\Asus\PycharmProjects\AquaVision_v1\datasets\fish\New Dataset\train_split\EUS\EUS_aug_208.jpg,EUS,train,5.68,30.53,3.13,19.14,0.072,43.05
C:\Users\Asus\PycharmProjects\AquaVision_v1\datasets\fish\New Dataset\train_split\EUS\EUS_aug_209.jpg,EUS,val,5.65,32.98,2.02,32.23,0.071,48.11
C:\Users\Asus\PycharmProjects\AquaVision_v1\datasets\fish\New Dataset\train_split\EUS\EUS_aug_21.jpg,EUS,train,5.5,37.15,3.83,24.54,0.398,56.36
C:\Users\Asus\PycharmProjects\AquaVision_v1\datasets\fish\New Dataset\train_split\EUS\EUS_aug_210.jpg,EUS,train,6.58,23.64,2.4,31.78,0.032,25.87
C:\Users\Asus\PycharmProjects\AquaVision_v1\datasets\fish\New Dataset\train_split\EUS\EUS_aug_211.jpg,EUS,train,6.47,30.78,4.97,31.22,0.337,66.9
C:\Users\Asus\PycharmProjects\AquaVision_v1\datasets\fish\New Dataset\train_split\EUS\EUS_aug_213.jpg,EUS,train,7.28,31.94,3.05,32.13,0.133,49.59
C:\Users\Asus\PycharmProjects\AquaVision_v1\datasets\fish\New Dataset\train_split\EUS\EUS_aug_215.jpg,EUS,train,6.98,33.08,3.84,22.3,0.1,64.12
C:\Users\Asus\PycharmProjects\AquaVision_v1\datasets\fish\New Dataset\train_split\EUS\EUS_aug_218.jpg,EUS,train,5.56,37.75,3.39,24.6,0.335,47.86
C:\Users\Asus\PycharmProjects\AquaVision_v1\datasets\fish\New Dataset\train_split\EUS\EUS_aug_220.jpg,EUS,train,6.21,28.94,2.81,19.96,0.214,31.76
C:\Users\Asus\PycharmProjects\AquaVision_v1\datasets\fish\New Dataset\train_split\EUS\EUS_aug_222.jpg,EUS,train,6.14,35.16,3.07,27.03,0.012,52.88
C:\Users\Asus\PycharmProjects\AquaVision_v1\datasets\fish\New Dataset\train_split\EUS\EUS_aug_223.jpg,EUS,val,6.38,31.38,3.77,32.13,0.088,48.88
C:\Users\Asus\PycharmProjects\AquaVision_v1\datasets\fish\New Dataset\train_split\EUS\EUS_aug_23.jpg,EUS,train,6.19,30.57,3.27,27.94,0.16,59.01
C:\Users\Asus\PycharmProjects\AquaVision_v1\datasets\fish\New Dataset\train_split\EUS\EUS_aug_28.jpg,EUS,train,7.62,30.06,3.45,30.34,0.132,57.84
C:\Users\Asus\PycharmProjects\AquaVision_v1\datasets\fish\New Dataset\train_split\EUS\EUS_aug_35.jpg,EUS,train,6.36,32.93,4.95,31.82,0.024,31.1
C:\Users\Asus\PycharmProjects\AquaVision_v1\datasets\fish\New Dataset\train_split\EUS\EUS_aug_36.jpg,EUS,train,6.03,32.64,3.41,22.71,0.262,40.64
C:\Users\Asus\PycharmProjects\AquaVision_v1\datasets\fish\New Dataset\train_split\EUS\EUS_aug_37.jpg,EUS,train,6.44,31.96,4.5,28.94,0.038,33.35
C:\Users\Asus\PycharmProjects\AquaVision_v1\datasets\fish\New Dataset\train_split\EUS\EUS_aug_38.jpg,EUS,train,5.14,30.54,3.04,22.54,0.238,35.72
C:\Users\Asus\PycharmProjects\AquaVision_v1\datasets\fish\New Dataset\train_split\EUS\EUS_aug_39.jpg,EUS,train,6.16,31.77,3.27,32.97,0.058,71.54
C:\Users\Asus\PycharmProjects\AquaVision_v1\datasets\fish\New Dataset\train_split\EUS\EUS_aug_4.jpg,EUS,train,6.81,29.53,2.2,29.58,0.147,43.83
C:\Users\Asus\PycharmProjects\AquaVision_v1\datasets\fish\New Dataset\train_split\EUS\EUS_aug_43.jpg,EUS,train,5.6,33.24,3.94,28.67,0.161,49.43
C:\Users\Asus\PycharmProjects\AquaVision_v1\datasets\fish\New Dataset\train_split\EUS\EUS_aug_44.jpg,EUS,train,6.21,31.58,4.13,30.5,0.141,43.31
C:\Users\Asus\PycharmProjects\AquaVision_v1\datasets\fish\New Dataset\train_split\EUS\EUS_aug_45.jpg,EUS,train,7.33,26.74,2.7,27.84,0.534,66.19
C:\Users\Asus\PycharmProjects\AquaVision_v1\datasets\fish\New Dataset\train_split\EUS\EUS_aug_46.jpg,EUS,train,5.31,29.55,3.44,27.74,0.057,45.93
C:\Users\Asus\PycharmProjects\AquaVision_v1\datasets\fish\New Dataset\train_split\EUS\EUS_aug_47.jpg,EUS,val,6.27,33.36,2.72,24.52,0.162,40.66
C:\Users\Asus\PycharmProjects\AquaVision_v1\datasets\fish\New Dataset\train_split\EUS\EUS_aug_5.jpg,EUS,train,7.25,29.08,3.43,25.45,0.323,52.41
C:\Users\Asus\PycharmProjects\AquaVision_v1\datasets\fish\New Dataset\train_split\EUS\EUS_aug_50.jpg,EUS,train,6.09,32.28,2.56,33.6,0.051,32.71
C:\Users\Asus\PycharmProjects\AquaVision_v1\datasets\fish\New Dataset\train_split\EUS\EUS_aug_52.jpg,EUS,train,5.97,31.47,2.52,30.66,0.271,67.1
C:\Users\Asus\PycharmProjects\AquaVision_v1\datasets\fish\New Dataset\train_split\EUS\EUS_aug_55.jpg,EUS,train,5.05,32.13,2.49,25.5,0.003,52.79
C:\Users\Asus\PycharmProjects\AquaVision_v1\datasets\fish\New Dataset\train_split\EUS\EUS_aug_56.jpg,EUS,train,5.43,33.52,3.22,24.54,0.116,60.9
C:\Users\Asus\PycharmProjects\AquaVision_v1\datasets\fish\New Dataset\train_split\EUS\EUS_aug_59.jpg,EUS,train,6.38,28.24,3.99,26.48,0.353,29.11
C:\Users\Asus\PycharmProjects\AquaVision_v1\datasets\fish\New Dataset\train_split\EUS\EUS_aug_61.jpg,EUS,train,6.88,30.81,4.43,25.37,0.045,39.05
C:\Users\Asus\PycharmProjects\AquaVision_v1\datasets\fish\New Dataset\train_split\EUS\EUS_aug_62.jpg,EUS,val,7.27,27.12,7.84,22.61,0.524,43.56
C:\Users\Asus\PycharmProjects\AquaVision_v1\datasets\fish\New Dataset\train_split\EUS\EUS_aug_64.jpg,EUS,train,5.31,35.96,3.81,29.67,0.05,35.15
C:\Users\Asus\PycharmProjects\AquaVision_v1\datasets\fish\New Dataset\train_split\EUS\EUS_aug_7.jpg,EUS,train,6.86,28.57,3.11,25.78,0.305,51.85
C:\Users\Asus\PycharmProjects\AquaVision_v1\datasets\fish\New Dataset\train_split\EUS\EUS_aug_71.jpg,EUS,train,5.72,26.55,4.05,38.02,0.16,40.48
C:\Users\Asus\PycharmProjects\AquaVision_v1\datasets\fish\New Dataset\train_split\EUS\EUS_aug_72.jpg,EUS,val,5.28,30.24,4.04,24.65,0.395,53.52
C:\Users\Asus\PycharmProjects\AquaVision_v1\datasets\fish\New Dataset\train_split\EUS\EUS_aug_74.jpg,EUS,val,6.1,29.92,3.39,24.29,0.386,57.88
C:\Users\Asus\PycharmProjects\AquaVision_v1\datasets\fish\New Dataset\train_split\EUS\EUS_aug_76.jpg,EUS,train,5.96,31.5,2.8,23.94,0.131,57.24
C:\Users\Asus\PycharmProjects\AquaVision_v1\datasets\fish\New Dataset\train_split\EUS\EUS_aug_80.jpg,EUS,train,5.68,33.53,2.84,24.47,0.374,30.57
C:\Users\Asus\PycharmProjects\AquaVision_v1\datasets\fish\New Dataset\train_split\EUS\EUS_aug_82.jpg,EUS,train,6.86,32.77,3.71,34.79,0.551,35.46
C:\Users\Asus\PycharmProjects\AquaVision_v1\datasets\fish\New Dataset\train_split\EUS\EUS_aug_83.jpg,EUS,train,6.48,29.29,3.19,28.24,0.006,64.26
C:\Users\Asus\PycharmProjects\AquaVision_v1\datasets\fish\New Dataset\train_split\EUS\EUS_aug_84.jpg,EUS,val,6.15,33.95,2.85,26.75,0.113,45.46
C:\Users\Asus\PycharmProjects\AquaVision_v1\datasets\fish\New Dataset\train_split\EUS\EUS_aug_85.jpg,EUS,val,5.09,33.36,3.35,26.59,0.482,66.48
C:\Users\Asus\PycharmProjects\AquaVision_v1\datasets\fish\New Dataset\train_split\EUS\EUS_aug_87.jpg,EUS,train,5.86,32.77,3.94,28.83,0.694,45.01
C:\Users\Asus\PycharmProjects\AquaVision_v1\datasets\fish\New Dataset\train_split\EUS\EUS_aug_88.jpg,EUS,train,5.7,34.08,3.62,29.78,0.308,27.78
C:\Users\Asus\PycharmProjects\AquaVision_v1\datasets\fish\New Dataset\train_split\EUS\EUS_aug_9.jpg,EUS,train,6.35,34.04,3.08,29.62,0.029,36.33
C:\Users\Asus\PycharmProjects\AquaVision_v1\datasets\fish\New Dataset\train_split\EUS\EUS_aug_90.jpg,EUS,train,6.11,25.36,3.54,28.7,0.22,38.82
C:\Users\Asus\PycharmProjects\AquaVision_v1\datasets\fish\New Dataset\train_split\EUS\EUS_aug_91.jpg,EUS,train,5.94,32.39,4.69,19.43,0.026,43.19
C:\Users\Asus\PycharmProjects\AquaVision_v1\datasets\fish\New Dataset\train_split\EUS\EUS_aug_94.jpg,EUS,val,6.47,34.64,1.89,35.74,0.014,46.36
C:\Users\Asus\PycharmProjects\AquaVision_v1\datasets\fish\New Dataset\train_split\EUS\EUS_aug_95.jpg,EUS,train,5.84,33.62,2.35,29.38,0.017,40.92
C:\Users\Asus\PycharmProjects\AquaVision_v1\datasets\fish\New Dataset\train_split\EUS\EUS_aug_96.jpg,EUS,train,5.91,37.46,3.54,30.45,0.235,56.38
C:\Users\Asus\PycharmProjects\AquaVision_v1\datasets\fish\New Dataset\train_split\Fungal diseases Saprolegniasis\Fungal diseases Saprolegniasis_11.jpg,Fungal diseases Saprolegniasis,train,4.59,29.08,2.83,30.33,0.001,33.67
C:\Users\Asus\PycharmProjects\AquaVision_v1\datasets\fish\New Dataset\train_split\Fungal diseases Saprolegniasis\Fungal diseases Saprolegniasis_117.jpg,Fungal diseases Saprolegniasis,train,6.45,30.97,2.42,22.01,0.315,52.27
C:\Users\Asus\PycharmProjects\AquaVision_v1\datasets\fish\New Dataset\train_split\Fungal diseases Saprolegniasis\Fungal diseases Saprolegniasis_119.jpg,Fungal diseases Saprolegniasis,train,5.63,32.73,2.97,32.76,0.215,32.7
C:\Users\Asus\PycharmProjects\AquaVision_v1\datasets\fish\New Dataset\train_split\Fungal diseases Saprolegniasis\Fungal diseases Saprolegniasis_12.jpg,Fungal diseases Saprolegniasis,train,5.77,27.68,2.97,34.06,0.093,56.46
C:\Users\Asus\PycharmProjects\AquaVision_v1\datasets\fish\New Dataset\train_split\Fungal diseases Saprolegniasis\Fungal diseases Saprolegniasis_120.jpg,Fungal diseases Saprolegniasis,train,6.86,28.16,3.61,25.54,0.063,42.17
C:\Users\Asus\PycharmProjects\AquaVision_v1\datasets\fish\New Dataset\train_split\Fungal diseases Saprolegniasis\Fungal diseases Saprolegniasis_121.jpg,Fungal diseases Saprolegniasis,train,6.73,33.86,3.35,29.01,0.166,25.3
C:\Users\Asus\PycharmProjects\AquaVision_v1\datasets\fish\New Dataset\train_split\Fungal diseases Saprolegniasis\Fungal diseases Saprolegniasis_122.jpg,Fungal diseases Saprolegniasis,val,6.25,28.19,2.33,30.25,0.124,56.96
C:\Users\Asus\PycharmProjects\AquaVision_v1\datasets\fish\New Dataset\train_split\Fungal diseases Saprolegniasis\Fungal diseases Saprolegniasis_129.jpg,Fungal diseases Saprolegniasis,train,6.6,31.17,3.3,37.22,0.295,31.01
C:\Users\Asus\PycharmProjects\AquaVision_v1\datasets\fish\New Dataset\train_split\Fungal diseases Saprolegniasis\Fungal diseases Saprolegniasis_130.jpg,Fungal diseases Saprolegniasis,train,5.91,33.15,2.41,25.25,0.01,56.46
C:\Users\Asus\PycharmProjects\AquaVision_v1\datasets\fish\New Dataset\train_split\Fungal diseases Saprolegniasis\Fungal diseases Saprolegniasis_131.jpg,Fungal diseases Saprolegniasis,train,6.86,30.83,4.15,26.63,0.653,54.02
C:\Users\Asus\PycharmProjects\AquaVision_v1\datasets\fish\New Dataset\train_split\Fungal diseases Saprolegniasis\Fungal diseases Saprolegniasis_133.jpg,Fungal diseases Saprolegniasis,train,6.35,26.99,2.3,28.41,0.224,41.72
C:\Users\Asus\PycharmProjects\AquaVision_v1\datasets\fish\New Dataset\train_split\Fungal diseases Saprolegniasis\Fungal diseases Saprolegniasis_135.jpg,Fungal diseases Saprolegniasis,val,6.02,33.18,3.46,23.52,0.18,58.8
C:\Users\Asus\PycharmProjects\AquaVision_v1\datasets\fish\New Dataset\train_split\Fungal diseases Saprolegniasis\Fungal diseases Saprolegniasis_139.jpg,Fungal diseases Saprolegniasis,val,6.41,31.5,3.62,27.52,0.303,15.77
C:\Users\Asus\PycharmProjects\AquaVision_v1\datasets\fish\New Dataset\train_split\Fungal diseases Saprolegniasis\Fungal diseases Saprolegniasis_14.jpg,Fungal diseases Saprolegniasis,train,5.41,30.74,2.26,34.37,0.401,39.12
C:\Users\Asus\PycharmProjects\AquaVision_v1\datasets\fish\New Dataset\train_split\Fungal diseases Saprolegniasis\Fungal diseases Saprolegniasis_140.jpg,Fungal diseases Saprolegniasis,train,5.23,32.6,4.6,30.65,0.645,36.23
C:\Users\Asus\PycharmProjects\AquaVision_v1\datasets\fish\New Dataset\train_split\Fungal diseases Saprolegniasis\Fungal diseases Saprolegniasis_142.jpg,Fungal diseases Saprolegniasis,train,6.95,30.72,2.84,23.33,0.006,41.72
C:\Users\Asus\PycharmProjects\AquaVision_v1\datasets\fish\New Dataset\train_split\Fungal diseases Saprolegniasis\Fungal diseases Saprolegniasis_143.jpg,Fungal diseases Saprolegniasis,val,6.76,32.42,3.72,28.59,0.046,54.62
C:\Users\Asus\PycharmProjects\AquaVision_v1\datasets\fish\New Dataset\train_split\Fungal diseases Saprolegniasis\Fungal diseases Saprolegniasis_16.jpg,Fungal diseases Saprolegniasis,train,6.59,31.69,3.46,27.45,0.178,41.23
C:\Users\Asus\PycharmProjects\AquaVision_v1\datasets\fish\New Dataset\train_split\Fungal diseases Saprolegniasis\Fungal diseases Saprolegniasis_164.jpg,Fungal diseases Saprolegniasis,train,6.35,30.42,2.84,27.48,0.089,20.74
C:\Users\Asus\PycharmProjects\AquaVision_v1\datasets\fish\New Dataset\train_split\Fungal diseases Saprolegniasis\Fungal diseases Saprolegniasis_165.jpg,Fungal diseases Saprolegniasis,train,6.59,31.52,3.01,33.91,0.317,30.18
C:\Users\Asus\PycharmProjects\AquaVision_v1\datasets\fish\New Dataset\train_split\Fungal diseases Saprolegniasis\Fungal diseases Saprolegniasis_170.jpg,Fungal diseases Saprolegniasis,train,6.18,33.21,4.84,25.22,0.763,41.41
C:\Users\Asus\PycharmProjects\AquaVision_v1\datasets\fish\New Dataset\train_split\Fungal diseases Saprolegniasis\Fungal diseases Saprolegniasis_175.jpg,Fungal diseases Saprolegniasis,train,4.87,33.2,3.63,30.48,0.364,41.24
C:\Users\Asus\PycharmProjects\AquaVision_v1\datasets\fish\New Dataset\train_split\Fungal diseases Saprolegniasis\Fungal diseases Saprolegniasis_179.jpg,Fungal diseases Saprolegniasis,val,5.8,31.74,3.33,33.85,0.086,57.51
C:\Users\Asus\PycharmProjects\AquaVision_v1\datasets\fish\New Dataset\train_split\Fungal diseases Saprolegniasis\Fungal diseases Saprolegniasis_18.jpg,Fungal diseases Saprolegniasis,train,6.93,30.84,2.84,32.06,0.659,46.87
C:\Users\Asus\PycharmProjects\AquaVision_v1\datasets\fish\New Dataset\train_split\Fungal diseases Saprolegniasis\Fungal diseases Saprolegniasis_180.jpg,Fungal diseases Saprolegniasis,train,5.87,34.92,2.57,30.63,0.116,52.76
C:\Users\Asus\PycharmProjects\AquaVision_v1\datasets\fish\New Dataset\train_split\Fungal diseases Saprolegniasis\Fungal diseases Saprolegniasis_181.jpg,Fungal diseases Saprolegniasis,train,6.41,33.89,3.06,25.06,0.098,54.56
C:\Users\Asus\PycharmProjects\AquaVision_v1\datasets\fish\New Dataset\train_split\Fungal diseases Saprolegniasis\Fungal diseases Saprolegniasis_183.jpg,Fungal diseases Saprolegniasis,train,5.38,31.56,3.7,26.8,0.291,41.36
C:\Users\Asus\PycharmProjects\AquaVision_v1\datasets\fish\New Dataset\train_split\Fungal diseases Saprolegniasis\Fungal diseases Saprolegniasis_2.jpg,Fungal diseases Saprolegniasis,train,7.32,31.16,2.98,23.37,0.446,26.84
C:\Users\Asus\PycharmProjects\AquaVision_v1\datasets\fish\New Dataset\train_split\Fungal diseases Saprolegniasis\Fungal diseases Saprolegniasis_203.jpg,Fungal diseases Saprolegniasis,train,6.85,33.97,2.55,23.39,0.45,37.51
C:\Users\Asus\PycharmProjects\AquaVision_v1\datasets\fish\New Dataset\train_split\Fungal diseases Saprolegniasis\Fungal diseases Saprolegniasis_204.jpg,Fungal diseases Saprolegniasis,train,6.79,28.83,3.18,29.95,0.719,52.67
C:\Users\Asus\PycharmProjects\AquaVision_v1\datasets\fish\New Dataset\train_split\Fungal diseases Saprolegniasis\Fungal diseases Saprolegniasis_205.jpg,Fungal diseases Saprolegniasis,val,6.15,32.71,3.45,28.26,0.257,62.64
C:\Users\Asus\PycharmProjects\AquaVision_v1\datasets\fish\New Dataset\train_split\Fungal diseases Saprolegniasis\Fungal diseases Saprolegniasis_206.jpg,Fungal diseases Saprolegniasis,train,6.62,31.66,2.68,31.53,0.234,31.34
C:\Users\Asus\PycharmProjects\AquaVision_v1\datasets\fish\New Dataset\train_split\Fungal diseases Saprolegniasis\Fungal diseases Saprolegniasis_207.jpg,Fungal diseases Saprolegniasis,train,6.41,27.89,2.89,25.58,0.451,43.58
C:\Users\Asus\PycharmProjects\AquaVision_v1\datasets\fish\New Dataset\train_split\Fungal diseases Saprolegniasis\Fungal diseases Saprolegniasis_213.jpg,Fungal diseases Saprolegniasis,train,4.87,29.64,2.12,33.68,0.58,50.92
C:\Users\Asus\PycharmProjects\AquaVision_v1\datasets\fish\New Dataset\train_split\Fungal diseases Saprolegniasis\Fungal diseases Saprolegniasis_218.jpg,Fungal diseases Saprolegniasis,train,6.94,32.8,2.39,26.85,0.038,54.69
C:\Users\Asus\PycharmProjects\AquaVision_v1\datasets\fish\New Dataset\train_split\Fungal diseases Saprolegniasis\Fungal diseases Saprolegniasis_223.jpg,Fungal diseases Saprolegniasis,train,6.5,35.67,2.6,21.34,0.017,24.98
C:\Users\Asus\PycharmProjects\AquaVision_v1\datasets\fish\New Dataset\train_split\Fungal diseases Saprolegniasis\Fungal diseases Saprolegniasis_224.jpg,Fungal diseases Saprolegniasis,val,6.22,31.33,1.92,20.74,0.303,58.92
C:\Users\Asus\PycharmProjects\AquaVision_v1\datasets\fish\New Dataset\train_split\Fungal diseases Saprolegniasis\Fungal diseases Saprolegniasis_238.jpg,Fungal diseases Saprolegniasis,train,5.93,31.69,2.52,28.18,0.188,31.34
C:\Users\Asus\PycharmProjects\AquaVision_v1\datasets\fish\New Dataset\train_split\Fungal diseases Saprolegniasis\Fungal diseases Saprolegniasis_239.jpg,Fungal diseases Saprolegniasis,val,5.04,30.25,3.57,26.67,0.047,32.07
C:\Users\Asus\PycharmProjects\AquaVision_v1\datasets\fish\New Dataset\train_split\Fungal diseases Saprolegniasis\Fungal diseases Saprolegniasis_24.jpg,Fungal diseases Saprolegniasis,train,5.92,25.61,2.9,31.92,0.202,41.13
C:\Users\Asus\PycharmProjects\AquaVision_v1\datasets\fish\New Dataset\train_split\Fungal diseases Saprolegniasis\Fungal diseases Saprolegniasis_240.jpg,Fungal diseases Saprolegniasis,train,6.3,30.68,3.15,26.95,0.565,35.51
C:\Users\Asus\PycharmProjects\AquaVision_v1\datasets\fish\New Dataset\train_split\Fungal diseases Saprolegniasis\Fungal diseases Saprolegniasis_245.jpg,Fungal diseases Saprolegniasis,train,5.53,28.19,4.84,30.12,0.28,48.04
C:\Users\Asus\PycharmProjects\AquaVision_v1\datasets\fish\New Dataset\train_split\Fungal diseases Saprolegniasis\Fungal diseases Saprolegniasis_246.jpg,Fungal diseases Saprolegniasis,train,6.03,31.54,2.42,28.64,0.037,34.32
C:\Users\Asus\PycharmProjects\AquaVision_v1\datasets\fish\New Dataset\train_split\Fungal diseases Saprolegniasis\Fungal diseases Saprolegniasis_247.jpg,Fungal diseases Saprolegniasis,train,5.29,32.41,4.17,24.48,0.844,36.8
C:\Users\Asus\PycharmProjects\AquaVision_v1\datasets\fish\New Dataset\train_split\Fungal diseases Saprolegniasis\Fungal diseases Saprolegniasis_26.jpg,Fungal diseases Saprolegniasis,val,6.01,32.08,4.61,25.97,0.221,50.58
C:\Users\Asus\PycharmProjects\AquaVision_v1\datasets\fish\New Dataset\train_split\Fungal diseases Saprolegniasis\Fungal diseases Saprolegniasis_27.jpg,Fungal diseases Saprolegniasis,val,4.97,28.28,3.1,23.53,0.142,51.43
C:\Users\Asus\PycharmProjects\AquaVision_v1\datasets\fish\New Dataset\train_split\Fungal diseases Saprolegniasis\Fungal diseases Saprolegniasis_31.png,Fungal diseases Saprolegniasis,train,5.5,31.32,2.91,28.71,0.029,13.59
C:\Users\Asus\PycharmProjects\AquaVision_v1\datasets\fish\New Dataset\train_split\Fungal diseases Saprolegniasis\Fungal diseases Saprolegniasis_33.jpg,Fungal diseases Saprolegniasis,train,6.58,28.53,4.99,29.91,0.231,43.47
C:\Users\Asus\PycharmProjects\AquaVision_v1\datasets\fish\New Dataset\train_split\Fungal diseases Saprolegniasis\Fungal diseases Saprolegniasis_34.jpg,Fungal diseases Saprolegniasis,train,6.01,31.87,2.41,27.41,0.453,37.49
C:\Users\Asus\PycharmProjects\AquaVision_v1\datasets\fish\New Dataset\train_split\Fungal diseases Saprolegniasis\Fungal diseases Saprolegniasis_35.jpg,Fungal diseases Saprolegniasis,train,6.41,28.65,2.76,26.87,0.127,55.51
C:\Users\Asus\PycharmProjects\AquaVision_v1\datasets\fish\New Dataset\train_split\Fungal diseases Saprolegniasis\Fungal diseases Saprolegniasis_36.jpg,Fungal diseases Saprolegniasis,train,6.67,30.25,3.57,27.44,0.731,42.27
C:\Users\Asus\PycharmProjects\AquaVision_v1\datasets\fish\New Dataset\train_split\Fungal diseases Saprolegniasis\Fungal diseases Saprolegniasis_37.jpg,Fungal diseases Saprolegniasis,train,5.92,32.67,1.96,26.55,0.029,47.97
C:\Users\Asus\PycharmProjects\AquaVision_v1\datasets\fish\New Dataset\train_split\Fungal diseases Saprolegniasis\Fungal diseases Saprolegniasis_39.jpg,Fungal diseases Saprolegniasis,train,6.42,34.73,2.89,33.92,0.355,31.64
C:\Users\Asus\PycharmProjects\AquaVision_v1\datasets\fish\New Dataset\train_split\Fungal diseases Saprolegniasis\Fungal diseases Saprolegniasis_41.jpg,Fungal diseases Saprolegniasis,train,5.7,31.77,3.16,30.5,0.676,42.77
C:\Users\Asus\PycharmProjects\AquaVision_v1\datasets\fish\New Dataset\train_split\Fungal diseases Saprolegniasis\Fungal diseases Saprolegniasis_43.jpg,Fungal diseases Saprolegniasis,train,5.92,34.42,3.12,31.31,0.341,29.61
C:\Users\Asus\PycharmProjects\AquaVision_v1\datasets\fish\New Dataset\train_split\Fungal diseases Saprolegniasis\Fungal diseases Saprolegniasis_46.jpg,Fungal diseases Saprolegniasis,train,5.99,34.81,2.84,34.4,0.083,53.92
C:\Users\Asus\PycharmProjects\AquaVision_v1\datasets\fish\New Dataset\train_split\Fungal diseases Saprolegniasis\Fungal diseases Saprolegniasis_5.jpg,Fungal diseases Saprolegniasis,train,6.09,31.25,4.13,34.35,0.388,53.36
C:\Users\Asus\PycharmProjects\AquaVision_v1\datasets\fish\New Dataset\train_split\Fungal diseases Saprolegniasis\Fungal diseases Saprolegniasis_54.png,Fungal diseases Saprolegniasis,train,5.63,32.25,1.65,27.38,0.533,33.44
C:\Users\Asus\PycharmProjects\AquaVision_v1\datasets\fish\New Dataset\train_split\Fungal diseases Saprolegniasis\Fungal diseases Saprolegniasis_55.jpg,Fungal diseases Saprolegniasis,val,6.28,33.87,3.47,22.81,0.176,35.55
C:\Users\Asus\PycharmProjects\AquaVision_v1\datasets\fish\New Dataset\train_split\Fungal diseases Saprolegniasis\Fungal diseases Saprolegniasis_56.jpg,Fungal diseases Saprolegniasis,val,5.95,26.75,2.61,27.22,0.355,51.66
C:\Users\Asus\PycharmProjects\AquaVision_v1\datasets\fish\New Dataset\train_split\Fungal diseases Saprolegniasis\Fungal diseases Saprolegniasis_58.jpg,Fungal diseases Saprolegniasis,train,5.48,33.2,3.24,30.78,0.445,37.19
C:\Users\Asus\PycharmProjects\AquaVision_v1\datasets\fish\New Dataset\train_split\Fungal diseases Saprolegniasis\Fungal diseases Saprolegniasis_59.jpg,Fungal diseases Saprolegniasis,train,5.94,30.97,3.01,29.96,0.971,33.2
C:\Users\Asus\PycharmProjects\AquaVision_v1\datasets\fish\New Dataset\train_split\Fungal diseases Saprolegniasis\Fungal diseases Saprolegniasis_6.jpg,Fungal diseases Saprolegniasis,train,6.12,34.37,3.82,27.97,0.552,38.09
C:\Users\Asus\PycharmProjects\AquaVision_v1\datasets\fish\New Dataset\train_split\Fungal diseases Saprolegniasis\Fungal diseases Saprolegniasis_60.jpg,Fungal diseases Saprolegniasis,train,6.68,30.25,2.01,33.11,0.566,44.39
C:\Users\Asus\PycharmProjects\AquaVision_v1\datasets\fish\New Dataset\train_split\Fungal diseases Saprolegniasis\Fungal diseases Saprolegniasis_63.jpg,Fungal diseases Saprolegniasis,train,6.35,28.18,3.14,26.66,1.066,43.29
C:\Users\Asus\PycharmProjects\AquaVision_v1\datasets\fish\New Dataset\train_split\Fungal diseases Saprolegniasis\Fungal diseases Saprolegniasis_64.jpg,Fungal diseases Saprolegniasis,train,5.96,30.54,1.93,22.07,0.279,56.52
C:\Users\Asus\PycharmProjects\AquaVision_v1\datasets\fish\New Dataset\train_split\Fungal diseases Saprolegniasis\Fungal diseases Saprolegniasis_66.jpg,Fungal diseases Saprolegniasis,train,6.37,30.08,2.48,30.29,0.235,35.71
C:\Users\Asus\PycharmProjects\AquaVision_v1\datasets\fish\New Dataset\train_split\Fungal diseases Saprolegniasis\Fungal diseases Saprolegniasis_67.jpg,Fungal diseases Saprolegniasis,train,6.78,27.01,4.39,36.22,0.045,60.43
C:\Users\Asus\PycharmProjects\AquaVision_v1\datasets\fish\New Dataset\train_split\Fungal diseases Saprolegniasis\Fungal diseases Saprolegniasis_68.jpg,Fungal diseases Saprolegniasis,train,5.46,26.79,3.11,34.42,0.705,38.2
C:\Users\Asus\PycharmProjects\AquaVision_v1\datasets\fish\New Dataset\train_split\Fungal diseases Saprolegniasis\Fungal diseases Saprolegniasis_69.jpg,Fungal diseases Saprolegniasis,train,5.1,36.09,4.79,27.48,0.079,39.22
C:\Users\Asus\PycharmProjects\AquaVision_v1\datasets\fish\New Dataset\train_split\Fungal diseases Saprolegniasis\Fungal diseases Saprolegniasis_70.jpg,Fungal diseases Saprolegniasis,train,6.52,30.13,2.27,33.12,0.196,40.43
C:\Users\Asus\PycharmProjects\AquaVision_v1\datasets\fish\New Dataset\train_split\Fungal diseases Saprolegniasis\Fungal diseases Saprolegniasis_71.jpg,Fungal diseases Saprolegniasis,train,5.52,31.27,2.8,26.64,0.337,55.22
C:\Users\Asus\PycharmProjects\AquaVision_v1\datasets\fish\New Dataset\train_split\Fungal diseases Saprolegniasis\Fungal diseases Saprolegniasis_72.jpg,Fungal diseases Saprolegniasis,train,5.51,30.14,3.81,29.79,0.289,46.19
C:\Users\Asus\PycharmProjects\AquaVision_v1\datasets\fish\New Dataset\train_split\Fungal diseases Saprolegniasis\Fungal diseases Saprolegniasis_73.jpg,Fungal diseases Saprolegniasis,val,5.66,35.62,3.63,32.25,0.592,41.76
C:\Users\Asus\PycharmProjects\AquaVision_v1\datasets\fish\New Dataset\train_split\Fungal diseases Saprolegniasis\Fungal diseases Saprolegniasis_74.jpg,Fungal diseases Saprolegniasis,train,7.07,32.82,3.13,33.51,0.15,48.29
C:\Users\Asus\PycharmProjects\AquaVision_v1\datasets\fish\New Dataset\train_split\Fungal diseases Saprolegniasis\Fungal diseases Saprolegniasis_76.jpg,Fungal diseases Saprolegniasis,train,4.47,32.51,3.25,30.28,0.418,36.86
C:\Users\Asus\PycharmProjects\AquaVision_v1\datasets\fish\New Dataset\train_split\Fungal diseases Saprolegniasis\Fungal diseases Saprolegniasis_77.jpg,Fungal diseases Saprolegniasis,val,6.83,36.03,3.4,29.1,0.033,42.25
C:\Users\Asus\PycharmProjects\AquaVision_v1\datasets\fish\New Dataset\train_split\Fungal diseases Saprolegniasis\Fungal diseases Saprolegniasis_78.jpg,Fungal diseases Saprolegniasis,train,6.77,30.52,4.04,25.56,0.001,52.96
C:\Users\Asus\PycharmProjects\AquaVision_v1\datasets\fish\New Dataset\train_split\Fungal diseases Saprolegniasis\Fungal diseases Saprolegniasis_8.jpg,Fungal diseases Saprolegniasis,train,6.25,30.02,2.86,21.18,0.023,54.4
C:\Users\Asus\PycharmProjects\AquaVision_v1\datasets\fish\New Dataset\train_split\Fungal diseases Saprolegniasis\Fungal diseases Saprolegniasis_81.jpg,Fungal diseases Saprolegniasis,train,5.67,32.65,3.39,31.98,0.029,50.76
C:\Users\Asus\PycharmProjects\AquaVision_v1\datasets\fish\New Dataset\train_split\Fungal diseases Saprolegniasis\Fungal diseases Saprolegniasis_83.jpg,Fungal diseases Saprolegniasis,val,6.29,32.43,4.32,32.76,0.134,41.97
C:\Users\Asus\PycharmProjects\AquaVision_v1\datasets\fish\New Dataset\train_split\Fungal diseases Saprolegniasis\Fungal diseases Saprolegniasis_87.jpg,Fungal diseases Saprolegniasis,train,7.3,27.86,2.4,29.09,0.181,48.42
C:\Users\Asus\PycharmProjects\AquaVision_v1\datasets\fish\New Dataset\train_split\Fungal diseases Saprolegniasis\Fungal diseases Saprolegniasis_88.jpg,Fungal diseases Saprolegniasis,train,6.48,28.12,4.08,26.49,0.749,40.19
C:\Users\Asus\PycharmProjects\AquaVision_v1\datasets\fish\New Dataset\train_split\Fungal diseases Saprolegniasis\Fungal diseases Saprolegniasis_90.jpg,Fungal diseases Saprolegniasis,train,6.82,28.43,2.83,27.62,0.585,41.12
C:\Users\Asus\PycharmProjects\AquaVision_v1\datasets\fish\New Dataset\train_split\Fungal diseases Saprolegniasis\Fungal diseases Saprolegniasis_93.jpg,Fungal diseases Saprolegniasis,train,6.0,30.83,1.83,29.57,0.017,23.61
C:\Users\Asus\PycharmProjects\AquaVision_v1\datasets\fish\New Dataset\train_split\Fungal diseases Saprolegniasis\Fungal diseases Saprolegniasis_95.jpg,Fungal diseases Saprolegniasis,train,5.98,32.55,3.48,23.97,0.238,29.7
C:\Users\Asus\PycharmProjects\AquaVision_v1\datasets\fish\New Dataset\train_split\Fungal diseases Saprolegniasis\Fungal diseases Saprolegniasis_97.jpg,Fungal diseases Saprolegniasis,train,4.61,29.85,4.53,26.1,0.079,42.23
C:\Users\Asus\PycharmProjects\AquaVision_v1\datasets\fish\New Dataset\train_split\Fungal diseases Saprolegniasis\Fungal diseases Saprolegniasis_98.jpg,Fungal diseases Saprolegniasis,train,5.65,33.63,1.73,28.99,0.75,53.87
C:\Users\Asus\PycharmProjects\AquaVision_v1\datasets\fish\New Dataset\train_split\Fungal diseases Saprolegniasis\Fungal diseases Saprolegniasis_aug_0.jpg,Fungal diseases Saprolegniasis,train,5.23,28.69,4.17,30.13,0.381,54.68
C:\Users\Asus\PycharmProjects\AquaVision_v1\datasets\fish\New Dataset\train_split\Fungal diseases Saprolegniasis\Fungal diseases Saprolegniasis_aug_10.jpg,Fungal diseases Saprolegniasis,val,4.97,28.75,2.87,29.15,0.009,43.11
C:\Users\Asus\PycharmProjects\AquaVision_v1\datasets\fish\New Dataset\train_split\Fungal diseases Saprolegniasis\Fungal diseases Saprolegniasis_aug_100.jpg,Fungal diseases Saprolegniasis,train,6.66,27.18,2.0,28.72,0.045,45.15
C:\Users\Asus\PycharmProjects\AquaVision_v1\datasets\fish\New Dataset\train_split\Fungal diseases Saprolegniasis\Fungal diseases Saprolegniasis_aug_101.jpg,Fungal diseases Saprolegniasis,train,5.14,30.87,3.72,28.28,0.1,43.67
C:\Users\Asus\PycharmProjects\AquaVision_v1\datasets\fish\New Dataset\train_split\Fungal diseases Saprolegniasis\Fungal diseases Saprolegniasis_aug_103.jpg,Fungal diseases Saprolegniasis,train,6.42,26.82,2.53,23.15,0.156,35.21
C:\Users\Asus\PycharmProjects\AquaVision_v1\datasets\fish\New Dataset\train_split\Fungal diseases Saprolegniasis\Fungal diseases Saprolegniasis_aug_105.jpg,Fungal diseases Saprolegniasis,train,6.09,31.96,2.41,33.32,0.485,28.24
C:\Users\Asus\PycharmProjects\AquaVision_v1\datasets\fish\New Dataset\train_split\Fungal diseases Saprolegniasis\Fungal diseases Saprolegniasis_aug_107.jpg,Fungal diseases Saprolegniasis,train,5.62,35.19,2.85,22.74,0.02,34.34
C:\Users\Asus\PycharmProjects\AquaVision_v1\datasets\fish\New Dataset\train_split\Fungal diseases Saprolegniasis\Fungal diseases Saprolegniasis_aug_108.jpg,Fungal diseases Saprolegniasis,train,6.61,37.92,3.0,20.3,0.053,59.94
C:\Users\Asus\PycharmProjects\AquaVision_v1\datasets\fish\New Dataset\train_split\Fungal diseases Saprolegniasis\Fungal diseases Saprolegniasis_aug_109.jpg,Fungal diseases Saprolegniasis,train,5.54,32.68,3.0,20.3,0.149,53.67
C:\Users\Asus\PycharmProjects\AquaVision_v1\datasets\fish\New Dataset\train_split\Fungal diseases Saprolegniasis\Fungal diseases Saprolegniasis_aug_112.jpg,Fungal diseases Saprolegniasis,train,6.98,28.5,4.03,25.39,0.092,26.33
C:\Users\Asus\PycharmProjects\AquaVision_v1\datasets\fish\New Dataset\train_split\Fungal diseases Saprolegniasis\Fungal diseases Saprolegniasis_aug_114.jpg,Fungal diseases Saprolegniasis,train,5.85,31.99,2.83,26.77,0.191,49.31
C:\Users\Asus\PycharmProjects\AquaVision_v1\datasets\fish\New Dataset\train_split\Fungal diseases Saprolegniasis\Fungal diseases Saprolegniasis_aug_115.jpg,Fungal diseases Saprolegniasis,train,6.49,31.49,1.18,29.71,0.601,48.92
C:\Users\Asus\PycharmProjects\AquaVision_v1\datasets\fish\New Dataset\train_split\Fungal diseases Saprolegniasis\Fungal diseases Saprolegniasis_aug_116.jpg,Fungal diseases Saprolegniasis,train,6.44,31.84,0.81,29.63,0.141,31.56
C:\Users\Asus\PycharmProjects\AquaVision_v1\datasets\fish\New Dataset\train_split\Fungal diseases Saprolegniasis\Fungal diseases Saprolegniasis_aug_118.jpg,Fungal diseases Saprolegniasis,train,5.67,31.32,2.35,29.68,0.088,53.47
C:\Users\Asus\PycharmProjects\AquaVision_v1\datasets\fish\New Dataset\train_split\Fungal diseases Saprolegniasis\Fungal diseases Saprolegniasis_aug_12.jpg,Fungal diseases Saprolegniasis,train,6.7,33.34,3.86,29.49,0.51,28.43
C:\Users\Asus\PycharmProjects\AquaVision_v1\datasets\fish\New Dataset\train_split\Fungal diseases Saprolegniasis\Fungal diseases Saprolegniasis_aug_122.jpg,Fungal diseases Saprolegniasis,train,7.22,33.7,3.13,27.48,0.036,29.63
C:\Users\Asus\PycharmProjects\AquaVision_v1\datasets\fish\New Dataset\train_split\Fungal diseases Saprolegniasis\Fungal diseases Saprolegniasis_aug_125.jpg,Fungal diseases Saprolegniasis,train,5.82,28.25,2.84,26.38,0.069,72.23
C:\Users\Asus\PycharmProjects\AquaVision_v1\datasets\fish\New Dataset\train_split\Fungal diseases Saprolegniasis\Fungal diseases Saprolegniasis_aug_126.jpg,Fungal diseases Saprolegniasis,train,6.46,29.01,4.06,28.9,0.143,51.07
C:\Users\Asus\PycharmProjects\AquaVision_v1\datasets\fish\New Dataset\train_split\Fungal diseases Saprolegniasis\Fungal diseases Saprolegniasis_aug_127.jpg,Fungal diseases Saprolegniasis,train,5.76,33.18,3.61,27.25,0.045,44.42
C:\Users\Asus\PycharmProjects\AquaVision_v1\datasets\fish\New Dataset\train_split\Fungal diseases Saprolegniasis\Fungal diseases Saprolegniasis_aug_129.jpg,Fungal diseases Saprolegniasis,train,5.76,31.08,3.22,24.26,0.222,45.78
C:\Users\Asus\PycharmProjects\AquaVision_v1\datasets\fish\New Dataset\train_split\Fungal diseases Saprolegniasis\Fungal diseases Saprolegniasis_aug_13.jpg,Fungal diseases Saprolegniasis,train,6.12,30.6,3.46,31.0,1.005,39.29
C:\Users\Asus\PycharmProjects\AquaVision_v1\datasets\fish\New Dataset\train_split\Fungal diseases Saprolegniasis\Fungal diseases Saprolegniasis_aug_130.jpg,Fungal diseases Saprolegniasis,train,6.68,32.52,2.93,29.3,0.207,49.8
C:\Users\Asus\PycharmProjects\AquaVision_v1\datasets\fish\New Dataset\train_split\Fungal diseases Saprolegniasis\Fungal diseases Saprolegniasis_aug_132.jpg,Fungal diseases Saprolegniasis,train,4.8,32.21,3.73,30.99,0.604,45.46
C:\Users\Asus\PycharmProjects\AquaVision_v1\datasets\fish\New Dataset\train_split\Fungal diseases Saprolegniasis\Fungal diseases Saprolegniasis_aug_133.jpg,Fungal diseases Saprolegniasis,train,6.0,30.93,3.31,32.44,0.437,29.99
C:\Users\Asus\PycharmProjects\AquaVision_v1\datasets\fish\New Dataset\train_split\Fungal diseases Saprolegniasis\Fungal diseases Saprolegniasis_aug_134.jpg,Fungal diseases Saprolegniasis,train,5.42,34.34,3.1,29.48,0.169,39.34
C:\Users\Asus\PycharmProjects\AquaVision_v1\datasets\fish\New Dataset\train_split\Fungal diseases Saprolegniasis\Fungal diseases Saprolegniasis_aug_137.jpg,Fungal diseases Saprolegniasis,train,6.3,28.98,0.78,19.74,0.281,57.22
C:\Users\Asus\PycharmProjects\AquaVision_v1\datasets\fish\New Dataset\train_split\Fungal diseases Saprolegniasis\Fungal diseases Saprolegniasis_aug_138.jpg,Fungal diseases Saprolegniasis,train,5.34,28.49,2.62,29.47,0.017,61.87
C:\Users\Asus\PycharmProjects\AquaVision_v1\datasets\fish\New Dataset\train_split\Fungal diseases Saprolegniasis\Fungal diseases Saprolegniasis_aug_14.jpg,Fungal diseases Saprolegniasis,train,5.69,30.7,4.41,27.13,0.653,44.69
C:\Users\Asus\PycharmProjects\AquaVision_v1\datasets\fish\New Dataset\train_split\Fungal diseases Saprolegniasis\Fungal diseases Saprolegniasis_aug_144.jpg,Fungal diseases Saprolegniasis,train,6.48,29.81,2.77,30.56,0.026,44.71
C:\Users\Asus\PycharmProjects\AquaVision_v1\datasets\fish\New Dataset\train_split\Fungal diseases Saprolegniasis\Fungal diseases Saprolegniasis_aug_147.jpg,Fungal diseases Saprolegniasis,train,5.86,32.56,4.64,23.21,0.393,40.73
C:\Users\Asus\PycharmProjects\AquaVision_v1\datasets\fish\New Dataset\train_split\Fungal diseases Saprolegniasis\Fungal diseases Saprolegniasis_aug_148.jpg,Fungal diseases Saprolegniasis,train,6.08,28.73,3.65,26.38,0.646,39.94
C:\Users\Asus\PycharmProjects\AquaVision_v1\datasets\fish\New Dataset\train_split\Fungal diseases Saprolegniasis\Fungal diseases Saprolegniasis_aug_149.jpg,Fungal diseases Saprolegniasis,train,6.7,35.34,3.51,28.43,0.446,42.5
C:\Users\Asus\PycharmProjects\AquaVision_v1\datasets\fish\New Dataset\train_split\Fungal diseases Saprolegniasis\Fungal diseases Saprolegniasis_aug_15.jpg,Fungal diseases Saprolegniasis,train,6.28,31.29,3.9,28.09,0.859,40.36
C:\Users\Asus\PycharmProjects\AquaVision_v1\datasets\fish\New Dataset\train_split\Fungal diseases Saprolegniasis\Fungal diseases Saprolegniasis_aug_151.jpg,Fungal diseases Saprolegniasis,train,6.61,26.05,4.82,31.45,0.025,36.7
C:\Users\Asus\PycharmProjects\AquaVision_v1\datasets\fish\New Dataset\train_split\Fungal diseases Saprolegniasis\Fungal diseases Saprolegniasis_aug_152.jpg,Fungal diseases Saprolegniasis,train,7.03,27.45,3.29,27.57,0.148,44.35
C:\Users\Asus\PycharmProjects\AquaVision_v1\datasets\fish\New Dataset\train_split\Fungal diseases Saprolegniasis\Fungal diseases Saprolegniasis_aug_155.jpg,Fungal diseases Saprolegniasis,train,6.61,28.57,3.26,33.74,0.081,27.61
C:\Users\Asus\PycharmProjects\AquaVision_v1\datasets\fish\New Dataset\train_split\Fungal diseases Saprolegniasis\Fungal diseases Saprolegniasis_aug_158.jpg,Fungal diseases Saprolegniasis,val,5.87,32.85,3.06,29.66,0.266,43.73
C:\Users\Asus\PycharmProjects\AquaVision_v1\datasets\fish\New Dataset\train_split\Fungal diseases Saprolegniasis\Fungal diseases Saprolegniasis_aug_160.jpg,Fungal diseases Saprolegniasis,train,5.98,32.95,3.24,32.18,0.149,42.99
C:\Users\Asus\PycharmProjects\AquaVision_v1\datasets\fish\New Dataset\train_split\Fungal diseases Saprolegniasis\Fungal diseases Saprolegniasis_aug_162.jpg,Fungal diseases Saprolegniasis,train,6.04,31.65,3.63,23.0,0.019,41.44
C:\Users\Asus\PycharmProjects\AquaVision_v1\datasets\fish\New Dataset\train_split\Fungal diseases Saprolegniasis\Fungal diseases Saprolegniasis_aug_164.jpg,Fungal diseases Saprolegniasis,train,6.32,34.58,1.71,25.26,0.346,44.06
C:\Users\Asus\PycharmProjects\AquaVision_v1\datasets\fish\New Dataset\train_split\Fungal diseases Saprolegniasis\Fungal diseases Saprolegniasis_aug_169.jpg,Fungal diseases Saprolegniasis,val,4.99,29.73,1.5,28.13,0.354,55.44
C:\Users\Asus\PycharmProjects\AquaVision_v1\datasets\fish\New Dataset\train_split\Fungal diseases Saprolegniasis\Fungal diseases Saprolegniasis_aug_17.jpg,Fungal diseases Saprolegniasis,train,6.17,32.46,2.85,22.36,0.244,47.75
C:\Users\Asus\PycharmProjects\AquaVision_v1\datasets\fish\New Dataset\train_split\Fungal diseases Saprolegniasis\Fungal diseases Saprolegniasis_aug_172.jpg,Fungal diseases Saprolegniasis,val,6.0,33.99,2.82,29.08,0.126,40.01
C:\Users\Asus\PycharmProjects\AquaVision_v1\datasets\fish\New Dataset\train_split\Fungal diseases Saprolegniasis\Fungal diseases Saprolegniasis_aug_174.jpg,Fungal diseases Saprolegniasis,train,5.64,34.11,3.78,28.26,0.416,61.65
C:\Users\Asus\PycharmProjects\AquaVision_v1\datasets\fish\New Dataset\train_split\Fungal diseases Saprolegniasis\Fungal diseases Saprolegniasis_aug_175.jpg,Fungal diseases Saprolegniasis,val,6.21,28.44,4.68,31.96,0.667,26.56
C:\Users\Asus\PycharmProjects\AquaVision_v1\datasets\fish\New Dataset\train_split\Fungal diseases Saprolegniasis\Fungal diseases Saprolegniasis_aug_177.jpg,Fungal diseases Saprolegniasis,train,5.63,29.99,3.86,18.44,0.04,34.8
C:\Users\Asus\PycharmProjects\AquaVision_v1\datasets\fish\New Dataset\train_split\Fungal diseases Saprolegniasis\Fungal diseases Saprolegniasis_aug_178.jpg,Fungal diseases Saprolegniasis,val,6.69,30.38,3.37,22.61,0.006,49.51
C:\Users\Asus\PycharmProjects\AquaVision_v1\datasets\fish\New Dataset\train_split\Fungal diseases Saprolegniasis\Fungal diseases Saprolegniasis_aug_181.jpg,Fungal diseases Saprolegniasis,train,6.98,30.5,2.88,32.12,0.237,64.82
C:\Users\Asus\PycharmProjects\AquaVision_v1\datasets\fish\New Dataset\train_split\Fungal diseases Saprolegniasis\Fungal diseases Saprolegniasis_aug_185.jpg,Fungal diseases Saprolegniasis,val,5.55,28.95,2.25,29.77,0.049,48.72
C:\Users\Asus\PycharmProjects\AquaVision_v1\datasets\fish\New Dataset\train_split\Fungal diseases Saprolegniasis\Fungal diseases Saprolegniasis_aug_186.jpg,Fungal diseases Saprolegniasis,val,6.44,27.19,2.72,31.28,0.356,40.32
C:\Users\Asus\PycharmProjects\AquaVision_v1\datasets\fish\New Dataset\train_split\Fungal diseases Saprolegniasis\Fungal diseases Saprolegniasis_aug_188.jpg,Fungal diseases Saprolegniasis,train,5.33,30.25,3.46,25.7,0.078,44.48
C:\Users\Asus\PycharmProjects\AquaVision_v1\datasets\fish\New Dataset\train_split\Fungal diseases Saprolegniasis\Fungal diseases Saprolegniasis_aug_189.jpg,Fungal diseases Saprolegniasis,train,5.61,32.68,3.8,25.49,0.226,24.47
C:\Users\Asus\PycharmProjects\AquaVision_v1\datasets\fish\New Dataset\train_split\Fungal diseases Saprolegniasis\Fungal diseases Saprolegniasis_aug_190.jpg,Fungal diseases Saprolegniasis,train,6.43,30.43,2.86,36.03,0.238,35.6
C:\Users\Asus\PycharmProjects\AquaVision_v1\datasets\fish\New Dataset\train_split\Fungal diseases Saprolegniasis\Fungal diseases Saprolegniasis_aug_191.jpg,Fungal diseases Saprolegniasis,train,5.53,30.21,2.56,30.28,0.027,58.91
C:\Users\Asus\PycharmProjects\AquaVision_v1\datasets\fish\New Dataset\train_split\Fungal diseases Saprolegniasis\Fungal diseases Saprolegniasis_aug_192.jpg,Fungal diseases Saprolegniasis,train,6.44,31.26,1.85,30.07,0.161,43.0
C:\Users\Asus\PycharmProjects\AquaVision_v1\datasets\fish\New Dataset\train_split\Fungal diseases Saprolegniasis\Fungal diseases Saprolegniasis_aug_195.jpg,Fungal diseases Saprolegniasis,train,5.76,29.78,1.0,29.62,0.227,36.54
C:\Users\Asus\PycharmProjects\AquaVision_v1\datasets\fish\New Dataset\train_split\Fungal diseases Saprolegniasis\Fungal diseases Saprolegniasis_aug_197.jpg,Fungal diseases Saprolegniasis,train,5.45,30.15,4.37,22.36,0.198,38.07
C:\Users\Asus\PycharmProjects\AquaVision_v1\datasets\fish\New Dataset\train_split\Fungal diseases Saprolegniasis\Fungal diseases Saprolegniasis_aug_201.jpg,Fungal diseases Saprolegniasis,train,5.38,32.02,3.66,19.76,0.114,52.99
C:\Users\Asus\PycharmProjects\AquaVision_v1\datasets\fish\New Dataset\train_split\Fungal diseases Saprolegniasis\Fungal diseases Saprolegniasis_aug_202.jpg,Fungal diseases Saprolegniasis,train,6.85,33.84,3.28,26.19,0.166,41.9
C:\Users\Asus\PycharmProjects\AquaVision_v1\datasets\fish\New Dataset\train_split\Fungal diseases Saprolegniasis\Fungal diseases Saprolegniasis_aug_204.jpg,Fungal diseases Saprolegniasis,train,5.77,25.51,4.21,28.76,0.303,41.2
C:\Users\Asus\PycharmProjects\AquaVision_v1\datasets\fish\New Dataset\train_split\Fungal diseases Saprolegniasis\Fungal diseases Saprolegniasis_aug_205.jpg,Fungal diseases Saprolegniasis,val,4.42,32.09,2.06,30.0,0.709,28.08
C:\Users\Asus\PycharmProjects\AquaVision_v1\datasets\fish\New Dataset\train_split\Fungal diseases Saprolegniasis\Fungal diseases Saprolegniasis_aug_206.jpg,Fungal diseases Saprolegniasis,train,6.58,29.87,3.53,32.06,0.095,33.28
C:\Users\Asus\PycharmProjects\AquaVision_v1\datasets\fish\New Dataset\train_split\Fungal diseases Saprolegniasis\Fungal diseases Saprolegniasis_aug_207.jpg,Fungal diseases Saprolegniasis,train,6.32,29.73,3.35,31.57,0.108,50.88
C:\Users\Asus\PycharmProjects\AquaVision_v1\datasets\fish\New Dataset\train_split\Fungal diseases Saprolegniasis\Fungal diseases Saprolegniasis_aug_208.jpg,Fungal diseases Saprolegniasis,val,5.29,28.84,4.83,36.02,0.027,44.03
C:\Users\Asus\PycharmProjects\AquaVision_v1\datasets\fish\New Dataset\train_split\Fungal diseases Saprolegniasis\Fungal diseases Saprolegniasis_aug_209.jpg,Fungal diseases Saprolegniasis,train,6.06,27.48,3.14,33.99,0.102,45.99
C:\Users\Asus\PycharmProjects\AquaVision_v1\datasets\fish\New Dataset\train_split\Fungal diseases Saprolegniasis\Fungal diseases Saprolegniasis_aug_21.jpg,Fungal diseases Saprolegniasis,train,5.6,31.66,3.25,27.13,0.16,42.07
C:\Users\Asus\PycharmProjects\AquaVision_v1\datasets\fish\New Dataset\train_split\Fungal diseases Saprolegniasis\Fungal diseases Saprolegniasis_aug_212.jpg,Fungal diseases Saprolegniasis,train,6.29,31.54,4.1,30.71,0.374,59.22
C:\Users\Asus\PycharmProjects\AquaVision_v1\datasets\fish\New Dataset\train_split\Fungal diseases Saprolegniasis\Fungal diseases Saprolegniasis_aug_216.jpg,Fungal diseases Saprolegniasis,train,6.2,32.52,1.73,33.22,1.001,46.35
C:\Users\Asus\PycharmProjects\AquaVision_v1\datasets\fish\New Dataset\train_split\Fungal diseases Saprolegniasis\Fungal diseases Saprolegniasis_aug_218.jpg,Fungal diseases Saprolegniasis,train,5.89,31.57,2.73,33.1,0.01,57.86
C:\Users\Asus\PycharmProjects\AquaVision_v1\datasets\fish\New Dataset\train_split\Fungal diseases Saprolegniasis\Fungal diseases Saprolegniasis_aug_219.jpg,Fungal diseases Saprolegniasis,train,5.15,31.47,3.51,23.89,0.338,28.99
C:\Users\Asus\PycharmProjects\AquaVision_v1\datasets\fish\New Dataset\train_split\Fungal diseases Saprolegniasis\Fungal diseases Saprolegniasis_aug_22.jpg,Fungal diseases Saprolegniasis,train,5.48,34.97,3.43,27.97,0.06,28.32
C:\Users\Asus\PycharmProjects\AquaVision_v1\datasets\fish\New Dataset\train_split\Fungal diseases Saprolegniasis\Fungal diseases Saprolegniasis_aug_224.jpg,Fungal diseases Saprolegniasis,train,5.71,29.05,3.99,20.47,1.114,29.76
C:\Users\Asus\PycharmProjects\AquaVision_v1\datasets\fish\New Dataset\train_split\Fungal diseases Saprolegniasis\Fungal diseases Saprolegniasis_aug_225.jpg,Fungal diseases Saprolegniasis,train,6.39,30.25,5.22,27.09,0.025,50.63
C:\Users\Asus\PycharmProjects\AquaVision_v1\datasets\fish\New Dataset\train_split\Fungal diseases Saprolegniasis\Fungal diseases Saprolegniasis_aug_226.jpg,Fungal diseases Saprolegniasis,train,6.01,34.01,2.01,27.02,0.176,49.47
C:\Users\Asus\PycharmProjects\AquaVision_v1\datasets\fish\New Dataset\train_split\Fungal diseases Saprolegniasis\Fungal diseases Saprolegniasis_aug_227.jpg,Fungal diseases Saprolegniasis,val,6.43,28.98,4.45,31.97,0.108,56.31
C:\Users\Asus\PycharmProjects\AquaVision_v1\datasets\fish\New Dataset\train_split\Fungal diseases Saprolegniasis\Fungal diseases Saprolegniasis_aug_229.jpg,Fungal diseases Saprolegniasis,train,5.41,27.79,2.94,29.82,0.038,44.34
C:\Users\Asus\PycharmProjects\AquaVision_v1\datasets\fish\New Dataset\train_split\Fungal diseases Saprolegniasis\Fungal diseases Saprolegniasis_aug_231.jpg,Fungal diseases Saprolegniasis,train,6.46,29.47,2.94,28.95,0.608,49.55
C:\Users\Asus\PycharmProjects\AquaVision_v1\datasets\fish\New Dataset\train_split\Fungal diseases Saprolegniasis\Fungal diseases Saprolegniasis_aug_232.jpg,Fungal diseases Saprolegniasis,train,5.36,29.12,2.96,28.01,0.394,31.25
C:\Users\Asus\PycharmProjects\AquaVision_v1\datasets\fish\New Dataset\train_split\Fungal diseases Saprolegniasis\Fungal diseases Saprolegniasis_aug_233.jpg,Fungal diseases Saprolegniasis,train,5.33,33.89,4.22,23.02,0.157,40.98
C:\Users\Asus\PycharmProjects\AquaVision_v1\datasets\fish\New Dataset\train_split\Fungal diseases Saprolegniasis\Fungal diseases Saprolegniasis_aug_235.jpg,Fungal diseases Saprolegniasis,train,6.32,33.31,3.52,24.74,0.193,33.35
C:\Users\Asus\PycharmProjects\AquaVision_v1\datasets\fish\New Dataset\train_split\Fungal diseases Saprolegniasis\Fungal diseases Saprolegniasis_aug_236.jpg,Fungal diseases Saprolegniasis,train,5.0,32.63,1.49,23.37,0.373,56.79
C:\Users\Asus\PycharmProjects\AquaVision_v1\datasets\fish\New Dataset\train_split\Fungal diseases Saprolegniasis\Fungal diseases Saprolegniasis_aug_239.jpg,Fungal diseases Saprolegniasis,val,6.3,29.86,4.04,31.09,0.013,40.04
C:\Users\Asus\PycharmProjects\AquaVision_v1\datasets\fish\New Dataset\train_split\Fungal diseases Saprolegniasis\Fungal diseases Saprolegniasis_aug_240.jpg,Fungal diseases Saprolegniasis,train,5.25,28.86,3.36,29.3,0.017,47.31
C:\Users\Asus\PycharmProjects\AquaVision_v1\datasets\fish\New Dataset\train_split\Fungal diseases Saprolegniasis\Fungal diseases Saprolegniasis_aug_241.jpg,Fungal diseases Saprolegniasis,train,7.19,32.76,1.78,12.31,0.152,47.84
C:\Users\Asus\PycharmProjects\AquaVision_v1\datasets\fish\New Dataset\train_split\Fungal diseases Saprolegniasis\Fungal diseases Saprolegniasis_aug_244.jpg,Fungal diseases Saprolegniasis,train,5.92,34.97,3.52,28.66,0.272,46.32
C:\Users\Asus\PycharmProjects\AquaVision_v1\datasets\fish\New Dataset\train_split\Fungal diseases Saprolegniasis\Fungal diseases Saprolegniasis_aug_249.jpg,Fungal diseases Saprolegniasis,val,6.19,28.23,3.46,21.81,0.34,47.04
C:\Users\Asus\PycharmProjects\AquaVision_v1\datasets\fish\New Dataset\train_split\Fungal diseases Saprolegniasis\Fungal diseases Saprolegniasis_aug_250.jpg,Fungal diseases Saprolegniasis,train,5.16,29.5,3.86,29.34,0.06,59.27
C:\Users\Asus\PycharmProjects\AquaVision_v1\datasets\fish\New Dataset\train_split\Fungal diseases Saprolegniasis\Fungal diseases Saprolegniasis_aug_254.jpg,Fungal diseases Saprolegniasis,train,6.32,30.87,3.5,27.54,0.284,33.17
C:\Users\Asus\PycharmProjects\AquaVision_v1\datasets\fish\New Dataset\train_split\Fungal diseases Saprolegniasis\Fungal diseases Saprolegniasis_aug_255.jpg,Fungal diseases Saprolegniasis,train,7.48,28.46,3.86,22.75,1.067,29.11
C:\Users\Asus\PycharmProjects\AquaVision_v1\datasets\fish\New Dataset\train_split\Fungal diseases Saprolegniasis\Fungal diseases Saprolegniasis_aug_259.jpg,Fungal diseases Saprolegniasis,train,6.34,25.82,3.04,25.75,0.447,37.98
C:\Users\Asus\PycharmProjects\AquaVision_v1\datasets\fish\New Dataset\train_split\Fungal diseases Saprolegniasis\Fungal diseases Saprolegniasis_aug_26.jpg,Fungal diseases Saprolegniasis,train,6.02,31.51,3.29,28.01,0.297,52.3
C:\Users\Asus\PycharmProjects\AquaVision_v1\datasets\fish\New Dataset\train_split\Fungal diseases Saprolegniasis\Fungal diseases Saprolegniasis_aug_260.jpg,Fungal diseases Saprolegniasis,val,5.88,28.98,2.83,27.3,0.138,29.66
C:\Users\Asus\PycharmProjects\AquaVision_v1\datasets\fish\New Dataset\train_split\Fungal diseases Saprolegniasis\Fungal diseases Saprolegniasis_aug_261.jpg,Fungal diseases Saprolegniasis,train,6.41,29.37,2.38,24.74,0.061,46.56
C:\Users\Asus\PycharmProjects\AquaVision_v1\datasets\fish\New Dataset\train_split\Fungal diseases Saprolegniasis\Fungal diseases Saprolegniasis_aug_263.jpg,Fungal diseases Saprolegniasis,train,5.44,33.56,4.13,24.0,0.286,32.78
C:\Users\Asus\PycharmProjects\AquaVision_v1\datasets\fish\New Dataset\train_split\Fungal diseases Saprolegniasis\Fungal diseases Saprolegniasis_aug_270.jpg,Fungal diseases Saprolegniasis,train,6.28,27.87,1.61,27.05,0.443,41.0
C:\Users\Asus\PycharmProjects\AquaVision_v1\datasets\fish\New Dataset\train_split\Fungal diseases Saprolegniasis\Fungal diseases Saprolegniasis_aug_271.jpg,Fungal diseases Saprolegniasis,train,6.51,29.4,3.07,30.75,0.408,38.58
C:\Users\Asus\PycharmProjects\AquaVision_v1\datasets\fish\New Dataset\train_split\Fungal diseases Saprolegniasis\Fungal diseases Saprolegniasis_aug_272.jpg,Fungal diseases Saprolegniasis,train,6.03,30.04,4.44,36.22,0.363,48.97
C:\Users\Asus\PycharmProjects\AquaVision_v1\datasets\fish\New Dataset\train_split\Fungal diseases Saprolegniasis\Fungal diseases Saprolegniasis_aug_273.jpg,Fungal diseases Saprolegniasis,train,5.46,31.29,3.18,29.29,0.056,46.17
C:\Users\Asus\PycharmProjects\AquaVision_v1\datasets\fish\New Dataset\train_split\Fungal diseases Saprolegniasis\Fungal diseases Saprolegniasis_aug_278.jpg,Fungal diseases Saprolegniasis,train,6.14,27.93,2.94,33.56,0.158,44.62
C:\Users\Asus\PycharmProjects\AquaVision_v1\datasets\fish\New Dataset\train_split\Fungal diseases Saprolegniasis\Fungal diseases Saprolegniasis_aug_279.jpg,Fungal diseases Saprolegniasis,train,5.05,28.23,5.24,28.18,0.003,42.57
C:\Users\Asus\PycharmProjects\AquaVision_v1\datasets\fish\New Dataset\train_split\Fungal diseases Saprolegniasis\Fungal diseases Saprolegniasis_aug_28.jpg,Fungal diseases Saprolegniasis,train,6.43,28.26,3.09,26.66,0.04,63.09
C:\Users\Asus\PycharmProjects\AquaVision_v1\datasets\fish\New Dataset\train_split\Fungal diseases Saprolegniasis\Fungal diseases Saprolegniasis_aug_280.jpg,Fungal diseases Saprolegniasis,val,6.64,30.09,3.03,27.45,0.729,37.22
C:\Users\Asus\PycharmProjects\AquaVision_v1\datasets\fish\New Dataset\train_split\Fungal diseases Saprolegniasis\Fungal diseases Saprolegniasis_aug_281.jpg,Fungal diseases Saprolegniasis,train,5.83,30.32,4.49,31.79,0.257,44.57
C:\Users\Asus\PycharmProjects\AquaVision_v1\datasets\fish\New Dataset\train_split\Fungal diseases Saprolegniasis\Fungal diseases Saprolegniasis_aug_286.jpg,Fungal diseases Saprolegniasis,train,6.78,33.43,2.19,30.55,0.287,68.23
C:\Users\Asus\PycharmProjects\AquaVision_v1\datasets\fish\New Dataset\train_split\Fungal diseases Saprolegniasis\Fungal diseases Saprolegniasis_aug_287.jpg,Fungal diseases Saprolegniasis,train,6.23,33.42,2.63,31.18,0.283,42.69
C:\Users\Asus\PycharmProjects\AquaVision_v1\datasets\fish\New Dataset\train_split\Fungal diseases Saprolegniasis\Fungal diseases Saprolegniasis_aug_29.jpg,Fungal diseases Saprolegniasis,train,6.59,30.53,3.28,23.88,0.855,47.27
C:\Users\Asus\PycharmProjects\AquaVision_v1\datasets\fish\New Dataset\train_split\Fungal diseases Saprolegniasis\Fungal diseases Saprolegniasis_aug_293.jpg,Fungal diseases Saprolegniasis,val,5.07,33.62,3.24,25.92,0.123,46.64
C:\Users\Asus\PycharmProjects\AquaVision_v1\datasets\fish\New Dataset\train_split\Fungal diseases Saprolegniasis\Fungal diseases Saprolegniasis_aug_295.jpg,Fungal diseases Saprolegniasis,train,6.26,29.24,2.52,30.63,0.739,37.78
C:\Users\Asus\PycharmProjects\AquaVision_v1\datasets\fish\New Dataset\train_split\Fungal diseases Saprolegniasis\Fungal diseases Saprolegniasis_aug_3.jpg,Fungal diseases Saprolegniasis,train,6.29,33.15,2.19,20.36,0.02,62.47
C:\Users\Asus\PycharmProjects\AquaVision_v1\datasets\fish\New Dataset\train_split\Fungal diseases Saprolegniasis\Fungal diseases Saprolegniasis_aug_30.jpg,Fungal diseases Saprolegniasis,train,4.86,30.52,1.77,18.63,0.43,38.86
C:\Users\Asus\PycharmProjects\AquaVision_v1\datasets\fish\New Dataset\train_split\Fungal diseases Saprolegniasis\Fungal diseases Saprolegniasis_aug_302.jpg,Fungal diseases Saprolegniasis,train,6.62,31.57,2.49,24.16,0.6,38.52
C:\Users\Asus\PycharmProjects\AquaVision_v1\datasets\fish\New Dataset\train_split\Fungal diseases Saprolegniasis\Fungal diseases Saprolegniasis_aug_306.jpg,Fungal diseases Saprolegniasis,val,6.24,31.98,2.37,30.6,0.706,49.26
C:\Users\Asus\PycharmProjects\AquaVision_v1\datasets\fish\New Dataset\train_split\Fungal diseases Saprolegniasis\Fungal diseases Saprolegniasis_aug_31.jpg,Fungal diseases Saprolegniasis,train,7.18,29.04,3.85,27.06,0.214,44.29
C:\Users\Asus\PycharmProjects\AquaVision_v1\datasets\fish\New Dataset\train_split\Fungal diseases Saprolegniasis\Fungal diseases Saprolegniasis_aug_310.jpg,Fungal diseases Saprolegniasis,train,5.66,28.72,3.76,31.38,0.133,51.04
C:\Users\Asus\PycharmProjects\AquaVision_v1\datasets\fish\New Dataset\train_split\Fungal diseases Saprolegniasis\Fungal diseases Saprolegniasis_aug_313.jpg,Fungal diseases Saprolegniasis,train,7.1,28.75,2.39,20.96,0.045,51.44
C:\Users\Asus\PycharmProjects\AquaVision_v1\datasets\fish\New Dataset\train_split\Fungal diseases Saprolegniasis\Fungal diseases Saprolegniasis_aug_314.jpg,Fungal diseases Saprolegniasis,train,5.51,28.02,2.89,26.51,0.086,27.24
C:\Users\Asus\PycharmProjects\AquaVision_v1\datasets\fish\New Dataset\train_split\Fungal diseases Saprolegniasis\Fungal diseases Saprolegniasis_aug_315.jpg,Fungal diseases Saprolegniasis,train,6.96,31.48,3.73,22.01,0.276,38.04
C:\Users\Asus\PycharmProjects\AquaVision_v1\datasets\fish\New Dataset\train_split\Fungal diseases Saprolegniasis\Fungal diseases Saprolegniasis_aug_318.jpg,Fungal diseases Saprolegniasis,val,7.3,32.24,3.72,25.29,0.019,41.95
C:\Users\Asus\PycharmProjects\AquaVision_v1\datasets\fish\New Dataset\train_split\Fungal diseases Saprolegniasis\Fungal diseases Saprolegniasis_aug_319.jpg,Fungal diseases Saprolegniasis,train,5.74,31.28,4.16,24.92,0.087,52.82
C:\Users\Asus\PycharmProjects\AquaVision_v1\datasets\fish\New Dataset\train_split\Fungal diseases Saprolegniasis\Fungal diseases Saprolegniasis_aug_320.jpg,Fungal diseases Saprolegniasis,train,6.6,33.3,3.88,22.74,0.184,40.34
C:\Users\Asus\PycharmProjects\AquaVision_v1\datasets\fish\New Dataset\train_split\Fungal diseases Saprolegniasis\Fungal diseases Saprolegniasis_aug_323.jpg,Fungal diseases Saprolegniasis,train,5.46,32.15,2.63,35.18,0.224,46.11
C:\Users\Asus\PycharmProjects\AquaVision_v1\datasets\fish\New Dataset\train_split\Fungal diseases Saprolegniasis\Fungal diseases Saprolegniasis_aug_328.jpg,Fungal diseases Saprolegniasis,train,7.14,32.91,4.38,28.98,0.687,42.45
C:\Users\Asus\PycharmProjects\AquaVision_v1\datasets\fish\New Dataset\train_split\Fungal diseases Saprolegniasis\Fungal diseases Saprolegniasis_aug_329.jpg,Fungal diseases Saprolegniasis,train,5.08,30.79,3.86,31.78,0.038,43.57
C:\Users\Asus\PycharmProjects\AquaVision_v1\datasets\fish\New Dataset\train_split\Fungal diseases Saprolegniasis\Fungal diseases Saprolegniasis_aug_332.jpg,Fungal diseases Saprolegniasis,train,6.2,26.06,2.8,26.78,0.271,41.87
C:\Users\Asus\PycharmProjects\AquaVision_v1\datasets\fish\New Dataset\train_split\Fungal diseases Saprolegniasis\Fungal diseases Saprolegniasis_aug_337.jpg,Fungal diseases Saprolegniasis,train,6.17,30.46,2.99,28.5,0.205,47.76
C:\Users\Asus\PycharmProjects\AquaVision_v1\datasets\fish\New Dataset\train_split\Fungal diseases Saprolegniasis\Fungal diseases Saprolegniasis_aug_342.jpg,Fungal diseases Saprolegniasis,train,6.44,32.14,3.55,20.91,0.061,51.37
C:\Users\Asus\PycharmProjects\AquaVision_v1\datasets\fish\New Dataset\train_split\Fungal diseases Saprolegniasis\Fungal diseases Saprolegniasis_aug_343.jpg,Fungal diseases Saprolegniasis,train,5.44,32.08,3.02,21.27,0.066,52.46
C:\Users\Asus\PycharmProjects\AquaVision_v1\datasets\fish\New Dataset\train_split\Fungal diseases Saprolegniasis\Fungal diseases Saprolegniasis_aug_344.jpg,Fungal diseases Saprolegniasis,train,6.19,33.21,4.63,22.54,0.563,44.48
C:\Users\Asus\PycharmProjects\AquaVision_v1\datasets\fish\New Dataset\train_split\Fungal diseases Saprolegniasis\Fungal diseases Saprolegniasis_aug_353.jpg,Fungal diseases Saprolegniasis,val,6.0,30.12,4.33,23.53,0.007,42.95
C:\Users\Asus\PycharmProjects\AquaVision_v1\datasets\fish\New Dataset\train_split\Fungal diseases Saprolegniasis\Fungal diseases Saprolegniasis_aug_354.jpg,Fungal diseases Saprolegniasis,train,6.38,33.29,2.95,25.37,0.041,34.22
C:\Users\Asus\PycharmProjects\AquaVision_v1\datasets\fish\New Dataset\train_split\Fungal diseases Saprolegniasis\Fungal diseases Saprolegniasis_aug_355.jpg,Fungal diseases Saprolegniasis,train,7.21,27.73,3.42,34.27,0.247,43.28
C:\Users\Asus\PycharmProjects\AquaVision_v1\datasets\fish\New Dataset\train_split\Fungal diseases Saprolegniasis\Fungal diseases Saprolegniasis_aug_356.jpg,Fungal diseases Saprolegniasis,train,6.32,32.93,4.4,26.24,0.158,33.61
C:\Users\Asus\PycharmProjects\AquaVision_v1\datasets\fish\New Dataset\train_split\Fungal diseases Saprolegniasis\Fungal diseases Saprolegniasis_aug_358.jpg,Fungal diseases Saprolegniasis,train,6.03,35.0,3.74,29.22,0.037,47.78
C:\Users\Asus\PycharmProjects\AquaVision_v1\datasets\fish\New Dataset\train_split\Fungal diseases Saprolegniasis\Fungal diseases Saprolegniasis_aug_361.jpg,Fungal diseases Saprolegniasis,train,5.12,25.74,2.66,24.57,0.392,39.54
C:\Users\Asus\PycharmProjects\AquaVision_v1\datasets\fish\New Dataset\train_split\Fungal diseases Saprolegniasis\Fungal diseases Saprolegniasis_aug_362.jpg,Fungal diseases Saprolegniasis,train,4.48,30.73,2.72,33.25,0.28,62.69
C:\Users\Asus\PycharmProjects\AquaVision_v1\datasets\fish\New Dataset\train_split\Fungal diseases Saprolegniasis\Fungal diseases Saprolegniasis_aug_369.jpg,Fungal diseases Saprolegniasis,val,6.17,32.11,3.55,24.99,0.164,33.77
C:\Users\Asus\PycharmProjects\AquaVision_v1\datasets\fish\New Dataset\train_split\Fungal diseases Saprolegniasis\Fungal diseases Saprolegniasis_aug_373.jpg,Fungal diseases Saprolegniasis,train,6.52,26.98,2.98,27.49,0.001,46.25
C:\Users\Asus\PycharmProjects\AquaVision_v1\datasets\fish\New Dataset\train_split\Fungal diseases Saprolegniasis\Fungal diseases Saprolegniasis_aug_379.jpg,Fungal diseases Saprolegniasis,train,6.0,32.18,1.02,28.66,0.039,33.5
C:\Users\Asus\PycharmProjects\AquaVision_v1\datasets\fish\New Dataset\train_split\Fungal diseases Saprolegniasis\Fungal diseases Saprolegniasis_aug_381.jpg,Fungal diseases Saprolegniasis,train,5.59,30.32,2.36,26.1,0.117,28.06
C:\Users\Asus\PycharmProjects\AquaVision_v1\datasets\fish\New Dataset\train_split\Fungal diseases Saprolegniasis\Fungal diseases Saprolegniasis_aug_382.jpg,Fungal diseases Saprolegniasis,train,5.68,30.55,3.8,25.54,0.481,36.75
C:\Users\Asus\PycharmProjects\AquaVision_v1\datasets\fish\New Dataset\train_split\Fungal diseases Saprolegniasis\Fungal diseases Saprolegniasis_aug_383.jpg,Fungal diseases Saprolegniasis,val,5.4,30.62,1.81,26.43,0.717,29.59
C:\Users\Asus\PycharmProjects\AquaVision_v1\datasets\fish\New Dataset\train_split\Fungal diseases Saprolegniasis\Fungal diseases Saprolegniasis_aug_385.jpg,Fungal diseases Saprolegniasis,train,6.16,31.19,4.04,23.61,0.403,38.77
C:\Users\Asus\PycharmProjects\AquaVision_v1\datasets\fish\New Dataset\train_split\Fungal diseases Saprolegniasis\Fungal diseases Saprolegniasis_aug_386.jpg,Fungal diseases Saprolegniasis,train,5.2,30.58,3.43,27.59,0.184,50.32
C:\Users\Asus\PycharmProjects\AquaVision_v1\datasets\fish\New Dataset\train_split\Fungal diseases Saprolegniasis\Fungal diseases Saprolegniasis_aug_389.jpg,Fungal diseases Saprolegniasis,train,4.62,28.42,2.79,35.08,0.312,54.1
C:\Users\Asus\PycharmProjects\AquaVision_v1\datasets\fish\New Dataset\train_split\Fungal diseases Saprolegniasis\Fungal diseases Saprolegniasis_aug_40.jpg,Fungal diseases Saprolegniasis,train,5.7,30.5,3.14,30.2,0.244,50.55
C:\Users\Asus\PycharmProjects\AquaVision_v1\datasets\fish\New Dataset\train_split\Fungal diseases Saprolegniasis\Fungal diseases Saprolegniasis_aug_42.jpg,Fungal diseases Saprolegniasis,val,7.29,32.84,3.7,25.48,0.03,74.14
C:\Users\Asus\PycharmProjects\AquaVision_v1\datasets\fish\New Dataset\train_split\Fungal diseases Saprolegniasis\Fungal diseases Saprolegniasis_aug_44.jpg,Fungal diseases Saprolegniasis,train,5.33,28.29,3.39,36.47,0.046,44.47
C:\Users\Asus\PycharmProjects\AquaVision_v1\datasets\fish\New Dataset\train_split\Fungal diseases Saprolegniasis\Fungal diseases Saprolegniasis_aug_45.jpg,Fungal diseases Saprolegniasis,val,6.22,33.69,3.19,26.66,0.01,50.66
C:\Users\Asus\PycharmProjects\AquaVision_v1\datasets\fish\New Dataset\train_split\Fungal diseases Saprolegniasis\Fungal diseases Saprolegniasis_aug_47.jpg,Fungal diseases Saprolegniasis,train,6.26,33.58,4.23,29.23,0.386,46.31
C:\Users\Asus\PycharmProjects\AquaVision_v1\datasets\fish\New Dataset\train_split\Fungal diseases Saprolegniasis\Fungal diseases Saprolegniasis_aug_48.jpg,Fungal diseases Saprolegniasis,train,6.68,31.0,4.16,34.06,0.014,29.92
C:\Users\Asus\PycharmProjects\AquaVision_v1\datasets\fish\New Dataset\train_split\Fungal diseases Saprolegniasis\Fungal diseases Saprolegniasis_aug_49.jpg,Fungal diseases Saprolegniasis,train,5.91,32.01,3.74,27.55,0.14,36.59
C:\Users\Asus\PycharmProjects\AquaVision_v1\datasets\fish\New Dataset\train_split\Fungal diseases Saprolegniasis\Fungal diseases Saprolegniasis_aug_5.jpg,Fungal diseases Saprolegniasis,val,4.9,33.97,3.62,33.26,0.191,43.01
C:\Users\Asus\PycharmProjects\AquaVision_v1\datasets\fish\New Dataset\train_split\Fungal diseases Saprolegniasis\Fungal diseases Saprolegniasis_aug_50.jpg,Fungal diseases Saprolegniasis,val,6.86,33.31,2.67,28.35,0.047,35.01
C:\Users\Asus\PycharmProjects\AquaVision_v1\datasets\fish\New Dataset\train_split\Fungal diseases Saprolegniasis\Fungal diseases Saprolegniasis_aug_52.jpg,Fungal diseases Saprolegniasis,train,5.51,28.77,2.32,22.04,0.54,46.46
C:\Users\Asus\PycharmProjects\AquaVision_v1\datasets\fish\New Dataset\train_split\Fungal diseases Saprolegniasis\Fungal diseases Saprolegniasis_aug_54.jpg,Fungal diseases Saprolegniasis,train,6.8,30.54,2.0,31.36,0.137,41.97
C:\Users\Asus\PycharmProjects\AquaVision_v1\datasets\fish\New Dataset\train_split\Fungal diseases Saprolegniasis\Fungal diseases Saprolegniasis_aug_56.jpg,Fungal diseases Saprolegniasis,train,6.55,29.8,3.61,34.49,0.245,39.8
C:\Users\Asus\PycharmProjects\AquaVision_v1\datasets\fish\New Dataset\train_split\Fungal diseases Saprolegniasis\Fungal diseases Saprolegniasis_aug_57.jpg,Fungal diseases Saprolegniasis,train,6.73,31.02,3.55,31.98,1.008,41.82
C:\Users\Asus\PycharmProjects\AquaVision_v1\datasets\fish\New Dataset\train_split\Fungal diseases Saprolegniasis\Fungal diseases Saprolegniasis_aug_6.jpg,Fungal diseases Saprolegniasis,train,5.2,31.12,2.07,30.74,0.725,42.38
C:\Users\Asus\PycharmProjects\AquaVision_v1\datasets\fish\New Dataset\train_split\Fungal diseases Saprolegniasis\Fungal diseases Saprolegniasis_aug_61.jpg,Fungal diseases Saprolegniasis,train,7.06,33.24,3.45,27.37,0.295,41.62
C:\Users\Asus\PycharmProjects\AquaVision_v1\datasets\fish\New Dataset\train_split\Fungal diseases Saprolegniasis\Fungal diseases Saprolegniasis_aug_62.jpg,Fungal diseases Saprolegniasis,train,6.4,30.08,2.89,35.88,0.336,54.4
C:\Users\Asus\PycharmProjects\AquaVision_v1\datasets\fish\New Dataset\train_split\Fungal diseases Saprolegniasis\Fungal diseases Saprolegniasis_aug_63.jpg,Fungal diseases Saprolegniasis,val,6.17,31.98,3.31,32.76,0.134,45.61
C:\Users\Asus\PycharmProjects\AquaVision_v1\datasets\fish\New Dataset\train_split\Fungal diseases Saprolegniasis\Fungal diseases Saprolegniasis_aug_64.jpg,Fungal diseases Saprolegniasis,train,6.31,31.3,3.45,27.63,0.01,45.09
C:\Users\Asus\PycharmProjects\AquaVision_v1\datasets\fish\New Dataset\train_split\Fungal diseases Saprolegniasis\Fungal diseases Saprolegniasis_aug_70.jpg,Fungal diseases Saprolegniasis,train,5.75,29.12,2.4,22.43,0.136,49.27
C:\Users\Asus\PycharmProjects\AquaVision_v1\datasets\fish\New Dataset\train_split\Fungal diseases Saprolegniasis\Fungal diseases Saprolegniasis_aug_71.jpg,Fungal diseases Saprolegniasis,val,7.29,33.72,3.56,35.63,0.767,35.23
C:\Users\Asus\PycharmProjects\AquaVision_v1\datasets\fish\New Dataset\train_split\Fungal diseases Saprolegniasis\Fungal diseases Saprolegniasis_aug_72.jpg,Fungal diseases Saprolegniasis,val,7.23,28.59,3.39,22.9,0.995,52.88
C:\Users\Asus\PycharmProjects\AquaVision_v1\datasets\fish\New Dataset\train_split\Fungal diseases Saprolegniasis\Fungal diseases Saprolegniasis_aug_73.jpg,Fungal diseases Saprolegniasis,train,6.12,31.25,2.78,25.73,0.398,53.11
C:\Users\Asus\PycharmProjects\AquaVision_v1\datasets\fish\New Dataset\train_split\Fungal diseases Saprolegniasis\Fungal diseases Saprolegniasis_aug_75.jpg,Fungal diseases Saprolegniasis,train,6.83,26.83,4.11,36.24,0.615,35.73
C:\Users\Asus\PycharmProjects\AquaVision_v1\datasets\fish\New Dataset\train_split\Fungal diseases Saprolegniasis\Fungal diseases Saprolegniasis_aug_78.jpg,Fungal diseases Saprolegniasis,train,7.11,31.46,2.15,28.55,0.425,49.98
C:\Users\Asus\PycharmProjects\AquaVision_v1\datasets\fish\New Dataset\train_split\Fungal diseases Saprolegniasis\Fungal diseases Saprolegniasis_aug_80.jpg,Fungal diseases Saprolegniasis,val,5.64,29.67,4.72,27.4,0.064,32.41
C:\Users\Asus\PycharmProjects\AquaVision_v1\datasets\fish\New Dataset\train_split\Fungal diseases Saprolegniasis\Fungal diseases Saprolegniasis_aug_84.jpg,Fungal diseases Saprolegniasis,train,5.86,29.87,1.6,25.39,0.056,35.32
C:\Users\Asus\PycharmProjects\AquaVision_v1\datasets\fish\New Dataset\train_split\Fungal diseases Saprolegniasis\Fungal diseases Saprolegniasis_aug_88.jpg,Fungal diseases Saprolegniasis,train,6.63,34.5,3.82,27.14,0.873,39.9
C:\Users\Asus\PycharmProjects\AquaVision_v1\datasets\fish\New Dataset\train_split\Fungal diseases Saprolegniasis\Fungal diseases Saprolegniasis_aug_9.jpg,Fungal diseases Saprolegniasis,train,5.74,30.67,2.51,30.78,0.1,70.73
C:\Users\Asus\PycharmProjects\AquaVision_v1\datasets\fish\New Dataset\train_split\Fungal diseases Saprolegniasis\Fungal diseases Saprolegniasis_aug_91.jpg,Fungal diseases Saprolegniasis,val,5.88,31.31,3.27,25.08,0.028,62.58
C:\Users\Asus\PycharmProjects\AquaVision_v1\datasets\fish\New Dataset\train_split\Fungal diseases Saprolegniasis\Fungal diseases Saprolegniasis_aug_97.jpg,Fungal diseases Saprolegniasis,train,6.44,28.46,3.63,22.52,0.265,62.65
C:\Users\Asus\PycharmProjects\AquaVision_v1\datasets\fish\New Dataset\train_split\Fungal diseases Saprolegniasis\Fungal diseases Saprolegniasis_aug_98.jpg,Fungal diseases Saprolegniasis,train,5.64,30.44,3.46,25.74,0.722,60.13
C:\Users\Asus\PycharmProjects\AquaVision_v1\datasets\fish\New Dataset\train_split\Fungal diseases Saprolegniasis\Fungal diseases Saprolegniasis_aug_99.jpg,Fungal diseases Saprolegniasis,train,6.57,30.57,3.08,37.4,0.196,54.5
C:\Users\Asus\PycharmProjects\AquaVision_v1\datasets\fish\New Dataset\train_split\Healthy Fish\Healthy Fish_1.jpg,Healthy Fish,val,7.1,25.8,5.89,14.18,0.016,12.96
C:\Users\Asus\PycharmProjects\AquaVision_v1\datasets\fish\New Dataset\train_split\Healthy Fish\Healthy Fish_10.jpg,Healthy Fish,train,7.77,27.63,6.32,16.43,0.028,9.42
C:\Users\Asus\PycharmProjects\AquaVision_v1\datasets\fish\New Dataset\train_split\Healthy Fish\Healthy Fish_119.jpg,Healthy Fish,train,7.12,23.2,6.47,14.84,0.014,10.68
C:\Users\Asus\PycharmProjects\AquaVision_v1\datasets\fish\New Dataset\train_split\Healthy Fish\Healthy Fish_12.jpg,Healthy Fish,train,7.37,25.37,7.02,15.24,0.016,9.75
C:\Users\Asus\PycharmProjects\AquaVision_v1\datasets\fish\New Dataset\train_split\Healthy Fish\Healthy Fish_120.jpg,Healthy Fish,val,7.2,26.27,5.96,13.94,0.0,20.75
C:\Users\Asus\PycharmProjects\AquaVision_v1\datasets\fish\New Dataset\train_split\Healthy Fish\Healthy Fish_14.jpg,Healthy Fish,train,7.34,27.28,6.5,17.11,0.003,13.19
C:\Users\Asus\PycharmProjects\AquaVision_v1\datasets\fish\New Dataset\train_split\Healthy Fish\Healthy Fish_142.jpg,Healthy Fish,train,6.91,26.76,6.48,14.0,0.008,14.86
C:\Users\Asus\PycharmProjects\AquaVision_v1\datasets\fish\New Dataset\train_split\Healthy Fish\Healthy Fish_143.jpg,Healthy Fish,val,7.34,26.47,6.48,15.5,0.012,12.54
C:\Users\Asus\PycharmProjects\AquaVision_v1\datasets\fish\New Dataset\train_split\Healthy Fish\Healthy Fish_144.jpg,Healthy Fish,train,7.43,25.01,7.07,13.92,0.001,15.73
C:\Users\Asus\PycharmProjects\AquaVision_v1\datasets\fish\New Dataset\train_split\Healthy Fish\Healthy Fish_145.jpg,Healthy Fish,train,7.26,27.16,5.97,14.32,0.003,11.32
C:\Users\Asus\PycharmProjects\AquaVision_v1\datasets\fish\New Dataset\train_split\Healthy Fish\Healthy Fish_152.jpg,Healthy Fish,val,7.47,27.78,6.01,14.02,0.017,17.28
C:\Users\Asus\PycharmProjects\AquaVision_v1\datasets\fish\New Dataset\train_split\Healthy Fish\Healthy Fish_153.jpg,Healthy Fish,train,7.16,24.1,6.01,13.63,0.002,9.46
C:\Users\Asus\PycharmProjects\AquaVision_v1\datasets\fish\New Dataset\train_split\Healthy Fish\Healthy Fish_154.jpg,Healthy Fish,train,6.95,27.74,7.11,16.9,0.017,11.47
C:\Users\Asus\PycharmProjects\AquaVision_v1\datasets\fish\New Dataset\train_split\Healthy Fish\Healthy Fish_159.jpg,Healthy Fish,train,7.26,26.54,5.91,13.01,0.016,15.46
C:\Users\Asus\PycharmProjects\AquaVision_v1\datasets\fish\New Dataset\train_split\Healthy Fish\Healthy Fish_160.jpg,Healthy Fish,train,7.53,25.63,5.83,16.22,0.016,7.18
C:\Users\Asus\PycharmProjects\AquaVision_v1\datasets\fish\New Dataset\train_split\Healthy Fish\Healthy Fish_161.jpg,Healthy Fish,train,6.98,24.49,6.54,12.82,0.071,9.95
C:\Users\Asus\PycharmProjects\AquaVision_v1\datasets\fish\New Dataset\train_split\Healthy Fish\Healthy Fish_162.jpg,Healthy Fish,train,6.99,25.61,5.76,15.17,0.015,13.15
C:\Users\Asus\PycharmProjects\AquaVision_v1\datasets\fish\New Dataset\train_split\Healthy Fish\Healthy Fish_166.jpg,Healthy Fish,train,7.53,27.17,6.54,15.05,0.007,14.29
C:\Users\Asus\PycharmProjects\AquaVision_v1\datasets\fish\New Dataset\train_split\Healthy Fish\Healthy Fish_167.jpg,Healthy Fish,train,7.35,24.3,6.02,15.0,0.004,15.02
C:\Users\Asus\PycharmProjects\AquaVision_v1\datasets\fish\New Dataset\train_split\Healthy Fish\Healthy Fish_169.jpg,Healthy Fish,train,5.29,24.31,7.04,11.88,0.022,18.35
C:\Users\Asus\PycharmProjects\AquaVision_v1\datasets\fish\New Dataset\train_split\Healthy Fish\Healthy Fish_17.jpg,Healthy Fish,train,7.27,25.87,6.22,13.11,0.014,11.27
C:\Users\Asus\PycharmProjects\AquaVision_v1\datasets\fish\New Dataset\train_split\Healthy Fish\Healthy Fish_170.jpg,Healthy Fish,val,8.61,25.35,5.15,11.75,0.036,8.36
C:\Users\Asus\PycharmProjects\AquaVision_v1\datasets\fish\New Dataset\train_split\Healthy Fish\Healthy Fish_172.jpg,Healthy Fish,train,6.65,28.8,5.8,15.37,0.011,14.82
C:\Users\Asus\PycharmProjects\AquaVision_v1\datasets\fish\New Dataset\train_split\Healthy Fish\Healthy Fish_177.jpg,Healthy Fish,train,7.2,26.53,6.95,14.23,0.006,14.14
C:\Users\Asus\PycharmProjects\AquaVision_v1\datasets\fish\New Dataset\train_split\Healthy Fish\Healthy Fish_179.jpg,Healthy Fish,train,6.81,23.81,7.0,11.97,0.004,13.06
C:\Users\Asus\PycharmProjects\AquaVision_v1\datasets\fish\New Dataset\train_split\Healthy Fish\Healthy Fish_182.jpg,Healthy Fish,train,7.32,25.34,6.81,15.08,0.012,11.54
C:\Users\Asus\PycharmProjects\AquaVision_v1\datasets\fish\New Dataset\train_split\Healthy Fish\Healthy Fish_185.jpg,Healthy Fish,train,7.59,26.98,6.26,18.26,0.012,14.66
C:\Users\Asus\PycharmProjects\AquaVision_v1\datasets\fish\New Dataset\train_split\Healthy Fish\Healthy Fish_188.jpg,Healthy Fish,train,6.73,24.33,6.72,14.63,0.005,10.56
C:\Users\Asus\PycharmProjects\AquaVision_v1\datasets\fish\New Dataset\train_split\Healthy Fish\Healthy Fish_190.jpg,Healthy Fish,train,6.87,30.2,6.26,10.56,0.006,15.82
C:\Users\Asus\PycharmProjects\AquaVision_v1\datasets\fish\New Dataset\train_split\Healthy Fish\Healthy Fish_192.jpg,Healthy Fish,train,6.8,26.6,6.31,14.44,0.001,10.89
C:\Users\Asus\PycharmProjects\AquaVision_v1\datasets\fish\New Dataset\train_split\Healthy Fish\Healthy Fish_193.jpg,Healthy Fish,val,7.18,27.25,6.67,16.0,0.054,13.68
C:\Users\Asus\PycharmProjects\AquaVision_v1\datasets\fish\New Dataset\train_split\Healthy Fish\Healthy Fish_194.jpg,Healthy Fish,train,7.06,26.43,6.68,17.38,0.006,10.0
C:\Users\Asus\PycharmProjects\AquaVision_v1\datasets\fish\New Dataset\train_split\Healthy Fish\Healthy Fish_196.jpg,Healthy Fish,train,7.25,23.22,6.73,14.78,0.008,13.51
C:\Users\Asus\PycharmProjects\AquaVision_v1\datasets\fish\New Dataset\train_split\Healthy Fish\Healthy Fish_199.jpg,Healthy Fish,train,7.32,28.07,6.16,15.36,0.005,12.88
C:\Users\Asus\PycharmProjects\AquaVision_v1\datasets\fish\New Dataset\train_split\Healthy Fish\Healthy Fish_204.jpg,Healthy Fish,val,7.58,23.17,6.29,15.9,0.031,14.68
C:\Users\Asus\PycharmProjects\AquaVision_v1\datasets\fish\New Dataset\train_split\Healthy Fish\Healthy Fish_205.jpg,Healthy Fish,train,7.27,27.8,6.36,17.6,0.021,9.86
C:\Users\Asus\PycharmProjects\AquaVision_v1\datasets\fish\New Dataset\train_split\Healthy Fish\Healthy Fish_206.jpg,Healthy Fish,train,7.56,26.16,6.33,11.94,0.003,7.57
C:\Users\Asus\PycharmProjects\AquaVision_v1\datasets\fish\New Dataset\train_split\Healthy Fish\Healthy Fish_207.jpg,Healthy Fish,train,7.37,25.31,6.49,15.55,0.011,10.2
C:\Users\Asus\PycharmProjects\AquaVision_v1\datasets\fish\New Dataset\train_split\Healthy Fish\Healthy Fish_208.jpg,Healthy Fish,train,6.96,26.34,7.48,15.67,0.005,15.37
C:\Users\Asus\PycharmProjects\AquaVision_v1\datasets\fish\New Dataset\train_split\Healthy Fish\Healthy Fish_210.jpg,Healthy Fish,train,7.14,25.42,5.67,13.3,0.053,16.36
C:\Users\Asus\PycharmProjects\AquaVision_v1\datasets\fish\New Dataset\train_split\Healthy Fish\Healthy Fish_211.jpg,Healthy Fish,train,7.63,24.67,6.84,12.64,0.004,12.27
C:\Users\Asus\PycharmProjects\AquaVision_v1\datasets\fish\New Dataset\train_split\Healthy Fish\Healthy Fish_212.jpg,Healthy Fish,train,7.43,27.42,5.64,16.36,0.028,11.98
C:\Users\Asus\PycharmProjects\AquaVision_v1\datasets\fish\New Dataset\train_split\Healthy Fish\Healthy Fish_214.jpg,Healthy Fish,train,7.22,25.1,6.89,14.88,0.006,10.19
C:\Users\Asus\PycharmProjects\AquaVision_v1\datasets\fish\New Dataset\train_split\Healthy Fish\Healthy Fish_215.jpg,Healthy Fish,train,6.73,27.65,6.59,13.94,0.016,14.41
C:\Users\Asus\PycharmProjects\AquaVision_v1\datasets\fish\New Dataset\train_split\Healthy Fish\Healthy Fish_216.jpg,Healthy Fish,train,7.15,27.17,5.71,13.3,0.012,9.93
C:\Users\Asus\PycharmProjects\AquaVision_v1\datasets\fish\New Dataset\train_split\Healthy Fish\Healthy Fish_217.jpg,Healthy Fish,train,6.79,25.23,6.94,17.14,0.001,11.73
C:\Users\Asus\PycharmProjects\AquaVision_v1\datasets\fish\New Dataset\train_split\Healthy Fish\Healthy Fish_218.jpg,Healthy Fish,train,7.41,24.38,7.19,19.3,0.039,11.14
C:\Users\Asus\PycharmProjects\AquaVision_v1\datasets\fish\New Dataset\train_split\Healthy Fish\Healthy Fish_219.jpg,Healthy Fish,train,6.98,25.16,6.81,14.16,0.004,15.82
C:\Users\Asus\PycharmProjects\AquaVision_v1\datasets\fish\New Dataset\train_split\Healthy Fish\Healthy Fish_221.jpg,Healthy Fish,train,7.21,24.66,6.41,13.89,0.018,5.65
C:\Users\Asus\PycharmProjects\AquaVision_v1\datasets\fish\New Dataset\train_split\Healthy Fish\Healthy Fish_223.jpg,Healthy Fish,train,7.57,25.63,5.74,15.09,0.015,14.25
C:\Users\Asus\PycharmProjects\AquaVision_v1\datasets\fish\New Dataset\train_split\Healthy Fish\Healthy Fish_224.jpg,Healthy Fish,train,7.14,23.03,6.51,15.14,0.003,11.08
C:\Users\Asus\PycharmProjects\AquaVision_v1\datasets\fish\New Dataset\train_split\Healthy Fish\Healthy Fish_225.jpg,Healthy Fish,train,7.09,25.35,5.76,10.42,0.016,8.67
C:\Users\Asus\PycharmProjects\AquaVision_v1\datasets\fish\New Dataset\train_split\Healthy Fish\Healthy Fish_226.jpg,Healthy Fish,train,7.04,25.19,6.01,8.53,0.0,10.94
C:\Users\Asus\PycharmProjects\AquaVision_v1\datasets\fish\New Dataset\train_split\Healthy Fish\Healthy Fish_227.jpg,Healthy Fish,train,6.89,25.38,5.77,16.94,0.008,12.43
C:\Users\Asus\PycharmProjects\AquaVision_v1\datasets\fish\New Dataset\train_split\Healthy Fish\Healthy Fish_229.jpg,Healthy Fish,val,7.7,25.89,6.41,13.12,0.0,11.94
C:\Users\Asus\PycharmProjects\AquaVision_v1\datasets\fish\New Dataset\train_split\Healthy Fish\Healthy Fish_230.jpg,Healthy Fish,train,6.9,26.49,6.87,10.5,0.014,8.62
C:\Users\Asus\PycharmProjects\AquaVision_v1\datasets\fish\New Dataset\train_split\Healthy Fish\Healthy Fish_231.jpg,Healthy Fish,train,7.32,24.65,6.97,15.87,0.028,18.48
C:\Users\Asus\PycharmProjects\AquaVision_v1\datasets\fish\New Dataset\train_split\Healthy Fish\Healthy Fish_236.jpg,Healthy Fish,train,6.91,21.47,7.29,16.59,0.021,18.02
C:\Users\Asus\PycharmProjects\AquaVision_v1\datasets\fish\New Dataset\train_split\Healthy Fish\Healthy Fish_237.jpg,Healthy Fish,train,7.46,28.02,7.5,15.43,0.012,18.18
C:\Users\Asus\PycharmProjects\AquaVision_v1\datasets\fish\New Dataset\train_split\Healthy Fish\Healthy Fish_241.jpg,Healthy Fish,train,7.61,24.13,5.68,13.52,0.019,14.42
C:\Users\Asus\PycharmProjects\AquaVision_v1\datasets\fish\New Dataset\train_split\Healthy Fish\Healthy Fish_242.jpg,Healthy Fish,train,7.68,25.88,5.24,14.09,0.045,11.53
C:\Users\Asus\PycharmProjects\AquaVision_v1\datasets\fish\New Dataset\train_split\Healthy Fish\Healthy Fish_245.jpg,Healthy Fish,train,7.05,26.08,6.72,16.71,0.012,11.17
C:\Users\Asus\PycharmProjects\AquaVision_v1\datasets\fish\New Dataset\train_split\Healthy Fish\Healthy Fish_247.jpg,Healthy Fish,train,8.67,27.83,5.26,16.03,0.017,11.86
C:\Users\Asus\PycharmProjects\AquaVision_v1\datasets\fish\New Dataset\train_split\Healthy Fish\Healthy Fish_248.jpg,Healthy Fish,train,7.35,24.93,6.61,14.8,0.005,12.64
C:\Users\Asus\PycharmProjects\AquaVision_v1\datasets\fish\New Dataset\train_split\Healthy Fish\Healthy Fish_251.jpg,Healthy Fish,train,7.23,26.3,6.5,18.41,0.013,12.44
C:\Users\Asus\PycharmProjects\AquaVision_v1\datasets\fish\New Dataset\train_split\Healthy Fish\Healthy Fish_253.jpg,Healthy Fish,train,6.91,24.33,6.36,14.26,0.004,12.84
C:\Users\Asus\PycharmProjects\AquaVision_v1\datasets\fish\New Dataset\train_split\Healthy Fish\Healthy Fish_258.jpg,Healthy Fish,train,7.63,26.43,6.22,14.5,0.012,9.57
C:\Users\Asus\PycharmProjects\AquaVision_v1\datasets\fish\New Dataset\train_split\Healthy Fish\Healthy Fish_259.jpg,Healthy Fish,train,7.42,25.18,6.2,12.44,0.063,8.63
C:\Users\Asus\PycharmProjects\AquaVision_v1\datasets\fish\New Dataset\train_split\Healthy Fish\Healthy Fish_260.jpg,Healthy Fish,train,6.95,26.89,6.31,14.59,0.021,9.88
C:\Users\Asus\PycharmProjects\AquaVision_v1\datasets\fish\New Dataset\train_split\Healthy Fish\Healthy Fish_262.jpg,Healthy Fish,train,7.28,24.7,6.85,14.59,0.006,10.84
C:\Users\Asus\PycharmProjects\AquaVision_v1\datasets\fish\New Dataset\train_split\Healthy Fish\Healthy Fish_263.jpg,Healthy Fish,train,7.3,24.03,7.0,13.93,0.004,11.05
C:\Users\Asus\PycharmProjects\AquaVision_v1\datasets\fish\New Dataset\train_split\Healthy Fish\Healthy Fish_265.jpg,Healthy Fish,val,7.19,25.92,7.24,15.36,0.028,9.62
C:\Users\Asus\PycharmProjects\AquaVision_v1\datasets\fish\New Dataset\train_split\Healthy Fish\Healthy Fish_271.jpg,Healthy Fish,train,7.59,26.42,6.84,16.22,0.042,11.58
C:\Users\Asus\PycharmProjects\AquaVision_v1\datasets\fish\New Dataset\train_split\Healthy Fish\Healthy Fish_274.jpg,Healthy Fish,train,7.39,27.0,6.99,12.32,0.006,9.34
C:\Users\Asus\PycharmProjects\AquaVision_v1\datasets\fish\New Dataset\train_split\Healthy Fish\Healthy Fish_275.jpg,Healthy Fish,train,7.06,26.36,6.93,17.16,0.006,14.12
C:\Users\Asus\PycharmProjects\AquaVision_v1\datasets\fish\New Dataset\train_split\Healthy Fish\Healthy Fish_277.jpg,Healthy Fish,train,6.79,26.12,6.74,14.94,0.032,13.57
C:\Users\Asus\PycharmProjects\AquaVision_v1\datasets\fish\New Dataset\train_split\Healthy Fish\Healthy Fish_279.jpg,Healthy Fish,train,6.75,24.97,6.16,14.25,0.033,12.99
C:\Users\Asus\PycharmProjects\AquaVision_v1\datasets\fish\New Dataset\train_split\Healthy Fish\Healthy Fish_280.jpg,Healthy Fish,train,6.84,25.88,5.65,13.33,0.004,13.01
C:\Users\Asus\PycharmProjects\AquaVision_v1\datasets\fish\New Dataset\train_split\Healthy Fish\Healthy Fish_281.jpg,Healthy Fish,train,7.18,26.52,5.78,16.1,0.013,4.86
C:\Users\Asus\PycharmProjects\AquaVision_v1\datasets\fish\New Dataset\train_split\Healthy Fish\Healthy Fish_282.jpg,Healthy Fish,train,6.98,28.44,5.82,18.38,0.003,11.22
C:\Users\Asus\PycharmProjects\AquaVision_v1\datasets\fish\New Dataset\train_split\Healthy Fish\Healthy Fish_283.jpg,Healthy Fish,train,6.97,25.25,5.98,14.58,0.024,17.2
C:\Users\Asus\PycharmProjects\AquaVision_v1\datasets\fish\New Dataset\train_split\Healthy Fish\Healthy Fish_284.jpg,Healthy Fish,val,6.47,26.37,5.96,16.37,0.002,10.81
C:\Users\Asus\PycharmProjects\AquaVision_v1\datasets\fish\New Dataset\train_split\Healthy Fish\Healthy Fish_290.jpg,Healthy Fish,train,6.45,26.99,5.94,12.9,0.007,13.03
C:\Users\Asus\PycharmProjects\AquaVision_v1\datasets\fish\New Dataset\train_split\Healthy Fish\Healthy Fish_291.jpg,Healthy Fish,train,7.38,25.03,6.9,13.49,0.031,18.7
C:\Users\Asus\PycharmProjects\AquaVision_v1\datasets\fish\New Dataset\train_split\Healthy Fish\Healthy Fish_293.jpg,Healthy Fish,train,7.45,26.47,6.16,14.7,0.015,15.93
C:\Users\Asus\PycharmProjects\AquaVision_v1\datasets\fish\New Dataset\train_split\Healthy Fish\Healthy Fish_298.jpg,Healthy Fish,train,6.85,21.54,5.87,13.5,0.006,12.87
C:\Users\Asus\PycharmProjects\AquaVision_v1\datasets\fish\New Dataset\train_split\Healthy Fish\Healthy Fish_299.jpg,Healthy Fish,train,7.39,24.46,6.81,15.95,0.007,12.27
C:\Users\Asus\PycharmProjects\AquaVision_v1\datasets\fish\New Dataset\train_split\Healthy Fish\Healthy Fish_300.jpg,Healthy Fish,train,7.42,24.55,6.62,16.5,0.019,10.24
C:\Users\Asus\PycharmProjects\AquaVision_v1\datasets\fish\New Dataset\train_split\Healthy Fish\Healthy Fish_301.jpg,Healthy Fish,train,6.5,26.45,6.3,16.07,0.038,12.72
C:\Users\Asus\PycharmProjects\AquaVision_v1\datasets\fish\New Dataset\train_split\Healthy Fish\Healthy Fish_306.jpg,Healthy Fish,train,6.88,28.5,6.41,16.25,0.052,14.41
C:\Users\Asus\PycharmProjects\AquaVision_v1\datasets\fish\New Dataset\train_split\Healthy Fish\Healthy Fish_308.jpg,Healthy Fish,train,7.02,25.37,5.84,15.48,0.001,6.74
C:\Users\Asus\PycharmProjects\AquaVision_v1\datasets\fish\New Dataset\train_split\Healthy Fish\Healthy Fish_309.jpg,Healthy Fish,train,7.54,24.23,6.72,17.22,0.011,14.27
C:\Users\Asus\PycharmProjects\AquaVision_v1\datasets\fish\New Dataset\train_split\Healthy Fish\Healthy Fish_311.jpg,Healthy Fish,train,7.06,24.89,6.47,14.84,0.005,15.32
C:\Users\Asus\PycharmProjects\AquaVision_v1\datasets\fish\New Dataset\train_split\Healthy Fish\Healthy Fish_312.jpg,Healthy Fish,train,6.46,25.74,6.13,12.34,0.006,15.92
C:\Users\Asus\PycharmProjects\AquaVision_v1\datasets\fish\New Dataset\train_split\Healthy Fish\Healthy Fish_313.jpg,Healthy Fish,train,7.43,27.38,6.56,18.2,0.005,16.65
C:\Users\Asus\PycharmProjects\AquaVision_v1\datasets\fish\New Dataset\train_split\Healthy Fish\Healthy Fish_316.jpg,Healthy Fish,train,7.28,25.1,6.79,11.66,0.0,14.97
C:\Users\Asus\PycharmProjects\AquaVision_v1\datasets\fish\New Dataset\train_split\Healthy Fish\Healthy Fish_318.jpg,Healthy Fish,train,6.94,24.52,6.44,15.87,0.0,10.1
C:\Users\Asus\PycharmProjects\AquaVision_v1\datasets\fish\New Dataset\train_split\Healthy Fish\Healthy Fish_320.jpg,Healthy Fish,train,7.09,26.25,6.13,13.99,0.04,8.6
C:\Users\Asus\PycharmProjects\AquaVision_v1\datasets\fish\New Dataset\train_split\Healthy Fish\Healthy Fish_321.jpg,Healthy Fish,train,7.2,27.29,7.23,13.82,0.002,12.76
C:\Users\Asus\PycharmProjects\AquaVision_v1\datasets\fish\New Dataset\train_split\Healthy Fish\Healthy Fish_325.jpg,Healthy Fish,train,6.99,28.17,5.66,15.77,0.036,12.0
C:\Users\Asus\PycharmProjects\AquaVision_v1\datasets\fish\New Dataset\train_split\Healthy Fish\Healthy Fish_326.jpg,Healthy Fish,train,7.45,24.88,6.08,13.65,0.058,12.93
C:\Users\Asus\PycharmProjects\AquaVision_v1\datasets\fish\New Dataset\train_split\Healthy Fish\Healthy Fish_327.jpg,Healthy Fish,train,8.37,24.23,5.7,11.42,0.021,15.02
C:\Users\Asus\PycharmProjects\AquaVision_v1\datasets\fish\New Dataset\train_split\Healthy Fish\Healthy Fish_328.jpg,Healthy Fish,train,7.11,26.68,7.24,15.82,0.007,13.98
C:\Users\Asus\PycharmProjects\AquaVision_v1\datasets\fish\New Dataset\train_split\Healthy Fish\Healthy Fish_330.jpg,Healthy Fish,train,6.45,25.02,6.6,13.89,0.002,8.83
C:\Users\Asus\PycharmProjects\AquaVision_v1\datasets\fish\New Dataset\train_split\Healthy Fish\Healthy Fish_333.jpg,Healthy Fish,train,6.85,28.34,6.94,18.46,0.005,11.92
C:\Users\Asus\PycharmProjects\AquaVision_v1\datasets\fish\New Dataset\train_split\Healthy Fish\Healthy Fish_335.jpg,Healthy Fish,train,7.56,26.33,6.48,9.11,0.028,16.81
C:\Users\Asus\PycharmProjects\AquaVision_v1\datasets\fish\New Dataset\train_split\Healthy Fish\Healthy Fish_336.jpg,Healthy Fish,train,7.18,26.25,6.2,16.23,0.016,10.49
C:\Users\Asus\PycharmProjects\AquaVision_v1\datasets\fish\New Dataset\train_split\Healthy Fish\Healthy Fish_337.jpg,Healthy Fish,val,6.88,26.56,6.0,13.07,0.008,12.71
C:\Users\Asus\PycharmProjects\AquaVision_v1\datasets\fish\New Dataset\train_split\Healthy Fish\Healthy Fish_338.jpg,Healthy Fish,train,7.36,25.19,6.4,12.32,0.028,13.76
C:\Users\Asus\PycharmProjects\AquaVision_v1\datasets\fish\New Dataset\train_split\Healthy Fish\Healthy Fish_341.jpg,Healthy Fish,train,7.22,26.66,6.46,17.19,0.017,14.91
C:\Users\Asus\PycharmProjects\AquaVision_v1\datasets\fish\New Dataset\train_split\Healthy Fish\Healthy Fish_343.jpg,Healthy Fish,train,7.4,26.47,7.03,16.8,0.007,15.01
C:\Users\Asus\PycharmProjects\AquaVision_v1\datasets\fish\New Dataset\train_split\Healthy Fish\Healthy Fish_346.jpg,Healthy Fish,val,6.99,23.64,6.7,15.73,0.004,15.49
C:\Users\Asus\PycharmProjects\AquaVision_v1\datasets\fish\New Dataset\train_split\Healthy Fish\Healthy Fish_353.jpg,Healthy Fish,train,6.91,24.23,6.23,14.63,0.085,12.18
C:\Users\Asus\PycharmProjects\AquaVision_v1\datasets\fish\New Dataset\train_split\Healthy Fish\Healthy Fish_355.jpg,Healthy Fish,train,7.15,24.01,7.17,17.37,0.023,14.69
C:\Users\Asus\PycharmProjects\AquaVision_v1\datasets\fish\New Dataset\train_split\Healthy Fish\Healthy Fish_357.jpg,Healthy Fish,train,6.82,27.37,6.46,14.18,0.011,17.56
C:\Users\Asus\PycharmProjects\AquaVision_v1\datasets\fish\New Dataset\train_split\Healthy Fish\Healthy Fish_364.jpg,Healthy Fish,train,7.11,25.4,6.42,16.31,0.009,17.42
C:\Users\Asus\PycharmProjects\AquaVision_v1\datasets\fish\New Dataset\train_split\Healthy Fish\Healthy Fish_368.jpg,Healthy Fish,val,6.62,29.54,7.63,15.38,0.022,9.79
C:\Users\Asus\PycharmProjects\AquaVision_v1\datasets\fish\New Dataset\train_split\Healthy Fish\Healthy Fish_369.jpg,Healthy Fish,train,7.07,27.34,6.67,12.63,0.028,11.03
C:\Users\Asus\PycharmProjects\AquaVision_v1\datasets\fish\New Dataset\train_split\Healthy Fish\Healthy Fish_37.jpg,Healthy Fish,train,7.28,27.4,6.32,15.36,0.014,6.18
C:\Users\Asus\PycharmProjects\AquaVision_v1\datasets\fish\New Dataset\train_split\Healthy Fish\Healthy Fish_372.jpg,Healthy Fish,val,7.12,25.3,5.98,17.01,0.054,13.65
C:\Users\Asus\PycharmProjects\AquaVision_v1\datasets\fish\New Dataset\train_split\Healthy Fish\Healthy Fish_373.jpg,Healthy Fish,train,7.45,23.41,6.42,14.44,0.002,14.27
C:\Users\Asus\PycharmProjects\AquaVision_v1\datasets\fish\New Dataset\train_split\Healthy Fish\Healthy Fish_374.jpg,Healthy Fish,train,7.09,23.13,7.39,15.97,0.007,11.87
C:\Users\Asus\PycharmProjects\AquaVision_v1\datasets\fish\New Dataset\train_split\Healthy Fish\Healthy Fish_375.jpg,Healthy Fish,train,7.0,25.82,7.18,14.91,0.002,14.35
C:\Users\Asus\PycharmProjects\AquaVision_v1\datasets\fish\New Dataset\train_split\Healthy Fish\Healthy Fish_376.jpg,Healthy Fish,train,7.48,27.49,6.46,16.35,0.034,13.73
C:\Users\Asus\PycharmProjects\AquaVision_v1\datasets\fish\New Dataset\train_split\Healthy Fish\Healthy Fish_377.jpg,Healthy Fish,train,7.53,25.81,6.82,14.23,0.01,10.58
C:\Users\Asus\PycharmProjects\AquaVision_v1\datasets\fish\New Dataset\train_split\Healthy Fish\Healthy Fish_378.jpg,Healthy Fish,train,7.31,27.29,4.23,20.43,0.015,16.51
C:\Users\Asus\PycharmProjects\AquaVision_v1\datasets\fish\New Dataset\train_split\Healthy Fish\Healthy Fish_380.jpg,Healthy Fish,val,7.26,25.78,6.45,15.36,0.014,13.39
C:\Users\Asus\PycharmProjects\AquaVision_v1\datasets\fish\New Dataset\train_split\Healthy Fish\Healthy Fish_382.jpg,Healthy Fish,train,7.05,25.68,7.07,14.29,0.001,12.68
C:\Users\Asus\PycharmProjects\AquaVision_v1\datasets\fish\New Dataset\train_split\Healthy Fish\Healthy Fish_383.jpg,Healthy Fish,train,7.59,25.88,6.61,14.81,0.003,11.61
C:\Users\Asus\PycharmProjects\AquaVision_v1\datasets\fish\New Dataset\train_split\Healthy Fish\Healthy Fish_384.jpg,Healthy Fish,train,6.65,27.93,7.38,13.28,0.059,14.04
C:\Users\Asus\PycharmProjects\AquaVision_v1\datasets\fish\New Dataset\train_split\Healthy Fish\Healthy Fish_386.jpg,Healthy Fish,train,6.38,26.01,6.27,12.87,0.004,10.32
C:\Users\Asus\PycharmProjects\AquaVision_v1\datasets\fish\New Dataset\train_split\Healthy Fish\Healthy Fish_387.jpg,Healthy Fish,train,7.04,26.47,7.18,15.56,0.023,14.43
C:\Users\Asus\PycharmProjects\AquaVision_v1\datasets\fish\New Dataset\train_split\Healthy Fish\Healthy Fish_390.jpg,Healthy Fish,train,8.34,25.25,8.97,16.57,0.029,14.14
C:\Users\Asus\PycharmProjects\AquaVision_v1\datasets\fish\New Dataset\train_split\Healthy Fish\Healthy Fish_391.jpg,Healthy Fish,train,7.2,26.64,6.01,19.27,0.003,10.99
C:\Users\Asus\PycharmProjects\AquaVision_v1\datasets\fish\New Dataset\train_split\Healthy Fish\Healthy Fish_392.jpg,Healthy Fish,train,7.01,24.91,6.24,12.27,0.021,16.42
C:\Users\Asus\PycharmProjects\AquaVision_v1\datasets\fish\New Dataset\train_split\Healthy Fish\Healthy Fish_393.jpg,Healthy Fish,val,7.1,27.77,7.42,11.46,0.007,8.31
C:\Users\Asus\PycharmProjects\AquaVision_v1\datasets\fish\New Dataset\train_split\Healthy Fish\Healthy Fish_395.jpg,Healthy Fish,train,7.11,25.33,6.61,15.07,0.009,6.11
C:\Users\Asus\PycharmProjects\AquaVision_v1\datasets\fish\New Dataset\train_split\Healthy Fish\Healthy Fish_396.jpg,Healthy Fish,val,7.06,25.63,5.94,14.02,0.003,8.61
C:\Users\Asus\PycharmProjects\AquaVision_v1\datasets\fish\New Dataset\train_split\Healthy Fish\Healthy Fish_402.jpg,Healthy Fish,train,6.95,24.04,6.42,13.27,0.082,14.38
C:\Users\Asus\PycharmProjects\AquaVision_v1\datasets\fish\New Dataset\train_split\Healthy Fish\Healthy Fish_403.jpg,Healthy Fish,train,7.09,27.36,6.7,14.86,0.091,9.61
C:\Users\Asus\PycharmProjects\AquaVision_v1\datasets\fish\New Dataset\train_split\Healthy Fish\Healthy Fish_406.jpg,Healthy Fish,train,7.31,27.04,6.57,18.21,0.052,13.02
C:\Users\Asus\PycharmProjects\AquaVision_v1\datasets\fish\New Dataset\train_split\Healthy Fish\Healthy Fish_407.jpg,Healthy Fish,val,7.3,26.2,6.84,13.41,0.035,10.62
C:\Users\Asus\PycharmProjects\AquaVision_v1\datasets\fish\New Dataset\train_split\Healthy Fish\Healthy Fish_408.jpg,Healthy Fish,train,7.35,27.65,5.79,13.05,0.0,12.22
C:\Users\Asus\PycharmProjects\AquaVision_v1\datasets\fish\New Dataset\train_split\Healthy Fish\Healthy Fish_409.jpg,Healthy Fish,train,7.89,25.88,6.24,14.04,0.001,12.09
C:\Users\Asus\PycharmProjects\AquaVision_v1\datasets\fish\New Dataset\train_split\Healthy Fish\Healthy Fish_412.jpg,Healthy Fish,train,7.12,28.02,7.19,15.5,0.019,13.64
C:\Users\Asus\PycharmProjects\AquaVision_v1\datasets\fish\New Dataset\train_split\Healthy Fish\Healthy Fish_413.jpg,Healthy Fish,train,6.8,27.1,7.21,15.11,0.022,13.88
C:\Users\Asus\PycharmProjects\AquaVision_v1\datasets\fish\New Dataset\train_split\Healthy Fish\Healthy Fish_415.jpg,Healthy Fish,train,7.6,25.12,6.07,15.19,0.11,15.99
C:\Users\Asus\PycharmProjects\AquaVision_v1\datasets\fish\New Dataset\train_split\Healthy Fish\Healthy Fish_416.jpg,Healthy Fish,val,6.93,24.07,7.13,13.47,0.003,6.61
C:\Users\Asus\PycharmProjects\AquaVision_v1\datasets\fish\New Dataset\train_split\Healthy Fish\Healthy Fish_417.jpg,Healthy Fish,train,6.87,23.48,6.5,16.95,0.016,11.69
C:\Users\Asus\PycharmProjects\AquaVision_v1\datasets\fish\New Dataset\train_split\Healthy Fish\Healthy Fish_418.jpg,Healthy Fish,train,6.82,23.86,5.79,14.59,0.027,11.52
C:\Users\Asus\PycharmProjects\AquaVision_v1\datasets\fish\New Dataset\train_split\Healthy Fish\Healthy Fish_420.jpg,Healthy Fish,train,7.38,25.58,5.81,15.82,0.044,11.08
C:\Users\Asus\PycharmProjects\AquaVision_v1\datasets\fish\New Dataset\train_split\Healthy Fish\Healthy Fish_422.jpg,Healthy Fish,val,7.5,24.75,6.15,15.24,0.0,9.59
C:\Users\Asus\PycharmProjects\AquaVision_v1\datasets\fish\New Dataset\train_split\Healthy Fish\Healthy Fish_423.jpg,Healthy Fish,train,7.15,24.93,6.18,12.84,0.041,9.56
C:\Users\Asus\PycharmProjects\AquaVision_v1\datasets\fish\New Dataset\train_split\Healthy Fish\Healthy Fish_426.jpg,Healthy Fish,train,7.41,24.84,7.26,14.37,0.008,16.59
C:\Users\Asus\PycharmProjects\AquaVision_v1\datasets\fish\New Dataset\train_split\Healthy Fish\Healthy Fish_428.jpg,Healthy Fish,train,7.32,26.37,6.52,13.72,0.001,15.03
C:\Users\Asus\PycharmProjects\AquaVision_v1\datasets\fish\New Dataset\train_split\Healthy Fish\Healthy Fish_43.jpg,Healthy Fish,train,7.18,26.28,6.8,14.54,0.01,10.97
C:\Users\Asus\PycharmProjects\AquaVision_v1\datasets\fish\New Dataset\train_split\Healthy Fish\Healthy Fish_430.jpg,Healthy Fish,train,6.2,25.11,6.46,16.13,0.031,11.94
C:\Users\Asus\PycharmProjects\AquaVision_v1\datasets\fish\New Dataset\train_split\Healthy Fish\Healthy Fish_433.jpg,Healthy Fish,train,6.76,23.48,5.9,14.63,0.015,15.83
C:\Users\Asus\PycharmProjects\AquaVision_v1\datasets\fish\New Dataset\train_split\Healthy Fish\Healthy Fish_434.jpg,Healthy Fish,train,7.19,24.93,6.23,15.85,0.019,13.58
C:\Users\Asus\PycharmProjects\AquaVision_v1\datasets\fish\New Dataset\train_split\Healthy Fish\Healthy Fish_435.jpg,Healthy Fish,train,7.09,27.44,5.66,13.84,0.011,9.43
C:\Users\Asus\PycharmProjects\AquaVision_v1\datasets\fish\New Dataset\train_split\Healthy Fish\Healthy Fish_436.jpg,Healthy Fish,train,7.93,26.91,7.46,16.66,0.007,13.05
C:\Users\Asus\PycharmProjects\AquaVision_v1\datasets\fish\New Dataset\train_split\Healthy Fish\Healthy Fish_437.jpg,Healthy Fish,train,6.81,25.13,5.93,21.58,0.022,11.58
C:\Users\Asus\PycharmProjects\AquaVision_v1\datasets\fish\New Dataset\train_split\Healthy Fish\Healthy Fish_438.jpg,Healthy Fish,train,7.59,25.81,5.92,14.68,0.084,12.78
C:\Users\Asus\PycharmProjects\AquaVision_v1\datasets\fish\New Dataset\train_split\Healthy Fish\Healthy Fish_439.jpg,Healthy Fish,train,7.31,27.76,6.55,12.44,0.085,8.32
C:\Users\Asus\PycharmProjects\AquaVision_v1\datasets\fish\New Dataset\train_split\Healthy Fish\Healthy Fish_441.jpg,Healthy Fish,val,7.09,25.28,6.2,14.95,0.012,16.24
C:\Users\Asus\PycharmProjects\AquaVision_v1\datasets\fish\New Dataset\train_split\Healthy Fish\Healthy Fish_442.jpg,Healthy Fish,train,7.08,24.78,6.59,15.45,0.013,15.89
C:\Users\Asus\PycharmProjects\AquaVision_v1\datasets\fish\New Dataset\train_split\Healthy Fish\Healthy Fish_444.jpg,Healthy Fish,train,7.06,25.0,6.38,14.13,0.029,13.21
C:\Users\Asus\PycharmProjects\AquaVision_v1\datasets\fish\New Dataset\train_split\Healthy Fish\Healthy Fish_445.jpg,Healthy Fish,val,7.35,28.79,6.56,17.2,0.023,10.95
C:\Users\Asus\PycharmProjects\AquaVision_v1\datasets\fish\New Dataset\train_split\Healthy Fish\Healthy Fish_446.jpg,Healthy Fish,val,7.5,26.14,6.17,12.21,0.03,15.0
C:\Users\Asus\PycharmProjects\AquaVision_v1\datasets\fish\New Dataset\train_split\Healthy Fish\Healthy Fish_447.jpg,Healthy Fish,train,7.19,27.27,6.36,17.63,0.008,3.27
C:\Users\Asus\PycharmProjects\AquaVision_v1\datasets\fish\New Dataset\train_split\Healthy Fish\Healthy Fish_448.jpg,Healthy Fish,val,6.95,26.5,6.65,15.79,0.004,14.55
C:\Users\Asus\PycharmProjects\AquaVision_v1\datasets\fish\New Dataset\train_split\Healthy Fish\Healthy Fish_449.jpg,Healthy Fish,train,7.68,25.05,5.71,16.94,0.015,16.19
C:\Users\Asus\PycharmProjects\AquaVision_v1\datasets\fish\New Dataset\train_split\Healthy Fish\Healthy Fish_450.jpg,Healthy Fish,train,7.39,28.05,6.18,17.22,0.043,15.48
C:\Users\Asus\PycharmProjects\AquaVision_v1\datasets\fish\New Dataset\train_split\Healthy Fish\Healthy Fish_451.jpg,Healthy Fish,val,7.32,26.34,5.76,17.9,0.013,9.16
C:\Users\Asus\PycharmProjects\AquaVision_v1\datasets\fish\New Dataset\train_split\Healthy Fish\Healthy Fish_452.jpg,Healthy Fish,val,7.55,27.7,6.72,16.02,0.008,8.64
C:\Users\Asus\PycharmProjects\AquaVision_v1\datasets\fish\New Dataset\train_split\Healthy Fish\Healthy Fish_453.jpg,Healthy Fish,train,7.23,26.26,5.93,12.63,0.014,16.81
C:\Users\Asus\PycharmProjects\AquaVision_v1\datasets\fish\New Dataset\train_split\Healthy Fish\Healthy Fish_455.jpg,Healthy Fish,train,8.33,25.63,5.9,13.65,0.01,12.21
C:\Users\Asus\PycharmProjects\AquaVision_v1\datasets\fish\New Dataset\train_split\Healthy Fish\Healthy Fish_457.jpg,Healthy Fish,train,7.3,25.19,6.73,17.43,0.062,9.84
C:\Users\Asus\PycharmProjects\AquaVision_v1\datasets\fish\New Dataset\train_split\Healthy Fish\Healthy Fish_458.jpg,Healthy Fish,train,7.07,26.7,6.78,17.17,0.004,9.76
C:\Users\Asus\PycharmProjects\AquaVision_v1\datasets\fish\New Dataset\train_split\Healthy Fish\Healthy Fish_459.jpg,Healthy Fish,train,7.08,26.85,5.92,19.67,0.049,15.89
C:\Users\Asus\PycharmProjects\AquaVision_v1\datasets\fish\New Dataset\train_split\Healthy Fish\Healthy Fish_460.jpg,Healthy Fish,train,6.71,29.79,6.2,14.76,0.016,13.0
C:\Users\Asus\PycharmProjects\AquaVision_v1\datasets\fish\New Dataset\train_split\Healthy Fish\Healthy Fish_461.jpg,Healthy Fish,train,6.63,25.18,5.96,13.39,0.009,12.68
C:\Users\Asus\PycharmProjects\AquaVision_v1\datasets\fish\New Dataset\train_split\Healthy Fish\Healthy Fish_462.jpg,Healthy Fish,val,7.4,29.9,6.74,13.17,0.016,14.41
C:\Users\Asus\PycharmProjects\AquaVision_v1\datasets\fish\New Dataset\train_split\Healthy Fish\Healthy Fish_463.jpg,Healthy Fish,train,7.11,25.53,7.16,14.67,0.012,9.09
C:\Users\Asus\PycharmProjects\AquaVision_v1\datasets\fish\New Dataset\train_split\Healthy Fish\Healthy Fish_465.jpg,Healthy Fish,train,6.98,25.06,7.75,18.61,0.012,12.29
C:\Users\Asus\PycharmProjects\AquaVision_v1\datasets\fish\New Dataset\train_split\Healthy Fish\Healthy Fish_467.jpg,Healthy Fish,train,7.67,27.47,6.59,14.9,0.052,11.24
C:\Users\Asus\PycharmProjects\AquaVision_v1\datasets\fish\New Dataset\train_split\Healthy Fish\Healthy Fish_468.jpg,Healthy Fish,train,8.21,25.95,8.98,9.07,0.036,9.33
C:\Users\Asus\PycharmProjects\AquaVision_v1\datasets\fish\New Dataset\train_split\Healthy Fish\Healthy Fish_469.jpg,Healthy Fish,val,7.18,26.31,6.99,17.98,0.027,11.1
C:\Users\Asus\PycharmProjects\AquaVision_v1\datasets\fish\New Dataset\train_split\Healthy Fish\Healthy Fish_470.jpg,Healthy Fish,train,6.56,24.96,7.23,17.19,0.005,10.48
C:\Users\Asus\PycharmProjects\AquaVision_v1\datasets\fish\New Dataset\train_split\Healthy Fish\Healthy Fish_473.jpg,Healthy Fish,train,7.44,28.32,6.19,15.2,0.007,9.74
C:\Users\Asus\PycharmProjects\AquaVision_v1\datasets\fish\New Dataset\train_split\Healthy Fish\Healthy Fish_475.jpg,Healthy Fish,train,7.17,23.47,5.69,15.02,0.018,6.4
C:\Users\Asus\PycharmProjects\AquaVision_v1\datasets\fish\New Dataset\train_split\Healthy Fish\Healthy Fish_476.jpg,Healthy Fish,train,6.6,26.03,6.32,12.79,0.01,9.13
C:\Users\Asus\PycharmProjects\AquaVision_v1\datasets\fish\New Dataset\train_split\Healthy Fish\Healthy Fish_479.jpg,Healthy Fish,train,7.79,26.12,7.09,16.01,0.012,16.13
C:\Users\Asus\PycharmProjects\AquaVision_v1\datasets\fish\New Dataset\train_split\Healthy Fish\Healthy Fish_480.jpg,Healthy Fish,train,7.23,25.14,7.38,17.97,0.004,10.59
C:\Users\Asus\PycharmProjects\AquaVision_v1\datasets\fish\New Dataset\train_split\Healthy Fish\Healthy Fish_481.jpg,Healthy Fish,train,7.01,24.15,6.71,12.09,0.032,10.27
C:\Users\Asus\PycharmProjects\AquaVision_v1\datasets\fish\New Dataset\train_split\Healthy Fish\Healthy Fish_483.jpg,Healthy Fish,val,7.57,23.51,7.27,16.03,0.028,14.25
C:\Users\Asus\PycharmProjects\AquaVision_v1\datasets\fish\New Dataset\train_split\Healthy Fish\Healthy Fish_484.jpg,Healthy Fish,train,7.54,25.85,7.5,15.09,0.018,10.53
C:\Users\Asus\PycharmProjects\AquaVision_v1\datasets\fish\New Dataset\train_split\Healthy Fish\Healthy Fish_485.jpg,Healthy Fish,train,7.43,26.56,6.13,13.31,0.003,17.23
C:\Users\Asus\PycharmProjects\AquaVision_v1\datasets\fish\New Dataset\train_split\Healthy Fish\Healthy Fish_51.jpg,Healthy Fish,train,7.09,24.05,7.22,13.61,0.03,11.13
C:\Users\Asus\PycharmProjects\AquaVision_v1\datasets\fish\New Dataset\train_split\Healthy Fish\Healthy Fish_54.jpg,Healthy Fish,train,7.22,25.25,6.77,12.94,0.011,19.34
C:\Users\Asus\PycharmProjects\AquaVision_v1\datasets\fish\New Dataset\train_split\Healthy Fish\Healthy Fish_56.jpg,Healthy Fish,train,6.97,25.83,6.33,18.91,0.002,12.2
C:\Users\Asus\PycharmProjects\AquaVision_v1\datasets\fish\New Dataset\train_split\Healthy Fish\Healthy Fish_57.jpg,Healthy Fish,train,6.97,25.97,6.44,14.78,0.002,11.65
C:\Users\Asus\PycharmProjects\AquaVision_v1\datasets\fish\New Dataset\train_split\Healthy Fish\Healthy Fish_58.jpg,Healthy Fish,train,7.46,26.91,6.71,8.93,0.001,11.68
C:\Users\Asus\PycharmProjects\AquaVision_v1\datasets\fish\New Dataset\train_split\Healthy Fish\Healthy Fish_59.jpg,Healthy Fish,train,7.14,26.97,7.24,13.15,0.03,11.21
C:\Users\Asus\PycharmProjects\AquaVision_v1\datasets\fish\New Dataset\train_split\Healthy Fish\Healthy Fish_60.jpg,Healthy Fish,train,7.23,28.59,6.71,15.48,0.051,15.02
C:\Users\Asus\PycharmProjects\AquaVision_v1\datasets\fish\New Dataset\train_split\Healthy Fish\Healthy Fish_7.jpg,Healthy Fish,val,8.12,25.89,6.86,14.62,0.003,8.88
C:\Users\Asus\PycharmProjects\AquaVision_v1\datasets\fish\New Dataset\train_split\Healthy Fish\Healthy Fish_aug_0.jpg,Healthy Fish,val,6.62,27.09,6.79,15.93,0.009,11.73
C:\Users\Asus\PycharmProjects\AquaVision_v1\datasets\fish\New Dataset\train_split\Healthy Fish\Healthy Fish_aug_100.jpg,Healthy Fish,train,7.68,25.48,6.08,14.84,0.012,10.17
C:\Users\Asus\PycharmProjects\AquaVision_v1\datasets\fish\New Dataset\train_split\Healthy Fish\Healthy Fish_aug_104.jpg,Healthy Fish,train,6.86,26.35,6.17,17.22,0.018,13.79
C:\Users\Asus\PycharmProjects\AquaVision_v1\datasets\fish\New Dataset\train_split\Healthy Fish\Healthy Fish_aug_105.jpg,Healthy Fish,val,7.3,23.67,7.25,18.15,0.042,12.06
C:\Users\Asus\PycharmProjects\AquaVision_v1\datasets\fish\New Dataset\train_split\Healthy Fish\Healthy Fish_aug_107.jpg,Healthy Fish,train,7.6,25.17,5.57,13.48,0.011,7.6
C:\Users\Asus\PycharmProjects\AquaVision_v1\datasets\fish\New Dataset\train_split\Healthy Fish\Healthy Fish_aug_11.jpg,Healthy Fish,train,7.19,26.11,6.22,12.16,0.024,12.65
C:\Users\Asus\PycharmProjects\AquaVision_v1\datasets\fish\New Dataset\train_split\Healthy Fish\Healthy Fish_aug_110.jpg,Healthy Fish,train,6.96,24.12,6.36,18.14,0.032,14.14
C:\Users\Asus\PycharmProjects\AquaVision_v1\datasets\fish\New Dataset\train_split\Healthy Fish\Healthy Fish_aug_114.jpg,Healthy Fish,train,7.54,26.18,6.83,13.91,0.028,7.76
C:\Users\Asus\PycharmProjects\AquaVision_v1\datasets\fish\New Dataset\train_split\Healthy Fish\Healthy Fish_aug_115.jpg,Healthy Fish,train,6.86,27.23,7.34,15.0,0.017,9.86
C:\Users\Asus\PycharmProjects\AquaVision_v1\datasets\fish\New Dataset\train_split\Healthy Fish\Healthy Fish_aug_116.jpg,Healthy Fish,train,6.95,23.83,6.51,14.96,0.04,13.03
C:\Users\Asus\PycharmProjects\AquaVision_v1\datasets\fish\New Dataset\train_split\Healthy Fish\Healthy Fish_aug_120.jpg,Healthy Fish,train,7.76,26.16,6.8,13.05,0.006,11.12
C:\Users\Asus\PycharmProjects\AquaVision_v1\datasets\fish\New Dataset\train_split\Healthy Fish\Healthy Fish_aug_121.jpg,Healthy Fish,val,7.26,27.55,5.85,10.43,0.021,11.36
C:\Users\Asus\PycharmProjects\AquaVision_v1\datasets\fish\New Dataset\train_split\Healthy Fish\Healthy Fish_aug_122.jpg,Healthy Fish,train,5.16,26.66,6.85,10.35,0.041,14.94
C:\Users\Asus\PycharmProjects\AquaVision_v1\datasets\fish\New Dataset\train_split\Healthy Fish\Healthy Fish_aug_123.jpg,Healthy Fish,train,6.9,26.93,7.32,14.65,0.009,8.61
C:\Users\Asus\PycharmProjects\AquaVision_v1\datasets\fish\New Dataset\train_split\Healthy Fish\Healthy Fish_aug_127.jpg,Healthy Fish,train,7.3,26.68,7.34,14.61,0.003,8.57
C:\Users\Asus\PycharmProjects\AquaVision_v1\datasets\fish\New Dataset\train_split\Healthy Fish\Healthy Fish_aug_128.jpg,Healthy Fish,train,7.42,25.71,6.35,15.6,0.001,10.13
C:\Users\Asus\PycharmProjects\AquaVision_v1\datasets\fish\New Dataset\train_split\Healthy Fish\Healthy Fish_aug_129.jpg,Healthy Fish,train,7.1,26.12,6.52,16.52,0.001,10.2
C:\Users\Asus\PycharmProjects\AquaVision_v1\datasets\fish\New Dataset\train_split\Healthy Fish\Healthy Fish_aug_13.jpg,Healthy Fish,train,7.13,25.46,7.52,13.17,0.006,11.16
C:\Users\Asus\PycharmProjects\AquaVision_v1\datasets\fish\New Dataset\train_split\Healthy Fish\Healthy Fish_aug_131.jpg,Healthy Fish,train,7.1,26.42,5.64,17.07,0.005,10.04
C:\Users\Asus\PycharmProjects\AquaVision_v1\datasets\fish\New Dataset\train_split\Healthy Fish\Healthy Fish_aug_133.jpg,Healthy Fish,val,7.15,25.64,7.71,16.09,0.022,6.58
C:\Users\Asus\PycharmProjects\AquaVision_v1\datasets\fish\New Dataset\train_split\Healthy Fish\Healthy Fish_aug_134.jpg,Healthy Fish,train,7.28,24.03,6.43,13.56,0.017,13.27
C:\Users\Asus\PycharmProjects\AquaVision_v1\datasets\fish\New Dataset\train_split\Healthy Fish\Healthy Fish_aug_137.jpg,Healthy Fish,train,7.03,26.86,6.25,16.43,0.001,12.93
C:\Users\Asus\PycharmProjects\AquaVision_v1\datasets\fish\New Dataset\train_split\Healthy Fish\Healthy Fish_aug_138.jpg,Healthy Fish,train,7.05,26.11,7.72,15.6,0.004,14.5
C:\Users\Asus\PycharmProjects\AquaVision_v1\datasets\fish\New Dataset\train_split\Healthy Fish\Healthy Fish_aug_139.jpg,Healthy Fish,val,6.8,25.4,6.95,14.25,0.001,12.78
C:\Users\Asus\PycharmProjects\AquaVision_v1\datasets\fish\New Dataset\train_split\Healthy Fish\Healthy Fish_aug_14.jpg,Healthy Fish,train,7.44,25.14,6.18,18.32,0.024,13.03
C:\Users\Asus\PycharmProjects\AquaVision_v1\datasets\fish\New Dataset\train_split\Healthy Fish\Healthy Fish_aug_140.jpg,Healthy Fish,train,7.01,29.03,6.52,16.15,0.006,7.65
C:\Users\Asus\PycharmProjects\AquaVision_v1\datasets\fish\New Dataset\train_split\Healthy Fish\Healthy Fish_aug_141.jpg,Healthy Fish,train,7.58,22.17,6.3,9.01,0.007,13.06
C:\Users\Asus\PycharmProjects\AquaVision_v1\datasets\fish\New Dataset\train_split\Healthy Fish\Healthy Fish_aug_144.jpg,Healthy Fish,train,6.81,24.75,7.03,15.04,0.008,12.11
C:\Users\Asus\PycharmProjects\AquaVision_v1\datasets\fish\New Dataset\train_split\Healthy Fish\Healthy Fish_aug_147.jpg,Healthy Fish,train,6.95,26.07,6.54,18.09,0.0,9.62
C:\Users\Asus\PycharmProjects\AquaVision_v1\datasets\fish\New Dataset\train_split\Healthy Fish\Healthy Fish_aug_148.jpg,Healthy Fish,train,7.74,26.39,5.77,13.07,0.006,9.56
C:\Users\Asus\PycharmProjects\AquaVision_v1\datasets\fish\New Dataset\train_split\Healthy Fish\Healthy Fish_aug_149.jpg,Healthy Fish,train,7.26,23.88,6.68,19.47,0.011,11.84
C:\Users\Asus\PycharmProjects\AquaVision_v1\datasets\fish\New Dataset\train_split\Healthy Fish\Healthy Fish_aug_15.jpg,Healthy Fish,train,9.33,26.96,9.43,15.15,0.039,14.67
C:\Users\Asus\PycharmProjects\AquaVision_v1\datasets\fish\New Dataset\train_split\Healthy Fish\Healthy Fish_aug_151.jpg,Healthy Fish,train,7.04,23.82,6.3,13.11,0.035,14.17
C:\Users\Asus\PycharmProjects\AquaVision_v1\datasets\fish\New Dataset\train_split\Healthy Fish\Healthy Fish_aug_152.jpg,Healthy Fish,train,7.28,25.85,6.3,17.35,0.012,6.36
C:\Users\Asus\PycharmProjects\AquaVision_v1\datasets\fish\New Dataset\train_split\Healthy Fish\Healthy Fish_aug_153.jpg,Healthy Fish,val,7.38,25.95,6.32,14.18,0.033,14.42
C:\Users\Asus\PycharmProjects\AquaVision_v1\datasets\fish\New Dataset\train_split\Healthy Fish\Healthy Fish_aug_154.jpg,Healthy Fish,train,7.01,26.03,6.24,16.24,0.02,9.82
C:\Users\Asus\PycharmProjects\AquaVision_v1\datasets\fish\New Dataset\train_split\Healthy Fish\Healthy Fish_aug_155.jpg,Healthy Fish,train,7.02,26.79,6.77,17.32,0.022,12.81
C:\Users\Asus\PycharmProjects\AquaVision_v1\datasets\fish\New Dataset\train_split\Healthy Fish\Healthy Fish_aug_156.jpg,Healthy Fish,train,7.56,23.89,6.97,15.86,0.005,8.48
C:\Users\Asus\PycharmProjects\AquaVision_v1\datasets\fish\New Dataset\train_split\Healthy Fish\Healthy Fish_aug_157.jpg,Healthy Fish,train,7.59,24.93,6.37,10.33,0.01,8.12
C:\Users\Asus\PycharmProjects\AquaVision_v1\datasets\fish\New Dataset\train_split\Healthy Fish\Healthy Fish_aug_159.jpg,Healthy Fish,train,7.61,25.85,6.9,18.34,0.024,12.75
C:\Users\Asus\PycharmProjects\AquaVision_v1\datasets\fish\New Dataset\train_split\Healthy Fish\Healthy Fish_aug_16.jpg,Healthy Fish,train,7.51,25.31,7.04,17.22,0.008,12.63
C:\Users\Asus\PycharmProjects\AquaVision_v1\datasets\fish\New Dataset\train_split\Healthy Fish\Healthy Fish_aug_160.jpg,Healthy Fish,train,7.24,23.94,7.3,14.98,0.005,12.85
C:\Users\Asus\PycharmProjects\AquaVision_v1\datasets\fish\New Dataset\train_split\Healthy Fish\Healthy Fish_aug_161.jpg,Healthy Fish,train,7.52,26.33,7.36,15.32,0.038,9.45
C:\Users\Asus\PycharmProjects\AquaVision_v1\datasets\fish\New Dataset\train_split\Healthy Fish\Healthy Fish_aug_162.jpg,Healthy Fish,train,7.1,26.74,7.24,16.41,0.001,14.43
C:\Users\Asus\PycharmProjects\AquaVision_v1\datasets\fish\New Dataset\train_split\Healthy Fish\Healthy Fish_aug_164.jpg,Healthy Fish,train,7.29,23.75,5.98,15.91,0.075,9.9
C:\Users\Asus\PycharmProjects\AquaVision_v1\datasets\fish\New Dataset\train_split\Healthy Fish\Healthy Fish_aug_165.jpg,Healthy Fish,train,7.19,28.51,6.86,17.52,0.001,12.28
C:\Users\Asus\PycharmProjects\AquaVision_v1\datasets\fish\New Dataset\train_split\Healthy Fish\Healthy Fish_aug_166.jpg,Healthy Fish,val,6.96,25.91,6.1,18.12,0.006,10.92
C:\Users\Asus\PycharmProjects\AquaVision_v1\datasets\fish\New Dataset\train_split\Healthy Fish\Healthy Fish_aug_168.jpg,Healthy Fish,train,7.54,26.88,5.84,14.99,0.021,11.06
C:\Users\Asus\PycharmProjects\AquaVision_v1\datasets\fish\New Dataset\train_split\Healthy Fish\Healthy Fish_aug_169.jpg,Healthy Fish,train,7.27,25.1,6.63,15.32,0.01,14.15
C:\Users\Asus\PycharmProjects\AquaVision_v1\datasets\fish\New Dataset\train_split\Healthy Fish\Healthy Fish_aug_17.jpg,Healthy Fish,train,7.53,26.7,5.92,14.72,0.001,18.05
C:\Users\Asus\PycharmProjects\AquaVision_v1\datasets\fish\New Dataset\train_split\Healthy Fish\Healthy Fish_aug_170.jpg,Healthy Fish,train,7.35,27.15,6.27,16.01,0.044,8.41
C:\Users\Asus\PycharmProjects\AquaVision_v1\datasets\fish\New Dataset\train_split\Healthy Fish\Healthy Fish_aug_171.jpg,Healthy Fish,train,7.41,27.42,6.46,15.57,0.007,11.08
C:\Users\Asus\PycharmProjects\AquaVision_v1\datasets\fish\New Dataset\train_split\Healthy Fish\Healthy Fish_aug_172.jpg,Healthy Fish,train,7.16,27.18,7.09,13.95,0.015,15.0
C:\Users\Asus\PycharmProjects\AquaVision_v1\datasets\fish\New Dataset\train_split\Healthy Fish\Healthy Fish_aug_176.jpg,Healthy Fish,train,7.65,25.43,6.72,14.91,0.026,12.22
C:\Users\Asus\PycharmProjects\AquaVision_v1\datasets\fish\New Dataset\train_split\Healthy Fish\Healthy Fish_aug_177.jpg,Healthy Fish,val,6.85,24.34,6.68,18.21,0.043,15.31
C:\Users\Asus\PycharmProjects\AquaVision_v1\datasets\fish\New Dataset\train_split\Healthy Fish\Healthy Fish_aug_178.jpg,Healthy Fish,train,6.87,25.53,5.95,10.58,0.008,11.21
C:\Users\Asus\PycharmProjects\AquaVision_v1\datasets\fish\New Dataset\train_split\Healthy Fish\Healthy Fish_aug_181.jpg,Healthy Fish,train,7.41,24.57,6.55,16.42,0.019,14.41
C:\Users\Asus\PycharmProjects\AquaVision_v1\datasets\fish\New Dataset\train_split\Healthy Fish\Healthy Fish_aug_183.jpg,Healthy Fish,val,6.68,28.34,6.95,13.62,0.032,11.74
C:\Users\Asus\PycharmProjects\AquaVision_v1\datasets\fish\New Dataset\train_split\Healthy Fish\Healthy Fish_aug_192.jpg,Healthy Fish,val,7.96,26.56,5.48,13.91,0.013,10.2
C:\Users\Asus\PycharmProjects\AquaVision_v1\datasets\fish\New Dataset\train_split\Healthy Fish\Healthy Fish_aug_193.jpg,Healthy Fish,train,6.65,23.72,6.69,15.0,0.004,12.91
C:\Users\Asus\PycharmProjects\AquaVision_v1\datasets\fish\New Dataset\train_split\Healthy Fish\Healthy Fish_aug_195.jpg,Healthy Fish,train,7.35,28.88,6.7,14.15,0.009,14.56
C:\Users\Asus\PycharmProjects\AquaVision_v1\datasets\fish\New Dataset\train_split\Healthy Fish\Healthy Fish_aug_198.jpg,Healthy Fish,train,7.04,26.39,6.9,16.42,0.001,13.52
C:\Users\Asus\PycharmProjects\AquaVision_v1\datasets\fish\New Dataset\train_split\Healthy Fish\Healthy Fish_aug_199.jpg,Healthy Fish,val,7.0,26.26,6.08,15.03,0.027,13.81
C:\Users\Asus\PycharmProjects\AquaVision_v1\datasets\fish\New Dataset\train_split\Healthy Fish\Healthy Fish_aug_2.jpg,Healthy Fish,train,7.22,24.04,6.74,17.96,0.026,14.28
C:\Users\Asus\PycharmProjects\AquaVision_v1\datasets\fish\New Dataset\train_split\Healthy Fish\Healthy Fish_aug_200.jpg,Healthy Fish,val,7.59,24.37,5.81,14.99,0.016,6.87
C:\Users\Asus\PycharmProjects\AquaVision_v1\datasets\fish\New Dataset\train_split\Healthy Fish\Healthy Fish_aug_202.jpg,Healthy Fish,val,6.77,25.44,6.46,15.1,0.009,12.38
C:\Users\Asus\PycharmProjects\AquaVision_v1\datasets\fish\New Dataset\train_split\Healthy Fish\Healthy Fish_aug_204.jpg,Healthy Fish,train,7.48,26.67,6.2,17.67,0.013,10.23
C:\Users\Asus\PycharmProjects\AquaVision_v1\datasets\fish\New Dataset\train_split\Healthy Fish\Healthy Fish_aug_209.jpg,Healthy Fish,val,6.93,26.46,6.77,13.28,0.001,11.78
C:\Users\Asus\PycharmProjects\AquaVision_v1\datasets\fish\New Dataset\train_split\Healthy Fish\Healthy Fish_aug_21.jpg,Healthy Fish,train,7.89,24.86,7.0,14.21,0.015,12.86
C:\Users\Asus\PycharmProjects\AquaVision_v1\datasets\fish\New Dataset\train_split\Healthy Fish\Healthy Fish_aug_210.jpg,Healthy Fish,train,7.09,28.34,7.97,15.5,0.048,10.01
C:\Users\Asus\PycharmProjects\AquaVision_v1\datasets\fish\New Dataset\train_split\Healthy Fish\Healthy Fish_aug_212.jpg,Healthy Fish,train,7.34,25.6,6.96,12.41,0.015,7.39
C:\Users\Asus\PycharmProjects\AquaVision_v1\datasets\fish\New Dataset\train_split\Healthy Fish\Healthy Fish_aug_213.jpg,Healthy Fish,train,7.73,27.22,7.09,12.46,0.0,14.14
C:\Users\Asus\PycharmProjects\AquaVision_v1\datasets\fish\New Dataset\train_split\Healthy Fish\Healthy Fish_aug_214.jpg,Healthy Fish,train,6.62,25.87,7.06,13.9,0.05,12.18
C:\Users\Asus\PycharmProjects\AquaVision_v1\datasets\fish\New Dataset\train_split\Healthy Fish\Healthy Fish_aug_215.jpg,Healthy Fish,train,7.47,25.09,6.81,13.23,0.014,9.68
C:\Users\Asus\PycharmProjects\AquaVision_v1\datasets\fish\New Dataset\train_split\Healthy Fish\Healthy Fish_aug_219.jpg,Healthy Fish,train,7.15,24.22,6.6,17.05,0.042,10.58
C:\Users\Asus\PycharmProjects\AquaVision_v1\datasets\fish\New Dataset\train_split\Healthy Fish\Healthy Fish_aug_22.jpg,Healthy Fish,train,7.07,29.08,6.26,16.31,0.057,14.31
C:\Users\Asus\PycharmProjects\AquaVision_v1\datasets\fish\New Dataset\train_split\Healthy Fish\Healthy Fish_aug_220.jpg,Healthy Fish,train,7.03,23.87,8.02,13.77,0.005,9.3
C:\Users\Asus\PycharmProjects\AquaVision_v1\datasets\fish\New Dataset\train_split\Healthy Fish\Healthy Fish_aug_223.jpg,Healthy Fish,train,7.68,27.47,7.14,14.31,0.003,10.09
C:\Users\Asus\PycharmProjects\AquaVision_v1\datasets\fish\New Dataset\train_split\Healthy Fish\Healthy Fish_aug_224.jpg,Healthy Fish,train,6.97,26.97,6.61,14.85,0.018,10.09
C:\Users\Asus\PycharmProjects\AquaVision_v1\datasets\fish\New Dataset\train_split\Healthy Fish\Healthy Fish_aug_225.jpg,Healthy Fish,train,7.44,27.02,7.02,16.1,0.017,17.69
C:\Users\Asus\PycharmProjects\AquaVision_v1\datasets\fish\New Dataset\train_split\Healthy Fish\Healthy Fish_aug_226.jpg,Healthy Fish,train,6.95,24.04,6.31,16.51,0.016,6.28
C:\Users\Asus\PycharmProjects\AquaVision_v1\datasets\fish\New Dataset\train_split\Healthy Fish\Healthy Fish_aug_232.jpg,Healthy Fish,train,6.69,26.93,6.91,11.04,0.019,10.76
C:\Users\Asus\PycharmProjects\AquaVision_v1\datasets\fish\New Dataset\train_split\Healthy Fish\Healthy Fish_aug_233.jpg,Healthy Fish,train,6.84,22.35,6.32,14.86,0.017,11.24
C:\Users\Asus\PycharmProjects\AquaVision_v1\datasets\fish\New Dataset\train_split\Healthy Fish\Healthy Fish_aug_234.jpg,Healthy Fish,train,7.69,25.54,6.79,15.98,0.004,13.42
C:\Users\Asus\PycharmProjects\AquaVision_v1\datasets\fish\New Dataset\train_split\Healthy Fish\Healthy Fish_aug_235.jpg,Healthy Fish,train,6.98,27.15,6.04,16.7,0.01,7.56
C:\Users\Asus\PycharmProjects\AquaVision_v1\datasets\fish\New Dataset\train_split\Healthy Fish\Healthy Fish_aug_236.jpg,Healthy Fish,train,6.37,22.45,6.62,16.85,0.016,13.7
C:\Users\Asus\PycharmProjects\AquaVision_v1\datasets\fish\New Dataset\train_split\Healthy Fish\Healthy Fish_aug_25.jpg,Healthy Fish,train,7.66,27.45,6.76,14.01,0.048,10.25
C:\Users\Asus\PycharmProjects\AquaVision_v1\datasets\fish\New Dataset\train_split\Healthy Fish\Healthy Fish_aug_27.jpg,Healthy Fish,val,7.48,25.62,6.79,16.48,0.053,14.01
C:\Users\Asus\PycharmProjects\AquaVision_v1\datasets\fish\New Dataset\train_split\Healthy Fish\Healthy Fish_aug_28.jpg,Healthy Fish,train,7.29,25.71,6.77,13.09,0.015,11.3
C:\Users\Asus\PycharmProjects\AquaVision_v1\datasets\fish\New Dataset\train_split\Healthy Fish\Healthy Fish_aug_29.jpg,Healthy Fish,train,7.06,26.68,6.89,14.85,0.007,19.12
C:\Users\Asus\PycharmProjects\AquaVision_v1\datasets\fish\New Dataset\train_split\Healthy Fish\Healthy Fish_aug_30.jpg,Healthy Fish,val,7.08,25.89,6.34,12.19,0.011,12.31
C:\Users\Asus\PycharmProjects\AquaVision_v1\datasets\fish\New Dataset\train_split\Healthy Fish\Healthy Fish_aug_31.jpg,Healthy Fish,val,7.04,28.0,6.11,13.61,0.029,11.52
C:\Users\Asus\PycharmProjects\AquaVision_v1\datasets\fish\New Dataset\train_split\Healthy Fish\Healthy Fish_aug_33.jpg,Healthy Fish,train,7.74,25.75,5.84,14.0,0.028,12.36
C:\Users\Asus\PycharmProjects\AquaVision_v1\datasets\fish\New Dataset\train_split\Healthy Fish\Healthy Fish_aug_34.jpg,Healthy Fish,train,6.49,27.29,6.08,13.33,0.01,6.4
C:\Users\Asus\PycharmProjects\AquaVision_v1\datasets\fish\New Dataset\train_split\Healthy Fish\Healthy Fish_aug_35.jpg,Healthy Fish,train,7.27,26.91,7.26,14.69,0.02,11.85
C:\Users\Asus\PycharmProjects\AquaVision_v1\datasets\fish\New Dataset\train_split\Healthy Fish\Healthy Fish_aug_36.jpg,Healthy Fish,train,6.72,24.57,4.82,12.56,0.002,14.59
C:\Users\Asus\PycharmProjects\AquaVision_v1\datasets\fish\New Dataset\train_split\Healthy Fish\Healthy Fish_aug_41.jpg,Healthy Fish,train,6.99,26.13,6.38,14.45,0.02,14.82
C:\Users\Asus\PycharmProjects\AquaVision_v1\datasets\fish\New Dataset\train_split\Healthy Fish\Healthy Fish_aug_42.jpg,Healthy Fish,train,7.84,24.83,6.38,15.62,0.078,11.36
C:\Users\Asus\PycharmProjects\AquaVision_v1\datasets\fish\New Dataset\train_split\Healthy Fish\Healthy Fish_aug_45.jpg,Healthy Fish,val,7.27,27.01,6.65,13.71,0.006,16.85
C:\Users\Asus\PycharmProjects\AquaVision_v1\datasets\fish\New Dataset\train_split\Healthy Fish\Healthy Fish_aug_46.jpg,Healthy Fish,train,6.84,24.81,5.9,15.64,0.032,11.67
C:\Users\Asus\PycharmProjects\AquaVision_v1\datasets\fish\New Dataset\train_split\Healthy Fish\Healthy Fish_aug_47.jpg,Healthy Fish,train,7.36,25.21,6.29,13.99,0.009,11.95
C:\Users\Asus\PycharmProjects\AquaVision_v1\datasets\fish\New Dataset\train_split\Healthy Fish\Healthy Fish_aug_48.jpg,Healthy Fish,train,6.88,23.69,7.59,13.07,0.003,11.51
C:\Users\Asus\PycharmProjects\AquaVision_v1\datasets\fish\New Dataset\train_split\Healthy Fish\Healthy Fish_aug_51.jpg,Healthy Fish,train,7.11,26.63,7.26,16.54,0.009,15.51
C:\Users\Asus\PycharmProjects\AquaVision_v1\datasets\fish\New Dataset\train_split\Healthy Fish\Healthy Fish_aug_52.jpg,Healthy Fish,train,7.5,26.53,7.19,14.56,0.007,10.78
C:\Users\Asus\PycharmProjects\AquaVision_v1\datasets\fish\New Dataset\train_split\Healthy Fish\Healthy Fish_aug_54.jpg,Healthy Fish,train,7.13,25.8,6.04,17.11,0.012,12.77
C:\Users\Asus\PycharmProjects\AquaVision_v1\datasets\fish\New Dataset\train_split\Healthy Fish\Healthy Fish_aug_55.jpg,Healthy Fish,train,7.11,25.98,6.97,16.4,0.008,12.37
C:\Users\Asus\PycharmProjects\AquaVision_v1\datasets\fish\New Dataset\train_split\Healthy Fish\Healthy Fish_aug_56.jpg,Healthy Fish,train,7.23,25.19,6.96,16.49,0.003,8.16
C:\Users\Asus\PycharmProjects\AquaVision_v1\datasets\fish\New Dataset\train_split\Healthy Fish\Healthy Fish_aug_57.jpg,Healthy Fish,train,7.13,24.86,6.01,14.72,0.0,15.51
C:\Users\Asus\PycharmProjects\AquaVision_v1\datasets\fish\New Dataset\train_split\Healthy Fish\Healthy Fish_aug_59.jpg,Healthy Fish,train,5.58,26.83,6.84,15.24,0.032,8.14
C:\Users\Asus\PycharmProjects\AquaVision_v1\datasets\fish\New Dataset\train_split\Healthy Fish\Healthy Fish_aug_6.jpg,Healthy Fish,train,7.83,27.33,6.46,15.01,0.008,10.43
C:\Users\Asus\PycharmProjects\AquaVision_v1\datasets\fish\New Dataset\train_split\Healthy Fish\Healthy Fish_aug_60.jpg,Healthy Fish,train,6.97,26.98,5.96,17.67,0.014,15.52
C:\Users\Asus\PycharmProjects\AquaVision_v1\datasets\fish\New Dataset\train_split\Healthy Fish\Healthy Fish_aug_62.jpg,Healthy Fish,train,7.2,24.95,5.73,16.41,0.001,12.97
C:\Users\Asus\PycharmProjects\AquaVision_v1\datasets\fish\New Dataset\train_split\Healthy Fish\Healthy Fish_aug_69.jpg,Healthy Fish,train,6.86,24.9,6.07,13.55,0.004,10.93
C:\Users\Asus\PycharmProjects\AquaVision_v1\datasets\fish\New Dataset\train_split\Healthy Fish\Healthy Fish_aug_70.jpg,Healthy Fish,train,7.07,25.66,6.58,14.37,0.006,15.48
C:\Users\Asus\PycharmProjects\AquaVision_v1\datasets\fish\New Dataset\train_split\Healthy Fish\Healthy Fish_aug_72.jpg,Healthy Fish,train,7.36,26.91,6.28,12.01,0.0,10.79
C:\Users\Asus\PycharmProjects\AquaVision_v1\datasets\fish\New Dataset\train_split\Healthy Fish\Healthy Fish_aug_74.jpg,Healthy Fish,train,7.46,25.87,6.38,14.17,0.009,11.75
C:\Users\Asus\PycharmProjects\AquaVision_v1\datasets\fish\New Dataset\train_split\Healthy Fish\Healthy Fish_aug_78.jpg,Healthy Fish,train,7.36,25.48,5.66,14.05,0.018,10.71
C:\Users\Asus\PycharmProjects\AquaVision_v1\datasets\fish\New Dataset\train_split\Healthy Fish\Healthy Fish_aug_83.jpg,Healthy Fish,val,7.01,27.14,5.94,18.12,0.059,11.85
C:\Users\Asus\PycharmProjects\AquaVision_v1\datasets\fish\New Dataset\train_split\Healthy Fish\Healthy Fish_aug_84.jpg,Healthy Fish,train,5.62,24.29,8.8,14.22,0.029,20.78
C:\Users\Asus\PycharmProjects\AquaVision_v1\datasets\fish\New Dataset\train_split\Healthy Fish\Healthy Fish_aug_85.jpg,Healthy Fish,train,7.28,23.59,6.75,12.67,0.016,16.22
C:\Users\Asus\PycharmProjects\AquaVision_v1\datasets\fish\New Dataset\train_split\Healthy Fish\Healthy Fish_aug_87.jpg,Healthy Fish,train,7.64,24.81,6.51,16.51,0.024,11.68
C:\Users\Asus\PycharmProjects\AquaVision_v1\datasets\fish\New Dataset\train_split\Healthy Fish\Healthy Fish_aug_9.jpg,Healthy Fish,train,7.55,25.45,6.33,16.72,0.045,13.1
C:\Users\Asus\PycharmProjects\AquaVision_v1\datasets\fish\New Dataset\train_split\Healthy Fish\Healthy Fish_aug_91.jpg,Healthy Fish,train,6.58,26.47,6.61,18.34,0.019,13.27
C:\Users\Asus\PycharmProjects\AquaVision_v1\datasets\fish\New Dataset\train_split\Healthy Fish\Healthy Fish_aug_92.jpg,Healthy Fish,train,6.69,28.51,6.74,15.8,0.0,12.73
C:\Users\Asus\PycharmProjects\AquaVision_v1\datasets\fish\New Dataset\train_split\Healthy Fish\Healthy Fish_aug_93.jpg,Healthy Fish,train,6.99,25.93,5.33,15.86,0.001,8.82
C:\Users\Asus\PycharmProjects\AquaVision_v1\datasets\fish\New Dataset\train_split\Healthy Fish\Healthy Fish_aug_94.jpg,Healthy Fish,train,6.72,26.33,5.78,18.86,0.002,11.69
C:\Users\Asus\PycharmProjects\AquaVision_v1\datasets\fish\New Dataset\train_split\Healthy Fish\Healthy Fish_aug_96.jpg,Healthy Fish,train,7.21,28.08,7.02,16.71,0.006,11.66
C:\Users\Asus\PycharmProjects\AquaVision_v1\datasets\fish\New Dataset\train_split\Healthy Fish\Healthy Fish_aug_97.jpg,Healthy Fish,train,7.52,25.65,7.02,15.62,0.01,16.84
C:\Users\Asus\PycharmProjects\AquaVision_v1\datasets\fish\New Dataset\train_split\Parasitic diseases\Parasitic diseases_1.jpeg,Parasitic diseases,train,5.02,34.46,4.29,22.54,0.638,47.21
C:\Users\Asus\PycharmProjects\AquaVision_v1\datasets\fish\New Dataset\train_split\Parasitic diseases\Parasitic diseases_10.jpg,Parasitic diseases,train,5.41,31.4,4.49,33.38,0.46,51.51
C:\Users\Asus\PycharmProjects\AquaVision_v1\datasets\fish\New Dataset\train_split\Parasitic diseases\Parasitic diseases_101.jpg,Parasitic diseases,train,5.86,30.86,2.48,26.67,0.032,43.65
C:\Users\Asus\PycharmProjects\AquaVision_v1\datasets\fish\New Dataset\train_split\Parasitic diseases\Parasitic diseases_106.jpg,Parasitic diseases,train,6.06,32.26,1.9,27.55,0.077,46.32
C:\Users\Asus\PycharmProjects\AquaVision_v1\datasets\fish\New Dataset\train_split\Parasitic diseases\Parasitic diseases_109.jpg,Parasitic diseases,val,5.15,31.89,3.72,29.97,0.212,48.48
C:\Users\Asus\PycharmProjects\AquaVision_v1\datasets\fish\New Dataset\train_split\Parasitic diseases\Parasitic diseases_110.jpg,Parasitic diseases,train,6.63,32.72,1.94,24.43,0.529,60.87
C:\Users\Asus\PycharmProjects\AquaVision_v1\datasets\fish\New Dataset\train_split\Parasitic diseases\Parasitic diseases_111.jpg,Parasitic diseases,val,4.03,30.65,3.11,27.63,0.259,45.55
C:\Users\Asus\PycharmProjects\AquaVision_v1\datasets\fish\New Dataset\train_split\Parasitic diseases\Parasitic diseases_112.jpg,Parasitic diseases,train,6.77,34.56,3.09,22.45,0.103,39.76
C:\Users\Asus\PycharmProjects\AquaVision_v1\datasets\fish\New Dataset\train_split\Parasitic diseases\Parasitic diseases_115.jpg,Parasitic diseases,train,5.99,32.26,2.39,24.92,0.443,33.92
C:\Users\Asus\PycharmProjects\AquaVision_v1\datasets\fish\New Dataset\train_split\Parasitic diseases\Parasitic diseases_116.jpg,Parasitic diseases,train,6.55,39.21,3.83,26.93,0.598,53.69
C:\Users\Asus\PycharmProjects\AquaVision_v1\datasets\fish\New Dataset\train_split\Parasitic diseases\Parasitic diseases_117.jpg,Parasitic diseases,train,6.2,31.23,3.11,22.21,0.141,50.02
C:\Users\Asus\PycharmProjects\AquaVision_v1\datasets\fish\New Dataset\train_split\Parasitic diseases\Parasitic diseases_118.jpg,Parasitic diseases,train,6.2,27.6,3.03,24.15,0.385,44.48
C:\Users\Asus\PycharmProjects\AquaVision_v1\datasets\fish\New Dataset\train_split\Parasitic diseases\Parasitic diseases_125.jpg,Parasitic diseases,val,6.59,30.24,3.24,29.63,0.209,51.99
C:\Users\Asus\PycharmProjects\AquaVision_v1\datasets\fish\New Dataset\train_split\Parasitic diseases\Parasitic diseases_127.jpg,Parasitic diseases,val,5.09,29.99,3.05,24.92,0.195,38.7
C:\Users\Asus\PycharmProjects\AquaVision_v1\datasets\fish\New Dataset\train_split\Parasitic diseases\Parasitic diseases_13.jpg,Parasitic diseases,train,5.17,34.76,4.15,26.88,0.162,44.68
C:\Users\Asus\PycharmProjects\AquaVision_v1\datasets\fish\New Dataset\train_split\Parasitic diseases\Parasitic diseases_135.jpg,Parasitic diseases,train,6.26,31.37,2.86,22.27,0.207,66.92
C:\Users\Asus\PycharmProjects\AquaVision_v1\datasets\fish\New Dataset\train_split\Parasitic diseases\Parasitic diseases_138.jpg,Parasitic diseases,train,5.06,30.0,3.54,24.7,0.094,47.66
C:\Users\Asus\PycharmProjects\AquaVision_v1\datasets\fish\New Dataset\train_split\Parasitic diseases\Parasitic diseases_140.jpg,Parasitic diseases,train,6.48,29.53,3.26,28.73,1.282,51.19
C:\Users\Asus\PycharmProjects\AquaVision_v1\datasets\fish\New Dataset\train_split\Parasitic diseases\Parasitic diseases_141.jpg,Parasitic diseases,train,5.95,31.29,4.24,30.58,0.377,37.71
C:\Users\Asus\PycharmProjects\AquaVision_v1\datasets\fish\New Dataset\train_split\Parasitic diseases\Parasitic diseases_142.jpg,Parasitic diseases,train,6.53,30.62,3.46,23.66,0.859,57.69
C:\Users\Asus\PycharmProjects\AquaVision_v1\datasets\fish\New Dataset\train_split\Parasitic diseases\Parasitic diseases_144.jpg,Parasitic diseases,train,4.43,30.78,4.11,22.54,0.035,48.7
C:\Users\Asus\PycharmProjects\AquaVision_v1\datasets\fish\New Dataset\train_split\Parasitic diseases\Parasitic diseases_147.jpg,Parasitic diseases,train,6.29,31.5,1.57,24.09,0.313,54.75
C:\Users\Asus\PycharmProjects\AquaVision_v1\datasets\fish\New Dataset\train_split\Parasitic diseases\Parasitic diseases_15.jpg,Parasitic diseases,train,7.11,30.14,5.2,28.1,0.09,46.99
C:\Users\Asus\PycharmProjects\AquaVision_v1\datasets\fish\New Dataset\train_split\Parasitic diseases\Parasitic diseases_150.jpg,Parasitic diseases,train,5.26,34.99,2.39,27.09,0.103,45.96
C:\Users\Asus\PycharmProjects\AquaVision_v1\datasets\fish\New Dataset\train_split\Parasitic diseases\Parasitic diseases_151.jpg,Parasitic diseases,train,5.97,30.2,2.89,28.89,0.005,40.26
C:\Users\Asus\PycharmProjects\AquaVision_v1\datasets\fish\New Dataset\train_split\Parasitic diseases\Parasitic diseases_153.jpg,Parasitic diseases,train,7.13,31.43,3.78,30.22,0.78,38.86
C:\Users\Asus\PycharmProjects\AquaVision_v1\datasets\fish\New Dataset\train_split\Parasitic diseases\Parasitic diseases_154.jpg,Parasitic diseases,train,5.42,34.16,4.35,25.11,0.657,57.32
C:\Users\Asus\PycharmProjects\AquaVision_v1\datasets\fish\New Dataset\train_split\Parasitic diseases\Parasitic diseases_155.jpg,Parasitic diseases,train,6.43,31.41,2.03,29.84,0.086,34.0
C:\Users\Asus\PycharmProjects\AquaVision_v1\datasets\fish\New Dataset\train_split\Parasitic diseases\Parasitic diseases_156.jpg,Parasitic diseases,train,6.11,34.43,2.07,23.68,1.233,41.11
C:\Users\Asus\PycharmProjects\AquaVision_v1\datasets\fish\New Dataset\train_split\Parasitic diseases\Parasitic diseases_157.jpg,Parasitic diseases,train,5.74,31.99,3.49,24.63,0.067,33.33
C:\Users\Asus\PycharmProjects\AquaVision_v1\datasets\fish\New Dataset\train_split\Parasitic diseases\Parasitic diseases_161.jpg,Parasitic diseases,train,7.39,31.09,4.65,23.32,0.122,57.0
C:\Users\Asus\PycharmProjects\AquaVision_v1\datasets\fish\New Dataset\train_split\Parasitic diseases\Parasitic diseases_162.jpg,Parasitic diseases,train,5.24,29.04,2.83,23.32,0.248,26.88
C:\Users\Asus\PycharmProjects\AquaVision_v1\datasets\fish\New Dataset\train_split\Parasitic diseases\Parasitic diseases_164.jpg,Parasitic diseases,train,6.11,27.5,4.51,25.99,0.069,54.41
C:\Users\Asus\PycharmProjects\AquaVision_v1\datasets\fish\New Dataset\train_split\Parasitic diseases\Parasitic diseases_165.jpg,Parasitic diseases,train,6.24,30.52,3.43,29.31,0.052,46.55
C:\Users\Asus\PycharmProjects\AquaVision_v1\datasets\fish\New Dataset\train_split\Parasitic diseases\Parasitic diseases_171.jpg,Parasitic diseases,train,6.22,31.28,3.39,28.29,0.106,50.95
C:\Users\Asus\PycharmProjects\AquaVision_v1\datasets\fish\New Dataset\train_split\Parasitic diseases\Parasitic diseases_173.jpg,Parasitic diseases,train,4.0,33.07,4.13,29.23,0.112,23.67
C:\Users\Asus\PycharmProjects\AquaVision_v1\datasets\fish\New Dataset\train_split\Parasitic diseases\Parasitic diseases_175.jpg,Parasitic diseases,train,6.18,30.44,3.5,28.05,0.015,26.94
C:\Users\Asus\PycharmProjects\AquaVision_v1\datasets\fish\New Dataset\train_split\Parasitic diseases\Parasitic diseases_176.jpg,Parasitic diseases,train,6.7,27.67,2.58,26.61,0.004,54.94
C:\Users\Asus\PycharmProjects\AquaVision_v1\datasets\fish\New Dataset\train_split\Parasitic diseases\Parasitic diseases_178.jpg,Parasitic diseases,train,5.35,32.96,2.68,27.6,0.222,39.98
C:\Users\Asus\PycharmProjects\AquaVision_v1\datasets\fish\New Dataset\train_split\Parasitic diseases\Parasitic diseases_179.jpg,Parasitic diseases,val,6.99,30.84,2.23,30.59,0.019,45.42
C:\Users\Asus\PycharmProjects\AquaVision_v1\datasets\fish\New Dataset\train_split\Parasitic diseases\Parasitic diseases_180.jpg,Parasitic diseases,train,8.45,38.11,1.73,29.41,0.01,33.27
C:\Users\Asus\PycharmProjects\AquaVision_v1\datasets\fish\New Dataset\train_split\Parasitic diseases\Parasitic diseases_181.jpg,Parasitic diseases,train,5.45,28.16,3.52,25.92,0.154,19.22
C:\Users\Asus\PycharmProjects\AquaVision_v1\datasets\fish\New Dataset\train_split\Parasitic diseases\Parasitic diseases_182.jpg,Parasitic diseases,train,6.91,31.93,2.02,19.08,0.529,42.47
C:\Users\Asus\PycharmProjects\AquaVision_v1\datasets\fish\New Dataset\train_split\Parasitic diseases\Parasitic diseases_183.jpg,Parasitic diseases,train,6.33,33.36,3.19,32.53,0.308,31.75
C:\Users\Asus\PycharmProjects\AquaVision_v1\datasets\fish\New Dataset\train_split\Parasitic diseases\Parasitic diseases_184.jpg,Parasitic diseases,train,4.89,34.31,3.27,29.57,0.326,58.02
C:\Users\Asus\PycharmProjects\AquaVision_v1\datasets\fish\New Dataset\train_split\Parasitic diseases\Parasitic diseases_185.jpg,Parasitic diseases,train,5.39,33.05,2.42,35.93,0.078,47.32
C:\Users\Asus\PycharmProjects\AquaVision_v1\datasets\fish\New Dataset\train_split\Parasitic diseases\Parasitic diseases_186.jpg,Parasitic diseases,train,7.37,27.94,4.02,24.02,0.41,36.23
C:\Users\Asus\PycharmProjects\AquaVision_v1\datasets\fish\New Dataset\train_split\Parasitic diseases\Parasitic diseases_187.jpg,Parasitic diseases,train,5.47,33.73,4.04,24.25,0.126,60.99
C:\Users\Asus\PycharmProjects\AquaVision_v1\datasets\fish\New Dataset\train_split\Parasitic diseases\Parasitic diseases_188.jpg,Parasitic diseases,train,6.39,28.87,3.41,28.96,0.593,56.15
C:\Users\Asus\PycharmProjects\AquaVision_v1\datasets\fish\New Dataset\train_split\Parasitic diseases\Parasitic diseases_19.jpg,Parasitic diseases,train,5.92,33.87,3.83,31.14,0.011,33.51
C:\Users\Asus\PycharmProjects\AquaVision_v1\datasets\fish\New Dataset\train_split\Parasitic diseases\Parasitic diseases_191.jpg,Parasitic diseases,train,6.41,28.8,2.17,27.71,0.327,37.79
C:\Users\Asus\PycharmProjects\AquaVision_v1\datasets\fish\New Dataset\train_split\Parasitic diseases\Parasitic diseases_193.jpg,Parasitic diseases,train,5.38,28.93,2.03,26.15,0.021,49.55
C:\Users\Asus\PycharmProjects\AquaVision_v1\datasets\fish\New Dataset\train_split\Parasitic diseases\Parasitic diseases_195.jpg,Parasitic diseases,train,6.88,25.24,4.19,25.82,0.01,25.26
C:\Users\Asus\PycharmProjects\AquaVision_v1\datasets\fish\New Dataset\train_split\Parasitic diseases\Parasitic diseases_196.jpg,Parasitic diseases,train,5.41,31.03,3.62,21.56,0.026,35.8
C:\Users\Asus\PycharmProjects\AquaVision_v1\datasets\fish\New Dataset\train_split\Parasitic diseases\Parasitic diseases_198.jpg,Parasitic diseases,val,5.61,30.13,3.72,26.63,0.09,52.91
C:\Users\Asus\PycharmProjects\AquaVision_v1\datasets\fish\New Dataset\train_split\Parasitic diseases\Parasitic diseases_199.jpg,Parasitic diseases,train,7.01,29.36,2.15,21.03,0.06,55.75
C:\Users\Asus\PycharmProjects\AquaVision_v1\datasets\fish\New Dataset\train_split\Parasitic diseases\Parasitic diseases_20.jpg,Parasitic diseases,train,6.0,33.53,3.06,37.38,0.515,33.54
C:\Users\Asus\PycharmProjects\AquaVision_v1\datasets\fish\New Dataset\train_split\Parasitic diseases\Parasitic diseases_203.jpg,Parasitic diseases,train,7.78,29.53,3.47,30.04,0.452,39.27
C:\Users\Asus\PycharmProjects\AquaVision_v1\datasets\fish\New Dataset\train_split\Parasitic diseases\Parasitic diseases_204.jpg,Parasitic diseases,train,7.34,33.14,4.69,25.48,0.029,30.48
C:\Users\Asus\PycharmProjects\AquaVision_v1\datasets\fish\New Dataset\train_split\Parasitic diseases\Parasitic diseases_205.jpg,Parasitic diseases,train,6.72,35.34,2.42,22.64,0.238,60.28
C:\Users\Asus\PycharmProjects\AquaVision_v1\datasets\fish\New Dataset\train_split\Parasitic diseases\Parasitic diseases_206.jpg,Parasitic diseases,val,6.08,29.9,2.08,34.32,0.264,47.51
C:\Users\Asus\PycharmProjects\AquaVision_v1\datasets\fish\New Dataset\train_split\Parasitic diseases\Parasitic diseases_207.jpg,Parasitic diseases,val,6.09,30.07,2.33,27.39,0.255,49.17
C:\Users\Asus\PycharmProjects\AquaVision_v1\datasets\fish\New Dataset\train_split\Parasitic diseases\Parasitic diseases_21.jpeg,Parasitic diseases,train,6.38,33.88,3.25,34.71,0.583,45.52
C:\Users\Asus\PycharmProjects\AquaVision_v1\datasets\fish\New Dataset\train_split\Parasitic diseases\Parasitic diseases_214.jpg,Parasitic diseases,val,6.64,28.52,2.76,29.13,0.028,49.56
C:\Users\Asus\PycharmProjects\AquaVision_v1\datasets\fish\New Dataset\train_split\Parasitic diseases\Parasitic diseases_215.jpg,Parasitic diseases,train,6.52,32.15,3.21,25.46,0.3,65.0
C:\Users\Asus\PycharmProjects\AquaVision_v1\datasets\fish\New Dataset\train_split\Parasitic diseases\Parasitic diseases_216.jpg,Parasitic diseases,train,6.41,33.57,2.9,25.97,0.011,37.52
C:\Users\Asus\PycharmProjects\AquaVision_v1\datasets\fish\New Dataset\train_split\Parasitic diseases\Parasitic diseases_218.jpg,Parasitic diseases,train,6.82,29.81,2.56,35.77,0.264,59.64
C:\Users\Asus\PycharmProjects\AquaVision_v1\datasets\fish\New Dataset\train_split\Parasitic diseases\Parasitic diseases_22.jpg,Parasitic diseases,train,6.89,34.9,2.66,28.4,0.061,45.39
C:\Users\Asus\PycharmProjects\AquaVision_v1\datasets\fish\New Dataset\train_split\Parasitic diseases\Parasitic diseases_220.jpg,Parasitic diseases,train,6.17,27.43,3.49,19.49,0.066,45.94
C:\Users\Asus\PycharmProjects\AquaVision_v1\datasets\fish\New Dataset\train_split\Parasitic diseases\Parasitic diseases_222.jpg,Parasitic diseases,train,5.75,29.63,2.41,33.08,0.138,48.28
C:\Users\Asus\PycharmProjects\AquaVision_v1\datasets\fish\New Dataset\train_split\Parasitic diseases\Parasitic diseases_231.jpg,Parasitic diseases,train,7.71,29.49,4.6,27.75,0.209,38.06
C:\Users\Asus\PycharmProjects\AquaVision_v1\datasets\fish\New Dataset\train_split\Parasitic diseases\Parasitic diseases_238.jpg,Parasitic diseases,train,5.83,28.69,3.18,29.4,0.438,20.29
C:\Users\Asus\PycharmProjects\AquaVision_v1\datasets\fish\New Dataset\train_split\Parasitic diseases\Parasitic diseases_239.jpg,Parasitic diseases,train,6.73,29.76,2.13,31.76,0.467,35.12
C:\Users\Asus\PycharmProjects\AquaVision_v1\datasets\fish\New Dataset\train_split\Parasitic diseases\Parasitic diseases_240.jpg,Parasitic diseases,train,4.3,30.62,3.37,26.35,0.008,36.47
C:\Users\Asus\PycharmProjects\AquaVision_v1\datasets\fish\New Dataset\train_split\Parasitic diseases\Parasitic diseases_242.jpg,Parasitic diseases,train,6.12,33.72,3.11,28.06,0.061,32.62
C:\Users\Asus\PycharmProjects\AquaVision_v1\datasets\fish\New Dataset\train_split\Parasitic diseases\Parasitic diseases_243.jpg,Parasitic diseases,train,6.49,32.98,3.4,24.38,0.221,58.07
C:\Users\Asus\PycharmProjects\AquaVision_v1\datasets\fish\New Dataset\train_split\Parasitic diseases\Parasitic diseases_244.jpg,Parasitic diseases,val,5.34,35.71,1.96,32.61,0.007,51.76
C:\Users\Asus\PycharmProjects\AquaVision_v1\datasets\fish\New Dataset\train_split\Parasitic diseases\Parasitic diseases_245.jpg,Parasitic diseases,val,6.0,28.74,2.55,30.6,0.197,27.93
C:\Users\Asus\PycharmProjects\AquaVision_v1\datasets\fish\New Dataset\train_split\Parasitic diseases\Parasitic diseases_25.jpg,Parasitic diseases,train,5.52,33.87,2.73,30.04,0.382,57.57
C:\Users\Asus\PycharmProjects\AquaVision_v1\datasets\fish\New Dataset\train_split\Parasitic diseases\Parasitic diseases_26.jpg,Parasitic diseases,train,6.77,29.53,3.39,28.98,0.336,33.78
C:\Users\Asus\PycharmProjects\AquaVision_v1\datasets\fish\New Dataset\train_split\Parasitic diseases\Parasitic diseases_27.jpg,Parasitic diseases,val,5.84,37.1,2.53,32.72,0.17,43.53
C:\Users\Asus\PycharmProjects\AquaVision_v1\datasets\fish\New Dataset\train_split\Parasitic diseases\Parasitic diseases_28.jpg,Parasitic diseases,train,6.26,29.71,1.77,23.99,0.242,30.18
C:\Users\Asus\PycharmProjects\AquaVision_v1\datasets\fish\New Dataset\train_split\Parasitic diseases\Parasitic diseases_3.png,Parasitic diseases,train,6.57,32.47,3.33,33.84,0.216,54.55
C:\Users\Asus\PycharmProjects\AquaVision_v1\datasets\fish\New Dataset\train_split\Parasitic diseases\Parasitic diseases_32.png,Parasitic diseases,val,6.32,38.74,3.22,28.57,0.182,57.57
C:\Users\Asus\PycharmProjects\AquaVision_v1\datasets\fish\New Dataset\train_split\Parasitic diseases\Parasitic diseases_33.jpg,Parasitic diseases,train,6.18,27.24,2.75,30.07,0.413,32.74
C:\Users\Asus\PycharmProjects\AquaVision_v1\datasets\fish\New Dataset\train_split\Parasitic diseases\Parasitic diseases_35.jpg,Parasitic diseases,train,6.37,33.64,4.35,31.59,0.183,43.36
C:\Users\Asus\PycharmProjects\AquaVision_v1\datasets\fish\New Dataset\train_split\Parasitic diseases\Parasitic diseases_36.jpg,Parasitic diseases,train,6.17,27.72,2.73,30.5,0.187,52.87
C:\Users\Asus\PycharmProjects\AquaVision_v1\datasets\fish\New Dataset\train_split\Parasitic diseases\Parasitic diseases_37.jpg,Parasitic diseases,train,5.63,34.28,3.89,19.35,0.261,54.21
C:\Users\Asus\PycharmProjects\AquaVision_v1\datasets\fish\New Dataset\train_split\Parasitic diseases\Parasitic diseases_39.jpg,Parasitic diseases,train,5.06,29.06,2.27,19.94,0.019,4.35
C:\Users\Asus\PycharmProjects\AquaVision_v1\datasets\fish\New Dataset\train_split\Parasitic diseases\Parasitic diseases_42.jpg,Parasitic diseases,val,5.43,34.23,1.94,25.88,0.87,45.97
C:\Users\Asus\PycharmProjects\AquaVision_v1\datasets\fish\New Dataset\train_split\Parasitic diseases\Parasitic diseases_44.jpg,Parasitic diseases,train,5.56,29.94,3.03,27.06,0.012,45.93
C:\Users\Asus\PycharmProjects\AquaVision_v1\datasets\fish\New Dataset\train_split\Parasitic diseases\Parasitic diseases_45.jpg,Parasitic diseases,train,6.65,32.2,3.63,30.45,0.321,44.17
C:\Users\Asus\PycharmProjects\AquaVision_v1\datasets\fish\New Dataset\train_split\Parasitic diseases\Parasitic diseases_46.jpg,Parasitic diseases,train,6.79,33.82,3.01,31.07,0.22,45.36
C:\Users\Asus\PycharmProjects\AquaVision_v1\datasets\fish\New Dataset\train_split\Parasitic diseases\Parasitic diseases_49.jpg,Parasitic diseases,train,5.67,31.34,2.04,26.76,0.179,42.59
C:\Users\Asus\PycharmProjects\AquaVision_v1\datasets\fish\New Dataset\train_split\Parasitic diseases\Parasitic diseases_5.jpg,Parasitic diseases,val,5.84,31.2,3.3,24.18,0.224,45.67
C:\Users\Asus\PycharmProjects\AquaVision_v1\datasets\fish\New Dataset\train_split\Parasitic diseases\Parasitic diseases_50.jpg,Parasitic diseases,train,5.84,29.35,3.52,34.83,0.009,54.17
C:\Users\Asus\PycharmProjects\AquaVision_v1\datasets\fish\New Dataset\train_split\Parasitic diseases\Parasitic diseases_51.jpg,Parasitic diseases,val,6.43,32.81,4.35,32.3,0.41,32.42
C:\Users\Asus\PycharmProjects\AquaVision_v1\datasets\fish\New Dataset\train_split\Parasitic diseases\Parasitic diseases_53.jpg,Parasitic diseases,train,6.81,31.39,3.25,25.82,0.148,53.26
C:\Users\Asus\PycharmProjects\AquaVision_v1\datasets\fish\New Dataset\train_split\Parasitic diseases\Parasitic diseases_56.jpg,Parasitic diseases,val,5.81,26.91,4.4,22.56,0.419,35.29
C:\Users\Asus\PycharmProjects\AquaVision_v1\datasets\fish\New Dataset\train_split\Parasitic diseases\Parasitic diseases_57.jpg,Parasitic diseases,train,5.69,32.71,3.43,37.33,0.024,49.04
C:\Users\Asus\PycharmProjects\AquaVision_v1\datasets\fish\New Dataset\train_split\Parasitic diseases\Parasitic diseases_58.jpg,Parasitic diseases,val,5.65,28.94,4.3,28.07,0.34,55.11
C:\Users\Asus\PycharmProjects\AquaVision_v1\datasets\fish\New Dataset\train_split\Parasitic diseases\Parasitic diseases_59.jpg,Parasitic diseases,train,7.5,31.14,3.55,24.69,0.236,37.45
C:\Users\Asus\PycharmProjects\AquaVision_v1\datasets\fish\New Dataset\train_split\Parasitic diseases\Parasitic diseases_6.jpg,Parasitic diseases,train,6.7,34.16,3.05,25.6,0.685,40.79
C:\Users\Asus\PycharmProjects\AquaVision_v1\datasets\fish\New Dataset\train_split\Parasitic diseases\Parasitic diseases_62.jpg,Parasitic diseases,train,6.66,25.87,3.16,25.76,0.57,43.25
C:\Users\Asus\PycharmProjects\AquaVision_v1\datasets\fish\New Dataset\train_split\Parasitic diseases\Parasitic diseases_64.jpg,Parasitic diseases,train,6.09,29.55,1.63,25.7,0.79,50.12
C:\Users\Asus\PycharmProjects\AquaVision_v1\datasets\fish\New Dataset\train_split\Parasitic diseases\Parasitic diseases_67.jpg,Parasitic diseases,train,6.71,33.27,3.95,31.03,0.046,43.66
C:\Users\Asus\PycharmProjects\AquaVision_v1\datasets\fish\New Dataset\train_split\Parasitic diseases\Parasitic diseases_68.jpg,Parasitic diseases,train,5.2,33.48,3.06,23.01,0.071,50.68
C:\Users\Asus\PycharmProjects\AquaVision_v1\datasets\fish\New Dataset\train_split\Parasitic diseases\Parasitic diseases_7.jpg,Parasitic diseases,train,5.88,30.13,1.4,27.24,0.511,43.44
C:\Users\Asus\PycharmProjects\AquaVision_v1\datasets\fish\New Dataset\train_split\Parasitic diseases\Parasitic diseases_71.jpg,Parasitic diseases,train,5.97,29.43,3.37,28.26,0.957,32.55
C:\Users\Asus\PycharmProjects\AquaVision_v1\datasets\fish\New Dataset\train_split\Parasitic diseases\Parasitic diseases_72.jpg,Parasitic diseases,train,6.04,34.45,3.65,31.31,0.439,57.26
C:\Users\Asus\PycharmProjects\AquaVision_v1\datasets\fish\New Dataset\train_split\Parasitic diseases\Parasitic diseases_74.jpg,Parasitic diseases,train,5.15,31.51,3.05,34.71,0.087,51.25
C:\Users\Asus\PycharmProjects\AquaVision_v1\datasets\fish\New Dataset\train_split\Parasitic diseases\Parasitic diseases_75.jpg,Parasitic diseases,train,6.68,32.14,2.38,29.44,0.026,42.72
C:\Users\Asus\PycharmProjects\AquaVision_v1\datasets\fish\New Dataset\train_split\Parasitic diseases\Parasitic diseases_76.jpg,Parasitic diseases,train,5.75,33.93,2.36,24.09,0.552,70.42
C:\Users\Asus\PycharmProjects\AquaVision_v1\datasets\fish\New Dataset\train_split\Parasitic diseases\Parasitic diseases_77.jpg,Parasitic diseases,val,5.19,27.24,2.39,36.22,0.304,49.59
C:\Users\Asus\PycharmProjects\AquaVision_v1\datasets\fish\New Dataset\train_split\Parasitic diseases\Parasitic diseases_78.jpeg,Parasitic diseases,train,6.44,33.49,3.1,31.91,0.561,43.19
C:\Users\Asus\PycharmProjects\AquaVision_v1\datasets\fish\New Dataset\train_split\Parasitic diseases\Parasitic diseases_79.jpg,Parasitic diseases,train,6.75,31.41,3.46,24.35,0.086,47.59
C:\Users\Asus\PycharmProjects\AquaVision_v1\datasets\fish\New Dataset\train_split\Parasitic diseases\Parasitic diseases_80.jpg,Parasitic diseases,train,4.0,30.31,3.03,31.64,0.084,42.13
C:\Users\Asus\PycharmProjects\AquaVision_v1\datasets\fish\New Dataset\train_split\Parasitic diseases\Parasitic diseases_81.jpg,Parasitic diseases,train,6.72,31.87,3.52,22.93,0.182,56.67
C:\Users\Asus\PycharmProjects\AquaVision_v1\datasets\fish\New Dataset\train_split\Parasitic diseases\Parasitic diseases_82.jpg,Parasitic diseases,train,6.66,29.92,4.22,27.75,0.028,47.91
C:\Users\Asus\PycharmProjects\AquaVision_v1\datasets\fish\New Dataset\train_split\Parasitic diseases\Parasitic diseases_84.jpg,Parasitic diseases,train,7.67,32.75,2.47,28.57,0.211,36.87
C:\Users\Asus\PycharmProjects\AquaVision_v1\datasets\fish\New Dataset\train_split\Parasitic diseases\Parasitic diseases_85.jpg,Parasitic diseases,train,5.43,31.2,2.52,28.6,0.057,45.14
C:\Users\Asus\PycharmProjects\AquaVision_v1\datasets\fish\New Dataset\train_split\Parasitic diseases\Parasitic diseases_86.jpg,Parasitic diseases,val,5.8,32.88,3.16,26.44,0.063,47.03
C:\Users\Asus\PycharmProjects\AquaVision_v1\datasets\fish\New Dataset\train_split\Parasitic diseases\Parasitic diseases_87.jpg,Parasitic diseases,train,6.26,34.29,3.66,28.23,0.344,40.95
C:\Users\Asus\PycharmProjects\AquaVision_v1\datasets\fish\New Dataset\train_split\Parasitic diseases\Parasitic diseases_88.jpg,Parasitic diseases,train,6.68,27.12,4.0,21.98,0.039,49.02
C:\Users\Asus\PycharmProjects\AquaVision_v1\datasets\fish\New Dataset\train_split\Parasitic diseases\Parasitic diseases_89.jpg,Parasitic diseases,train,6.31,31.5,4.89,25.5,0.027,46.49
C:\Users\Asus\PycharmProjects\AquaVision_v1\datasets\fish\New Dataset\train_split\Parasitic diseases\Parasitic diseases_9.jpg,Parasitic diseases,train,6.63,29.35,3.84,30.26,0.023,45.36
C:\Users\Asus\PycharmProjects\AquaVision_v1\datasets\fish\New Dataset\train_split\Parasitic diseases\Parasitic diseases_90.jpg,Parasitic diseases,train,5.6,32.9,3.02,27.68,0.445,48.83
C:\Users\Asus\PycharmProjects\AquaVision_v1\datasets\fish\New Dataset\train_split\Parasitic diseases\Parasitic diseases_91.jpg,Parasitic diseases,val,6.7,31.3,3.04,29.72,0.328,47.37
C:\Users\Asus\PycharmProjects\AquaVision_v1\datasets\fish\New Dataset\train_split\Parasitic diseases\Parasitic diseases_93.jpg,Parasitic diseases,train,6.53,34.38,3.91,27.36,0.263,37.38
C:\Users\Asus\PycharmProjects\AquaVision_v1\datasets\fish\New Dataset\train_split\Parasitic diseases\Parasitic diseases_94.jpeg,Parasitic diseases,train,5.99,26.66,3.47,28.6,0.047,29.85
C:\Users\Asus\PycharmProjects\AquaVision_v1\datasets\fish\New Dataset\train_split\Parasitic diseases\Parasitic diseases_95.jpg,Parasitic diseases,val,7.71,29.58,2.85,24.5,0.132,50.88
C:\Users\Asus\PycharmProjects\AquaVision_v1\datasets\fish\New Dataset\train_split\Parasitic diseases\Parasitic diseases_aug_0.jpg,Parasitic diseases,train,6.5,27.55,3.7,35.13,0.404,50.67
C:\Users\Asus\PycharmProjects\AquaVision_v1\datasets\fish\New Dataset\train_split\Parasitic diseases\Parasitic diseases_aug_1.jpg,Parasitic diseases,train,7.13,34.02,3.55,31.62,0.33,38.68
C:\Users\Asus\PycharmProjects\AquaVision_v1\datasets\fish\New Dataset\train_split\Parasitic diseases\Parasitic diseases_aug_10.jpg,Parasitic diseases,train,5.32,23.29,3.52,25.42,0.445,56.11
C:\Users\Asus\PycharmProjects\AquaVision_v1\datasets\fish\New Dataset\train_split\Parasitic diseases\Parasitic diseases_aug_100.jpg,Parasitic diseases,train,5.45,33.6,4.88,31.06,0.222,45.11
C:\Users\Asus\PycharmProjects\AquaVision_v1\datasets\fish\New Dataset\train_split\Parasitic diseases\Parasitic diseases_aug_101.jpg,Parasitic diseases,val,6.12,29.69,3.81,21.98,0.001,40.82
C:\Users\Asus\PycharmProjects\AquaVision_v1\datasets\fish\New Dataset\train_split\Parasitic diseases\Parasitic diseases_aug_102.jpg,Parasitic diseases,train,5.04,29.24,3.71,30.02,0.925,39.22
C:\Users\Asus\PycharmProjects\AquaVision_v1\datasets\fish\New Dataset\train_split\Parasitic diseases\Parasitic diseases_aug_103.jpg,Parasitic diseases,train,7.38,29.3,2.67,30.4,0.109,36.39
C:\Users\Asus\PycharmProjects\AquaVision_v1\datasets\fish\New Dataset\train_split\Parasitic diseases\Parasitic diseases_aug_104.jpg,Parasitic diseases,train,5.92,28.28,3.26,24.2,0.026,48.21
C:\Users\Asus\PycharmProjects\AquaVision_v1\datasets\fish\New Dataset\train_split\Parasitic diseases\Parasitic diseases_aug_105.jpg,Parasitic diseases,train,6.94,26.4,2.19,28.22,0.181,35.7
C:\Users\Asus\PycharmProjects\AquaVision_v1\datasets\fish\New Dataset\train_split\Parasitic diseases\Parasitic diseases_aug_106.jpg,Parasitic diseases,train,6.53,32.3,2.71,29.71,0.243,47.35
C:\Users\Asus\PycharmProjects\AquaVision_v1\datasets\fish\New Dataset\train_split\Parasitic diseases\Parasitic diseases_aug_107.jpg,Parasitic diseases,train,5.8,27.07,4.19,28.16,0.642,40.11
C:\Users\Asus\PycharmProjects\AquaVision_v1\datasets\fish\New Dataset\train_split\Parasitic diseases\Parasitic diseases_aug_109.jpg,Parasitic diseases,train,6.92,31.78,2.49,28.22,0.219,59.77
C:\Users\Asus\PycharmProjects\AquaVision_v1\datasets\fish\New Dataset\train_split\Parasitic diseases\Parasitic diseases_aug_11.jpg,Parasitic diseases,train,6.53,32.75,4.13,26.17,0.374,31.45
C:\Users\Asus\PycharmProjects\AquaVision_v1\datasets\fish\New Dataset\train_split\Parasitic diseases\Parasitic diseases_aug_110.jpg,Parasitic diseases,train,6.14,28.96,2.36,25.12,0.176,51.05
C:\Users\Asus\PycharmProjects\AquaVision_v1\datasets\fish\New Dataset\train_split\Parasitic diseases\Parasitic diseases_aug_113.jpg,Parasitic diseases,train,6.42,31.9,2.22,20.62,0.208,36.81
C:\Users\Asus\PycharmProjects\AquaVision_v1\datasets\fish\New Dataset\train_split\Parasitic diseases\Parasitic diseases_aug_114.jpg,Parasitic diseases,train,6.46,32.85,2.73,33.55,0.348,53.33
C:\Users\Asus\PycharmProjects\AquaVision_v1\datasets\fish\New Dataset\train_split\Parasitic diseases\Parasitic diseases_aug_115.jpg,Parasitic diseases,train,5.96,32.11,1.77,25.01,0.17,27.15
C:\Users\Asus\PycharmProjects\AquaVision_v1\datasets\fish\New Dataset\train_split\Parasitic diseases\Parasitic diseases_aug_116.jpg,Parasitic diseases,train,4.76,31.94,2.77,22.06,0.181,39.66
C:\Users\Asus\PycharmProjects\AquaVision_v1\datasets\fish\New Dataset\train_split\Parasitic diseases\Parasitic diseases_aug_118.jpg,Parasitic diseases,train,6.31,27.22,2.16,33.14,0.098,40.26
C:\Users\Asus\PycharmProjects\AquaVision_v1\datasets\fish\New Dataset\train_split\Parasitic diseases\Parasitic diseases_aug_121.jpg,Parasitic diseases,val,5.31,32.52,3.5,35.01,0.148,39.05
C:\Users\Asus\PycharmProjects\AquaVision_v1\datasets\fish\New Dataset\train_split\Parasitic diseases\Parasitic diseases_aug_122.jpg,Parasitic diseases,train,6.53,36.14,4.12,28.68,0.23,47.0
C:\Users\Asus\PycharmProjects\AquaVision_v1\datasets\fish\New Dataset\train_split\Parasitic diseases\Parasitic diseases_aug_123.jpg,Parasitic diseases,train,7.04,25.52,3.57,25.94,0.0,51.29
C:\Users\Asus\PycharmProjects\AquaVision_v1\datasets\fish\New Dataset\train_split\Parasitic diseases\Parasitic diseases_aug_124.jpg,Parasitic diseases,train,5.12,31.08,4.43,35.13,0.173,45.74
C:\Users\Asus\PycharmProjects\AquaVision_v1\datasets\fish\New Dataset\train_split\Parasitic diseases\Parasitic diseases_aug_126.jpg,Parasitic diseases,train,5.97,33.16,2.92,28.34,0.175,47.25
C:\Users\Asus\PycharmProjects\AquaVision_v1\datasets\fish\New Dataset\train_split\Parasitic diseases\Parasitic diseases_aug_127.jpg,Parasitic diseases,train,6.92,29.26,3.89,30.78,0.047,59.71
C:\Users\Asus\PycharmProjects\AquaVision_v1\datasets\fish\New Dataset\train_split\Parasitic diseases\Parasitic diseases_aug_129.jpg,Parasitic diseases,train,6.64,33.73,2.66,31.22,0.147,37.65
C:\Users\Asus\PycharmProjects\AquaVision_v1\datasets\fish\New Dataset\train_split\Parasitic diseases\Parasitic diseases_aug_13.jpg,Parasitic diseases,train,7.27,28.87,3.44,30.86,0.267,54.12
C:\Users\Asus\PycharmProjects\AquaVision_v1\datasets\fish\New Dataset\train_split\Parasitic diseases\Parasitic diseases_aug_130.jpg,Parasitic diseases,train,5.69,27.28,2.46,25.0,0.409,54.32
C:\Users\Asus\PycharmProjects\AquaVision_v1\datasets\fish\New Dataset\train_split\Parasitic diseases\Parasitic diseases_aug_132.jpg,Parasitic diseases,train,7.28,28.06,3.7,25.51,0.002,34.49
C:\Users\Asus\PycharmProjects\AquaVision_v1\datasets\fish\New Dataset\train_split\Parasitic diseases\Parasitic diseases_aug_133.jpg,Parasitic diseases,train,6.58,29.53,2.95,19.12,0.843,53.1
C:\Users\Asus\PycharmProjects\AquaVision_v1\datasets\fish\New Dataset\train_split\Parasitic diseases\Parasitic diseases_aug_136.jpg,Parasitic diseases,train,5.53,31.01,1.98,32.84,0.244,38.34
C:\Users\Asus\PycharmProjects\AquaVision_v1\datasets\fish\New Dataset\train_split\Parasitic diseases\Parasitic diseases_aug_137.jpg,Parasitic diseases,train,5.68,32.86,3.65,29.56,0.527,40.57
C:\Users\Asus\PycharmProjects\AquaVision_v1\datasets\fish\New Dataset\train_split\Parasitic diseases\Parasitic diseases_aug_138.jpg,Parasitic diseases,train,6.92,34.78,2.15,32.09,0.017,53.22
C:\Users\Asus\PycharmProjects\AquaVision_v1\datasets\fish\New Dataset\train_split\Parasitic diseases\Parasitic diseases_aug_14.jpg,Parasitic diseases,train,6.52,33.79,3.13,20.52,0.029,28.82
C:\Users\Asus\PycharmProjects\AquaVision_v1\datasets\fish\New Dataset\train_split\Parasitic diseases\Parasitic diseases_aug_140.jpg,Parasitic diseases,train,5.99,29.81,2.72,18.49,0.191,52.0
C:\Users\Asus\PycharmProjects\AquaVision_v1\datasets\fish\New Dataset\train_split\Parasitic diseases\Parasitic diseases_aug_142.jpg,Parasitic diseases,train,5.98,30.86,2.86,28.36,0.021,19.76
C:\Users\Asus\PycharmProjects\AquaVision_v1\datasets\fish\New Dataset\train_split\Parasitic diseases\Parasitic diseases_aug_144.jpg,Parasitic diseases,train,5.8,32.8,3.12,35.6,0.567,48.41
C:\Users\Asus\PycharmProjects\AquaVision_v1\datasets\fish\New Dataset\train_split\Parasitic diseases\Parasitic diseases_aug_146.jpg,Parasitic diseases,val,5.88,30.38,3.23,23.43,0.097,48.0
C:\Users\Asus\PycharmProjects\AquaVision_v1\datasets\fish\New Dataset\train_split\Parasitic diseases\Parasitic diseases_aug_147.jpg,Parasitic diseases,train,6.07,28.69,3.28,29.2,0.733,25.21
C:\Users\Asus\PycharmProjects\AquaVision_v1\datasets\fish\New Dataset\train_split\Parasitic diseases\Parasitic diseases_aug_148.jpg,Parasitic diseases,train,6.0,29.42,2.87,25.84,0.241,44.39
C:\Users\Asus\PycharmProjects\AquaVision_v1\datasets\fish\New Dataset\train_split\Parasitic diseases\Parasitic diseases_aug_149.jpg,Parasitic diseases,train,5.65,30.2,3.16,25.25,0.161,55.98
C:\Users\Asus\PycharmProjects\AquaVision_v1\datasets\fish\New Dataset\train_split\Parasitic diseases\Parasitic diseases_aug_15.jpg,Parasitic diseases,train,6.59,30.26,2.54,29.76,0.224,48.24
C:\Users\Asus\PycharmProjects\AquaVision_v1\datasets\fish\New Dataset\train_split\Parasitic diseases\Parasitic diseases_aug_152.jpg,Parasitic diseases,train,6.48,29.99,3.8,33.93,0.475,18.94
C:\Users\Asus\PycharmProjects\AquaVision_v1\datasets\fish\New Dataset\train_split\Parasitic diseases\Parasitic diseases_aug_153.jpg,Parasitic diseases,train,6.17,26.66,5.15,26.13,0.163,48.77
C:\Users\Asus\PycharmProjects\AquaVision_v1\datasets\fish\New Dataset\train_split\Parasitic diseases\Parasitic diseases_aug_154.jpg,Parasitic diseases,train,5.98,34.96,3.96,35.77,0.047,45.55
C:\Users\Asus\PycharmProjects\AquaVision_v1\datasets\fish\New Dataset\train_split\Parasitic diseases\Parasitic diseases_aug_156.jpg,Parasitic diseases,train,5.93,28.4,3.27,24.84,0.277,52.46
C:\Users\Asus\PycharmProjects\AquaVision_v1\datasets\fish\New Dataset\train_split\Parasitic diseases\Parasitic diseases_aug_159.jpg,Parasitic diseases,val,6.14,36.13,4.25,32.61,0.051,41.93
C:\Users\Asus\PycharmProjects\AquaVision_v1\datasets\fish\New Dataset\train_split\Parasitic diseases\Parasitic diseases_aug_16.jpg,Parasitic diseases,val,6.4,31.69,3.22,32.11,0.258,37.92
C:\Users\Asus\PycharmProjects\AquaVision_v1\datasets\fish\New Dataset\train_split\Parasitic diseases\Parasitic diseases_aug_160.jpg,Parasitic diseases,train,4.69,30.63,3.58,34.08,0.206,46.02
C:\Users\Asus\PycharmProjects\AquaVision_v1\datasets\fish\New Dataset\train_split\Parasitic diseases\Parasitic diseases_aug_161.jpg,Parasitic diseases,train,7.17,30.08,3.18,33.85,0.486,22.49
C:\Users\Asus\PycharmProjects\AquaVision_v1\datasets\fish\New Dataset\train_split\Parasitic diseases\Parasitic diseases_aug_162.jpg,Parasitic diseases,train,6.81,34.71,2.66,27.39,0.11,47.57
C:\Users\Asus\PycharmProjects\AquaVision_v1\datasets\fish\New Dataset\train_split\Parasitic diseases\Parasitic diseases_aug_163.jpg,Parasitic diseases,train,6.17,31.12,4.22,34.17,0.202,47.37
C:\Users\Asus\PycharmProjects\AquaVision_v1\datasets\fish\New Dataset\train_split\Parasitic diseases\Parasitic diseases_aug_167.jpg,Parasitic diseases,train,5.84,32.8,3.43,30.67,0.655,51.74
C:\Users\Asus\PycharmProjects\AquaVision_v1\datasets\fish\New Dataset\train_split\Parasitic diseases\Parasitic diseases_aug_169.jpg,Parasitic diseases,train,5.54,31.48,4.37,27.17,0.007,45.09
C:\Users\Asus\PycharmProjects\AquaVision_v1\datasets\fish\New Dataset\train_split\Parasitic diseases\Parasitic diseases_aug_171.jpg,Parasitic diseases,train,7.15,31.75,2.79,23.38,0.264,36.19
C:\Users\Asus\PycharmProjects\AquaVision_v1\datasets\fish\New Dataset\train_split\Parasitic diseases\Parasitic diseases_aug_172.jpg,Parasitic diseases,train,6.93,27.64,3.88,25.35,0.065,49.44
C:\Users\Asus\PycharmProjects\AquaVision_v1\datasets\fish\New Dataset\train_split\Parasitic diseases\Parasitic diseases_aug_173.jpg,Parasitic diseases,train,5.78,30.75,3.14,29.86,0.099,50.68
C:\Users\Asus\PycharmProjects\AquaVision_v1\datasets\fish\New Dataset\train_split\Parasitic diseases\Parasitic diseases_aug_174.jpg,Parasitic diseases,train,6.11,28.33,3.16,27.1,0.019,19.38
C:\Users\Asus\PycharmProjects\AquaVision_v1\datasets\fish\New Dataset\train_split\Parasitic diseases\Parasitic diseases_aug_176.jpg,Parasitic diseases,train,5.61,30.67,2.86,25.3,0.314,58.23
C:\Users\Asus\PycharmProjects\AquaVision_v1\datasets\fish\New Dataset\train_split\Parasitic diseases\Parasitic diseases_aug_179.jpg,Parasitic diseases,train,7.07,26.12,3.27,26.4,0.744,44.91
C:\Users\Asus\PycharmProjects\AquaVision_v1\datasets\fish\New Dataset\train_split\Parasitic diseases\Parasitic diseases_aug_182.jpg,Parasitic diseases,train,6.27,32.94,4.82,31.61,0.343,48.24
C:\Users\Asus\PycharmProjects\AquaVision_v1\datasets\fish\New Dataset\train_split\Parasitic diseases\Parasitic diseases_aug_184.jpg,Parasitic diseases,train,7.39,29.53,1.6,19.61,0.004,44.54
C:\Users\Asus\PycharmProjects\AquaVision_v1\datasets\fish\New Dataset\train_split\Parasitic diseases\Parasitic diseases_aug_186.jpg,Parasitic diseases,train,5.32,31.46,1.77,24.99,0.794,42.05
C:\Users\Asus\PycharmProjects\AquaVision_v1\datasets\fish\New Dataset\train_split\Parasitic diseases\Parasitic diseases_aug_191.jpg,Parasitic diseases,train,6.22,30.0,2.37,24.86,0.21,40.84
C:\Users\Asus\PycharmProjects\AquaVision_v1\datasets\fish\New Dataset\train_split\Parasitic diseases\Parasitic diseases_aug_193.jpg,Parasitic diseases,train,6.37,23.62,2.78,24.53,0.176,48.49
C:\Users\Asus\PycharmProjects\AquaVision_v1\datasets\fish\New Dataset\train_split\Parasitic diseases\Parasitic diseases_aug_195.jpg,Parasitic diseases,train,7.74,32.42,2.7,29.39,0.211,63.18
C:\Users\Asus\PycharmProjects\AquaVision_v1\datasets\fish\New Dataset\train_split\Parasitic diseases\Parasitic diseases_aug_197.jpg,Parasitic diseases,val,6.51,27.43,3.86,34.21,0.306,45.4
C:\Users\Asus\PycharmProjects\AquaVision_v1\datasets\fish\New Dataset\train_split\Parasitic diseases\Parasitic diseases_aug_198.jpg,Parasitic diseases,train,6.35,31.2,3.34,27.3,0.303,37.57
C:\Users\Asus\PycharmProjects\AquaVision_v1\datasets\fish\New Dataset\train_split\Parasitic diseases\Parasitic diseases_aug_20.jpg,Parasitic diseases,train,6.66,30.36,3.79,28.59,0.033,38.57
C:\Users\Asus\PycharmProjects\AquaVision_v1\datasets\fish\New Dataset\train_split\Parasitic diseases\Parasitic diseases_aug_200.jpg,Parasitic diseases,train,6.63,31.83,2.95,28.93,0.12,40.7
C:\Users\Asus\PycharmProjects\AquaVision_v1\datasets\fish\New Dataset\train_split\Parasitic diseases\Parasitic diseases_aug_201.jpg,Parasitic diseases,train,6.96,32.07,2.68,28.44,0.085,56.08
C:\Users\Asus\PycharmProjects\AquaVision_v1\datasets\fish\New Dataset\train_split\Parasitic diseases\Parasitic diseases_aug_202.jpg,Parasitic diseases,train,5.33,28.07,3.68,22.38,0.577,35.57
C:\Users\Asus\PycharmProjects\AquaVision_v1\datasets\fish\New Dataset\train_split\Parasitic diseases\Parasitic diseases_aug_203.jpg,Parasitic diseases,train,5.75,31.48,3.29,27.1,0.195,42.89
C:\Users\Asus\PycharmProjects\AquaVision_v1\datasets\fish\New Dataset\train_split\Parasitic diseases\Parasitic diseases_aug_204.jpg,Parasitic diseases,train,7.59,29.76,3.13,22.67,0.268,63.34
C:\Users\Asus\PycharmProjects\AquaVision_v1\datasets\fish\New Dataset\train_split\Parasitic diseases\Parasitic diseases_aug_207.jpg,Parasitic diseases,train,5.69,27.89,2.36,26.64,0.276,44.36
C:\Users\Asus\PycharmProjects\AquaVision_v1\datasets\fish\New Dataset\train_split\Parasitic diseases\Parasitic diseases_aug_208.jpg,Parasitic diseases,val,5.85,30.67,2.94,24.34,0.335,51.19
C:\Users\Asus\PycharmProjects\AquaVision_v1\datasets\fish\New Dataset\train_split\Parasitic diseases\Parasitic diseases_aug_209.jpg,Parasitic diseases,val,5.08,30.14,2.58,30.96,0.032,59.85
C:\Users\Asus\PycharmProjects\AquaVision_v1\datasets\fish\New Dataset\train_split\Parasitic diseases\Parasitic diseases_aug_21.jpg,Parasitic diseases,val,6.77,32.25,4.07,21.13,0.047,39.82
C:\Users\Asus\PycharmProjects\AquaVision_v1\datasets\fish\New Dataset\train_split\Parasitic diseases\Parasitic diseases_aug_211.jpg,Parasitic diseases,train,6.94,33.11,3.63,24.55,0.893,39.13
C:\Users\Asus\PycharmProjects\AquaVision_v1\datasets\fish\New Dataset\train_split\Parasitic diseases\Parasitic diseases_aug_213.jpg,Parasitic diseases,train,6.88,29.06,3.3,24.87,0.14,38.96
C:\Users\Asus\PycharmProjects\AquaVision_v1\datasets\fish\New Dataset\train_split\Parasitic diseases\Parasitic diseases_aug_214.jpg,Parasitic diseases,train,5.9,28.97,2.45,27.69,0.124,54.44
C:\Users\Asus\PycharmProjects\AquaVision_v1\datasets\fish\New Dataset\train_split\Parasitic diseases\Parasitic diseases_aug_215.jpg,Parasitic diseases,train,7.39,28.49,4.07,25.11,0.889,30.6
C:\Users\Asus\PycharmProjects\AquaVision_v1\datasets\fish\New Dataset\train_split\Parasitic diseases\Parasitic diseases_aug_216.jpg,Parasitic diseases,train,5.98,28.53,2.47,27.55,0.233,42.9
C:\Users\Asus\PycharmProjects\AquaVision_v1\datasets\fish\New Dataset\train_split\Parasitic diseases\Parasitic diseases_aug_217.jpg,Parasitic diseases,train,7.46,29.74,2.85,30.24,0.425,52.45
C:\Users\Asus\PycharmProjects\AquaVision_v1\datasets\fish\New Dataset\train_split\Parasitic diseases\Parasitic diseases_aug_218.jpg,Parasitic diseases,train,5.43,31.86,2.7,25.65,0.111,39.86
C:\Users\Asus\PycharmProjects\AquaVision_v1\datasets\fish\New Dataset\train_split\Parasitic diseases\Parasitic diseases_aug_22.jpg,Parasitic diseases,train,5.7,29.6,3.19,26.92,0.14,59.03
C:\Users\Asus\PycharmProjects\AquaVision_v1\datasets\fish\New Dataset\train_split\Parasitic diseases\Parasitic diseases_aug_221.jpg,Parasitic diseases,train,5.89,30.8,3.38,19.36,0.11,40.79
C:\Users\Asus\PycharmProjects\AquaVision_v1\datasets\fish\New Dataset\train_split\Parasitic diseases\Parasitic diseases_aug_222.jpg,Parasitic diseases,train,5.66,36.69,4.66,29.87,0.131,51.78
C:\Users\Asus\PycharmProjects\AquaVision_v1\datasets\fish\New Dataset\train_split\Parasitic diseases\Parasitic diseases_aug_225.jpg,Parasitic diseases,train,6.14,29.03,2.82,27.06,0.18,40.1
C:\Users\Asus\PycharmProjects\AquaVision_v1\datasets\fish\New Dataset\train_split\Parasitic diseases\Parasitic diseases_aug_227.jpg,Parasitic diseases,train,6.43,35.0,2.57,24.52,0.169,28.28
C:\Users\Asus\PycharmProjects\AquaVision_v1\datasets\fish\New Dataset\train_split\Parasitic diseases\Parasitic diseases_aug_228.jpg,Parasitic diseases,train,5.71,36.36,2.99,28.59,0.096,31.37
C:\Users\Asus\PycharmProjects\AquaVision_v1\datasets\fish\New Dataset\train_split\Parasitic diseases\Parasitic diseases_aug_233.jpg,Parasitic diseases,train,6.52,32.81,4.29,23.92,0.709,34.82
C:\Users\Asus\PycharmProjects\AquaVision_v1\datasets\fish\New Dataset\train_split\Parasitic diseases\Parasitic diseases_aug_234.jpg,Parasitic diseases,train,7.08,25.02,3.41,27.39,0.584,39.33
C:\Users\Asus\PycharmProjects\AquaVision_v1\datasets\fish\New Dataset\train_split\Parasitic diseases\Parasitic diseases_aug_237.jpg,Parasitic diseases,train,5.31,26.17,2.3,37.57,0.046,45.5
C:\Users\Asus\PycharmProjects\AquaVision_v1\datasets\fish\New Dataset\train_split\Parasitic diseases\Parasitic diseases_aug_243.jpg,Parasitic diseases,train,5.97,30.55,3.0,32.67,0.078,40.09
C:\Users\Asus\PycharmProjects\AquaVision_v1\datasets\fish\New Dataset\train_split\Parasitic diseases\Parasitic diseases_aug_245.jpg,Parasitic diseases,val,7.26,32.86,4.2,25.66,0.046,43.75
C:\Users\Asus\PycharmProjects\AquaVision_v1\datasets\fish\New Dataset\train_split\Parasitic diseases\Parasitic diseases_aug_247.jpg,Parasitic diseases,train,5.78,31.28,4.51,23.83,0.459,47.03
C:\Users\Asus\PycharmProjects\AquaVision_v1\datasets\fish\New Dataset\train_split\Parasitic diseases\Parasitic diseases_aug_25.jpg,Parasitic diseases,val,5.83,36.22,2.16,33.84,0.241,26.1
C:\Users\Asus\PycharmProjects\AquaVision_v1\datasets\fish\New Dataset\train_split\Parasitic diseases\Parasitic diseases_aug_254.jpg,Parasitic diseases,train,6.91,34.73,1.7,21.57,0.358,40.12
C:\Users\Asus\PycharmProjects\AquaVision_v1\datasets\fish\New Dataset\train_split\Parasitic diseases\Parasitic diseases_aug_255.jpg,Parasitic diseases,train,5.99,29.48,3.45,29.88,0.098,44.74
C:\Users\Asus\PycharmProjects\AquaVision_v1\datasets\fish\New Dataset\train_split\Parasitic diseases\Parasitic diseases_aug_257.jpg,Parasitic diseases,train,5.99,34.55,3.35,26.71,0.14,56.18
C:\Users\Asus\PycharmProjects\AquaVision_v1\datasets\fish\New Dataset\train_split\Parasitic diseases\Parasitic diseases_aug_258.jpg,Parasitic diseases,val,6.18,29.9,3.28,27.25,0.194,46.83
C:\Users\Asus\PycharmProjects\AquaVision_v1\datasets\fish\New Dataset\train_split\Parasitic diseases\Parasitic diseases_aug_259.jpg,Parasitic diseases,train,5.26,34.44,2.98,23.31,0.322,43.73
C:\Users\Asus\PycharmProjects\AquaVision_v1\datasets\fish\New Dataset\train_split\Parasitic diseases\Parasitic diseases_aug_261.jpg,Parasitic diseases,train,6.01,35.27,4.13,27.39,0.308,62.18
C:\Users\Asus\PycharmProjects\AquaVision_v1\datasets\fish\New Dataset\train_split\Parasitic diseases\Parasitic diseases_aug_262.jpg,Parasitic diseases,train,6.3,33.0,3.94,31.69,0.259,50.51
C:\Users\Asus\PycharmProjects\AquaVision_v1\datasets\fish\New Dataset\train_split\Parasitic diseases\Parasitic diseases_aug_268.jpg,Parasitic diseases,train,7.18,30.42,2.9,30.45,0.105,46.31
C:\Users\Asus\PycharmProjects\AquaVision_v1\datasets\fish\New Dataset\train_split\Parasitic diseases\Parasitic diseases_aug_270.jpg,Parasitic diseases,train,6.53,32.38,3.78,29.4,0.187,42.29
C:\Users\Asus\PycharmProjects\AquaVision_v1\datasets\fish\New Dataset\train_split\Parasitic diseases\Parasitic diseases_aug_272.jpg,Parasitic diseases,train,5.82,30.55,1.8,27.27,0.314,45.74
C:\Users\Asus\PycharmProjects\AquaVision_v1\datasets\fish\New Dataset\train_split\Parasitic diseases\Parasitic diseases_aug_273.jpg,Parasitic diseases,train,6.21,34.8,2.99,29.95,0.177,52.93
C:\Users\Asus\PycharmProjects\AquaVision_v1\datasets\fish\New Dataset\train_split\Parasitic diseases\Parasitic diseases_aug_274.jpg,Parasitic diseases,train,5.47,33.12,4.69,26.71,0.334,50.81
C:\Users\Asus\PycharmProjects\AquaVision_v1\datasets\fish\New Dataset\train_split\Parasitic diseases\Parasitic diseases_aug_275.jpg,Parasitic diseases,train,7.3,29.25,3.13,29.83,0.473,54.08
C:\Users\Asus\PycharmProjects\AquaVision_v1\datasets\fish\New Dataset\train_split\Parasitic diseases\Parasitic diseases_aug_276.jpg,Parasitic diseases,train,6.3,30.05,3.64,31.44,0.035,52.48
C:\Users\Asus\PycharmProjects\AquaVision_v1\datasets\fish\New Dataset\train_split\Parasitic diseases\Parasitic diseases_aug_279.jpg,Parasitic diseases,val,6.29,27.54,1.53,34.03,0.057,50.11
C:\Users\Asus\PycharmProjects\AquaVision_v1\datasets\fish\New Dataset\train_split\Parasitic diseases\Parasitic diseases_aug_28.jpg,Parasitic diseases,train,6.54,31.69,1.93,33.7,0.015,33.33
C:\Users\Asus\PycharmProjects\AquaVision_v1\datasets\fish\New Dataset\train_split\Parasitic diseases\Parasitic diseases_aug_285.jpg,Parasitic diseases,train,6.82,32.48,3.41,27.22,0.123,57.78
C:\Users\Asus\PycharmProjects\AquaVision_v1\datasets\fish\New Dataset\train_split\Parasitic diseases\Parasitic diseases_aug_286.jpg,Parasitic diseases,train,5.59,30.3,3.25,29.72,0.034,51.6
C:\Users\Asus\PycharmProjects\AquaVision_v1\datasets\fish\New Dataset\train_split\Parasitic diseases\Parasitic diseases_aug_287.jpg,Parasitic diseases,train,4.86,31.36,2.59,33.9,0.03,30.53
C:\Users\Asus\PycharmProjects\AquaVision_v1\datasets\fish\New Dataset\train_split\Parasitic diseases\Parasitic diseases_aug_288.jpg,Parasitic diseases,train,5.4,30.3,2.51,28.05,0.012,28.54
C:\Users\Asus\PycharmProjects\AquaVision_v1\datasets\fish\New Dataset\train_split\Parasitic diseases\Parasitic diseases_aug_29.jpg,Parasitic diseases,train,6.18,33.02,3.08,31.3,0.514,50.86
C:\Users\Asus\PycharmProjects\AquaVision_v1\datasets\fish\New Dataset\train_split\Parasitic diseases\Parasitic diseases_aug_290.jpg,Parasitic diseases,train,6.44,34.47,2.3,26.11,0.29,44.88
C:\Users\Asus\PycharmProjects\AquaVision_v1\datasets\fish\New Dataset\train_split\Parasitic diseases\Parasitic diseases_aug_291.jpg,Parasitic diseases,train,6.21,23.96,3.04,28.54,0.114,18.83
C:\Users\Asus\PycharmProjects\AquaVision_v1\datasets\fish\New Dataset\train_split\Parasitic diseases\Parasitic diseases_aug_292.jpg,Parasitic diseases,train,6.3,30.44,2.17,23.72,0.324,42.12
C:\Users\Asus\PycharmProjects\AquaVision_v1\datasets\fish\New Dataset\train_split\Parasitic diseases\Parasitic diseases_aug_293.jpg,Parasitic diseases,train,6.02,28.66,4.16,33.86,0.331,56.85
C:\Users\Asus\PycharmProjects\AquaVision_v1\datasets\fish\New Dataset\train_split\Parasitic diseases\Parasitic diseases_aug_294.jpg,Parasitic diseases,train,5.37,30.39,2.65,20.7,0.313,51.77
C:\Users\Asus\PycharmProjects\AquaVision_v1\datasets\fish\New Dataset\train_split\Parasitic diseases\Parasitic diseases_aug_297.jpg,Parasitic diseases,train,6.77,32.39,3.69,25.54,1.028,63.58
C:\Users\Asus\PycharmProjects\AquaVision_v1\datasets\fish\New Dataset\train_split\Parasitic diseases\Parasitic diseases_aug_299.jpg,Parasitic diseases,train,5.71,28.67,3.58,28.87,0.049,42.71
C:\Users\Asus\PycharmProjects\AquaVision_v1\datasets\fish\New Dataset\train_split\Parasitic diseases\Parasitic diseases_aug_3.jpg,Parasitic diseases,train,6.36,27.83,4.16,25.55,0.017,41.61
C:\Users\Asus\PycharmProjects\AquaVision_v1\datasets\fish\New Dataset\train_split\Parasitic diseases\Parasitic diseases_aug_30.jpg,Parasitic diseases,val,6.97,28.19,2.62,24.92,0.214,60.06
C:\Users\Asus\PycharmProjects\AquaVision_v1\datasets\fish\New Dataset\train_split\Parasitic diseases\Parasitic diseases_aug_301.jpg,Parasitic diseases,train,6.3,29.55,4.76,29.07,1.156,53.53
C:\Users\Asus\PycharmProjects\AquaVision_v1\datasets\fish\New Dataset\train_split\Parasitic diseases\Parasitic diseases_aug_302.jpg,Parasitic diseases,train,6.04,30.33,4.53,30.16,0.2,38.05
C:\Users\Asus\PycharmProjects\AquaVision_v1\datasets\fish\New Dataset\train_split\Parasitic diseases\Parasitic diseases_aug_304.jpg,Parasitic diseases,train,6.95,31.26,1.82,23.57,0.238,57.01
C:\Users\Asus\PycharmProjects\AquaVision_v1\datasets\fish\New Dataset\train_split\Parasitic diseases\Parasitic diseases_aug_307.jpg,Parasitic diseases,train,6.97,28.21,3.41,28.98,0.047,62.38
C:\Users\Asus\PycharmProjects\AquaVision_v1\datasets\fish\New Dataset\train_split\Parasitic diseases\Parasitic diseases_aug_309.jpg,Parasitic diseases,train,6.04,29.31,3.77,29.5,0.338,32.19
C:\Users\Asus\PycharmProjects\AquaVision_v1\datasets\fish\New Dataset\train_split\Parasitic diseases\Parasitic diseases_aug_310.jpg,Parasitic diseases,train,6.29,29.59,2.51,25.94,0.04,53.41
C:\Users\Asus\PycharmProjects\AquaVision_v1\datasets\fish\New Dataset\train_split\Parasitic diseases\Parasitic diseases_aug_312.jpg,Parasitic diseases,train,5.09,33.43,2.18,28.55,0.032,35.98
C:\Users\Asus\PycharmProjects\AquaVision_v1\datasets\fish\New Dataset\train_split\Parasitic diseases\Parasitic diseases_aug_313.jpg,Parasitic diseases,train,5.84,36.01,2.85,24.77,0.363,37.16
C:\Users\Asus\PycharmProjects\AquaVision_v1\datasets\fish\New Dataset\train_split\Parasitic diseases\Parasitic diseases_aug_314.jpg,Parasitic diseases,train,5.1,34.62,3.4,28.77,0.023,66.32
C:\Users\Asus\PycharmProjects\AquaVision_v1\datasets\fish\New Dataset\train_split\Parasitic diseases\Parasitic diseases_aug_315.jpg,Parasitic diseases,train,5.93,28.16,4.2,30.3,0.289,36.07
C:\Users\Asus\PycharmProjects\AquaVision_v1\datasets\fish\New Dataset\train_split\Parasitic diseases\Parasitic diseases_aug_318.jpg,Parasitic diseases,train,6.36,30.87,2.5,28.66,0.012,56.32
C:\Users\Asus\PycharmProjects\AquaVision_v1\datasets\fish\New Dataset\train_split\Parasitic diseases\Parasitic diseases_aug_319.jpg,Parasitic diseases,train,6.0,31.37,3.12,31.21,0.116,57.49
C:\Users\Asus\PycharmProjects\AquaVision_v1\datasets\fish\New Dataset\train_split\Parasitic diseases\Parasitic diseases_aug_322.jpg,Parasitic diseases,train,6.01,32.12,2.69,23.46,0.047,49.94
C:\Users\Asus\PycharmProjects\AquaVision_v1\datasets\fish\New Dataset\train_split\Parasitic diseases\Parasitic diseases_aug_323.jpg,Parasitic diseases,val,7.19,28.63,4.62,28.13,0.163,36.07
C:\Users\Asus\PycharmProjects\AquaVision_v1\datasets\fish\New Dataset\train_split\Parasitic diseases\Parasitic diseases_aug_327.jpg,Parasitic diseases,train,5.27,27.31,3.07,24.57,0.068,49.92
C:\Users\Asus\PycharmProjects\AquaVision_v1\datasets\fish\New Dataset\train_split\Parasitic diseases\Parasitic diseases_aug_328.jpg,Parasitic diseases,train,5.68,32.89,2.51,23.67,0.228,55.8
C:\Users\Asus\PycharmProjects\AquaVision_v1\datasets\fish\New Dataset\train_split\Parasitic diseases\Parasitic diseases_aug_329.jpg,Parasitic diseases,train,6.52,28.56,1.64,29.82,0.365,43.9
C:\Users\Asus\PycharmProjects\AquaVision_v1\datasets\fish\New Dataset\train_split\Parasitic diseases\Parasitic diseases_aug_33.jpg,Parasitic diseases,train,6.6,25.48,2.68,37.27,0.415,45.3
C:\Users\Asus\PycharmProjects\AquaVision_v1\datasets\fish\New Dataset\train_split\Parasitic diseases\Parasitic diseases_aug_39.jpg,Parasitic diseases,train,7.05,32.99,3.77,30.16,0.37,41.78
C:\Users\Asus\PycharmProjects\AquaVision_v1\datasets\fish\New Dataset\train_split\Parasitic diseases\Parasitic diseases_aug_4.jpg,Parasitic diseases,train,6.2,29.53,3.21,23.33,0.042,30.63
C:\Users\Asus\PycharmProjects\AquaVision_v1\datasets\fish\New Dataset\train_split\Parasitic diseases\Parasitic diseases_aug_41.jpg,Parasitic diseases,train,6.9,28.64,2.8,27.34,0.102,49.02
C:\Users\Asus\PycharmProjects\AquaVision_v1\datasets\fish\New Dataset\train_split\Parasitic diseases\Parasitic diseases_aug_48.jpg,Parasitic diseases,train,6.9,33.35,3.6,28.61,0.058,62.48
C:\Users\Asus\PycharmProjects\AquaVision_v1\datasets\fish\New Dataset\train_split\Parasitic diseases\Parasitic diseases_aug_5.jpg,Parasitic diseases,train,7.57,31.1,5.02,33.37,0.186,38.76
C:\Users\Asus\PycharmProjects\AquaVision_v1\datasets\fish\New Dataset\train_split\Parasitic diseases\Parasitic diseases_aug_50.jpg,Parasitic diseases,train,5.49,27.23,3.89,24.33,0.118,55.53
C:\Users\Asus\PycharmProjects\AquaVision_v1\datasets\fish\New Dataset\train_split\Parasitic diseases\Parasitic diseases_aug_51.jpg,Parasitic diseases,val,6.92,31.1,3.37,32.73,0.168,29.56
C:\Users\Asus\PycharmProjects\AquaVision_v1\datasets\fish\New Dataset\train_split\Parasitic diseases\Parasitic diseases_aug_56.jpg,Parasitic diseases,train,6.44,29.79,2.55,28.56,0.227,34.52
C:\Users\Asus\PycharmProjects\AquaVision_v1\datasets\fish\New Dataset\train_split\Parasitic diseases\Parasitic diseases_aug_58.jpg,Parasitic diseases,train,6.52,26.79,4.25,24.18,0.706,41.74
C:\Users\Asus\PycharmProjects\AquaVision_v1\datasets\fish\New Dataset\train_split\Parasitic diseases\Parasitic diseases_aug_59.jpg,Parasitic diseases,val,6.89,26.97,4.39,26.99,0.139,53.09
C:\Users\Asus\PycharmProjects\AquaVision_v1\datasets\fish\New Dataset\train_split\Parasitic diseases\Parasitic diseases_aug_6.jpg,Parasitic diseases,val,5.53,29.38,1.67,27.12,0.043,31.43
C:\Users\Asus\PycharmProjects\AquaVision_v1\datasets\fish\New Dataset\train_split\Parasitic diseases\Parasitic diseases_aug_61.jpg,Parasitic diseases,train,5.81,31.46,3.03,29.0,0.064,40.99
C:\Users\Asus\PycharmProjects\AquaVision_v1\datasets\fish\New Dataset\train_split\Parasitic diseases\Parasitic diseases_aug_63.jpg,Parasitic diseases,train,7.34,31.62,2.96,24.07,0.117,48.16
C:\Users\Asus\PycharmProjects\AquaVision_v1\datasets\fish\New Dataset\train_split\Parasitic diseases\Parasitic diseases_aug_64.jpg,Parasitic diseases,train,5.53,31.41,2.13,25.36,0.182,42.81
C:\Users\Asus\PycharmProjects\AquaVision_v1\datasets\fish\New Dataset\train_split\Parasitic diseases\Parasitic diseases_aug_67.jpg,Parasitic diseases,train,6.81,31.41,3.89,21.53,0.234,49.5
C:\Users\Asus\PycharmProjects\AquaVision_v1\datasets\fish\New Dataset\train_split\Parasitic diseases\Parasitic diseases_aug_70.jpg,Parasitic diseases,train,6.3,32.27,1.49,36.4,0.051,55.29
C:\Users\Asus\PycharmProjects\AquaVision_v1\datasets\fish\New Dataset\train_split\Parasitic diseases\Parasitic diseases_aug_72.jpg,Parasitic diseases,train,5.66,36.52,3.3,31.99,1.141,45.43
C:\Users\Asus\PycharmProjects\AquaVision_v1\datasets\fish\New Dataset\train_split\Parasitic diseases\Parasitic diseases_aug_75.jpg,Parasitic diseases,val,5.48,34.69,2.7,34.14,0.247,47.73
C:\Users\Asus\PycharmProjects\AquaVision_v1\datasets\fish\New Dataset\train_split\Parasitic diseases\Parasitic diseases_aug_78.jpg,Parasitic diseases,train,7.02,30.56,2.55,20.54,0.578,67.45
C:\Users\Asus\PycharmProjects\AquaVision_v1\datasets\fish\New Dataset\train_split\Parasitic diseases\Parasitic diseases_aug_82.jpg,Parasitic diseases,train,5.84,33.84,2.61,34.15,0.066,39.36
C:\Users\Asus\PycharmProjects\AquaVision_v1\datasets\fish\New Dataset\train_split\Parasitic diseases\Parasitic diseases_aug_85.jpg,Parasitic diseases,train,5.98,32.49,3.16,30.51,0.065,42.09
C:\Users\Asus\PycharmProjects\AquaVision_v1\datasets\fish\New Dataset\train_split\Parasitic diseases\Parasitic diseases_aug_87.jpg,Parasitic diseases,train,7.33,31.56,1.61,25.92,0.312,32.58
C:\Users\Asus\PycharmProjects\AquaVision_v1\datasets\fish\New Dataset\train_split\Parasitic diseases\Parasitic diseases_aug_9.jpg,Parasitic diseases,val,6.12,33.57,2.46,37.67,0.102,44.69
C:\Users\Asus\PycharmProjects\AquaVision_v1\datasets\fish\New Dataset\train_split\Parasitic diseases\Parasitic diseases_aug_93.jpg,Parasitic diseases,train,4.66,27.48,0.6,36.45,0.112,62.01
C:\Users\Asus\PycharmProjects\AquaVision_v1\datasets\fish\New Dataset\train_split\Parasitic diseases\Parasitic diseases_aug_94.jpg,Parasitic diseases,train,6.61,32.55,4.17,26.84,0.037,36.2
C:\Users\Asus\PycharmProjects\AquaVision_v1\datasets\fish\New Dataset\train_split\Parasitic diseases\Parasitic diseases_aug_95.jpg,Parasitic diseases,train,6.6,33.01,3.28,36.71,0.041,36.5
C:\Users\Asus\PycharmProjects\AquaVision_v1\datasets\fish\New Dataset\train_split\Parasitic diseases\Parasitic diseases_aug_96.jpg,Parasitic diseases,train,5.86,32.24,2.53,26.4,0.036,63.91
C:\Users\Asus\PycharmProjects\AquaVision_v1\datasets\fish\New Dataset\train_split\Parasitic diseases\Parasitic diseases_aug_99.jpg,Parasitic diseases,train,6.8,28.37,2.65,30.31,0.317,56.83
C:\Users\Asus\PycharmProjects\AquaVision_v1\datasets\fish\New Dataset\train_split\Viral diseases White tail disease\Viral diseases White tail disease_1.jpeg,Viral diseases White tail disease,train,6.58,29.83,2.72,32.81,0.335,39.5
C:\Users\Asus\PycharmProjects\AquaVision_v1\datasets\fish\New Dataset\train_split\Viral diseases White tail disease\Viral diseases White tail disease_10.jpg,Viral diseases White tail disease,train,5.46,33.42,3.65,20.05,0.027,31.18
C:\Users\Asus\PycharmProjects\AquaVision_v1\datasets\fish\New Dataset\train_split\Viral diseases White tail disease\Viral diseases White tail disease_100.jpg,Viral diseases White tail disease,train,6.78,30.11,3.49,28.22,0.641,52.63
C:\Users\Asus\PycharmProjects\AquaVision_v1\datasets\fish\New Dataset\train_split\Viral diseases White tail disease\Viral diseases White tail disease_101.jpg,Viral diseases White tail disease,train,5.19,35.13,3.62,33.44,0.171,42.8
C:\Users\Asus\PycharmProjects\AquaVision_v1\datasets\fish\New Dataset\train_split\Viral diseases White tail disease\Viral diseases White tail disease_104.jpg,Viral diseases White tail disease,train,6.54,34.97,4.31,25.52,0.802,16.82
C:\Users\Asus\PycharmProjects\AquaVision_v1\datasets\fish\New Dataset\train_split\Viral diseases White tail disease\Viral diseases White tail disease_111.jpg,Viral diseases White tail disease,train,5.97,30.28,3.0,30.11,0.339,34.99
C:\Users\Asus\PycharmProjects\AquaVision_v1\datasets\fish\New Dataset\train_split\Viral diseases White tail disease\Viral diseases White tail disease_112.jpg,Viral diseases White tail disease,val,6.73,30.15,5.04,29.5,0.475,48.68
C:\Users\Asus\PycharmProjects\AquaVision_v1\datasets\fish\New Dataset\train_split\Viral diseases White tail disease\Viral diseases White tail disease_114.jpg,Viral diseases White tail disease,train,4.67,30.4,3.17,33.13,0.071,33.45
C:\Users\Asus\PycharmProjects\AquaVision_v1\datasets\fish\New Dataset\train_split\Viral diseases White tail disease\Viral diseases White tail disease_115.jpg,Viral diseases White tail disease,train,6.11,27.96,2.53,30.17,0.457,57.59
C:\Users\Asus\PycharmProjects\AquaVision_v1\datasets\fish\New Dataset\train_split\Viral diseases White tail disease\Viral diseases White tail disease_122.jpg,Viral diseases White tail disease,train,6.38,31.25,3.76,18.32,0.033,67.59
C:\Users\Asus\PycharmProjects\AquaVision_v1\datasets\fish\New Dataset\train_split\Viral diseases White tail disease\Viral diseases White tail disease_123.jpg,Viral diseases White tail disease,train,6.59,33.91,3.08,28.12,0.845,29.95
C:\Users\Asus\PycharmProjects\AquaVision_v1\datasets\fish\New Dataset\train_split\Viral diseases White tail disease\Viral diseases White tail disease_124.jpg,Viral diseases White tail disease,train,6.71,32.57,3.65,24.75,0.241,48.18
C:\Users\Asus\PycharmProjects\AquaVision_v1\datasets\fish\New Dataset\train_split\Viral diseases White tail disease\Viral diseases White tail disease_125.jpg,Viral diseases White tail disease,train,5.77,25.6,2.81,35.19,0.289,49.39
C:\Users\Asus\PycharmProjects\AquaVision_v1\datasets\fish\New Dataset\train_split\Viral diseases White tail disease\Viral diseases White tail disease_126.jpg,Viral diseases White tail disease,train,4.7,28.96,2.88,31.43,0.075,37.41
C:\Users\Asus\PycharmProjects\AquaVision_v1\datasets\fish\New Dataset\train_split\Viral diseases White tail disease\Viral diseases White tail disease_127.jpg,Viral diseases White tail disease,train,6.89,34.03,2.37,27.51,0.105,40.1
C:\Users\Asus\PycharmProjects\AquaVision_v1\datasets\fish\New Dataset\train_split\Viral diseases White tail disease\Viral diseases White tail disease_128.jpg,Viral diseases White tail disease,train,7.88,32.27,4.01,31.55,0.856,48.01
C:\Users\Asus\PycharmProjects\AquaVision_v1\datasets\fish\New Dataset\train_split\Viral diseases White tail disease\Viral diseases White tail disease_13.jpg,Viral diseases White tail disease,train,6.01,31.05,1.99,30.67,0.173,46.81
C:\Users\Asus\PycharmProjects\AquaVision_v1\datasets\fish\New Dataset\train_split\Viral diseases White tail disease\Viral diseases White tail disease_135.jpg,Viral diseases White tail disease,train,5.06,30.1,3.04,30.97,0.175,56.94
C:\Users\Asus\PycharmProjects\AquaVision_v1\datasets\fish\New Dataset\train_split\Viral diseases White tail disease\Viral diseases White tail disease_14.jpg,Viral diseases White tail disease,train,5.35,32.28,2.67,28.3,0.087,38.73
C:\Users\Asus\PycharmProjects\AquaVision_v1\datasets\fish\New Dataset\train_split\Viral diseases White tail disease\Viral diseases White tail disease_152.jpg,Viral diseases White tail disease,train,5.67,32.71,2.61,24.39,0.221,40.91
C:\Users\Asus\PycharmProjects\AquaVision_v1\datasets\fish\New Dataset\train_split\Viral diseases White tail disease\Viral diseases White tail disease_155.jpg,Viral diseases White tail disease,val,5.18,31.61,3.46,22.04,0.302,56.59
C:\Users\Asus\PycharmProjects\AquaVision_v1\datasets\fish\New Dataset\train_split\Viral diseases White tail disease\Viral diseases White tail disease_157.jpg,Viral diseases White tail disease,train,6.91,32.13,3.56,34.23,0.094,37.07
C:\Users\Asus\PycharmProjects\AquaVision_v1\datasets\fish\New Dataset\train_split\Viral diseases White tail disease\Viral diseases White tail disease_159.jpg,Viral diseases White tail disease,train,6.5,32.26,3.58,22.47,0.026,43.78
C:\Users\Asus\PycharmProjects\AquaVision_v1\datasets\fish\New Dataset\train_split\Viral diseases White tail disease\Viral diseases White tail disease_160.jpg,Viral diseases White tail disease,train,6.29,33.01,3.18,28.9,0.226,52.3
C:\Users\Asus\PycharmProjects\AquaVision_v1\datasets\fish\New Dataset\train_split\Viral diseases White tail disease\Viral diseases White tail disease_163.jpg,Viral diseases White tail disease,train,6.61,31.5,2.43,30.68,0.518,48.3
C:\Users\Asus\PycharmProjects\AquaVision_v1\datasets\fish\New Dataset\train_split\Viral diseases White tail disease\Viral diseases White tail disease_167.jpg,Viral diseases White tail disease,train,6.87,31.12,1.75,21.2,0.073,49.46
C:\Users\Asus\PycharmProjects\AquaVision_v1\datasets\fish\New Dataset\train_split\Viral diseases White tail disease\Viral diseases White tail disease_169.jpg,Viral diseases White tail disease,train,6.8,30.58,3.12,24.54,0.076,44.84
C:\Users\Asus\PycharmProjects\AquaVision_v1\datasets\fish\New Dataset\train_split\Viral diseases White tail disease\Viral diseases White tail disease_170.jpg,Viral diseases White tail disease,train,5.91,30.43,3.94,27.48,0.283,59.98
C:\Users\Asus\PycharmProjects\AquaVision_v1\datasets\fish\New Dataset\train_split\Viral diseases White tail disease\Viral diseases White tail disease_173.jpg,Viral diseases White tail disease,train,6.62,31.82,3.89,28.36,0.081,54.85
C:\Users\Asus\PycharmProjects\AquaVision_v1\datasets\fish\New Dataset\train_split\Viral diseases White tail disease\Viral diseases White tail disease_174.jpg,Viral diseases White tail disease,train,6.64,31.23,3.12,26.1,0.738,64.58
C:\Users\Asus\PycharmProjects\AquaVision_v1\datasets\fish\New Dataset\train_split\Viral diseases White tail disease\Viral diseases White tail disease_178.jpg,Viral diseases White tail disease,val,6.61,32.5,4.22,27.4,0.121,33.85
C:\Users\Asus\PycharmProjects\AquaVision_v1\datasets\fish\New Dataset\train_split\Viral diseases White tail disease\Viral diseases White tail disease_18.jpg,Viral diseases White tail disease,train,5.69,26.51,3.66,21.51,0.015,49.53
C:\Users\Asus\PycharmProjects\AquaVision_v1\datasets\fish\New Dataset\train_split\Viral diseases White tail disease\Viral diseases White tail disease_180.jpg,Viral diseases White tail disease,train,5.71,32.8,2.68,27.46,0.006,36.27
C:\Users\Asus\PycharmProjects\AquaVision_v1\datasets\fish\New Dataset\train_split\Viral diseases White tail disease\Viral diseases White tail disease_183.jpg,Viral diseases White tail disease,train,5.77,31.67,2.8,27.02,0.001,62.51
C:\Users\Asus\PycharmProjects\AquaVision_v1\datasets\fish\New Dataset\train_split\Viral diseases White tail disease\Viral diseases White tail disease_187.jpg,Viral diseases White tail disease,train,5.36,32.28,3.83,33.16,0.705,36.75
C:\Users\Asus\PycharmProjects\AquaVision_v1\datasets\fish\New Dataset\train_split\Viral diseases White tail disease\Viral diseases White tail disease_188.jpg,Viral diseases White tail disease,val,5.88,26.26,5.71,27.4,0.089,56.83
C:\Users\Asus\PycharmProjects\AquaVision_v1\datasets\fish\New Dataset\train_split\Viral diseases White tail disease\Viral diseases White tail disease_189.jpg,Viral diseases White tail disease,train,6.92,30.85,2.39,27.44,0.637,22.73
C:\Users\Asus\PycharmProjects\AquaVision_v1\datasets\fish\New Dataset\train_split\Viral diseases White tail disease\Viral diseases White tail disease_190.jpg,Viral diseases White tail disease,train,6.08,30.29,3.62,30.42,0.18,42.72
C:\Users\Asus\PycharmProjects\AquaVision_v1\datasets\fish\New Dataset\train_split\Viral diseases White tail disease\Viral diseases White tail disease_191.jpg,Viral diseases White tail disease,train,5.12,30.79,4.75,32.42,0.171,39.87
C:\Users\Asus\PycharmProjects\AquaVision_v1\datasets\fish\New Dataset\train_split\Viral diseases White tail disease\Viral diseases White tail disease_192.jpg,Viral diseases White tail disease,train,5.65,30.81,2.98,28.45,0.072,57.97
C:\Users\Asus\PycharmProjects\AquaVision_v1\datasets\fish\New Dataset\train_split\Viral diseases White tail disease\Viral diseases White tail disease_195.jpg,Viral diseases White tail disease,train,5.62,31.21,2.93,31.02,0.173,43.42
C:\Users\Asus\PycharmProjects\AquaVision_v1\datasets\fish\New Dataset\train_split\Viral diseases White tail disease\Viral diseases White tail disease_2.jpg,Viral diseases White tail disease,train,6.52,29.11,3.6,29.1,0.009,64.05
C:\Users\Asus\PycharmProjects\AquaVision_v1\datasets\fish\New Dataset\train_split\Viral diseases White tail disease\Viral diseases White tail disease_20.jpeg,Viral diseases White tail disease,train,5.77,32.57,3.1,29.15,0.015,44.62
C:\Users\Asus\PycharmProjects\AquaVision_v1\datasets\fish\New Dataset\train_split\Viral diseases White tail disease\Viral diseases White tail disease_200.jpg,Viral diseases White tail disease,val,6.11,37.75,3.45,30.58,0.075,43.44
C:\Users\Asus\PycharmProjects\AquaVision_v1\datasets\fish\New Dataset\train_split\Viral diseases White tail disease\Viral diseases White tail disease_202.jpg,Viral diseases White tail disease,train,6.63,33.64,2.93,24.16,0.262,48.65
C:\Users\Asus\PycharmProjects\AquaVision_v1\datasets\fish\New Dataset\train_split\Viral diseases White tail disease\Viral diseases White tail disease_208.jpg,Viral diseases White tail disease,train,5.38,30.2,2.05,39.3,0.174,53.1
C:\Users\Asus\PycharmProjects\AquaVision_v1\datasets\fish\New Dataset\train_split\Viral diseases White tail disease\Viral diseases White tail disease_210.jpg,Viral diseases White tail disease,train,5.65,33.13,3.31,33.4,0.081,54.13
C:\Users\Asus\PycharmProjects\AquaVision_v1\datasets\fish\New Dataset\train_split\Viral diseases White tail disease\Viral diseases White tail disease_213.jpg,Viral diseases White tail disease,train,5.92,28.73,4.19,33.25,0.492,42.87
C:\Users\Asus\PycharmProjects\AquaVision_v1\datasets\fish\New Dataset\train_split\Viral diseases White tail disease\Viral diseases White tail disease_215.jpg,Viral diseases White tail disease,train,4.7,30.64,1.9,28.26,0.474,54.47
C:\Users\Asus\PycharmProjects\AquaVision_v1\datasets\fish\New Dataset\train_split\Viral diseases White tail disease\Viral diseases White tail disease_218.jpg,Viral diseases White tail disease,train,6.84,29.84,2.19,26.06,0.017,46.11
C:\Users\Asus\PycharmProjects\AquaVision_v1\datasets\fish\New Dataset\train_split\Viral diseases White tail disease\Viral diseases White tail disease_22.png,Viral diseases White tail disease,train,5.99,33.31,4.12,31.28,0.119,54.46
C:\Users\Asus\PycharmProjects\AquaVision_v1\datasets\fish\New Dataset\train_split\Viral diseases White tail disease\Viral diseases White tail disease_222.jpg,Viral diseases White tail disease,train,5.51,30.47,3.75,28.54,0.106,34.53
C:\Users\Asus\PycharmProjects\AquaVision_v1\datasets\fish\New Dataset\train_split\Viral diseases White tail disease\Viral diseases White tail disease_23.jpg,Viral diseases White tail disease,train,6.48,31.24,3.79,27.14,0.099,50.51
C:\Users\Asus\PycharmProjects\AquaVision_v1\datasets\fish\New Dataset\train_split\Viral diseases White tail disease\Viral diseases White tail disease_239.jpg,Viral diseases White tail disease,train,6.43,35.36,2.4,32.89,0.05,62.0
C:\Users\Asus\PycharmProjects\AquaVision_v1\datasets\fish\New Dataset\train_split\Viral diseases White tail disease\Viral diseases White tail disease_24.jpg,Viral diseases White tail disease,train,8.39,29.99,2.14,21.22,0.04,36.53
C:\Users\Asus\PycharmProjects\AquaVision_v1\datasets\fish\New Dataset\train_split\Viral diseases White tail disease\Viral diseases White tail disease_241.jpg,Viral diseases White tail disease,train,5.8,31.5,4.03,29.58,0.571,38.86
C:\Users\Asus\PycharmProjects\AquaVision_v1\datasets\fish\New Dataset\train_split\Viral diseases White tail disease\Viral diseases White tail disease_242.jpg,Viral diseases White tail disease,val,6.06,28.6,3.02,27.2,0.104,32.63
C:\Users\Asus\PycharmProjects\AquaVision_v1\datasets\fish\New Dataset\train_split\Viral diseases White tail disease\Viral diseases White tail disease_244.jpg,Viral diseases White tail disease,train,7.25,28.66,4.47,28.15,0.061,36.93
C:\Users\Asus\PycharmProjects\AquaVision_v1\datasets\fish\New Dataset\train_split\Viral diseases White tail disease\Viral diseases White tail disease_26.jpg,Viral diseases White tail disease,train,6.27,32.66,3.82,26.53,0.215,40.2
C:\Users\Asus\PycharmProjects\AquaVision_v1\datasets\fish\New Dataset\train_split\Viral diseases White tail disease\Viral diseases White tail disease_29.jpg,Viral diseases White tail disease,train,6.75,35.04,3.44,24.93,0.644,48.26
C:\Users\Asus\PycharmProjects\AquaVision_v1\datasets\fish\New Dataset\train_split\Viral diseases White tail disease\Viral diseases White tail disease_3.png,Viral diseases White tail disease,train,5.42,26.51,2.93,27.1,0.998,44.31
C:\Users\Asus\PycharmProjects\AquaVision_v1\datasets\fish\New Dataset\train_split\Viral diseases White tail disease\Viral diseases White tail disease_30.jpeg,Viral diseases White tail disease,train,4.65,31.04,1.42,30.93,0.112,27.45
C:\Users\Asus\PycharmProjects\AquaVision_v1\datasets\fish\New Dataset\train_split\Viral diseases White tail disease\Viral diseases White tail disease_31.jpg,Viral diseases White tail disease,train,5.93,33.98,3.36,29.38,0.662,56.81
C:\Users\Asus\PycharmProjects\AquaVision_v1\datasets\fish\New Dataset\train_split\Viral diseases White tail disease\Viral diseases White tail disease_32.png,Viral diseases White tail disease,train,7.28,27.78,5.28,22.32,0.091,30.41
C:\Users\Asus\PycharmProjects\AquaVision_v1\datasets\fish\New Dataset\train_split\Viral diseases White tail disease\Viral diseases White tail disease_34.jpg,Viral diseases White tail disease,train,7.22,30.47,2.99,30.44,0.047,41.71
C:\Users\Asus\PycharmProjects\AquaVision_v1\datasets\fish\New Dataset\train_split\Viral diseases White tail disease\Viral diseases White tail disease_35.jpg,Viral diseases White tail disease,train,7.19,31.48,2.94,25.84,0.796,35.92
C:\Users\Asus\PycharmProjects\AquaVision_v1\datasets\fish\New Dataset\train_split\Viral diseases White tail disease\Viral diseases White tail disease_36.jpg,Viral diseases White tail disease,train,5.47,30.12,2.81,25.37,0.202,65.99
C:\Users\Asus\PycharmProjects\AquaVision_v1\datasets\fish\New Dataset\train_split\Viral diseases White tail disease\Viral diseases White tail disease_37.jpg,Viral diseases White tail disease,train,6.46,32.58,3.15,27.04,0.018,51.72
C:\Users\Asus\PycharmProjects\AquaVision_v1\datasets\fish\New Dataset\train_split\Viral diseases White tail disease\Viral diseases White tail disease_38.jpg,Viral diseases White tail disease,val,6.96,30.35,4.62,26.13,0.185,33.53
C:\Users\Asus\PycharmProjects\AquaVision_v1\datasets\fish\New Dataset\train_split\Viral diseases White tail disease\Viral diseases White tail disease_39.jpg,Viral diseases White tail disease,val,5.78,32.94,3.44,33.18,0.053,56.82
C:\Users\Asus\PycharmProjects\AquaVision_v1\datasets\fish\New Dataset\train_split\Viral diseases White tail disease\Viral diseases White tail disease_4.jpeg,Viral diseases White tail disease,train,6.69,26.69,3.45,25.89,0.195,35.2
C:\Users\Asus\PycharmProjects\AquaVision_v1\datasets\fish\New Dataset\train_split\Viral diseases White tail disease\Viral diseases White tail disease_41.jpg,Viral diseases White tail disease,train,7.0,29.98,3.67,27.59,0.009,52.54
C:\Users\Asus\PycharmProjects\AquaVision_v1\datasets\fish\New Dataset\train_split\Viral diseases White tail disease\Viral diseases White tail disease_45.jpg,Viral diseases White tail disease,train,6.88,28.26,3.22,26.63,0.246,53.93
C:\Users\Asus\PycharmProjects\AquaVision_v1\datasets\fish\New Dataset\train_split\Viral diseases White tail disease\Viral diseases White tail disease_46.jpg,Viral diseases White tail disease,train,5.6,29.72,0.5,36.37,0.048,37.02
C:\Users\Asus\PycharmProjects\AquaVision_v1\datasets\fish\New Dataset\train_split\Viral diseases White tail disease\Viral diseases White tail disease_47.jpg,Viral diseases White tail disease,train,6.91,32.79,1.69,27.43,0.186,62.71
C:\Users\Asus\PycharmProjects\AquaVision_v1\datasets\fish\New Dataset\train_split\Viral diseases White tail disease\Viral diseases White tail disease_48.jpg,Viral diseases White tail disease,train,7.42,32.58,3.3,30.03,0.403,28.11
C:\Users\Asus\PycharmProjects\AquaVision_v1\datasets\fish\New Dataset\train_split\Viral diseases White tail disease\Viral diseases White tail disease_49.jpg,Viral diseases White tail disease,train,5.58,30.02,2.43,26.88,0.616,42.41
C:\Users\Asus\PycharmProjects\AquaVision_v1\datasets\fish\New Dataset\train_split\Viral diseases White tail disease\Viral diseases White tail disease_5.jpg,Viral diseases White tail disease,train,6.82,32.74,3.41,27.99,0.011,39.56
C:\Users\Asus\PycharmProjects\AquaVision_v1\datasets\fish\New Dataset\train_split\Viral diseases White tail disease\Viral diseases White tail disease_50.jpg,Viral diseases White tail disease,train,5.26,31.28,3.84,27.57,0.135,39.65
C:\Users\Asus\PycharmProjects\AquaVision_v1\datasets\fish\New Dataset\train_split\Viral diseases White tail disease\Viral diseases White tail disease_51.jpg,Viral diseases White tail disease,train,7.11,34.08,3.97,31.03,0.252,49.9
C:\Users\Asus\PycharmProjects\AquaVision_v1\datasets\fish\New Dataset\train_split\Viral diseases White tail disease\Viral diseases White tail disease_52.jpg,Viral diseases White tail disease,train,5.89,32.23,3.56,38.8,0.1,44.24
C:\Users\Asus\PycharmProjects\AquaVision_v1\datasets\fish\New Dataset\train_split\Viral diseases White tail disease\Viral diseases White tail disease_53.jpg,Viral diseases White tail disease,val,6.57,33.35,3.49,34.68,0.094,56.98
C:\Users\Asus\PycharmProjects\AquaVision_v1\datasets\fish\New Dataset\train_split\Viral diseases White tail disease\Viral diseases White tail disease_54.jpg,Viral diseases White tail disease,train,6.31,29.35,2.29,29.23,0.001,44.23
C:\Users\Asus\PycharmProjects\AquaVision_v1\datasets\fish\New Dataset\train_split\Viral diseases White tail disease\Viral diseases White tail disease_55.png,Viral diseases White tail disease,val,6.43,30.93,2.93,27.7,0.064,37.09
C:\Users\Asus\PycharmProjects\AquaVision_v1\datasets\fish\New Dataset\train_split\Viral diseases White tail disease\Viral diseases White tail disease_57.jpg,Viral diseases White tail disease,train,6.15,33.14,3.36,37.03,0.215,46.61
C:\Users\Asus\PycharmProjects\AquaVision_v1\datasets\fish\New Dataset\train_split\Viral diseases White tail disease\Viral diseases White tail disease_6.jpg,Viral diseases White tail disease,train,6.35,33.48,3.67,30.49,0.053,33.71
C:\Users\Asus\PycharmProjects\AquaVision_v1\datasets\fish\New Dataset\train_split\Viral diseases White tail disease\Viral diseases White tail disease_60.jpg,Viral diseases White tail disease,val,6.44,30.56,2.62,29.43,0.334,48.34
C:\Users\Asus\PycharmProjects\AquaVision_v1\datasets\fish\New Dataset\train_split\Viral diseases White tail disease\Viral diseases White tail disease_61.jpg,Viral diseases White tail disease,train,5.62,30.35,2.85,32.27,0.104,49.51
C:\Users\Asus\PycharmProjects\AquaVision_v1\datasets\fish\New Dataset\train_split\Viral diseases White tail disease\Viral diseases White tail disease_62.jpg,Viral diseases White tail disease,train,6.73,34.04,2.46,29.23,0.376,63.34
C:\Users\Asus\PycharmProjects\AquaVision_v1\datasets\fish\New Dataset\train_split\Viral diseases White tail disease\Viral diseases White tail disease_63.jpg,Viral diseases White tail disease,train,6.7,28.72,3.05,28.14,0.58,55.82
C:\Users\Asus\PycharmProjects\AquaVision_v1\datasets\fish\New Dataset\train_split\Viral diseases White tail disease\Viral diseases White tail disease_67.jpg,Viral diseases White tail disease,train,6.18,32.02,0.85,22.75,0.564,23.13
C:\Users\Asus\PycharmProjects\AquaVision_v1\datasets\fish\New Dataset\train_split\Viral diseases White tail disease\Viral diseases White tail disease_70.jpg,Viral diseases White tail disease,train,6.27,28.6,3.74,30.87,0.108,59.12
C:\Users\Asus\PycharmProjects\AquaVision_v1\datasets\fish\New Dataset\train_split\Viral diseases White tail disease\Viral diseases White tail disease_71.jpg,Viral diseases White tail disease,train,5.62,35.25,3.65,25.08,0.04,53.87
C:\Users\Asus\PycharmProjects\AquaVision_v1\datasets\fish\New Dataset\train_split\Viral diseases White tail disease\Viral diseases White tail disease_72.jpg,Viral diseases White tail disease,train,4.81,31.26,2.7,28.39,0.178,50.79
C:\Users\Asus\PycharmProjects\AquaVision_v1\datasets\fish\New Dataset\train_split\Viral diseases White tail disease\Viral diseases White tail disease_74.jpg,Viral diseases White tail disease,train,4.78,32.3,2.98,30.25,0.646,35.22
C:\Users\Asus\PycharmProjects\AquaVision_v1\datasets\fish\New Dataset\train_split\Viral diseases White tail disease\Viral diseases White tail disease_75.jpg,Viral diseases White tail disease,train,4.24,29.88,3.18,27.21,0.115,49.63
C:\Users\Asus\PycharmProjects\AquaVision_v1\datasets\fish\New Dataset\train_split\Viral diseases White tail disease\Viral diseases White tail disease_76.jpg,Viral diseases White tail disease,train,6.84,29.45,2.19,34.04,0.146,42.54
C:\Users\Asus\PycharmProjects\AquaVision_v1\datasets\fish\New Dataset\train_split\Viral diseases White tail disease\Viral diseases White tail disease_8.jpg,Viral diseases White tail disease,train,7.69,32.13,2.83,25.75,0.067,52.45
C:\Users\Asus\PycharmProjects\AquaVision_v1\datasets\fish\New Dataset\train_split\Viral diseases White tail disease\Viral diseases White tail disease_81.jpg,Viral diseases White tail disease,train,6.03,29.47,2.55,34.06,0.145,30.74
C:\Users\Asus\PycharmProjects\AquaVision_v1\datasets\fish\New Dataset\train_split\Viral diseases White tail disease\Viral diseases White tail disease_88.jpg,Viral diseases White tail disease,train,5.18,31.97,2.91,27.12,0.102,52.47
C:\Users\Asus\PycharmProjects\AquaVision_v1\datasets\fish\New Dataset\train_split\Viral diseases White tail disease\Viral diseases White tail disease_91.jpg,Viral diseases White tail disease,train,6.67,29.86,3.79,27.03,0.128,54.24
C:\Users\Asus\PycharmProjects\AquaVision_v1\datasets\fish\New Dataset\train_split\Viral diseases White tail disease\Viral diseases White tail disease_92.jpg,Viral diseases White tail disease,train,5.87,28.78,2.79,27.12,0.041,41.22
C:\Users\Asus\PycharmProjects\AquaVision_v1\datasets\fish\New Dataset\train_split\Viral diseases White tail disease\Viral diseases White tail disease_94.jpg,Viral diseases White tail disease,train,6.62,29.08,2.45,21.55,0.673,45.69
C:\Users\Asus\PycharmProjects\AquaVision_v1\datasets\fish\New Dataset\train_split\Viral diseases White tail disease\Viral diseases White tail disease_95.jpg,Viral diseases White tail disease,val,5.76,33.42,2.04,25.83,0.554,43.42
C:\Users\Asus\PycharmProjects\AquaVision_v1\datasets\fish\New Dataset\train_split\Viral diseases White tail disease\Viral diseases White tail disease_98.jpg,Viral diseases White tail disease,val,6.75,30.41,2.43,22.61,0.111,60.47
C:\Users\Asus\PycharmProjects\AquaVision_v1\datasets\fish\New Dataset\train_split\Viral diseases White tail disease\Viral diseases White tail disease_99.jpg,Viral diseases White tail disease,train,5.08,31.9,4.13,32.6,0.466,52.25
C:\Users\Asus\PycharmProjects\AquaVision_v1\datasets\fish\New Dataset\train_split\Viral diseases White tail disease\Viral diseases White tail disease_aug_1.jpg,Viral diseases White tail disease,train,6.28,26.51,2.3,31.55,0.234,53.76
C:\Users\Asus\PycharmProjects\AquaVision_v1\datasets\fish\New Dataset\train_split\Viral diseases White tail disease\Viral diseases White tail disease_aug_100.jpg,Viral diseases White tail disease,train,6.16,32.95,2.69,30.58,0.105,15.69
C:\Users\Asus\PycharmProjects\AquaVision_v1\datasets\fish\New Dataset\train_split\Viral diseases White tail disease\Viral diseases White tail disease_aug_106.jpg,Viral diseases White tail disease,train,7.28,28.69,2.63,28.51,0.028,52.53
C:\Users\Asus\PycharmProjects\AquaVision_v1\datasets\fish\New Dataset\train_split\Viral diseases White tail disease\Viral diseases White tail disease_aug_109.jpg,Viral diseases White tail disease,train,5.3,35.62,3.45,29.87,0.227,52.4
C:\Users\Asus\PycharmProjects\AquaVision_v1\datasets\fish\New Dataset\train_split\Viral diseases White tail disease\Viral diseases White tail disease_aug_111.jpg,Viral diseases White tail disease,train,6.04,29.92,3.36,24.78,0.108,57.17
C:\Users\Asus\PycharmProjects\AquaVision_v1\datasets\fish\New Dataset\train_split\Viral diseases White tail disease\Viral diseases White tail disease_aug_112.jpg,Viral diseases White tail disease,train,5.91,30.12,3.78,26.73,0.115,40.91
C:\Users\Asus\PycharmProjects\AquaVision_v1\datasets\fish\New Dataset\train_split\Viral diseases White tail disease\Viral diseases White tail disease_aug_116.jpg,Viral diseases White tail disease,val,6.23,32.05,3.19,27.38,0.373,56.88
C:\Users\Asus\PycharmProjects\AquaVision_v1\datasets\fish\New Dataset\train_split\Viral diseases White tail disease\Viral diseases White tail disease_aug_117.jpg,Viral diseases White tail disease,train,5.64,31.28,2.24,25.35,0.317,61.58
C:\Users\Asus\PycharmProjects\AquaVision_v1\datasets\fish\New Dataset\train_split\Viral diseases White tail disease\Viral diseases White tail disease_aug_12.jpg,Viral diseases White tail disease,train,6.06,31.55,2.89,34.16,0.349,49.37
C:\Users\Asus\PycharmProjects\AquaVision_v1\datasets\fish\New Dataset\train_split\Viral diseases White tail disease\Viral diseases White tail disease_aug_120.jpg,Viral diseases White tail disease,train,5.92,26.03,3.95,32.38,0.057,45.72
C:\Users\Asus\PycharmProjects\AquaVision_v1\datasets\fish\New Dataset\train_split\Viral diseases White tail disease\Viral diseases White tail disease_aug_121.jpg,Viral diseases White tail disease,train,5.69,30.38,3.87,31.4,0.014,61.38
C:\Users\Asus\PycharmProjects\AquaVision_v1\datasets\fish\New Dataset\train_split\Viral diseases White tail disease\Viral diseases White tail disease_aug_123.jpg,Viral diseases White tail disease,val,6.07,30.59,2.63,30.15,0.233,54.17
C:\Users\Asus\PycharmProjects\AquaVision_v1\datasets\fish\New Dataset\train_split\Viral diseases White tail disease\Viral diseases White tail disease_aug_124.jpg,Viral diseases White tail disease,train,5.71,31.35,4.43,31.49,0.051,38.93
C:\Users\Asus\PycharmProjects\AquaVision_v1\datasets\fish\New Dataset\train_split\Viral diseases White tail disease\Viral diseases White tail disease_aug_125.jpg,Viral diseases White tail disease,train,6.43,28.5,4.07,33.29,0.134,19.18
C:\Users\Asus\PycharmProjects\AquaVision_v1\datasets\fish\New Dataset\train_split\Viral diseases White tail disease\Viral diseases White tail disease_aug_127.jpg,Viral diseases White tail disease,val,6.23,30.2,2.99,22.4,0.07,40.15
C:\Users\Asus\PycharmProjects\AquaVision_v1\datasets\fish\New Dataset\train_split\Viral diseases White tail disease\Viral diseases White tail disease_aug_130.jpg,Viral diseases White tail disease,train,5.17,38.19,3.41,28.45,0.03,47.99
C:\Users\Asus\PycharmProjects\AquaVision_v1\datasets\fish\New Dataset\train_split\Viral diseases White tail disease\Viral diseases White tail disease_aug_131.jpg,Viral diseases White tail disease,train,6.81,30.59,1.69,23.72,0.191,52.95
C:\Users\Asus\PycharmProjects\AquaVision_v1\datasets\fish\New Dataset\train_split\Viral diseases White tail disease\Viral diseases White tail disease_aug_132.jpg,Viral diseases White tail disease,train,6.76,30.61,3.13,32.36,0.902,58.94
C:\Users\Asus\PycharmProjects\AquaVision_v1\datasets\fish\New Dataset\train_split\Viral diseases White tail disease\Viral diseases White tail disease_aug_133.jpg,Viral diseases White tail disease,train,5.11,28.33,3.15,29.11,0.506,42.4
C:\Users\Asus\PycharmProjects\AquaVision_v1\datasets\fish\New Dataset\train_split\Viral diseases White tail disease\Viral diseases White tail disease_aug_134.jpg,Viral diseases White tail disease,train,6.7,35.21,2.94,22.54,0.298,41.28
C:\Users\Asus\PycharmProjects\AquaVision_v1\datasets\fish\New Dataset\train_split\Viral diseases White tail disease\Viral diseases White tail disease_aug_136.jpg,Viral diseases White tail disease,train,6.12,29.81,3.75,30.78,0.025,46.91
C:\Users\Asus\PycharmProjects\AquaVision_v1\datasets\fish\New Dataset\train_split\Viral diseases White tail disease\Viral diseases White tail disease_aug_137.jpg,Viral diseases White tail disease,train,4.73,28.22,2.89,32.39,0.016,60.98
C:\Users\Asus\PycharmProjects\AquaVision_v1\datasets\fish\New Dataset\train_split\Viral diseases White tail disease\Viral diseases White tail disease_aug_138.jpg,Viral diseases White tail disease,val,5.7,34.4,4.05,30.42,0.289,30.24
C:\Users\Asus\PycharmProjects\AquaVision_v1\datasets\fish\New Dataset\train_split\Viral diseases White tail disease\Viral diseases White tail disease_aug_139.jpg,Viral diseases White tail disease,val,6.77,27.16,3.16,29.45,0.124,36.98
C:\Users\Asus\PycharmProjects\AquaVision_v1\datasets\fish\New Dataset\train_split\Viral diseases White tail disease\Viral diseases White tail disease_aug_140.jpg,Viral diseases White tail disease,train,6.06,29.04,2.92,27.47,0.128,44.91
C:\Users\Asus\PycharmProjects\AquaVision_v1\datasets\fish\New Dataset\train_split\Viral diseases White tail disease\Viral diseases White tail disease_aug_143.jpg,Viral diseases White tail disease,train,5.43,31.78,1.99,26.84,0.078,37.84
C:\Users\Asus\PycharmProjects\AquaVision_v1\datasets\fish\New Dataset\train_split\Viral diseases White tail disease\Viral diseases White tail disease_aug_144.jpg,Viral diseases White tail disease,train,6.79,22.73,3.08,16.5,0.125,43.82
C:\Users\Asus\PycharmProjects\AquaVision_v1\datasets\fish\New Dataset\train_split\Viral diseases White tail disease\Viral diseases White tail disease_aug_146.jpg,Viral diseases White tail disease,train,7.25,31.72,2.52,33.86,0.133,51.42
C:\Users\Asus\PycharmProjects\AquaVision_v1\datasets\fish\New Dataset\train_split\Viral diseases White tail disease\Viral diseases White tail disease_aug_147.jpg,Viral diseases White tail disease,train,4.77,31.83,3.73,29.2,0.885,50.74
C:\Users\Asus\PycharmProjects\AquaVision_v1\datasets\fish\New Dataset\train_split\Viral diseases White tail disease\Viral diseases White tail disease_aug_148.jpg,Viral diseases White tail disease,train,6.16,29.48,3.16,29.09,0.06,66.7
C:\Users\Asus\PycharmProjects\AquaVision_v1\datasets\fish\New Dataset\train_split\Viral diseases White tail disease\Viral diseases White tail disease_aug_150.jpg,Viral diseases White tail disease,train,6.29,30.23,3.67,23.63,0.125,30.27
C:\Users\Asus\PycharmProjects\AquaVision_v1\datasets\fish\New Dataset\train_split\Viral diseases White tail disease\Viral diseases White tail disease_aug_151.jpg,Viral diseases White tail disease,val,5.7,34.23,3.34,35.4,0.123,24.7
C:\Users\Asus\PycharmProjects\AquaVision_v1\datasets\fish\New Dataset\train_split\Viral diseases White tail disease\Viral diseases White tail disease_aug_152.jpg,Viral diseases White tail disease,train,6.23,31.58,2.58,36.57,0.139,59.4
C:\Users\Asus\PycharmProjects\AquaVision_v1\datasets\fish\New Dataset\train_split\Viral diseases White tail disease\Viral diseases White tail disease_aug_153.jpg,Viral diseases White tail disease,train,6.25,33.16,3.22,23.9,0.172,46.49
C:\Users\Asus\PycharmProjects\AquaVision_v1\datasets\fish\New Dataset\train_split\Viral diseases White tail disease\Viral diseases White tail disease_aug_154.jpg,Viral diseases White tail disease,train,5.73,29.07,3.72,26.45,0.732,53.9
C:\Users\Asus\PycharmProjects\AquaVision_v1\datasets\fish\New Dataset\train_split\Viral diseases White tail disease\Viral diseases White tail disease_aug_156.jpg,Viral diseases White tail disease,train,7.62,30.1,3.84,25.02,0.246,45.49
C:\Users\Asus\PycharmProjects\AquaVision_v1\datasets\fish\New Dataset\train_split\Viral diseases White tail disease\Viral diseases White tail disease_aug_157.jpg,Viral diseases White tail disease,val,5.97,30.23,3.67,20.28,0.373,49.32
C:\Users\Asus\PycharmProjects\AquaVision_v1\datasets\fish\New Dataset\train_split\Viral diseases White tail disease\Viral diseases White tail disease_aug_159.jpg,Viral diseases White tail disease,train,6.79,29.68,1.19,27.85,0.697,13.8
C:\Users\Asus\PycharmProjects\AquaVision_v1\datasets\fish\New Dataset\train_split\Viral diseases White tail disease\Viral diseases White tail disease_aug_161.jpg,Viral diseases White tail disease,val,6.7,28.86,2.27,28.79,0.438,49.79
C:\Users\Asus\PycharmProjects\AquaVision_v1\datasets\fish\New Dataset\train_split\Viral diseases White tail disease\Viral diseases White tail disease_aug_162.jpg,Viral diseases White tail disease,train,6.38,31.11,2.48,26.07,0.179,34.04
C:\Users\Asus\PycharmProjects\AquaVision_v1\datasets\fish\New Dataset\train_split\Viral diseases White tail disease\Viral diseases White tail disease_aug_164.jpg,Viral diseases White tail disease,train,4.48,31.07,2.48,30.02,0.302,48.86
C:\Users\Asus\PycharmProjects\AquaVision_v1\datasets\fish\New Dataset\train_split\Viral diseases White tail disease\Viral diseases White tail disease_aug_167.jpg,Viral diseases White tail disease,train,6.13,29.16,3.89,25.37,0.002,54.87
C:\Users\Asus\PycharmProjects\AquaVision_v1\datasets\fish\New Dataset\train_split\Viral diseases White tail disease\Viral diseases White tail disease_aug_168.jpg,Viral diseases White tail disease,train,6.65,32.87,3.92,30.78,0.265,23.94
C:\Users\Asus\PycharmProjects\AquaVision_v1\datasets\fish\New Dataset\train_split\Viral diseases White tail disease\Viral diseases White tail disease_aug_169.jpg,Viral diseases White tail disease,train,5.81,31.59,2.49,20.21,0.075,42.63
C:\Users\Asus\PycharmProjects\AquaVision_v1\datasets\fish\New Dataset\train_split\Viral diseases White tail disease\Viral diseases White tail disease_aug_171.jpg,Viral diseases White tail disease,train,5.97,29.17,3.19,24.92,0.231,50.44
C:\Users\Asus\PycharmProjects\AquaVision_v1\datasets\fish\New Dataset\train_split\Viral diseases White tail disease\Viral diseases White tail disease_aug_172.jpg,Viral diseases White tail disease,train,6.78,31.61,2.7,29.17,0.031,36.36
C:\Users\Asus\PycharmProjects\AquaVision_v1\datasets\fish\New Dataset\train_split\Viral diseases White tail disease\Viral diseases White tail disease_aug_175.jpg,Viral diseases White tail disease,train,6.52,30.39,2.39,26.85,0.035,42.93
C:\Users\Asus\PycharmProjects\AquaVision_v1\datasets\fish\New Dataset\train_split\Viral diseases White tail disease\Viral diseases White tail disease_aug_176.jpg,Viral diseases White tail disease,train,6.8,28.45,3.45,29.65,0.189,48.05
C:\Users\Asus\PycharmProjects\AquaVision_v1\datasets\fish\New Dataset\train_split\Viral diseases White tail disease\Viral diseases White tail disease_aug_18.jpg,Viral diseases White tail disease,train,5.75,28.15,2.68,23.1,0.217,31.42
C:\Users\Asus\PycharmProjects\AquaVision_v1\datasets\fish\New Dataset\train_split\Viral diseases White tail disease\Viral diseases White tail disease_aug_181.jpg,Viral diseases White tail disease,train,6.18,29.36,3.93,24.7,0.068,53.16
C:\Users\Asus\PycharmProjects\AquaVision_v1\datasets\fish\New Dataset\train_split\Viral diseases White tail disease\Viral diseases White tail disease_aug_182.jpg,Viral diseases White tail disease,val,6.49,33.16,3.68,23.8,0.024,40.53
C:\Users\Asus\PycharmProjects\AquaVision_v1\datasets\fish\New Dataset\train_split\Viral diseases White tail disease\Viral diseases White tail disease_aug_187.jpg,Viral diseases White tail disease,train,6.92,25.0,2.58,25.96,0.164,61.17
C:\Users\Asus\PycharmProjects\AquaVision_v1\datasets\fish\New Dataset\train_split\Viral diseases White tail disease\Viral diseases White tail disease_aug_188.jpg,Viral diseases White tail disease,train,4.49,34.93,4.44,29.73,0.134,48.13
C:\Users\Asus\PycharmProjects\AquaVision_v1\datasets\fish\New Dataset\train_split\Viral diseases White tail disease\Viral diseases White tail disease_aug_190.jpg,Viral diseases White tail disease,train,5.26,31.25,3.69,29.16,0.045,47.15
C:\Users\Asus\PycharmProjects\AquaVision_v1\datasets\fish\New Dataset\train_split\Viral diseases White tail disease\Viral diseases White tail disease_aug_193.jpg,Viral diseases White tail disease,train,5.88,34.71,3.95,31.96,0.2,39.41
C:\Users\Asus\PycharmProjects\AquaVision_v1\datasets\fish\New Dataset\train_split\Viral diseases White tail disease\Viral diseases White tail disease_aug_195.jpg,Viral diseases White tail disease,train,6.41,31.91,3.1,24.56,0.552,56.84
C:\Users\Asus\PycharmProjects\AquaVision_v1\datasets\fish\New Dataset\train_split\Viral diseases White tail disease\Viral diseases White tail disease_aug_196.jpg,Viral diseases White tail disease,train,6.03,32.84,2.96,33.56,0.068,41.44
C:\Users\Asus\PycharmProjects\AquaVision_v1\datasets\fish\New Dataset\train_split\Viral diseases White tail disease\Viral diseases White tail disease_aug_197.jpg,Viral diseases White tail disease,train,7.01,32.09,3.19,24.45,0.578,39.75
C:\Users\Asus\PycharmProjects\AquaVision_v1\datasets\fish\New Dataset\train_split\Viral diseases White tail disease\Viral diseases White tail disease_aug_198.jpg,Viral diseases White tail disease,train,5.01,28.99,3.67,33.23,0.164,32.73
C:\Users\Asus\PycharmProjects\AquaVision_v1\datasets\fish\New Dataset\train_split\Viral diseases White tail disease\Viral diseases White tail disease_aug_199.jpg,Viral diseases White tail disease,val,5.51,32.89,2.84,27.67,0.037,33.69
C:\Users\Asus\PycharmProjects\AquaVision_v1\datasets\fish\New Dataset\train_split\Viral diseases White tail disease\Viral diseases White tail disease_aug_2.jpg,Viral diseases White tail disease,train,5.33,27.41,3.64,23.18,0.099,33.47
C:\Users\Asus\PycharmProjects\AquaVision_v1\datasets\fish\New Dataset\train_split\Viral diseases White tail disease\Viral diseases White tail disease_aug_201.jpg,Viral diseases White tail disease,train,4.71,32.56,2.96,27.13,0.385,48.33
C:\Users\Asus\PycharmProjects\AquaVision_v1\datasets\fish\New Dataset\train_split\Viral diseases White tail disease\Viral diseases White tail disease_aug_203.jpg,Viral diseases White tail disease,train,5.75,27.31,3.56,30.57,0.309,37.4
C:\Users\Asus\PycharmProjects\AquaVision_v1\datasets\fish\New Dataset\train_split\Viral diseases White tail disease\Viral diseases White tail disease_aug_204.jpg,Viral diseases White tail disease,val,5.51,29.48,3.91,28.14,0.011,49.06
C:\Users\Asus\PycharmProjects\AquaVision_v1\datasets\fish\New Dataset\train_split\Viral diseases White tail disease\Viral diseases White tail disease_aug_206.jpg,Viral diseases White tail disease,val,6.99,29.67,2.88,29.02,0.144,51.25
C:\Users\Asus\PycharmProjects\AquaVision_v1\datasets\fish\New Dataset\train_split\Viral diseases White tail disease\Viral diseases White tail disease_aug_207.jpg,Viral diseases White tail disease,train,6.6,32.86,3.09,31.15,0.087,34.06
C:\Users\Asus\PycharmProjects\AquaVision_v1\datasets\fish\New Dataset\train_split\Viral diseases White tail disease\Viral diseases White tail disease_aug_208.jpg,Viral diseases White tail disease,train,7.19,28.16,2.99,35.7,0.401,41.92
C:\Users\Asus\PycharmProjects\AquaVision_v1\datasets\fish\New Dataset\train_split\Viral diseases White tail disease\Viral diseases White tail disease_aug_21.jpg,Viral diseases White tail disease,train,5.92,28.05,2.87,33.48,0.298,28.78
C:\Users\Asus\PycharmProjects\AquaVision_v1\datasets\fish\New Dataset\train_split\Viral diseases White tail disease\Viral diseases White tail disease_aug_210.jpg,Viral diseases White tail disease,train,6.13,31.13,2.52,25.33,0.307,89.79
C:\Users\Asus\PycharmProjects\AquaVision_v1\datasets\fish\New Dataset\train_split\Viral diseases White tail disease\Viral diseases White tail disease_aug_211.jpg,Viral diseases White tail disease,train,5.73,34.92,4.08,35.53,0.137,50.81
C:\Users\Asus\PycharmProjects\AquaVision_v1\datasets\fish\New Dataset\train_split\Viral diseases White tail disease\Viral diseases White tail disease_aug_212.jpg,Viral diseases White tail disease,train,6.18,28.23,2.4,24.22,0.535,48.23
C:\Users\Asus\PycharmProjects\AquaVision_v1\datasets\fish\New Dataset\train_split\Viral diseases White tail disease\Viral diseases White tail disease_aug_213.jpg,Viral diseases White tail disease,train,5.76,36.18,4.72,27.97,0.209,27.57
C:\Users\Asus\PycharmProjects\AquaVision_v1\datasets\fish\New Dataset\train_split\Viral diseases White tail disease\Viral diseases White tail disease_aug_214.jpg,Viral diseases White tail disease,val,6.64,30.46,2.68,28.83,0.825,45.89
C:\Users\Asus\PycharmProjects\AquaVision_v1\datasets\fish\New Dataset\train_split\Viral diseases White tail disease\Viral diseases White tail disease_aug_217.jpg,Viral diseases White tail disease,train,6.47,32.03,2.08,28.8,0.084,32.68
C:\Users\Asus\PycharmProjects\AquaVision_v1\datasets\fish\New Dataset\train_split\Viral diseases White tail disease\Viral diseases White tail disease_aug_219.jpg,Viral diseases White tail disease,train,6.64,29.2,2.76,25.16,0.408,55.92
C:\Users\Asus\PycharmProjects\AquaVision_v1\datasets\fish\New Dataset\train_split\Viral diseases White tail disease\Viral diseases White tail disease_aug_22.jpg,Viral diseases White tail disease,val,7.29,30.81,4.09,34.69,0.647,44.64
C:\Users\Asus\PycharmProjects\AquaVision_v1\datasets\fish\New Dataset\train_split\Viral diseases White tail disease\Viral diseases White tail disease_aug_221.jpg,Viral diseases White tail disease,train,5.16,32.61,2.17,24.88,0.153,38.95
C:\Users\Asus\PycharmProjects\AquaVision_v1\datasets\fish\New Dataset\train_split\Viral diseases White tail disease\Viral diseases White tail disease_aug_222.jpg,Viral diseases White tail disease,val,5.6,28.39,3.65,28.57,0.281,39.16
C:\Users\Asus\PycharmProjects\AquaVision_v1\datasets\fish\New Dataset\train_split\Viral diseases White tail disease\Viral diseases White tail disease_aug_223.jpg,Viral diseases White tail disease,train,6.84,34.41,3.04,32.75,1.122,43.5
C:\Users\Asus\PycharmProjects\AquaVision_v1\datasets\fish\New Dataset\train_split\Viral diseases White tail disease\Viral diseases White tail disease_aug_225.jpg,Viral diseases White tail disease,train,5.52,30.24,2.43,25.74,0.67,51.28
C:\Users\Asus\PycharmProjects\AquaVision_v1\datasets\fish\New Dataset\train_split\Viral diseases White tail disease\Viral diseases White tail disease_aug_228.jpg,Viral diseases White tail disease,train,6.39,27.02,2.36,25.65,0.308,38.52
C:\Users\Asus\PycharmProjects\AquaVision_v1\datasets\fish\New Dataset\train_split\Viral diseases White tail disease\Viral diseases White tail disease_aug_23.jpg,Viral diseases White tail disease,train,6.93,33.97,4.15,26.02,0.191,46.33
C:\Users\Asus\PycharmProjects\AquaVision_v1\datasets\fish\New Dataset\train_split\Viral diseases White tail disease\Viral diseases White tail disease_aug_233.jpg,Viral diseases White tail disease,train,5.99,30.62,2.71,23.3,0.506,44.58
C:\Users\Asus\PycharmProjects\AquaVision_v1\datasets\fish\New Dataset\train_split\Viral diseases White tail disease\Viral diseases White tail disease_aug_235.jpg,Viral diseases White tail disease,train,6.5,33.75,2.19,29.6,0.062,55.08
C:\Users\Asus\PycharmProjects\AquaVision_v1\datasets\fish\New Dataset\train_split\Viral diseases White tail disease\Viral diseases White tail disease_aug_236.jpg,Viral diseases White tail disease,val,5.82,30.07,4.45,30.2,0.243,41.06
C:\Users\Asus\PycharmProjects\AquaVision_v1\datasets\fish\New Dataset\train_split\Viral diseases White tail disease\Viral diseases White tail disease_aug_240.jpg,Viral diseases White tail disease,train,5.54,35.65,3.41,28.08,0.335,54.71
C:\Users\Asus\PycharmProjects\AquaVision_v1\datasets\fish\New Dataset\train_split\Viral diseases White tail disease\Viral diseases White tail disease_aug_242.jpg,Viral diseases White tail disease,train,5.79,29.73,3.87,31.65,0.694,38.31
C:\Users\Asus\PycharmProjects\AquaVision_v1\datasets\fish\New Dataset\train_split\Viral diseases White tail disease\Viral diseases White tail disease_aug_244.jpg,Viral diseases White tail disease,train,5.25,32.45,1.94,28.61,0.413,56.21
C:\Users\Asus\PycharmProjects\AquaVision_v1\datasets\fish\New Dataset\train_split\Viral diseases White tail disease\Viral diseases White tail disease_aug_246.jpg,Viral diseases White tail disease,train,5.87,29.71,4.0,36.24,0.018,34.32
C:\Users\Asus\PycharmProjects\AquaVision_v1\datasets\fish\New Dataset\train_split\Viral diseases White tail disease\Viral diseases White tail disease_aug_248.jpg,Viral diseases White tail disease,train,6.28,37.87,3.25,28.25,0.185,47.31
C:\Users\Asus\PycharmProjects\AquaVision_v1\datasets\fish\New Dataset\train_split\Viral diseases White tail disease\Viral diseases White tail disease_aug_25.jpg,Viral diseases White tail disease,train,5.55,25.99,2.87,32.83,0.225,41.43
C:\Users\Asus\PycharmProjects\AquaVision_v1\datasets\fish\New Dataset\train_split\Viral diseases White tail disease\Viral diseases White tail disease_aug_251.jpg,Viral diseases White tail disease,train,5.68,33.2,2.52,23.11,0.463,47.57
C:\Users\Asus\PycharmProjects\AquaVision_v1\datasets\fish\New Dataset\train_split\Viral diseases White tail disease\Viral diseases White tail disease_aug_253.jpg,Viral diseases White tail disease,train,6.55,32.16,2.91,26.83,0.136,49.7
C:\Users\Asus\PycharmProjects\AquaVision_v1\datasets\fish\New Dataset\train_split\Viral diseases White tail disease\Viral diseases White tail disease_aug_255.jpg,Viral diseases White tail disease,train,6.49,32.41,3.9,28.16,0.099,49.86
C:\Users\Asus\PycharmProjects\AquaVision_v1\datasets\fish\New Dataset\train_split\Viral diseases White tail disease\Viral diseases White tail disease_aug_258.jpg,Viral diseases White tail disease,train,5.62,29.79,3.84,26.69,0.235,46.1
C:\Users\Asus\PycharmProjects\AquaVision_v1\datasets\fish\New Dataset\train_split\Viral diseases White tail disease\Viral diseases White tail disease_aug_259.jpg,Viral diseases White tail disease,train,5.36,29.57,4.2,28.57,0.098,36.47
C:\Users\Asus\PycharmProjects\AquaVision_v1\datasets\fish\New Dataset\train_split\Viral diseases White tail disease\Viral diseases White tail disease_aug_260.jpg,Viral diseases White tail disease,train,5.53,32.76,4.0,28.07,0.12,69.75
C:\Users\Asus\PycharmProjects\AquaVision_v1\datasets\fish\New Dataset\train_split\Viral diseases White tail disease\Viral diseases White tail disease_aug_261.jpg,Viral diseases White tail disease,val,5.61,28.56,3.47,26.04,0.226,31.75
C:\Users\Asus\PycharmProjects\AquaVision_v1\datasets\fish\New Dataset\train_split\Viral diseases White tail disease\Viral diseases White tail disease_aug_263.jpg,Viral diseases White tail disease,train,6.88,29.32,4.28,25.75,0.355,56.22
C:\Users\Asus\PycharmProjects\AquaVision_v1\datasets\fish\New Dataset\train_split\Viral diseases White tail disease\Viral diseases White tail disease_aug_264.jpg,Viral diseases White tail disease,train,5.68,30.76,3.35,32.13,0.122,27.01
C:\Users\Asus\PycharmProjects\AquaVision_v1\datasets\fish\New Dataset\train_split\Viral diseases White tail disease\Viral diseases White tail disease_aug_266.jpg,Viral diseases White tail disease,train,6.25,32.68,1.99,33.14,0.138,43.44
C:\Users\Asus\PycharmProjects\AquaVision_v1\datasets\fish\New Dataset\train_split\Viral diseases White tail disease\Viral diseases White tail disease_aug_267.jpg,Viral diseases White tail disease,train,6.33,29.67,3.22,30.96,0.001,36.42
C:\Users\Asus\PycharmProjects\AquaVision_v1\datasets\fish\New Dataset\train_split\Viral diseases White tail disease\Viral diseases White tail disease_aug_269.jpg,Viral diseases White tail disease,train,5.93,30.25,4.33,34.74,0.218,24.8
C:\Users\Asus\PycharmProjects\AquaVision_v1\datasets\fish\New Dataset\train_split\Viral diseases White tail disease\Viral diseases White tail disease_aug_27.jpg,Viral diseases White tail disease,train,6.65,29.62,1.79,30.34,0.087,58.19
C:\Users\Asus\PycharmProjects\AquaVision_v1\datasets\fish\New Dataset\train_split\Viral diseases White tail disease\Viral diseases White tail disease_aug_270.jpg,Viral diseases White tail disease,train,5.2,31.35,3.83,30.68,0.009,40.79
C:\Users\Asus\PycharmProjects\AquaVision_v1\datasets\fish\New Dataset\train_split\Viral diseases White tail disease\Viral diseases White tail disease_aug_271.jpg,Viral diseases White tail disease,train,5.97,28.58,3.51,32.3,0.334,49.77
C:\Users\Asus\PycharmProjects\AquaVision_v1\datasets\fish\New Dataset\train_split\Viral diseases White tail disease\Viral diseases White tail disease_aug_276.jpg,Viral diseases White tail disease,train,6.0,26.75,1.75,28.58,0.306,52.9
C:\Users\Asus\PycharmProjects\AquaVision_v1\datasets\fish\New Dataset\train_split\Viral diseases White tail disease\Viral diseases White tail disease_aug_277.jpg,Viral diseases White tail disease,train,6.54,28.73,3.22,37.91,0.245,51.16
C:\Users\Asus\PycharmProjects\AquaVision_v1\datasets\fish\New Dataset\train_split\Viral diseases White tail disease\Viral diseases White tail disease_aug_278.jpg,Viral diseases White tail disease,train,5.73,30.19,3.77,33.07,0.226,41.14
C:\Users\Asus\PycharmProjects\AquaVision_v1\datasets\fish\New Dataset\train_split\Viral diseases White tail disease\Viral diseases White tail disease_aug_279.jpg,Viral diseases White tail disease,train,6.14,32.96,2.73,28.08,0.018,36.68
C:\Users\Asus\PycharmProjects\AquaVision_v1\datasets\fish\New Dataset\train_split\Viral diseases White tail disease\Viral diseases White tail disease_aug_28.jpg,Viral diseases White tail disease,train,4.03,34.83,3.21,31.39,0.045,39.84
C:\Users\Asus\PycharmProjects\AquaVision_v1\datasets\fish\New Dataset\train_split\Viral diseases White tail disease\Viral diseases White tail disease_aug_280.jpg,Viral diseases White tail disease,train,6.67,27.97,3.74,23.68,0.024,45.3
C:\Users\Asus\PycharmProjects\AquaVision_v1\datasets\fish\New Dataset\train_split\Viral diseases White tail disease\Viral diseases White tail disease_aug_284.jpg,Viral diseases White tail disease,val,5.39,34.33,4.11,33.74,0.04,59.61
C:\Users\Asus\PycharmProjects\AquaVision_v1\datasets\fish\New Dataset\train_split\Viral diseases White tail disease\Viral diseases White tail disease_aug_288.jpg,Viral diseases White tail disease,train,5.47,25.78,2.33,28.28,0.111,41.58
C:\Users\Asus\PycharmProjects\AquaVision_v1\datasets\fish\New Dataset\train_split\Viral diseases White tail disease\Viral diseases White tail disease_aug_289.jpg,Viral diseases White tail disease,train,7.12,28.2,2.75,24.41,0.056,42.29
C:\Users\Asus\PycharmProjects\AquaVision_v1\datasets\fish\New Dataset\train_split\Viral diseases White tail disease\Viral diseases White tail disease_aug_29.jpg,Viral diseases White tail disease,train,7.16,34.58,2.74,23.56,0.466,57.52
C:\Users\Asus\PycharmProjects\AquaVision_v1\datasets\fish\New Dataset\train_split\Viral diseases White tail disease\Viral diseases White tail disease_aug_291.jpg,Viral diseases White tail disease,train,6.06,34.02,2.58,25.3,0.902,52.13
C:\Users\Asus\PycharmProjects\AquaVision_v1\datasets\fish\New Dataset\train_split\Viral diseases White tail disease\Viral diseases White tail disease_aug_296.jpg,Viral diseases White tail disease,train,6.19,29.28,2.92,27.72,0.231,39.51
C:\Users\Asus\PycharmProjects\AquaVision_v1\datasets\fish\New Dataset\train_split\Viral diseases White tail disease\Viral diseases White tail disease_aug_3.jpg,Viral diseases White tail disease,train,5.07,30.94,2.61,34.76,0.259,39.15
C:\Users\Asus\PycharmProjects\AquaVision_v1\datasets\fish\New Dataset\train_split\Viral diseases White tail disease\Viral diseases White tail disease_aug_30.jpg,Viral diseases White tail disease,train,5.7,29.05,3.61,23.84,1.298,56.43
C:\Users\Asus\PycharmProjects\AquaVision_v1\datasets\fish\New Dataset\train_split\Viral diseases White tail disease\Viral diseases White tail disease_aug_300.jpg,Viral diseases White tail disease,train,7.08,32.45,2.99,27.99,0.086,50.06
C:\Users\Asus\PycharmProjects\AquaVision_v1\datasets\fish\New Dataset\train_split\Viral diseases White tail disease\Viral diseases White tail disease_aug_302.jpg,Viral diseases White tail disease,train,6.32,29.73,3.05,28.64,0.942,28.54
C:\Users\Asus\PycharmProjects\AquaVision_v1\datasets\fish\New Dataset\train_split\Viral diseases White tail disease\Viral diseases White tail disease_aug_306.jpg,Viral diseases White tail disease,train,6.08,27.61,2.9,35.31,0.018,36.48
C:\Users\Asus\PycharmProjects\AquaVision_v1\datasets\fish\New Dataset\train_split\Viral diseases White tail disease\Viral diseases White tail disease_aug_307.jpg,Viral diseases White tail disease,train,5.77,31.45,4.32,29.82,0.388,46.19
C:\Users\Asus\PycharmProjects\AquaVision_v1\datasets\fish\New Dataset\train_split\Viral diseases White tail disease\Viral diseases White tail disease_aug_309.jpg,Viral diseases White tail disease,train,6.59,31.2,2.74,33.65,0.129,40.31
C:\Users\Asus\PycharmProjects\AquaVision_v1\datasets\fish\New Dataset\train_split\Viral diseases White tail disease\Viral diseases White tail disease_aug_310.jpg,Viral diseases White tail disease,train,6.96,31.5,4.23,35.61,0.285,32.9
C:\Users\Asus\PycharmProjects\AquaVision_v1\datasets\fish\New Dataset\train_split\Viral diseases White tail disease\Viral diseases White tail disease_aug_313.jpg,Viral diseases White tail disease,train,5.26,28.99,3.6,28.13,0.713,43.33
C:\Users\Asus\PycharmProjects\AquaVision_v1\datasets\fish\New Dataset\train_split\Viral diseases White tail disease\Viral diseases White tail disease_aug_315.jpg,Viral diseases White tail disease,train,6.5,33.74,4.66,27.91,0.434,38.17
C:\Users\Asus\PycharmProjects\AquaVision_v1\datasets\fish\New Dataset\train_split\Viral diseases White tail disease\Viral diseases White tail disease_aug_317.jpg,Viral diseases White tail disease,train,5.41,33.5,3.1,23.17,0.492,30.1
C:\Users\Asus\PycharmProjects\AquaVision_v1\datasets\fish\New Dataset\train_split\Viral diseases White tail disease\Viral diseases White tail disease_aug_318.jpg,Viral diseases White tail disease,val,6.78,31.28,4.81,27.58,0.022,41.39
C:\Users\Asus\PycharmProjects\AquaVision_v1\datasets\fish\New Dataset\train_split\Viral diseases White tail disease\Viral diseases White tail disease_aug_319.jpg,Viral diseases White tail disease,train,5.37,29.88,3.88,34.26,0.004,36.7
C:\Users\Asus\PycharmProjects\AquaVision_v1\datasets\fish\New Dataset\train_split\Viral diseases White tail disease\Viral diseases White tail disease_aug_322.jpg,Viral diseases White tail disease,train,6.38,33.62,3.21,18.87,0.589,32.16
C:\Users\Asus\PycharmProjects\AquaVision_v1\datasets\fish\New Dataset\train_split\Viral diseases White tail disease\Viral diseases White tail disease_aug_324.jpg,Viral diseases White tail disease,train,7.1,28.11,1.14,32.11,0.232,44.96
C:\Users\Asus\PycharmProjects\AquaVision_v1\datasets\fish\New Dataset\train_split\Viral diseases White tail disease\Viral diseases White tail disease_aug_326.jpg,Viral diseases White tail disease,train,5.89,30.79,3.65,31.87,0.465,34.86
C:\Users\Asus\PycharmProjects\AquaVision_v1\datasets\fish\New Dataset\train_split\Viral diseases White tail disease\Viral diseases White tail disease_aug_329.jpg,Viral diseases White tail disease,train,6.27,30.84,3.36,23.19,0.013,31.63
C:\Users\Asus\PycharmProjects\AquaVision_v1\datasets\fish\New Dataset\train_split\Viral diseases White tail disease\Viral diseases White tail disease_aug_330.jpg,Viral diseases White tail disease,train,6.37,29.98,3.07,26.56,0.003,54.24
C:\Users\Asus\PycharmProjects\AquaVision_v1\datasets\fish\New Dataset\train_split\Viral diseases White tail disease\Viral diseases White tail disease_aug_333.jpg,Viral diseases White tail disease,train,7.0,27.91,2.77,31.4,0.037,51.02
C:\Users\Asus\PycharmProjects\AquaVision_v1\datasets\fish\New Dataset\train_split\Viral diseases White tail disease\Viral diseases White tail disease_aug_336.jpg,Viral diseases White tail disease,val,5.69,29.71,3.42,34.81,0.061,67.08
C:\Users\Asus\PycharmProjects\AquaVision_v1\datasets\fish\New Dataset\train_split\Viral diseases White tail disease\Viral diseases White tail disease_aug_34.jpg,Viral diseases White tail disease,train,5.67,30.57,2.61,21.6,0.471,52.07
C:\Users\Asus\PycharmProjects\AquaVision_v1\datasets\fish\New Dataset\train_split\Viral diseases White tail disease\Viral diseases White tail disease_aug_341.jpg,Viral diseases White tail disease,val,5.56,30.2,2.81,27.6,0.08,39.58
C:\Users\Asus\PycharmProjects\AquaVision_v1\datasets\fish\New Dataset\train_split\Viral diseases White tail disease\Viral diseases White tail disease_aug_347.jpg,Viral diseases White tail disease,train,4.62,31.45,1.78,20.01,0.443,45.98
C:\Users\Asus\PycharmProjects\AquaVision_v1\datasets\fish\New Dataset\train_split\Viral diseases White tail disease\Viral diseases White tail disease_aug_348.jpg,Viral diseases White tail disease,train,6.34,30.63,2.44,34.0,0.082,53.86
C:\Users\Asus\PycharmProjects\AquaVision_v1\datasets\fish\New Dataset\train_split\Viral diseases White tail disease\Viral diseases White tail disease_aug_349.jpg,Viral diseases White tail disease,train,6.28,33.08,3.05,26.88,0.189,59.99
C:\Users\Asus\PycharmProjects\AquaVision_v1\datasets\fish\New Dataset\train_split\Viral diseases White tail disease\Viral diseases White tail disease_aug_351.jpg,Viral diseases White tail disease,train,5.12,31.86,3.76,16.98,0.025,40.13
C:\Users\Asus\PycharmProjects\AquaVision_v1\datasets\fish\New Dataset\train_split\Viral diseases White tail disease\Viral diseases White tail disease_aug_357.jpg,Viral diseases White tail disease,val,6.28,30.63,4.31,26.21,0.79,54.66
C:\Users\Asus\PycharmProjects\AquaVision_v1\datasets\fish\New Dataset\train_split\Viral diseases White tail disease\Viral diseases White tail disease_aug_359.jpg,Viral diseases White tail disease,train,5.62,32.9,3.2,29.41,0.754,11.69
C:\Users\Asus\PycharmProjects\AquaVision_v1\datasets\fish\New Dataset\train_split\Viral diseases White tail disease\Viral diseases White tail disease_aug_361.jpg,Viral diseases White tail disease,train,6.46,32.04,1.57,25.88,0.075,44.46
C:\Users\Asus\PycharmProjects\AquaVision_v1\datasets\fish\New Dataset\train_split\Viral diseases White tail disease\Viral diseases White tail disease_aug_365.jpg,Viral diseases White tail disease,train,6.26,33.52,2.43,25.7,0.129,54.61
C:\Users\Asus\PycharmProjects\AquaVision_v1\datasets\fish\New Dataset\train_split\Viral diseases White tail disease\Viral diseases White tail disease_aug_369.jpg,Viral diseases White tail disease,train,6.06,33.54,2.5,22.99,0.215,45.22
C:\Users\Asus\PycharmProjects\AquaVision_v1\datasets\fish\New Dataset\train_split\Viral diseases White tail disease\Viral diseases White tail disease_aug_38.jpg,Viral diseases White tail disease,train,6.27,33.85,2.61,27.12,0.159,37.8
C:\Users\Asus\PycharmProjects\AquaVision_v1\datasets\fish\New Dataset\train_split\Viral diseases White tail disease\Viral diseases White tail disease_aug_39.jpg,Viral diseases White tail disease,val,6.88,28.65,3.49,24.42,0.462,47.71
C:\Users\Asus\PycharmProjects\AquaVision_v1\datasets\fish\New Dataset\train_split\Viral diseases White tail disease\Viral diseases White tail disease_aug_4.jpg,Viral diseases White tail disease,train,5.66,25.69,3.45,28.59,0.561,53.04
C:\Users\Asus\PycharmProjects\AquaVision_v1\datasets\fish\New Dataset\train_split\Viral diseases White tail disease\Viral diseases White tail disease_aug_41.jpg,Viral diseases White tail disease,train,6.75,34.8,3.21,29.7,0.014,41.78
C:\Users\Asus\PycharmProjects\AquaVision_v1\datasets\fish\New Dataset\train_split\Viral diseases White tail disease\Viral diseases White tail disease_aug_42.jpg,Viral diseases White tail disease,train,5.17,33.42,3.93,30.84,0.679,59.44
C:\Users\Asus\PycharmProjects\AquaVision_v1\datasets\fish\New Dataset\train_split\Viral diseases White tail disease\Viral diseases White tail disease_aug_43.jpg,Viral diseases White tail disease,train,5.48,33.47,3.25,22.77,0.596,46.56
C:\Users\Asus\PycharmProjects\AquaVision_v1\datasets\fish\New Dataset\train_split\Viral diseases White tail disease\Viral diseases White tail disease_aug_44.jpg,Viral diseases White tail disease,val,6.91,30.76,4.88,20.96,0.001,35.43
C:\Users\Asus\PycharmProjects\AquaVision_v1\datasets\fish\New Dataset\train_split\Viral diseases White tail disease\Viral diseases White tail disease_aug_47.jpg,Viral diseases White tail disease,train,5.92,26.23,4.72,22.17,0.648,43.39
C:\Users\Asus\PycharmProjects\AquaVision_v1\datasets\fish\New Dataset\train_split\Viral diseases White tail disease\Viral diseases White tail disease_aug_49.jpg,Viral diseases White tail disease,train,5.2,33.27,3.28,32.12,1.161,35.34
C:\Users\Asus\PycharmProjects\AquaVision_v1\datasets\fish\New Dataset\train_split\Viral diseases White tail disease\Viral diseases White tail disease_aug_50.jpg,Viral diseases White tail disease,train,6.5,27.96,2.17,29.91,0.01,59.77
C:\Users\Asus\PycharmProjects\AquaVision_v1\datasets\fish\New Dataset\train_split\Viral diseases White tail disease\Viral diseases White tail disease_aug_52.jpg,Viral diseases White tail disease,train,5.76,32.57,1.98,28.72,0.075,40.37
C:\Users\Asus\PycharmProjects\AquaVision_v1\datasets\fish\New Dataset\train_split\Viral diseases White tail disease\Viral diseases White tail disease_aug_53.jpg,Viral diseases White tail disease,train,6.17,30.49,3.77,16.26,0.535,58.35
C:\Users\Asus\PycharmProjects\AquaVision_v1\datasets\fish\New Dataset\train_split\Viral diseases White tail disease\Viral diseases White tail disease_aug_57.jpg,Viral diseases White tail disease,train,5.85,26.69,3.63,27.67,0.048,66.29
C:\Users\Asus\PycharmProjects\AquaVision_v1\datasets\fish\New Dataset\train_split\Viral diseases White tail disease\Viral diseases White tail disease_aug_66.jpg,Viral diseases White tail disease,train,6.19,31.38,2.65,27.25,0.703,49.16
C:\Users\Asus\PycharmProjects\AquaVision_v1\datasets\fish\New Dataset\train_split\Viral diseases White tail disease\Viral diseases White tail disease_aug_68.jpg,Viral diseases White tail disease,train,6.71,27.33,3.21,34.44,0.535,47.26
C:\Users\Asus\PycharmProjects\AquaVision_v1\datasets\fish\New Dataset\train_split\Viral diseases White tail disease\Viral diseases White tail disease_aug_69.jpg,Viral diseases White tail disease,train,5.99,32.23,3.96,24.76,0.421,36.95
C:\Users\Asus\PycharmProjects\AquaVision_v1\datasets\fish\New Dataset\train_split\Viral diseases White tail disease\Viral diseases White tail disease_aug_71.jpg,Viral diseases White tail disease,train,6.11,27.17,2.98,29.01,0.198,52.31
C:\Users\Asus\PycharmProjects\AquaVision_v1\datasets\fish\New Dataset\train_split\Viral diseases White tail disease\Viral diseases White tail disease_aug_72.jpg,Viral diseases White tail disease,train,6.36,32.56,4.13,24.14,0.309,43.35
C:\Users\Asus\PycharmProjects\AquaVision_v1\datasets\fish\New Dataset\train_split\Viral diseases White tail disease\Viral diseases White tail disease_aug_77.jpg,Viral diseases White tail disease,train,7.56,30.8,4.09,31.85,0.204,34.62
C:\Users\Asus\PycharmProjects\AquaVision_v1\datasets\fish\New Dataset\train_split\Viral diseases White tail disease\Viral diseases White tail disease_aug_78.jpg,Viral diseases White tail disease,train,6.57,29.81,3.12,32.74,0.251,63.17
C:\Users\Asus\PycharmProjects\AquaVision_v1\datasets\fish\New Dataset\train_split\Viral diseases White tail disease\Viral diseases White tail disease_aug_79.jpg,Viral diseases White tail disease,val,5.5,29.98,3.37,25.47,0.422,52.16
C:\Users\Asus\PycharmProjects\AquaVision_v1\datasets\fish\New Dataset\train_split\Viral diseases White tail disease\Viral diseases White tail disease_aug_81.jpg,Viral diseases White tail disease,train,6.44,28.74,3.95,25.22,0.926,35.59
C:\Users\Asus\PycharmProjects\AquaVision_v1\datasets\fish\New Dataset\train_split\Viral diseases White tail disease\Viral diseases White tail disease_aug_82.jpg,Viral diseases White tail disease,val,6.42,34.04,3.59,28.08,0.297,43.5
C:\Users\Asus\PycharmProjects\AquaVision_v1\datasets\fish\New Dataset\train_split\Viral diseases White tail disease\Viral diseases White tail disease_aug_85.jpg,Viral diseases White tail disease,train,6.32,30.8,3.26,28.05,0.652,51.76
C:\Users\Asus\PycharmProjects\AquaVision_v1\datasets\fish\New Dataset\train_split\Viral diseases White tail disease\Viral diseases White tail disease_aug_86.jpg,Viral diseases White tail disease,train,6.01,35.56,3.26,37.36,0.854,34.21
C:\Users\Asus\PycharmProjects\AquaVision_v1\datasets\fish\New Dataset\train_split\Viral diseases White tail disease\Viral diseases White tail disease_aug_87.jpg,Viral diseases White tail disease,train,6.6,28.75,2.05,24.03,0.632,36.2
C:\Users\Asus\PycharmProjects\AquaVision_v1\datasets\fish\New Dataset\train_split\Viral diseases White tail disease\Viral diseases White tail disease_aug_88.jpg,Viral diseases White tail disease,val,6.27,29.68,1.59,33.13,0.277,64.24
C:\Users\Asus\PycharmProjects\AquaVision_v1\datasets\fish\New Dataset\train_split\Viral diseases White tail disease\Viral diseases White tail disease_aug_89.jpg,Viral diseases White tail disease,train,6.01,29.65,3.95,19.04,0.37,30.57
C:\Users\Asus\PycharmProjects\AquaVision_v1\datasets\fish\New Dataset\train_split\Viral diseases White tail disease\Viral diseases White tail disease_aug_90.jpg,Viral diseases White tail disease,train,6.24,27.62,2.24,34.69,0.437,54.26
C:\Users\Asus\PycharmProjects\AquaVision_v1\datasets\fish\New Dataset\train_split\Viral diseases White tail disease\Viral diseases White tail disease_aug_92.jpg,Viral diseases White tail disease,train,5.22,34.19,2.44,21.9,0.468,46.33
C:\Users\Asus\PycharmProjects\AquaVision_v1\datasets\fish\New Dataset\train_split\Viral diseases White tail disease\Viral diseases White tail disease_aug_93.jpg,Viral diseases White tail disease,train,7.51,26.67,2.67,23.61,0.092,40.68
C:\Users\Asus\PycharmProjects\AquaVision_v1\datasets\fish\New Dataset\train_split\Viral diseases White tail disease\Viral diseases White tail disease_aug_97.jpg,Viral diseases White tail disease,train,5.73,27.39,3.23,24.91,0.307,52.86
C:\Users\Asus\PycharmProjects\AquaVision_v1\datasets\fish\New Dataset\train_split\Viral diseases White tail disease\Viral diseases White tail disease_aug_98.jpg,Viral diseases White tail disease,train,6.32,32.3,4.32,25.49,0.785,45.34
C:\Users\Asus\PycharmProjects\AquaVision_v1\datasets\fish\New Dataset\test_split\Bacterial diseases - Aeromoniasis_Bacterial diseases - Aeromoniasis_103.jpg,Bacterial diseases - Aeromoniasis,test,5.85,27.44,5.16,33.82,0.805,66.64
C:\Users\Asus\PycharmProjects\AquaVision_v1\datasets\fish\New Dataset\test_split\Bacterial diseases - Aeromoniasis_Bacterial diseases - Aeromoniasis_112.jpg,Bacterial diseases - Aeromoniasis,test,5.82,33.21,2.23,17.83,0.082,58.7
C:\Users\Asus\PycharmProjects\AquaVision_v1\datasets\fish\New Dataset\test_split\Bacterial diseases - Aeromoniasis_Bacterial diseases - Aeromoniasis_113.jpg,Bacterial diseases - Aeromoniasis,test,5.1,27.49,4.23,31.81,0.036,29.3
C:\Users\Asus\PycharmProjects\AquaVision_v1\datasets\fish\New Dataset\test_split\Bacterial diseases - Aeromoniasis_Bacterial diseases - Aeromoniasis_116.jpg,Bacterial diseases - Aeromoniasis,test,6.55,27.93,3.12,25.26,0.611,38.37
C:\Users\Asus\PycharmProjects\AquaVision_v1\datasets\fish\New Dataset\test_split\Bacterial diseases - Aeromoniasis_Bacterial diseases - Aeromoniasis_121.jpg,Bacterial diseases - Aeromoniasis,test,6.7,29.66,3.03,36.14,0.278,40.83
C:\Users\Asus\PycharmProjects\AquaVision_v1\datasets\fish\New Dataset\test_split\Bacterial diseases - Aeromoniasis_Bacterial diseases - Aeromoniasis_122.jpg,Bacterial diseases - Aeromoniasis,test,6.01,27.46,4.99,26.59,0.29,43.81
C:\Users\Asus\PycharmProjects\AquaVision_v1\datasets\fish\New Dataset\test_split\Bacterial diseases - Aeromoniasis_Bacterial diseases - Aeromoniasis_133.jpg,Bacterial diseases - Aeromoniasis,test,5.09,31.69,5.18,28.51,0.61,32.65
C:\Users\Asus\PycharmProjects\AquaVision_v1\datasets\fish\New Dataset\test_split\Bacterial diseases - Aeromoniasis_Bacterial diseases - Aeromoniasis_134.jpg,Bacterial diseases - Aeromoniasis,test,6.9,30.15,3.86,22.26,0.132,45.85
C:\Users\Asus\PycharmProjects\AquaVision_v1\datasets\fish\New Dataset\test_split\Bacterial diseases - Aeromoniasis_Bacterial diseases - Aeromoniasis_141.jpg,Bacterial diseases - Aeromoniasis,test,5.15,31.72,3.42,32.44,0.06,38.9
C:\Users\Asus\PycharmProjects\AquaVision_v1\datasets\fish\New Dataset\test_split\Bacterial diseases - Aeromoniasis_Bacterial diseases - Aeromoniasis_146.jpg,Bacterial diseases - Aeromoniasis,test,7.67,29.0,2.84,30.2,0.896,33.93
C:\Users\Asus\PycharmProjects\AquaVision_v1\datasets\fish\New Dataset\test_split\Bacterial diseases - Aeromoniasis_Bacterial diseases - Aeromoniasis_148.jpg,Bacterial diseases - Aeromoniasis,test,5.45,35.03,3.91,33.44,0.916,39.72
C:\Users\Asus\PycharmProjects\AquaVision_v1\datasets\fish\New Dataset\test_split\Bacterial diseases - Aeromoniasis_Bacterial diseases - Aeromoniasis_149.jpg,Bacterial diseases - Aeromoniasis,test,6.35,31.49,4.1,32.64,0.063,69.3
C:\Users\Asus\PycharmProjects\AquaVision_v1\datasets\fish\New Dataset\test_split\Bacterial diseases - Aeromoniasis_Bacterial diseases - Aeromoniasis_161.jpg,Bacterial diseases - Aeromoniasis,test,6.92,29.48,3.53,21.96,0.153,55.55
C:\Users\Asus\PycharmProjects\AquaVision_v1\datasets\fish\New Dataset\test_split\Bacterial diseases - Aeromoniasis_Bacterial diseases - Aeromoniasis_171.jpg,Bacterial diseases - Aeromoniasis,test,6.25,33.6,3.29,30.54,0.033,37.87
C:\Users\Asus\PycharmProjects\AquaVision_v1\datasets\fish\New Dataset\test_split\Bacterial diseases - Aeromoniasis_Bacterial diseases - Aeromoniasis_180.jpg,Bacterial diseases - Aeromoniasis,test,7.09,31.61,3.0,27.38,0.091,41.77
C:\Users\Asus\PycharmProjects\AquaVision_v1\datasets\fish\New Dataset\test_split\Bacterial diseases - Aeromoniasis_Bacterial diseases - Aeromoniasis_182.jpg,Bacterial diseases - Aeromoniasis,test,5.92,31.01,3.51,27.28,0.093,40.76
C:\Users\Asus\PycharmProjects\AquaVision_v1\datasets\fish\New Dataset\test_split\Bacterial diseases - Aeromoniasis_Bacterial diseases - Aeromoniasis_20.jpg,Bacterial diseases - Aeromoniasis,test,4.78,29.7,3.61,29.44,0.321,50.21
C:\Users\Asus\PycharmProjects\AquaVision_v1\datasets\fish\New Dataset\test_split\Bacterial diseases - Aeromoniasis_Bacterial diseases - Aeromoniasis_208.jpg,Bacterial diseases - Aeromoniasis,test,6.14,30.22,3.4,32.22,0.06,47.67
C:\Users\Asus\PycharmProjects\AquaVision_v1\datasets\fish\New Dataset\test_split\Bacterial diseases - Aeromoniasis_Bacterial diseases - Aeromoniasis_210.jpg,Bacterial diseases - Aeromoniasis,test,5.77,34.96,1.8,31.62,0.236,51.02
C:\Users\Asus\PycharmProjects\AquaVision_v1\datasets\fish\New Dataset\test_split\Bacterial diseases - Aeromoniasis_Bacterial diseases - Aeromoniasis_213.jpg,Bacterial diseases - Aeromoniasis,test,6.73,28.93,3.55,31.49,0.072,44.35
C:\Users\Asus\PycharmProjects\AquaVision_v1\datasets\fish\New Dataset\test_split\Bacterial diseases - Aeromoniasis_Bacterial diseases - Aeromoniasis_215.jpg,Bacterial diseases - Aeromoniasis,test,6.46,31.75,2.56,24.48,0.337,43.65
C:\Users\Asus\PycharmProjects\AquaVision_v1\datasets\fish\New Dataset\test_split\Bacterial diseases - Aeromoniasis_Bacterial diseases - Aeromoniasis_225.jpg,Bacterial diseases - Aeromoniasis,test,5.58,32.63,2.53,21.56,0.451,44.84
C:\Users\Asus\PycharmProjects\AquaVision_v1\datasets\fish\New Dataset\test_split\Bacterial diseases - Aeromoniasis_Bacterial diseases - Aeromoniasis_235.jpg,Bacterial diseases - Aeromoniasis,test,4.77,29.96,2.89,28.44,0.071,34.32
C:\Users\Asus\PycharmProjects\AquaVision_v1\datasets\fish\New Dataset\test_split\Bacterial diseases - Aeromoniasis_Bacterial diseases - Aeromoniasis_240.jpg,Bacterial diseases - Aeromoniasis,test,5.29,28.9,3.53,28.04,0.033,51.2
C:\Users\Asus\PycharmProjects\AquaVision_v1\datasets\fish\New Dataset\test_split\Bacterial diseases - Aeromoniasis_Bacterial diseases - Aeromoniasis_43.jpg,Bacterial diseases - Aeromoniasis,test,5.99,34.94,2.53,29.01,0.902,40.12
C:\Users\Asus\PycharmProjects\AquaVision_v1\datasets\fish\New Dataset\test_split\Bacterial diseases - Aeromoniasis_Bacterial diseases - Aeromoniasis_49.jpg,Bacterial diseases - Aeromoniasis,test,5.28,30.98,4.15,35.05,0.264,45.45
C:\Users\Asus\PycharmProjects\AquaVision_v1\datasets\fish\New Dataset\test_split\Bacterial diseases - Aeromoniasis_Bacterial diseases - Aeromoniasis_58.jpg,Bacterial diseases - Aeromoniasis,test,5.84,29.46,2.7,31.83,0.233,34.89
C:\Users\Asus\PycharmProjects\AquaVision_v1\datasets\fish\New Dataset\test_split\Bacterial diseases - Aeromoniasis_Bacterial diseases - Aeromoniasis_6.jpg,Bacterial diseases - Aeromoniasis,test,6.41,30.36,2.7,33.85,0.025,34.03
C:\Users\Asus\PycharmProjects\AquaVision_v1\datasets\fish\New Dataset\test_split\Bacterial diseases - Aeromoniasis_Bacterial diseases - Aeromoniasis_61.jpg,Bacterial diseases - Aeromoniasis,test,5.37,29.45,3.88,24.46,0.142,27.44
C:\Users\Asus\PycharmProjects\AquaVision_v1\datasets\fish\New Dataset\test_split\Bacterial diseases - Aeromoniasis_Bacterial diseases - Aeromoniasis_62.jpg,Bacterial diseases - Aeromoniasis,test,6.92,31.04,3.6,30.15,0.027,42.15
C:\Users\Asus\PycharmProjects\AquaVision_v1\datasets\fish\New Dataset\test_split\Bacterial diseases - Aeromoniasis_Bacterial diseases - Aeromoniasis_65.jpg,Bacterial diseases - Aeromoniasis,test,6.24,33.61,3.32,33.6,0.066,51.21
C:\Users\Asus\PycharmProjects\AquaVision_v1\datasets\fish\New Dataset\test_split\Bacterial diseases - Aeromoniasis_Bacterial diseases - Aeromoniasis_69.jpg,Bacterial diseases - Aeromoniasis,test,5.66,34.04,2.88,24.81,0.111,49.97
C:\Users\Asus\PycharmProjects\AquaVision_v1\datasets\fish\New Dataset\test_split\Bacterial diseases - Aeromoniasis_Bacterial diseases - Aeromoniasis_90.jpg,Bacterial diseases - Aeromoniasis,test,6.12,33.28,3.22,22.37,0.066,40.0
C:\Users\Asus\PycharmProjects\AquaVision_v1\datasets\fish\New Dataset\test_split\Bacterial diseases - Aeromoniasis_Bacterial diseases - Aeromoniasis_92.jpg,Bacterial diseases - Aeromoniasis,test,7.38,31.04,3.24,25.33,0.053,53.21
C:\Users\Asus\PycharmProjects\AquaVision_v1\datasets\fish\New Dataset\test_split\Bacterial gill disease_Bacterial gill disease_10.jpeg,Bacterial gill disease,test,7.35,33.46,2.09,28.82,0.054,57.09
C:\Users\Asus\PycharmProjects\AquaVision_v1\datasets\fish\New Dataset\test_split\Bacterial gill disease_Bacterial gill disease_13.jpg,Bacterial gill disease,test,5.71,29.87,2.72,34.12,0.016,46.6
C:\Users\Asus\PycharmProjects\AquaVision_v1\datasets\fish\New Dataset\test_split\Bacterial gill disease_Bacterial gill disease_134.jpg,Bacterial gill disease,test,6.72,27.77,2.43,19.96,0.198,39.51
C:\Users\Asus\PycharmProjects\AquaVision_v1\datasets\fish\New Dataset\test_split\Bacterial gill disease_Bacterial gill disease_15.jpg,Bacterial gill disease,test,5.38,33.54,4.19,28.42,0.018,46.06
C:\Users\Asus\PycharmProjects\AquaVision_v1\datasets\fish\New Dataset\test_split\Bacterial gill disease_Bacterial gill disease_158.jpg,Bacterial gill disease,test,5.62,32.71,2.56,30.51,0.046,47.17
C:\Users\Asus\PycharmProjects\AquaVision_v1\datasets\fish\New Dataset\test_split\Bacterial gill disease_Bacterial gill disease_161.jpg,Bacterial gill disease,test,6.18,28.96,1.48,31.99,0.465,45.07
C:\Users\Asus\PycharmProjects\AquaVision_v1\datasets\fish\New Dataset\test_split\Bacterial gill disease_Bacterial gill disease_169.jpg,Bacterial gill disease,test,6.46,31.83,4.56,26.87,0.249,47.71
C:\Users\Asus\PycharmProjects\AquaVision_v1\datasets\fish\New Dataset\test_split\Bacterial gill disease_Bacterial gill disease_172.jpg,Bacterial gill disease,test,7.14,31.59,3.25,24.37,0.086,47.17
C:\Users\Asus\PycharmProjects\AquaVision_v1\datasets\fish\New Dataset\test_split\Bacterial gill disease_Bacterial gill disease_176.jpg,Bacterial gill disease,test,6.17,30.27,3.74,31.65,0.005,53.99
C:\Users\Asus\PycharmProjects\AquaVision_v1\datasets\fish\New Dataset\test_split\Bacterial gill disease_Bacterial gill disease_209.jpg,Bacterial gill disease,test,6.17,28.4,2.71,30.38,0.166,33.9
C:\Users\Asus\PycharmProjects\AquaVision_v1\datasets\fish\New Dataset\test_split\Bacterial gill disease_Bacterial gill disease_211.jpg,Bacterial gill disease,test,6.31,28.57,2.66,19.67,0.632,58.53
C:\Users\Asus\PycharmProjects\AquaVision_v1\datasets\fish\New Dataset\test_split\Bacterial gill disease_Bacterial gill disease_219.jpg,Bacterial gill disease,test,4.76,30.34,2.26,24.46,0.197,38.93
C:\Users\Asus\PycharmProjects\AquaVision_v1\datasets\fish\New Dataset\test_split\Bacterial gill disease_Bacterial gill disease_22.jpeg,Bacterial gill disease,test,6.69,29.09,3.17,28.69,0.171,63.96
C:\Users\Asus\PycharmProjects\AquaVision_v1\datasets\fish\New Dataset\test_split\Bacterial gill disease_Bacterial gill disease_221.jpg,Bacterial gill disease,test,6.84,33.37,4.0,30.36,0.028,50.09
C:\Users\Asus\PycharmProjects\AquaVision_v1\datasets\fish\New Dataset\test_split\Bacterial gill disease_Bacterial gill disease_228.jpg,Bacterial gill disease,test,5.54,34.03,3.84,31.66,0.363,57.64
C:\Users\Asus\PycharmProjects\AquaVision_v1\datasets\fish\New Dataset\test_split\Bacterial gill disease_Bacterial gill disease_23.jpg,Bacterial gill disease,test,6.27,30.45,3.64,27.9,0.326,41.08
C:\Users\Asus\PycharmProjects\AquaVision_v1\datasets\fish\New Dataset\test_split\Bacterial gill disease_Bacterial gill disease_248.jpg,Bacterial gill disease,test,6.16,31.97,5.58,23.47,0.005,36.55
C:\Users\Asus\PycharmProjects\AquaVision_v1\datasets\fish\New Dataset\test_split\Bacterial gill disease_Bacterial gill disease_275.jpg,Bacterial gill disease,test,5.88,30.42,2.64,26.14,0.563,46.65
C:\Users\Asus\PycharmProjects\AquaVision_v1\datasets\fish\New Dataset\test_split\Bacterial gill disease_Bacterial gill disease_276.jpg,Bacterial gill disease,test,6.29,33.79,3.74,31.52,0.076,55.86
C:\Users\Asus\PycharmProjects\AquaVision_v1\datasets\fish\New Dataset\test_split\Bacterial gill disease_Bacterial gill disease_288.jpg,Bacterial gill disease,test,5.64,30.02,2.78,30.93,0.54,55.8
C:\Users\Asus\PycharmProjects\AquaVision_v1\datasets\fish\New Dataset\test_split\Bacterial gill disease_Bacterial gill disease_31.jpg,Bacterial gill disease,test,6.85,29.93,2.32,26.24,0.055,69.84
C:\Users\Asus\PycharmProjects\AquaVision_v1\datasets\fish\New Dataset\test_split\Bacterial gill disease_Bacterial gill disease_316.jpg,Bacterial gill disease,test,5.98,30.63,2.57,28.57,0.231,40.53
C:\Users\Asus\PycharmProjects\AquaVision_v1\datasets\fish\New Dataset\test_split\Bacterial gill disease_Bacterial gill disease_35.png,Bacterial gill disease,test,6.86,29.62,3.24,33.32,0.324,43.51
C:\Users\Asus\PycharmProjects\AquaVision_v1\datasets\fish\New Dataset\test_split\Bacterial gill disease_Bacterial gill disease_36.jpg,Bacterial gill disease,test,6.63,32.44,4.77,29.96,0.206,54.18
C:\Users\Asus\PycharmProjects\AquaVision_v1\datasets\fish\New Dataset\test_split\Bacterial gill disease_Bacterial gill disease_362.jpg,Bacterial gill disease,test,4.94,26.72,2.83,26.54,0.478,37.3
C:\Users\Asus\PycharmProjects\AquaVision_v1\datasets\fish\New Dataset\test_split\Bacterial gill disease_Bacterial gill disease_364.jpg,Bacterial gill disease,test,5.67,32.36,2.43,27.24,0.037,59.45
C:\Users\Asus\PycharmProjects\AquaVision_v1\datasets\fish\New Dataset\test_split\Bacterial gill disease_Bacterial gill disease_376.jpg,Bacterial gill disease,test,7.05,33.81,3.14,26.17,0.977,46.56
C:\Users\Asus\PycharmProjects\AquaVision_v1\datasets\fish\New Dataset\test_split\Bacterial gill disease_Bacterial gill disease_406.jpg,Bacterial gill disease,test,4.58,28.33,2.52,28.6,0.665,33.46
C:\Users\Asus\PycharmProjects\AquaVision_v1\datasets\fish\New Dataset\test_split\Bacterial gill disease_Bacterial gill disease_48.jpg,Bacterial gill disease,test,7.43,34.62,7.41,22.97,0.231,48.33
C:\Users\Asus\PycharmProjects\AquaVision_v1\datasets\fish\New Dataset\test_split\Bacterial gill disease_Bacterial gill disease_50.jpeg,Bacterial gill disease,test,6.55,31.74,2.93,28.73,0.013,44.62
C:\Users\Asus\PycharmProjects\AquaVision_v1\datasets\fish\New Dataset\test_split\Bacterial gill disease_Bacterial gill disease_59.jpg,Bacterial gill disease,test,6.85,28.78,1.9,30.05,0.023,47.47
C:\Users\Asus\PycharmProjects\AquaVision_v1\datasets\fish\New Dataset\test_split\Bacterial gill disease_Bacterial gill disease_6.jpg,Bacterial gill disease,test,5.71,33.57,2.86,27.46,0.004,35.84
C:\Users\Asus\PycharmProjects\AquaVision_v1\datasets\fish\New Dataset\test_split\Bacterial gill disease_Bacterial gill disease_61.jpg,Bacterial gill disease,test,6.07,31.59,4.12,23.43,0.441,49.89
C:\Users\Asus\PycharmProjects\AquaVision_v1\datasets\fish\New Dataset\test_split\Bacterial gill disease_Bacterial gill disease_67.jpg,Bacterial gill disease,test,6.1,31.12,3.1,30.86,0.331,41.96
C:\Users\Asus\PycharmProjects\AquaVision_v1\datasets\fish\New Dataset\test_split\Bacterial gill disease_Bacterial gill disease_72.jpg,Bacterial gill disease,test,6.38,31.2,3.52,27.93,0.062,28.96
C:\Users\Asus\PycharmProjects\AquaVision_v1\datasets\fish\New Dataset\test_split\Bacterial gill disease_Bacterial gill disease_75.jpg,Bacterial gill disease,test,6.12,31.16,3.39,25.63,0.26,52.02
C:\Users\Asus\PycharmProjects\AquaVision_v1\datasets\fish\New Dataset\test_split\Bacterial gill disease_Bacterial gill disease_79.jpeg,Bacterial gill disease,test,5.64,30.3,3.2,26.2,0.044,35.32
C:\Users\Asus\PycharmProjects\AquaVision_v1\datasets\fish\New Dataset\test_split\Bacterial gill disease_Bacterial gill disease_94.jpg,Bacterial gill disease,test,6.2,32.03,2.73,23.18,0.162,61.34
C:\Users\Asus\PycharmProjects\AquaVision_v1\datasets\fish\New Dataset\test_split\Bacterial gill disease_Bacterial gill disease_98.jpg,Bacterial gill disease,test,7.59,32.97,3.81,27.73,0.374,36.67
C:\Users\Asus\PycharmProjects\AquaVision_v1\datasets\fish\New Dataset\test_split\Bacterial Red disease_Bacterial Red disease_124.jpg,Bacterial Red disease,test,5.79,28.39,2.14,31.95,0.664,36.18
C:\Users\Asus\PycharmProjects\AquaVision_v1\datasets\fish\New Dataset\test_split\Bacterial Red disease_Bacterial Red disease_15.jpg,Bacterial Red disease,test,6.69,33.41,3.23,31.63,0.014,41.14
C:\Users\Asus\PycharmProjects\AquaVision_v1\datasets\fish\New Dataset\test_split\Bacterial Red disease_Bacterial Red disease_155.jpg,Bacterial Red disease,test,5.96,32.78,3.79,31.19,0.579,41.59
C:\Users\Asus\PycharmProjects\AquaVision_v1\datasets\fish\New Dataset\test_split\Bacterial Red disease_Bacterial Red disease_165.jpg,Bacterial Red disease,test,4.96,29.72,4.27,25.38,0.084,51.29
C:\Users\Asus\PycharmProjects\AquaVision_v1\datasets\fish\New Dataset\test_split\Bacterial Red disease_Bacterial Red disease_180.jpg,Bacterial Red disease,test,6.78,24.11,1.61,30.11,0.048,39.79
C:\Users\Asus\PycharmProjects\AquaVision_v1\datasets\fish\New Dataset\test_split\Bacterial Red disease_Bacterial Red disease_191.jpg,Bacterial Red disease,test,6.94,32.77,3.4,27.82,0.456,45.21
C:\Users\Asus\PycharmProjects\AquaVision_v1\datasets\fish\New Dataset\test_split\Bacterial Red disease_Bacterial Red disease_203.jpg,Bacterial Red disease,test,6.4,30.93,1.7,36.79,0.101,33.17
C:\Users\Asus\PycharmProjects\AquaVision_v1\datasets\fish\New Dataset\test_split\Bacterial Red disease_Bacterial Red disease_210.jpg,Bacterial Red disease,test,6.51,33.7,1.47,26.0,0.027,27.39
C:\Users\Asus\PycharmProjects\AquaVision_v1\datasets\fish\New Dataset\test_split\Bacterial Red disease_Bacterial Red disease_73.jpg,Bacterial Red disease,test,6.15,29.49,2.6,30.48,0.115,49.35
C:\Users\Asus\PycharmProjects\AquaVision_v1\datasets\fish\New Dataset\test_split\Bacterial Red disease_Bacterial Red disease_74.jpg,Bacterial Red disease,test,6.02,25.56,3.52,29.24,1.498,45.62
C:\Users\Asus\PycharmProjects\AquaVision_v1\datasets\fish\New Dataset\test_split\Bacterial Red disease_Bacterial Red disease_79.jpeg,Bacterial Red disease,test,6.01,24.58,2.85,35.16,0.003,48.56
C:\Users\Asus\PycharmProjects\AquaVision_v1\datasets\fish\New Dataset\test_split\Bacterial Red disease_Bacterial Red disease_81.jpg,Bacterial Red disease,test,6.11,32.65,3.02,29.7,0.223,61.77
C:\Users\Asus\PycharmProjects\AquaVision_v1\datasets\fish\New Dataset\test_split\Bacterial Red disease_Bacterial Red disease_9.jpg,Bacterial Red disease,test,5.71,35.19,2.57,29.41,0.077,40.04
C:\Users\Asus\PycharmProjects\AquaVision_v1\datasets\fish\New Dataset\test_split\EUS_EUS_133.jpg,EUS,test,6.12,29.22,4.54,22.46,0.157,64.4
C:\Users\Asus\PycharmProjects\AquaVision_v1\datasets\fish\New Dataset\test_split\EUS_EUS_141.jpg,EUS,test,5.86,29.73,3.09,27.81,0.234,36.15
C:\Users\Asus\PycharmProjects\AquaVision_v1\datasets\fish\New Dataset\test_split\EUS_EUS_142.jpg,EUS,test,6.19,29.64,3.05,23.88,0.185,33.21
C:\Users\Asus\PycharmProjects\AquaVision_v1\datasets\fish\New Dataset\test_split\EUS_EUS_145.jpg,EUS,test,5.6,33.04,2.26,23.62,0.113,28.03
C:\Users\Asus\PycharmProjects\AquaVision_v1\datasets\fish\New Dataset\test_split\EUS_EUS_151.jpg,EUS,test,5.23,34.03,2.95,20.6,0.373,41.83
C:\Users\Asus\PycharmProjects\AquaVision_v1\datasets\fish\New Dataset\test_split\EUS_EUS_154.jpg,EUS,test,7.18,28.87,3.24,25.2,0.012,45.84
C:\Users\Asus\PycharmProjects\AquaVision_v1\datasets\fish\New Dataset\test_split\EUS_EUS_157.jpg,EUS,test,5.89,32.16,3.43,29.71,0.181,38.15
C:\Users\Asus\PycharmProjects\AquaVision_v1\datasets\fish\New Dataset\test_split\EUS_EUS_16.jpg,EUS,test,6.8,35.02,3.84,28.12,0.184,45.05
C:\Users\Asus\PycharmProjects\AquaVision_v1\datasets\fish\New Dataset\test_split\EUS_EUS_162.jpg,EUS,test,6.27,27.66,3.1,34.54,0.158,53.23
C:\Users\Asus\PycharmProjects\AquaVision_v1\datasets\fish\New Dataset\test_split\EUS_EUS_168.jpg,EUS,test,5.6,30.84,4.03,30.61,0.82,46.09
C:\Users\Asus\PycharmProjects\AquaVision_v1\datasets\fish\New Dataset\test_split\EUS_EUS_173.jpg,EUS,test,5.39,31.51,3.74,27.19,0.266,33.72
C:\Users\Asus\PycharmProjects\AquaVision_v1\datasets\fish\New Dataset\test_split\EUS_EUS_178.jpg,EUS,test,5.96,31.68,4.19,31.39,0.019,45.98
C:\Users\Asus\PycharmProjects\AquaVision_v1\datasets\fish\New Dataset\test_split\EUS_EUS_187.jpg,EUS,test,5.59,30.58,4.09,32.12,0.096,58.19
C:\Users\Asus\PycharmProjects\AquaVision_v1\datasets\fish\New Dataset\test_split\EUS_EUS_19.jpg,EUS,test,6.77,29.52,1.98,30.13,0.426,46.29
C:\Users\Asus\PycharmProjects\AquaVision_v1\datasets\fish\New Dataset\test_split\EUS_EUS_231.jpg,EUS,test,5.93,31.74,3.33,26.52,0.041,60.91
C:\Users\Asus\PycharmProjects\AquaVision_v1\datasets\fish\New Dataset\test_split\EUS_EUS_233.jpg,EUS,test,5.62,30.82,2.42,32.12,0.013,44.61
C:\Users\Asus\PycharmProjects\AquaVision_v1\datasets\fish\New Dataset\test_split\EUS_EUS_263.jpg,EUS,test,6.66,32.53,3.47,25.13,0.168,51.6
C:\Users\Asus\PycharmProjects\AquaVision_v1\datasets\fish\New Dataset\test_split\EUS_EUS_273.jpg,EUS,test,6.49,32.16,2.66,32.79,0.293,66.38
C:\Users\Asus\PycharmProjects\AquaVision_v1\datasets\fish\New Dataset\test_split\EUS_EUS_282.jpg,EUS,test,6.64,33.8,3.35,31.18,0.218,47.14
C:\Users\Asus\PycharmProjects\AquaVision_v1\datasets\fish\New Dataset\test_split\EUS_EUS_289.jpg,EUS,test,6.25,32.46,3.1,24.95,0.068,56.72
C:\Users\Asus\PycharmProjects\AquaVision_v1\datasets\fish\New Dataset\test_split\EUS_EUS_291.jpg,EUS,test,6.4,34.65,3.01,28.98,0.07,50.59
C:\Users\Asus\PycharmProjects\AquaVision_v1\datasets\fish\New Dataset\test_split\EUS_EUS_307.jpg,EUS,test,6.59,31.76,2.69,25.0,0.764,42.26
C:\Users\Asus\PycharmProjects\AquaVision_v1\datasets\fish\New Dataset\test_split\EUS_EUS_315.jpg,EUS,test,5.91,35.31,4.39,29.81,0.617,42.77
C:\Users\Asus\PycharmProjects\AquaVision_v1\datasets\fish\New Dataset\test_split\EUS_EUS_316.jpg,EUS,test,7.15,29.57,2.31,34.19,0.134,32.81
C:\Users\Asus\PycharmProjects\AquaVision_v1\datasets\fish\New Dataset\test_split\EUS_EUS_320.jpg,EUS,test,7.13,33.78,3.72,25.7,0.362,57.8
C:\Users\Asus\PycharmProjects\AquaVision_v1\datasets\fish\New Dataset\test_split\EUS_EUS_337.jpg,EUS,test,7.54,36.65,5.33,29.03,0.209,51.12
C:\Users\Asus\PycharmProjects\AquaVision_v1\datasets\fish\New Dataset\test_split\EUS_EUS_338.jpg,EUS,test,4.9,30.28,4.31,25.95,0.166,60.46
C:\Users\Asus\PycharmProjects\AquaVision_v1\datasets\fish\New Dataset\test_split\EUS_EUS_340.jpg,EUS,test,5.76,30.28,5.33,35.5,0.399,61.94
C:\Users\Asus\PycharmProjects\AquaVision_v1\datasets\fish\New Dataset\test_split\EUS_EUS_352.jpg,EUS,test,6.61,31.29,3.4,23.03,0.121,45.8
C:\Users\Asus\PycharmProjects\AquaVision_v1\datasets\fish\New Dataset\test_split\EUS_EUS_39.jpg,EUS,test,6.6,34.44,2.75,34.78,0.325,43.11
C:\Users\Asus\PycharmProjects\AquaVision_v1\datasets\fish\New Dataset\test_split\EUS_EUS_4.jpg,EUS,test,5.98,29.46,3.76,31.4,0.22,44.36
C:\Users\Asus\PycharmProjects\AquaVision_v1\datasets\fish\New Dataset\test_split\EUS_EUS_49.jpg,EUS,test,6.35,30.46,4.69,21.74,0.154,32.01
C:\Users\Asus\PycharmProjects\AquaVision_v1\datasets\fish\New Dataset\test_split\EUS_EUS_53.jpg,EUS,test,5.76,28.55,3.96,29.85,0.634,48.77
C:\Users\Asus\PycharmProjects\AquaVision_v1\datasets\fish\New Dataset\test_split\EUS_EUS_54.jpg,EUS,test,6.57,29.94,2.9,31.24,0.134,56.69
C:\Users\Asus\PycharmProjects\AquaVision_v1\datasets\fish\New Dataset\test_split\EUS_EUS_64.jpg,EUS,test,5.99,31.64,3.89,19.93,0.07,48.15
C:\Users\Asus\PycharmProjects\AquaVision_v1\datasets\fish\New Dataset\test_split\EUS_EUS_68.jpg,EUS,test,6.62,30.72,5.66,19.29,0.135,41.39
C:\Users\Asus\PycharmProjects\AquaVision_v1\datasets\fish\New Dataset\test_split\EUS_EUS_80.jpg,EUS,test,6.93,31.69,4.03,34.89,0.317,59.22
C:\Users\Asus\PycharmProjects\AquaVision_v1\datasets\fish\New Dataset\test_split\EUS_EUS_81.jpg,EUS,test,6.33,29.36,3.03,25.16,0.016,66.44
C:\Users\Asus\PycharmProjects\AquaVision_v1\datasets\fish\New Dataset\test_split\Fungal diseases Saprolegniasis_Fungal diseases Saprolegniasis_1.jpeg,Fungal diseases Saprolegniasis,test,6.29,32.57,3.05,33.47,0.655,42.4
C:\Users\Asus\PycharmProjects\AquaVision_v1\datasets\fish\New Dataset\test_split\Fungal diseases Saprolegniasis_Fungal diseases Saprolegniasis_128.jpg,Fungal diseases Saprolegniasis,test,5.92,32.65,3.09,28.34,0.066,45.01
C:\Users\Asus\PycharmProjects\AquaVision_v1\datasets\fish\New Dataset\test_split\Fungal diseases Saprolegniasis_Fungal diseases Saprolegniasis_13.jpg,Fungal diseases Saprolegniasis,test,6.44,26.43,2.22,22.66,0.059,34.57
C:\Users\Asus\PycharmProjects\AquaVision_v1\datasets\fish\New Dataset\test_split\Fungal diseases Saprolegniasis_Fungal diseases Saprolegniasis_144.jpg,Fungal diseases Saprolegniasis,test,6.5,31.56,1.68,28.33,0.043,31.8
C:\Users\Asus\PycharmProjects\AquaVision_v1\datasets\fish\New Dataset\test_split\Fungal diseases Saprolegniasis_Fungal diseases Saprolegniasis_182.jpg,Fungal diseases Saprolegniasis,test,5.53,30.39,4.41,33.67,0.808,53.51
C:\Users\Asus\PycharmProjects\AquaVision_v1\datasets\fish\New Dataset\test_split\Fungal diseases Saprolegniasis_Fungal diseases Saprolegniasis_222.jpg,Fungal diseases Saprolegniasis,test,6.42,35.14,4.73,27.48,0.126,44.68
C:\Users\Asus\PycharmProjects\AquaVision_v1\datasets\fish\New Dataset\test_split\Fungal diseases Saprolegniasis_Fungal diseases Saprolegniasis_248.jpg,Fungal diseases Saprolegniasis,test,5.45,29.82,2.07,28.5,0.092,32.97
C:\Users\Asus\PycharmProjects\AquaVision_v1\datasets\fish\New Dataset\test_split\Fungal diseases Saprolegniasis_Fungal diseases Saprolegniasis_29.jpeg,Fungal diseases Saprolegniasis,test,6.47,34.06,2.89,27.46,0.502,23.9
C:\Users\Asus\PycharmProjects\AquaVision_v1\datasets\fish\New Dataset\test_split\Fungal diseases Saprolegniasis_Fungal diseases Saprolegniasis_57.jpg,Fungal diseases Saprolegniasis,test,5.93,30.23,3.92,22.31,0.639,25.29
C:\Users\Asus\PycharmProjects\AquaVision_v1\datasets\fish\New Dataset\test_split\Fungal diseases Saprolegniasis_Fungal diseases Saprolegniasis_80.jpg,Fungal diseases Saprolegniasis,test,5.67,29.55,2.59,24.53,0.065,37.05
C:\Users\Asus\PycharmProjects\AquaVision_v1\datasets\fish\New Dataset\test_split\Fungal diseases Saprolegniasis_Fungal diseases Saprolegniasis_92.jpg,Fungal diseases Saprolegniasis,test,6.3,27.36,3.9,25.92,0.124,46.88
C:\Users\Asus\PycharmProjects\AquaVision_v1\datasets\fish\New Dataset\test_split\Healthy Fish_Healthy Fish_163.jpg,Healthy Fish,test,7.43,29.88,5.51,14.6,0.003,13.63
C:\Users\Asus\PycharmProjects\AquaVision_v1\datasets\fish\New Dataset\test_split\Healthy Fish_Healthy Fish_201.jpg,Healthy Fish,test,7.3,27.27,6.07,15.31,0.009,10.43
C:\Users\Asus\PycharmProjects\AquaVision_v1\datasets\fish\New Dataset\test_split\Healthy Fish_Healthy Fish_220.jpg,Healthy Fish,test,7.09,27.42,5.99,15.14,0.011,8.67
C:\Users\Asus\PycharmProjects\AquaVision_v1\datasets\fish\New Dataset\test_split\Healthy Fish_Healthy Fish_228.jpg,Healthy Fish,test,7.05,26.57,6.0,13.91,0.034,13.48
C:\Users\Asus\PycharmProjects\AquaVision_v1\datasets\fish\New Dataset\test_split\Healthy Fish_Healthy Fish_249.jpg,Healthy Fish,test,7.26,26.65,7.12,15.64,0.04,12.36
C:\Users\Asus\PycharmProjects\AquaVision_v1\datasets\fish\New Dataset\test_split\Healthy Fish_Healthy Fish_256.jpg,Healthy Fish,test,7.06,25.21,7.15,15.53,0.038,10.82
C:\Users\Asus\PycharmProjects\AquaVision_v1\datasets\fish\New Dataset\test_split\Healthy Fish_Healthy Fish_278.jpg,Healthy Fish,test,7.34,28.73,7.04,16.05,0.011,18.6
C:\Users\Asus\PycharmProjects\AquaVision_v1\datasets\fish\New Dataset\test_split\Healthy Fish_Healthy Fish_294.jpg,Healthy Fish,test,7.46,26.18,6.86,13.28,0.016,17.09
C:\Users\Asus\PycharmProjects\AquaVision_v1\datasets\fish\New Dataset\test_split\Healthy Fish_Healthy Fish_303.jpg,Healthy Fish,test,7.19,27.5,6.68,15.69,0.035,14.14
C:\Users\Asus\PycharmProjects\AquaVision_v1\datasets\fish\New Dataset\test_split\Healthy Fish_Healthy Fish_307.jpg,Healthy Fish,test,7.33,24.37,6.5,16.67,0.005,14.99
C:\Users\Asus\PycharmProjects\AquaVision_v1\datasets\fish\New Dataset\test_split\Healthy Fish_Healthy Fish_317.jpg,Healthy Fish,test,7.03,25.0,7.44,14.83,0.01,14.95
C:\Users\Asus\PycharmProjects\AquaVision_v1\datasets\fish\New Dataset\test_split\Healthy Fish_Healthy Fish_334.jpg,Healthy Fish,test,7.24,28.95,5.98,15.08,0.084,8.82
C:\Users\Asus\PycharmProjects\AquaVision_v1\datasets\fish\New Dataset\test_split\Healthy Fish_Healthy Fish_345.jpg,Healthy Fish,test,7.05,28.53,5.93,16.17,0.013,15.14
C:\Users\Asus\PycharmProjects\AquaVision_v1\datasets\fish\New Dataset\test_split\Healthy Fish_Healthy Fish_349.jpg,Healthy Fish,test,7.77,26.07,7.71,14.2,0.011,13.2
C:\Users\Asus\PycharmProjects\AquaVision_v1\datasets\fish\New Dataset\test_split\Healthy Fish_Healthy Fish_350.jpg,Healthy Fish,test,6.79,23.58,7.53,13.94,0.006,6.85
C:\Users\Asus\PycharmProjects\AquaVision_v1\datasets\fish\New Dataset\test_split\Healthy Fish_Healthy Fish_351.jpg,Healthy Fish,test,7.06,25.26,6.65,12.87,0.088,11.46
C:\Users\Asus\PycharmProjects\AquaVision_v1\datasets\fish\New Dataset\test_split\Healthy Fish_Healthy Fish_354.jpg,Healthy Fish,test,7.62,26.64,6.57,15.43,0.022,19.01
C:\Users\Asus\PycharmProjects\AquaVision_v1\datasets\fish\New Dataset\test_split\Healthy Fish_Healthy Fish_365.jpg,Healthy Fish,test,6.97,26.17,7.0,17.21,0.039,11.9
C:\Users\Asus\PycharmProjects\AquaVision_v1\datasets\fish\New Dataset\test_split\Healthy Fish_Healthy Fish_367.jpg,Healthy Fish,test,6.52,23.62,6.2,13.88,0.022,1.38
C:\Users\Asus\PycharmProjects\AquaVision_v1\datasets\fish\New Dataset\test_split\Healthy Fish_Healthy Fish_370.jpg,Healthy Fish,test,6.07,22.06,6.76,15.13,0.003,12.73
C:\Users\Asus\PycharmProjects\AquaVision_v1\datasets\fish\New Dataset\test_split\Healthy Fish_Healthy Fish_381.jpg,Healthy Fish,test,6.89,24.78,6.86,19.03,0.002,16.38
C:\Users\Asus\PycharmProjects\AquaVision_v1\datasets\fish\New Dataset\test_split\Healthy Fish_Healthy Fish_385.jpg,Healthy Fish,test,7.24,26.28,6.97,16.24,0.0,20.23
C:\Users\Asus\PycharmProjects\AquaVision_v1\datasets\fish\New Dataset\test_split\Healthy Fish_Healthy Fish_397.jpg,Healthy Fish,test,6.99,26.38,7.27,17.97,0.014,12.94
C:\Users\Asus\PycharmProjects\AquaVision_v1\datasets\fish\New Dataset\test_split\Healthy Fish_Healthy Fish_398.jpg,Healthy Fish,test,6.63,27.06,6.32,12.98,0.005,18.66
C:\Users\Asus\PycharmProjects\AquaVision_v1\datasets\fish\New Dataset\test_split\Healthy Fish_Healthy Fish_400.jpg,Healthy Fish,test,7.14,26.47,6.77,13.2,0.075,9.47
C:\Users\Asus\PycharmProjects\AquaVision_v1\datasets\fish\New Dataset\test_split\Healthy Fish_Healthy Fish_401.jpg,Healthy Fish,test,7.49,27.56,6.33,15.93,0.006,16.27
C:\Users\Asus\PycharmProjects\AquaVision_v1\datasets\fish\New Dataset\test_split\Healthy Fish_Healthy Fish_405.jpg,Healthy Fish,test,7.17,26.09,8.97,15.62,0.034,12.73
C:\Users\Asus\PycharmProjects\AquaVision_v1\datasets\fish\New Dataset\test_split\Healthy Fish_Healthy Fish_419.jpg,Healthy Fish,test,6.8,28.3,6.68,15.57,0.034,15.02
C:\Users\Asus\PycharmProjects\AquaVision_v1\datasets\fish\New Dataset\test_split\Healthy Fish_Healthy Fish_421.jpg,Healthy Fish,test,6.63,23.79,7.79,16.13,0.023,15.85
C:\Users\Asus\PycharmProjects\AquaVision_v1\datasets\fish\New Dataset\test_split\Healthy Fish_Healthy Fish_44.jpg,Healthy Fish,test,7.6,26.19,6.63,12.61,0.041,14.99
C:\Users\Asus\PycharmProjects\AquaVision_v1\datasets\fish\New Dataset\test_split\Healthy Fish_Healthy Fish_440.jpg,Healthy Fish,test,7.71,25.09,6.44,15.65,0.011,11.12
C:\Users\Asus\PycharmProjects\AquaVision_v1\datasets\fish\New Dataset\test_split\Healthy Fish_Healthy Fish_443.jpg,Healthy Fish,test,7.06,27.96,5.74,17.25,0.004,13.98
C:\Users\Asus\PycharmProjects\AquaVision_v1\datasets\fish\New Dataset\test_split\Healthy Fish_Healthy Fish_456.jpg,Healthy Fish,test,6.58,24.81,7.02,14.89,0.009,10.0
C:\Users\Asus\PycharmProjects\AquaVision_v1\datasets\fish\New Dataset\test_split\Healthy Fish_Healthy Fish_466.jpg,Healthy Fish,test,7.41,24.55,6.45,13.67,0.028,7.37
C:\Users\Asus\PycharmProjects\AquaVision_v1\datasets\fish\New Dataset\test_split\Healthy Fish_Healthy Fish_474.jpg,Healthy Fish,test,7.58,27.41,7.11,16.44,0.004,13.92
C:\Users\Asus\PycharmProjects\AquaVision_v1\datasets\fish\New Dataset\test_split\Healthy Fish_Healthy Fish_477.jpg,Healthy Fish,test,6.91,28.19,7.49,17.48,0.05,8.9
C:\Users\Asus\PycharmProjects\AquaVision_v1\datasets\fish\New Dataset\test_split\Healthy Fish_Healthy Fish_478.jpg,Healthy Fish,test,7.55,25.78,6.46,16.37,0.021,7.18
C:\Users\Asus\PycharmProjects\AquaVision_v1\datasets\fish\New Dataset\test_split\Healthy Fish_Healthy Fish_48.jpg,Healthy Fish,test,6.85,26.02,7.35,16.17,0.0,14.25
C:\Users\Asus\PycharmProjects\AquaVision_v1\datasets\fish\New Dataset\test_split\Healthy Fish_Healthy Fish_482.jpg,Healthy Fish,test,6.74,22.61,6.6,17.63,0.043,13.31
C:\Users\Asus\PycharmProjects\AquaVision_v1\datasets\fish\New Dataset\test_split\Healthy Fish_Healthy Fish_55.jpg,Healthy Fish,test,7.73,25.82,6.09,19.04,0.007,13.58
C:\Users\Asus\PycharmProjects\AquaVision_v1\datasets\fish\New Dataset\test_split\Parasitic diseases_Parasitic diseases_103.jpg,Parasitic diseases,test,6.85,28.41,4.68,16.97,0.224,42.62
C:\Users\Asus\PycharmProjects\AquaVision_v1\datasets\fish\New Dataset\test_split\Parasitic diseases_Parasitic diseases_104.jpg,Parasitic diseases,test,6.19,35.73,3.77,24.39,0.066,27.81
C:\Users\Asus\PycharmProjects\AquaVision_v1\datasets\fish\New Dataset\test_split\Parasitic diseases_Parasitic diseases_107.jpg,Parasitic diseases,test,6.21,31.0,1.98,27.78,0.177,50.75
C:\Users\Asus\PycharmProjects\AquaVision_v1\datasets\fish\New Dataset\test_split\Parasitic diseases_Parasitic diseases_12.jpg,Parasitic diseases,test,6.59,33.27,2.62,29.48,0.44,45.63
C:\Users\Asus\PycharmProjects\AquaVision_v1\datasets\fish\New Dataset\test_split\Parasitic diseases_Parasitic diseases_139.jpg,Parasitic diseases,test,5.3,32.0,4.69,28.13,0.372,45.01
C:\Users\Asus\PycharmProjects\AquaVision_v1\datasets\fish\New Dataset\test_split\Parasitic diseases_Parasitic diseases_145.jpg,Parasitic diseases,test,6.06,27.97,3.89,30.1,0.069,43.29
C:\Users\Asus\PycharmProjects\AquaVision_v1\datasets\fish\New Dataset\test_split\Parasitic diseases_Parasitic diseases_152.jpg,Parasitic diseases,test,6.1,29.07,2.09,32.55,0.293,43.18
C:\Users\Asus\PycharmProjects\AquaVision_v1\datasets\fish\New Dataset\test_split\Parasitic diseases_Parasitic diseases_159.jpg,Parasitic diseases,test,6.43,29.53,3.52,25.09,0.152,41.45
C:\Users\Asus\PycharmProjects\AquaVision_v1\datasets\fish\New Dataset\test_split\Parasitic diseases_Parasitic diseases_160.jpg,Parasitic diseases,test,5.65,35.74,3.16,25.18,0.182,49.45
C:\Users\Asus\PycharmProjects\AquaVision_v1\datasets\fish\New Dataset\test_split\Parasitic diseases_Parasitic diseases_169.jpg,Parasitic diseases,test,6.51,29.35,2.39,27.55,1.039,34.89
C:\Users\Asus\PycharmProjects\AquaVision_v1\datasets\fish\New Dataset\test_split\Parasitic diseases_Parasitic diseases_17.jpg,Parasitic diseases,test,6.61,33.82,2.88,30.0,0.35,47.01
C:\Users\Asus\PycharmProjects\AquaVision_v1\datasets\fish\New Dataset\test_split\Parasitic diseases_Parasitic diseases_177.jpg,Parasitic diseases,test,6.06,32.26,1.83,26.93,0.11,19.46
C:\Users\Asus\PycharmProjects\AquaVision_v1\datasets\fish\New Dataset\test_split\Parasitic diseases_Parasitic diseases_194.jpg,Parasitic diseases,test,6.76,32.72,2.76,30.92,0.139,43.96
C:\Users\Asus\PycharmProjects\AquaVision_v1\datasets\fish\New Dataset\test_split\Parasitic diseases_Parasitic diseases_201.jpg,Parasitic diseases,test,6.65,30.76,2.21,29.47,0.344,47.8
C:\Users\Asus\PycharmProjects\AquaVision_v1\datasets\fish\New Dataset\test_split\Parasitic diseases_Parasitic diseases_202.jpg,Parasitic diseases,test,6.54,30.55,3.36,26.41,0.333,55.15
C:\Users\Asus\PycharmProjects\AquaVision_v1\datasets\fish\New Dataset\test_split\Parasitic diseases_Parasitic diseases_217.jpg,Parasitic diseases,test,4.85,29.45,2.6,29.05,0.592,30.1
C:\Users\Asus\PycharmProjects\AquaVision_v1\datasets\fish\New Dataset\test_split\Parasitic diseases_Parasitic diseases_241.jpg,Parasitic diseases,test,5.61,28.88,3.02,24.78,0.222,57.74
C:\Users\Asus\PycharmProjects\AquaVision_v1\datasets\fish\New Dataset\test_split\Parasitic diseases_Parasitic diseases_31.jpeg,Parasitic diseases,test,7.48,33.15,3.63,25.37,0.088,42.56
C:\Users\Asus\PycharmProjects\AquaVision_v1\datasets\fish\New Dataset\test_split\Parasitic diseases_Parasitic diseases_41.jpg,Parasitic diseases,test,5.37,30.71,2.0,27.2,0.336,45.52
C:\Users\Asus\PycharmProjects\AquaVision_v1\datasets\fish\New Dataset\test_split\Parasitic diseases_Parasitic diseases_47.jpg,Parasitic diseases,test,5.83,29.3,3.43,32.33,0.16,60.89
C:\Users\Asus\PycharmProjects\AquaVision_v1\datasets\fish\New Dataset\test_split\Parasitic diseases_Parasitic diseases_52.jpg,Parasitic diseases,test,5.92,32.15,1.88,24.07,0.369,55.54
C:\Users\Asus\PycharmProjects\AquaVision_v1\datasets\fish\New Dataset\test_split\Parasitic diseases_Parasitic diseases_60.jpg,Parasitic diseases,test,4.36,31.85,5.67,28.22,0.002,51.65
C:\Users\Asus\PycharmProjects\AquaVision_v1\datasets\fish\New Dataset\test_split\Parasitic diseases_Parasitic diseases_63.jpg,Parasitic diseases,test,4.78,28.3,3.02,30.69,0.485,44.99
C:\Users\Asus\PycharmProjects\AquaVision_v1\datasets\fish\New Dataset\test_split\Parasitic diseases_Parasitic diseases_8.jpg,Parasitic diseases,test,6.66,32.98,4.0,25.21,0.077,41.99
C:\Users\Asus\PycharmProjects\AquaVision_v1\datasets\fish\New Dataset\test_split\Parasitic diseases_Parasitic diseases_96.jpg,Parasitic diseases,test,5.48,28.78,3.55,28.53,0.289,39.01
C:\Users\Asus\PycharmProjects\AquaVision_v1\datasets\fish\New Dataset\test_split\Viral diseases White tail disease_Viral diseases White tail disease_129.jpg,Viral diseases White tail disease,test,7.05,30.42,3.18,25.32,0.002,54.12
C:\Users\Asus\PycharmProjects\AquaVision_v1\datasets\fish\New Dataset\test_split\Viral diseases White tail disease_Viral diseases White tail disease_154.jpg,Viral diseases White tail disease,test,7.29,31.47,3.27,31.4,0.175,34.82
C:\Users\Asus\PycharmProjects\AquaVision_v1\datasets\fish\New Dataset\test_split\Viral diseases White tail disease_Viral diseases White tail disease_171.jpg,Viral diseases White tail disease,test,5.44,27.93,3.05,27.76,0.156,35.91
C:\Users\Asus\PycharmProjects\AquaVision_v1\datasets\fish\New Dataset\test_split\Viral diseases White tail disease_Viral diseases White tail disease_198.jpg,Viral diseases White tail disease,test,5.41,30.77,3.93,28.07,0.043,53.22
C:\Users\Asus\PycharmProjects\AquaVision_v1\datasets\fish\New Dataset\test_split\Viral diseases White tail disease_Viral diseases White tail disease_212.jpg,Viral diseases White tail disease,test,7.1,33.62,3.49,31.3,0.38,36.27
C:\Users\Asus\PycharmProjects\AquaVision_v1\datasets\fish\New Dataset\test_split\Viral diseases White tail disease_Viral diseases White tail disease_220.jpg,Viral diseases White tail disease,test,7.04,28.13,3.4,26.28,0.011,50.59
C:\Users\Asus\PycharmProjects\AquaVision_v1\datasets\fish\New Dataset\test_split\Viral diseases White tail disease_Viral diseases White tail disease_243.jpg,Viral diseases White tail disease,test,5.47,33.85,3.56,26.72,0.473,50.15
C:\Users\Asus\PycharmProjects\AquaVision_v1\datasets\fish\New Dataset\test_split\Viral diseases White tail disease_Viral diseases White tail disease_25.jpg,Viral diseases White tail disease,test,6.94,25.81,3.84,21.84,0.111,51.59
C:\Users\Asus\PycharmProjects\AquaVision_v1\datasets\fish\New Dataset\test_split\Viral diseases White tail disease_Viral diseases White tail disease_27.jpg,Viral diseases White tail disease,test,6.82,31.91,2.4,22.99,0.099,43.13
C:\Users\Asus\PycharmProjects\AquaVision_v1\datasets\fish\New Dataset\test_split\Viral diseases White tail disease_Viral diseases White tail disease_40.jpg,Viral diseases White tail disease,test,6.17,28.59,3.54,33.96,0.438,43.2
C:\Users\Asus\PycharmProjects\AquaVision_v1\datasets\fish\New Dataset\test_split\Viral diseases White tail disease_Viral diseases White tail disease_44.jpg,Viral diseases White tail disease,test,5.47,33.98,4.06,31.42,0.025,57.92
C:\Users\Asus\PycharmProjects\AquaVision_v1\datasets\fish\New Dataset\test_split\Viral diseases White tail disease_Viral diseases White tail disease_77.jpg,Viral diseases White tail disease,test,6.76,33.83,4.08,28.18,1.439,50.33
