image_path,label,split,ph,temperature,dissolved_oxygen,salinity,ammonia,turbidity
C:\Users\Asus\PycharmProjects\AquaVision_v1\datasets\shrimp\ShrimpImages\ShrimpImages\BG\BG-1-img-1.jpg,BG,train,6.4,30.65,3.72,34.09,0.042,47.79
C:\Users\Asus\PycharmProjects\AquaVision_v1\datasets\shrimp\ShrimpImages\ShrimpImages\BG\BG-1-img-2.jpg,BG,val,6.71,29.83,3.63,26.15,0.091,40.34
C:\Users\Asus\PycharmProjects\AquaVision_v1\datasets\shrimp\ShrimpImages\ShrimpImages\BG\BG-1-img-3.jpg,BG,train,5.07,29.59,2.39,29.26,0.086,37.97
C:\Users\Asus\PycharmProjects\AquaVision_v1\datasets\shrimp\ShrimpImages\ShrimpImages\BG\BG-10-img-1.jpg,BG,train,4.82,31.17,2.06,25.82,0.234,46.11
C:\Users\Asus\PycharmProjects\AquaVision_v1\datasets\shrimp\ShrimpImages\ShrimpImages\BG\BG-10-img-2.jpg,BG,train,5.74,30.27,2.72,35.41,0.033,39.66
C:\Users\Asus\PycharmProjects\AquaVision_v1\datasets\shrimp\ShrimpImages\ShrimpImages\BG\BG-10-img-3.jpg,BG,train,6.1,33.06,2.22,28.84,0.198,25.4
C:\Users\Asus\PycharmProjects\AquaVision_v1\datasets\shrimp\ShrimpImages\ShrimpImages\BG\BG-11-img-1.jpg,BG,train,6.54,31.43,3.11,26.8,0.123,52.74
C:\Users\Asus\PycharmProjects\AquaVision_v1\datasets\shrimp\ShrimpImages\ShrimpImages\BG\BG-11-img-2.jpg,BG,val,5.78,31.86,1.79,29.3,0.019,41.15
C:\Users\Asus\PycharmProjects\AquaVision_v1\datasets\shrimp\ShrimpImages\ShrimpImages\BG\BG-11-img-3.jpg,BG,test,5.69,32.53,4.02,31.73,0.369,42.93
C:\Users\Asus\PycharmProjects\AquaVision_v1\datasets\shrimp\ShrimpImages\ShrimpImages\BG\BG-12-img-1.jpg,BG,train,5.73,31.83,3.98,26.08,0.093,43.14
C:\Users\Asus\PycharmProjects\AquaVision_v1\datasets\shrimp\ShrimpImages\ShrimpImages\BG\BG-12-img-2.jpg,BG,train,6.59,34.39,3.14,32.01,0.032,54.73
C:\Users\Asus\PycharmProjects\AquaVision_v1\datasets\shrimp\ShrimpImages\ShrimpImages\BG\BG-13-img-1.jpg,BG,train,6.58,30.91,4.45,17.52,0.006,53.22
C:\Users\Asus\PycharmProjects\AquaVision_v1\datasets\shrimp\ShrimpImages\ShrimpImages\BG\BG-13-img-2.jpg,BG,test,6.15,30.25,3.27,20.05,0.595,39.66
C:\Users\Asus\PycharmProjects\AquaVision_v1\datasets\shrimp\ShrimpImages\ShrimpImages\BG\BG-13-img-3.jpg,BG,test,5.2,28.98,2.8,31.66,0.407,48.29
C:\Users\Asus\PycharmProjects\AquaVision_v1\datasets\shrimp\ShrimpImages\ShrimpImages\BG\BG-14-img-1.jpg,BG,train,6.16,33.42,2.64,26.69,0.065,57.74
C:\Users\Asus\PycharmProjects\AquaVision_v1\datasets\shrimp\ShrimpImages\ShrimpImages\BG\BG-15-img-1.jpg,BG,train,5.92,31.01,3.01,22.34,0.032,40.79
C:\Users\Asus\PycharmProjects\AquaVision_v1\datasets\shrimp\ShrimpImages\ShrimpImages\BG\BG-15-img-2.jpg,BG,val,6.0,32.01,4.71,28.7,0.113,44.81
C:\Users\Asus\PycharmProjects\AquaVision_v1\datasets\shrimp\ShrimpImages\ShrimpImages\BG\BG-16-img-1.jpg,BG,train,5.1,31.15,5.17,27.23,0.039,48.02
C:\Users\Asus\PycharmProjects\AquaVision_v1\datasets\shrimp\ShrimpImages\ShrimpImages\BG\BG-17-img-1.jpg,BG,train,6.79,32.88,3.83,24.36,0.115,59.05
C:\Users\Asus\PycharmProjects\AquaVision_v1\datasets\shrimp\ShrimpImages\ShrimpImages\BG\BG-18-img-1.jpg,BG,val,5.38,28.52,2.85,28.4,0.283,39.97
C:\Users\Asus\PycharmProjects\AquaVision_v1\datasets\shrimp\ShrimpImages\ShrimpImages\BG\BG-19-img-1.jpg,BG,test,5.46,32.18,2.46,34.2,0.69,41.12
C:\Users\Asus\PycharmProjects\AquaVision_v1\datasets\shrimp\ShrimpImages\ShrimpImages\BG\BG-19-img-2.jpg,BG,train,5.57,33.03,2.22,28.91,0.189,58.07
C:\Users\Asus\PycharmProjects\AquaVision_v1\datasets\shrimp\ShrimpImages\ShrimpImages\BG\BG-2-img-1.jpg,BG,train,6.26,32.95,2.21,22.72,0.324,51.18
C:\Users\Asus\PycharmProjects\AquaVision_v1\datasets\shrimp\ShrimpImages\ShrimpImages\BG\BG-2-img-2.jpg,BG,train,6.83,31.73,2.63,35.46,0.264,49.74
C:\Users\Asus\PycharmProjects\AquaVision_v1\datasets\shrimp\ShrimpImages\ShrimpImages\BG\BG-2-img-3.jpg,BG,train,5.52,32.97,4.13,24.72,0.262,49.24
C:\Users\Asus\PycharmProjects\AquaVision_v1\datasets\shrimp\ShrimpImages\ShrimpImages\BG\BG-20-img-1.jpg,BG,train,6.66,30.39,2.6,24.44,0.903,36.84
C:\Users\Asus\PycharmProjects\AquaVision_v1\datasets\shrimp\ShrimpImages\ShrimpImages\BG\BG-20-img-2.jpg,BG,train,6.27,33.07,3.21,33.81,0.215,30.94
C:\Users\Asus\PycharmProjects\AquaVision_v1\datasets\shrimp\ShrimpImages\ShrimpImages\BG\BG-21-img-1.jpg,BG,train,6.08,28.32,3.59,27.11,0.004,52.14
C:\Users\Asus\PycharmProjects\AquaVision_v1\datasets\shrimp\ShrimpImages\ShrimpImages\BG\BG-21-img-2.jpg,BG,train,6.38,30.82,2.52,21.94,0.476,35.74
C:\Users\Asus\PycharmProjects\AquaVision_v1\datasets\shrimp\ShrimpImages\ShrimpImages\BG\BG-21-img-3.jpg,BG,train,5.79,31.43,3.51,24.46,0.239,46.54
C:\Users\Asus\PycharmProjects\AquaVision_v1\datasets\shrimp\ShrimpImages\ShrimpImages\BG\BG-22-img-1.jpg,BG,train,6.13,28.14,3.49,30.24,0.299,35.41
C:\Users\Asus\PycharmProjects\AquaVision_v1\datasets\shrimp\ShrimpImages\ShrimpImages\BG\BG-22-img-3.jpg,BG,train,6.93,32.29,3.61,30.06,0.4,83.53
C:\Users\Asus\PycharmProjects\AquaVision_v1\datasets\shrimp\ShrimpImages\ShrimpImages\BG\BG-23-img-1.jpg,BG,val,5.82,32.63,6.42,31.04,0.118,46.65
C:\Users\Asus\PycharmProjects\AquaVision_v1\datasets\shrimp\ShrimpImages\ShrimpImages\BG\BG-23-img-2.jpg,BG,train,4.98,32.72,1.91,26.11,0.034,55.89
C:\Users\Asus\PycharmProjects\AquaVision_v1\datasets\shrimp\ShrimpImages\ShrimpImages\BG\BG-23-img-3.jpg,BG,train,5.67,32.7,2.62,28.87,0.013,68.89
C:\Users\Asus\PycharmProjects\AquaVision_v1\datasets\shrimp\ShrimpImages\ShrimpImages\BG\BG-24-img-1.jpg,BG,test,7.21,25.94,3.35,25.35,0.144,53.52
C:\Users\Asus\PycharmProjects\AquaVision_v1\datasets\shrimp\ShrimpImages\ShrimpImages\BG\BG-24-img-2.jpg,BG,train,6.4,33.16,2.24,26.66,0.043,48.18
C:\Users\Asus\PycharmProjects\AquaVision_v1\datasets\shrimp\ShrimpImages\ShrimpImages\BG\BG-24-img-3.jpg,BG,train,5.13,27.85,3.93,36.49,0.136,55.32
C:\Users\Asus\PycharmProjects\AquaVision_v1\datasets\shrimp\ShrimpImages\ShrimpImages\BG\BG-25-img-1.jpg,BG,train,6.86,29.23,3.56,31.1,0.161,44.81
C:\Users\Asus\PycharmProjects\AquaVision_v1\datasets\shrimp\ShrimpImages\ShrimpImages\BG\BG-25-img-2.jpg,BG,train,6.98,30.37,0.5,34.53,0.252,30.7
C:\Users\Asus\PycharmProjects\AquaVision_v1\datasets\shrimp\ShrimpImages\ShrimpImages\BG\BG-26-img-1.jpg,BG,train,6.8,31.03,2.41,29.85,0.018,42.98
C:\Users\Asus\PycharmProjects\AquaVision_v1\datasets\shrimp\ShrimpImages\ShrimpImages\BG\BG-27-img-1.jpg,BG,train,6.14,31.28,3.73,34.34,0.153,32.62
C:\Users\Asus\PycharmProjects\AquaVision_v1\datasets\shrimp\ShrimpImages\ShrimpImages\BG\BG-27-img-2.jpg,BG,train,5.54,32.47,2.54,25.51,0.018,53.85
C:\Users\Asus\PycharmProjects\AquaVision_v1\datasets\shrimp\ShrimpImages\ShrimpImages\BG\BG-27-img-3.jpg,BG,train,6.61,31.89,2.65,31.6,0.332,48.07
C:\Users\Asus\PycharmProjects\AquaVision_v1\datasets\shrimp\ShrimpImages\ShrimpImages\BG\BG-28-img-1.jpg,BG,train,5.6,29.6,3.8,30.44,1.164,27.12
C:\Users\Asus\PycharmProjects\AquaVision_v1\datasets\shrimp\ShrimpImages\ShrimpImages\BG\BG-28-img-2.jpg,BG,val,5.37,32.37,3.04,27.13,0.347,55.99
C:\Users\Asus\PycharmProjects\AquaVision_v1\datasets\shrimp\ShrimpImages\ShrimpImages\BG\BG-29-img-1.jpg,BG,test,6.88,31.05,3.75,26.76,0.123,42.29
C:\Users\Asus\PycharmProjects\AquaVision_v1\datasets\shrimp\ShrimpImages\ShrimpImages\BG\BG-29-img-2.jpg,BG,val,5.73,31.24,3.68,24.73,0.087,65.92
C:\Users\Asus\PycharmProjects\AquaVision_v1\datasets\shrimp\ShrimpImages\ShrimpImages\BG\BG-29-img-3.jpg,BG,train,6.79,32.98,3.7,30.51,0.024,38.01
C:\Users\Asus\PycharmProjects\AquaVision_v1\datasets\shrimp\ShrimpImages\ShrimpImages\BG\BG-3-img-1.jpg,BG,val,6.09,33.44,3.08,24.7,0.039,41.79
C:\Users\Asus\PycharmProjects\AquaVision_v1\datasets\shrimp\ShrimpImages\ShrimpImages\BG\BG-3-img-2.jpg,BG,train,5.61,31.61,3.4,25.97,0.019,50.59
C:\Users\Asus\PycharmProjects\AquaVision_v1\datasets\shrimp\ShrimpImages\ShrimpImages\BG\BG-3-img-3.jpg,BG,val,6.62,27.38,2.07,25.13,0.375,42.87
C:\Users\Asus\PycharmProjects\AquaVision_v1\datasets\shrimp\ShrimpImages\ShrimpImages\BG\BG-30-img-1.jpg,BG,train,6.61,30.6,3.18,23.99,0.003,38.18
C:\Users\Asus\PycharmProjects\AquaVision_v1\datasets\shrimp\ShrimpImages\ShrimpImages\BG\BG-30-img-2.jpg,BG,train,6.07,31.81,2.54,30.08,0.819,60.33
C:\Users\Asus\PycharmProjects\AquaVision_v1\datasets\shrimp\ShrimpImages\ShrimpImages\BG\BG-30-img-3.jpg,BG,val,6.51,30.0,3.38,28.05,0.019,49.74
C:\Users\Asus\PycharmProjects\AquaVision_v1\datasets\shrimp\ShrimpImages\ShrimpImages\BG\BG-31-img-1.jpg,BG,val,6.13,34.63,3.97,36.61,0.219,37.33
C:\Users\Asus\PycharmProjects\AquaVision_v1\datasets\shrimp\ShrimpImages\ShrimpImages\BG\BG-31-img-2.jpg,BG,val,7.41,28.98,2.53,25.6,0.156,55.33
C:\Users\Asus\PycharmProjects\AquaVision_v1\datasets\shrimp\ShrimpImages\ShrimpImages\BG\BG-31-img-3.jpg,BG,train,5.01,31.85,4.7,31.8,0.289,39.23
C:\Users\Asus\PycharmProjects\AquaVision_v1\datasets\shrimp\ShrimpImages\ShrimpImages\BG\BG-32-img-1.jpg,BG,train,5.31,35.58,4.14,26.12,1.091,47.95
C:\Users\Asus\PycharmProjects\AquaVision_v1\datasets\shrimp\ShrimpImages\ShrimpImages\BG\BG-32-img-2.jpg,BG,train,5.44,30.71,4.19,21.62,0.015,39.01
C:\Users\Asus\PycharmProjects\AquaVision_v1\datasets\shrimp\ShrimpImages\ShrimpImages\BG\BG-33-img-1.jpg,BG,val,6.1,31.12,2.84,30.49,0.15,31.31
C:\Users\Asus\PycharmProjects\AquaVision_v1\datasets\shrimp\ShrimpImages\ShrimpImages\BG\BG-34-img-1.jpg,BG,train,6.42,27.16,4.22,29.33,0.184,37.52
C:\Users\Asus\PycharmProjects\AquaVision_v1\datasets\shrimp\ShrimpImages\ShrimpImages\BG\BG-34-img-2.jpg,BG,train,6.54,31.17,5.82,35.02,0.523,34.8
C:\Users\Asus\PycharmProjects\AquaVision_v1\datasets\shrimp\ShrimpImages\ShrimpImages\BG\BG-34-img-3.jpg,BG,train,6.92,28.59,3.75,32.23,0.124,27.41
C:\Users\Asus\PycharmProjects\AquaVision_v1\datasets\shrimp\ShrimpImages\ShrimpImages\BG\BG-35-img-1.jpg,BG,train,5.94,32.79,4.4,28.3,0.126,54.82
C:\Users\Asus\PycharmProjects\AquaVision_v1\datasets\shrimp\ShrimpImages\ShrimpImages\BG\BG-35-img-2.jpg,BG,train,6.3,26.74,3.16,29.54,0.17,44.67
C:\Users\Asus\PycharmProjects\AquaVision_v1\datasets\shrimp\ShrimpImages\ShrimpImages\BG\BG-35-img-3.jpg,BG,train,5.32,32.67,3.49,24.24,0.05,52.47
C:\Users\Asus\PycharmProjects\AquaVision_v1\datasets\shrimp\ShrimpImages\ShrimpImages\BG\BG-36-img-1.jpg,BG,train,5.93,28.54,3.6,25.88,0.049,37.07
C:\Users\Asus\PycharmProjects\AquaVision_v1\datasets\shrimp\ShrimpImages\ShrimpImages\BG\BG-36-img-2.jpg,BG,test,6.04,28.41,2.76,23.21,0.175,43.98
C:\Users\Asus\PycharmProjects\AquaVision_v1\datasets\shrimp\ShrimpImages\ShrimpImages\BG\BG-36-img-3.jpg,BG,val,6.13,29.25,3.37,27.55,0.41,42.79
C:\Users\Asus\PycharmProjects\AquaVision_v1\datasets\shrimp\ShrimpImages\ShrimpImages\BG\BG-37-img-1.jpg,BG,train,5.78,29.56,2.98,18.79,0.241,38.73
C:\Users\Asus\PycharmProjects\AquaVision_v1\datasets\shrimp\ShrimpImages\ShrimpImages\BG\BG-37-img-2.jpg,BG,test,4.78,32.44,3.45,40.0,0.028,56.2
C:\Users\Asus\PycharmProjects\AquaVision_v1\datasets\shrimp\ShrimpImages\ShrimpImages\BG\BG-37-img-3.jpg,BG,train,5.14,31.51,2.59,22.31,0.005,34.39
C:\Users\Asus\PycharmProjects\AquaVision_v1\datasets\shrimp\ShrimpImages\ShrimpImages\BG\BG-38-img-1.jpg,BG,train,5.71,35.22,3.91,27.97,0.023,59.8
C:\Users\Asus\PycharmProjects\AquaVision_v1\datasets\shrimp\ShrimpImages\ShrimpImages\BG\BG-38-img-2.jpg,BG,train,7.01,32.35,2.37,27.24,0.083,58.96
C:\Users\Asus\PycharmProjects\AquaVision_v1\datasets\shrimp\ShrimpImages\ShrimpImages\BG\BG-38-img-3.jpg,BG,train,5.31,27.5,3.65,25.4,0.052,40.13
C:\Users\Asus\PycharmProjects\AquaVision_v1\datasets\shrimp\ShrimpImages\ShrimpImages\BG\BG-39-img-1.jpg,BG,train,6.13,28.92,3.42,27.8,0.03,48.9
C:\Users\Asus\PycharmProjects\AquaVision_v1\datasets\shrimp\ShrimpImages\ShrimpImages\BG\BG-39-img-2.jpg,BG,test,6.05,29.56,3.8,30.0,0.663,35.22
C:\Users\Asus\PycharmProjects\AquaVision_v1\datasets\shrimp\ShrimpImages\ShrimpImages\BG\BG-39-img-3.jpg,BG,train,5.1,32.36,2.67,30.28,0.098,47.8
C:\Users\Asus\PycharmProjects\AquaVision_v1\datasets\shrimp\ShrimpImages\ShrimpImages\BG\BG-4-img-1.jpg,BG,train,4.46,31.65,2.48,30.55,0.042,28.38
C:\Users\Asus\PycharmProjects\AquaVision_v1\datasets\shrimp\ShrimpImages\ShrimpImages\BG\BG-4-img-2.jpg,BG,test,5.71,31.12,2.51,26.46,0.016,38.98
C:\Users\Asus\PycharmProjects\AquaVision_v1\datasets\shrimp\ShrimpImages\ShrimpImages\BG\BG-4-img-3.jpg,BG,train,6.56,32.32,4.35,18.11,0.107,37.03
C:\Users\Asus\PycharmProjects\AquaVision_v1\datasets\shrimp\ShrimpImages\ShrimpImages\BG\BG-40-img-1.jpg,BG,train,6.32,29.49,3.27,27.38,0.214,43.8
C:\Users\Asus\PycharmProjects\AquaVision_v1\datasets\shrimp\ShrimpImages\ShrimpImages\BG\BG-40-img-2.jpg,BG,train,6.17,29.78,2.85,29.58,0.274,40.79
C:\Users\Asus\PycharmProjects\AquaVision_v1\datasets\shrimp\ShrimpImages\ShrimpImages\BG\BG-40-img-3.jpg,BG,test,6.62,30.18,4.16,26.37,0.145,38.24
C:\Users\Asus\PycharmProjects\AquaVision_v1\datasets\shrimp\ShrimpImages\ShrimpImages\BG\BG-41-img-1.jpg,BG,test,4.76,31.05,4.54,29.31,0.121,42.81
C:\Users\Asus\PycharmProjects\AquaVision_v1\datasets\shrimp\ShrimpImages\ShrimpImages\BG\BG-41-img-2.jpg,BG,test,6.24,32.93,2.02,32.58,0.037,50.09
C:\Users\Asus\PycharmProjects\AquaVision_v1\datasets\shrimp\ShrimpImages\ShrimpImages\BG\BG-41-img-3.jpg,BG,train,6.85,31.45,3.4,26.16,0.071,36.5
C:\Users\Asus\PycharmProjects\AquaVision_v1\datasets\shrimp\ShrimpImages\ShrimpImages\BG\BG-42-img-1.jpg,BG,val,6.14,29.81,3.58,29.33,0.105,57.87
C:\Users\Asus\PycharmProjects\AquaVision_v1\datasets\shrimp\ShrimpImages\ShrimpImages\BG\BG-42-img-2.jpg,BG,val,5.83,32.89,2.46,31.48,0.296,58.56
C:\Users\Asus\PycharmProjects\AquaVision_v1\datasets\shrimp\ShrimpImages\ShrimpImages\BG\BG-42-img-3.jpg,BG,train,5.64,27.89,1.78,33.98,0.155,46.81
C:\Users\Asus\PycharmProjects\AquaVision_v1\datasets\shrimp\ShrimpImages\ShrimpImages\BG\BG-43-img-1.jpg,BG,train,7.69,31.27,3.78,29.92,0.307,47.24
C:\Users\Asus\PycharmProjects\AquaVision_v1\datasets\shrimp\ShrimpImages\ShrimpImages\BG\BG-43-img-2.jpg,BG,train,7.23,34.36,4.47,25.96,0.681,44.1
C:\Users\Asus\PycharmProjects\AquaVision_v1\datasets\shrimp\ShrimpImages\ShrimpImages\BG\BG-43-img-3.jpg,BG,train,6.57,31.14,4.08,21.23,0.014,60.3
C:\Users\Asus\PycharmProjects\AquaVision_v1\datasets\shrimp\ShrimpImages\ShrimpImages\BG\BG-44-img-1.jpg,BG,train,5.49,26.86,3.86,28.29,0.106,57.7
C:\Users\Asus\PycharmProjects\AquaVision_v1\datasets\shrimp\ShrimpImages\ShrimpImages\BG\BG-44-img-2.jpg,BG,train,5.61,30.35,2.0,27.02,0.172,42.27
C:\Users\Asus\PycharmProjects\AquaVision_v1\datasets\shrimp\ShrimpImages\ShrimpImages\BG\BG-44-img-3.jpg,BG,val,5.96,32.74,4.68,32.51,0.003,34.83
C:\Users\Asus\PycharmProjects\AquaVision_v1\datasets\shrimp\ShrimpImages\ShrimpImages\BG\BG-45-img-1.jpg,BG,train,6.41,30.33,2.31,38.29,0.017,45.59
C:\Users\Asus\PycharmProjects\AquaVision_v1\datasets\shrimp\ShrimpImages\ShrimpImages\BG\BG-45-img-2.jpg,BG,train,5.11,30.64,2.36,25.81,0.009,70.7
C:\Users\Asus\PycharmProjects\AquaVision_v1\datasets\shrimp\ShrimpImages\ShrimpImages\BG\BG-45-img-3.jpg,BG,val,7.0,24.37,4.07,32.98,0.042,24.27
C:\Users\Asus\PycharmProjects\AquaVision_v1\datasets\shrimp\ShrimpImages\ShrimpImages\BG\BG-46-img-1.jpg,BG,test,5.26,29.06,2.31,35.01,0.006,49.85
C:\Users\Asus\PycharmProjects\AquaVision_v1\datasets\shrimp\ShrimpImages\ShrimpImages\BG\BG-47-img-2.jpg,BG,val,5.64,32.8,2.3,25.9,0.264,49.89
C:\Users\Asus\PycharmProjects\AquaVision_v1\datasets\shrimp\ShrimpImages\ShrimpImages\BG\BG-47-img-3.jpg,BG,test,5.96,30.06,3.77,29.78,0.443,61.46
C:\Users\Asus\PycharmProjects\AquaVision_v1\datasets\shrimp\ShrimpImages\ShrimpImages\BG\BG-48-img-1.jpg,BG,train,5.5,32.48,2.95,29.3,0.137,32.49
C:\Users\Asus\PycharmProjects\AquaVision_v1\datasets\shrimp\ShrimpImages\ShrimpImages\BG\BG-48-img-3.jpg,BG,val,5.79,33.62,2.64,22.37,0.223,52.56
C:\Users\Asus\PycharmProjects\AquaVision_v1\datasets\shrimp\ShrimpImages\ShrimpImages\BG\BG-49-img-1.jpg,BG,train,5.25,25.8,4.56,28.84,0.361,44.03
C:\Users\Asus\PycharmProjects\AquaVision_v1\datasets\shrimp\ShrimpImages\ShrimpImages\BG\BG-49-img-2.jpg,BG,train,6.08,33.76,3.29,28.6,0.138,66.55
C:\Users\Asus\PycharmProjects\AquaVision_v1\datasets\shrimp\ShrimpImages\ShrimpImages\BG\BG-49-img-3.jpg,BG,train,6.5,31.43,3.05,28.07,0.047,48.48
C:\Users\Asus\PycharmProjects\AquaVision_v1\datasets\shrimp\ShrimpImages\ShrimpImages\BG\BG-5-img-1.jpg,BG,train,6.74,28.55,3.91,21.19,0.263,40.31
C:\Users\Asus\PycharmProjects\AquaVision_v1\datasets\shrimp\ShrimpImages\ShrimpImages\BG\BG-50-img-2.jpg,BG,test,7.21,35.16,2.92,20.64,0.183,32.2
C:\Users\Asus\PycharmProjects\AquaVision_v1\datasets\shrimp\ShrimpImages\ShrimpImages\BG\BG-51-img-2.jpg,BG,train,6.21,29.11,2.71,22.37,0.085,58.41
C:\Users\Asus\PycharmProjects\AquaVision_v1\datasets\shrimp\ShrimpImages\ShrimpImages\BG\BG-51-img-3.jpg,BG,train,5.57,28.63,5.31,29.97,0.33,46.85
C:\Users\Asus\PycharmProjects\AquaVision_v1\datasets\shrimp\ShrimpImages\ShrimpImages\BG\BG-52-img-2.jpg,BG,test,5.75,31.31,5.25,27.62,0.102,41.48
C:\Users\Asus\PycharmProjects\AquaVision_v1\datasets\shrimp\ShrimpImages\ShrimpImages\BG\BG-52-img-3.jpg,BG,train,6.25,30.91,4.62,25.49,0.071,63.12
C:\Users\Asus\PycharmProjects\AquaVision_v1\datasets\shrimp\ShrimpImages\ShrimpImages\BG\BG-53-img-1.jpg,BG,train,6.48,33.43,3.7,21.72,0.112,31.81
C:\Users\Asus\PycharmProjects\AquaVision_v1\datasets\shrimp\ShrimpImages\ShrimpImages\BG\BG-53-img-2.jpg,BG,train,5.96,31.95,3.69,30.24,0.295,55.81
C:\Users\Asus\PycharmProjects\AquaVision_v1\datasets\shrimp\ShrimpImages\ShrimpImages\BG\BG-53-img-3.jpg,BG,train,6.19,26.85,1.92,28.83,0.05,53.18
C:\Users\Asus\PycharmProjects\AquaVision_v1\datasets\shrimp\ShrimpImages\ShrimpImages\BG\BG-54-img-2.jpg,BG,train,6.73,30.9,3.75,28.11,0.096,45.3
C:\Users\Asus\PycharmProjects\AquaVision_v1\datasets\shrimp\ShrimpImages\ShrimpImages\BG\BG-55-img-1.jpg,BG,val,6.16,29.84,2.85,26.76,0.02,34.58
C:\Users\Asus\PycharmProjects\AquaVision_v1\datasets\shrimp\ShrimpImages\ShrimpImages\BG\BG-55-img-3.jpg,BG,val,6.87,30.53,2.85,33.79,0.096,46.97
C:\Users\Asus\PycharmProjects\AquaVision_v1\datasets\shrimp\ShrimpImages\ShrimpImages\BG\BG-56-img-1.jpg,BG,train,6.26,33.22,3.27,32.26,0.699,57.23
C:\Users\Asus\PycharmProjects\AquaVision_v1\datasets\shrimp\ShrimpImages\ShrimpImages\BG\BG-56-img-2.jpg,BG,train,5.69,36.75,2.91,26.22,0.137,59.53
C:\Users\Asus\PycharmProjects\AquaVision_v1\datasets\shrimp\ShrimpImages\ShrimpImages\BG\BG-56-img-3.jpg,BG,test,5.85,30.3,2.12,24.33,0.088,25.66
C:\Users\Asus\PycharmProjects\AquaVision_v1\datasets\shrimp\ShrimpImages\ShrimpImages\BG\BG-57-img-1.jpg,BG,train,5.38,33.46,3.03,27.8,0.238,51.75
C:\Users\Asus\PycharmProjects\AquaVision_v1\datasets\shrimp\ShrimpImages\ShrimpImages\BG\BG-58-img-1.jpg,BG,train,6.2,32.23,3.43,37.82,0.066,39.82
C:\Users\Asus\PycharmProjects\AquaVision_v1\datasets\shrimp\ShrimpImages\ShrimpImages\BG\BG-58-img-2.jpg,BG,train,5.74,29.41,4.15,33.68,0.298,39.29
C:\Users\Asus\PycharmProjects\AquaVision_v1\datasets\shrimp\ShrimpImages\ShrimpImages\BG\BG-58-img-3.jpg,BG,train,5.77,32.58,3.36,21.94,0.225,36.6
C:\Users\Asus\PycharmProjects\AquaVision_v1\datasets\shrimp\ShrimpImages\ShrimpImages\BG\BG-59-img-1.jpg,BG,train,6.2,29.47,2.89,29.14,0.266,48.34
C:\Users\Asus\PycharmProjects\AquaVision_v1\datasets\shrimp\ShrimpImages\ShrimpImages\BG\BG-59-img-2.jpg,BG,train,5.99,29.0,2.1,25.08,0.321,36.59
C:\Users\Asus\PycharmProjects\AquaVision_v1\datasets\shrimp\ShrimpImages\ShrimpImages\BG\BG-59-img-3.jpg,BG,train,6.1,29.71,3.38,27.93,0.164,56.88
C:\Users\Asus\PycharmProjects\AquaVision_v1\datasets\shrimp\ShrimpImages\ShrimpImages\BG\BG-6-img-1.jpg,BG,train,5.81,33.61,3.75,35.39,0.078,47.4
C:\Users\Asus\PycharmProjects\AquaVision_v1\datasets\shrimp\ShrimpImages\ShrimpImages\BG\BG-6-img-3.jpg,BG,train,6.28,33.05,3.61,32.27,0.241,56.69
C:\Users\Asus\PycharmProjects\AquaVision_v1\datasets\shrimp\ShrimpImages\ShrimpImages\BG\BG-60-img-1.jpg,BG,train,6.0,31.37,4.17,24.73,0.044,49.18
C:\Users\Asus\PycharmProjects\AquaVision_v1\datasets\shrimp\ShrimpImages\ShrimpImages\BG\BG-60-img-2.jpg,BG,train,6.34,31.48,3.24,22.56,0.251,52.46
C:\Users\Asus\PycharmProjects\AquaVision_v1\datasets\shrimp\ShrimpImages\ShrimpImages\BG\BG-61-img-1.jpg,BG,train,5.92,31.55,3.4,34.31,0.824,57.09
C:\Users\Asus\PycharmProjects\AquaVision_v1\datasets\shrimp\ShrimpImages\ShrimpImages\BG\BG-61-img-2.jpg,BG,train,5.24,29.88,3.36,32.29,0.017,34.73
C:\Users\Asus\PycharmProjects\AquaVision_v1\datasets\shrimp\ShrimpImages\ShrimpImages\BG\BG-61-img-3.jpg,BG,test,6.82,27.19,2.75,29.51,0.355,43.69
C:\Users\Asus\PycharmProjects\AquaVision_v1\datasets\shrimp\ShrimpImages\ShrimpImages\BG\BG-62-img-1.jpg,BG,train,4.88,29.61,4.7,22.21,0.045,23.01
C:\Users\Asus\PycharmProjects\AquaVision_v1\datasets\shrimp\ShrimpImages\ShrimpImages\BG\BG-62-img-2.jpg,BG,test,5.49,32.77,3.4,25.74,0.266,42.78
C:\Users\Asus\PycharmProjects\AquaVision_v1\datasets\shrimp\ShrimpImages\ShrimpImages\BG\BG-62-img-3.jpg,BG,train,5.41,35.62,2.34,21.9,1.033,38.08
C:\Users\Asus\PycharmProjects\AquaVision_v1\datasets\shrimp\ShrimpImages\ShrimpImages\BG\BG-63-img-1.jpg,BG,train,5.96,31.88,2.2,33.78,0.499,50.06
C:\Users\Asus\PycharmProjects\AquaVision_v1\datasets\shrimp\ShrimpImages\ShrimpImages\BG\BG-63-img-2.jpg,BG,train,6.08,31.86,3.57,30.28,0.358,49.48
C:\Users\Asus\PycharmProjects\AquaVision_v1\datasets\shrimp\ShrimpImages\ShrimpImages\BG\BG-64-img-1.jpg,BG,val,6.22,32.77,3.13,33.76,0.031,48.75
C:\Users\Asus\PycharmProjects\AquaVision_v1\datasets\shrimp\ShrimpImages\ShrimpImages\BG\BG-64-img-2.jpg,BG,train,5.65,30.9,2.06,28.51,0.078,38.19
C:\Users\Asus\PycharmProjects\AquaVision_v1\datasets\shrimp\ShrimpImages\ShrimpImages\BG\BG-64-img-3.jpg,BG,test,5.83,26.28,2.84,18.3,0.229,55.24
C:\Users\Asus\PycharmProjects\AquaVision_v1\datasets\shrimp\ShrimpImages\ShrimpImages\BG\BG-65-img-1.jpg,BG,train,5.44,28.58,3.16,27.99,0.241,33.42
C:\Users\Asus\PycharmProjects\AquaVision_v1\datasets\shrimp\ShrimpImages\ShrimpImages\BG\BG-66-img-1.jpg,BG,train,5.97,31.07,3.37,19.83,0.023,42.31
C:\Users\Asus\PycharmProjects\AquaVision_v1\datasets\shrimp\ShrimpImages\ShrimpImages\BG\BG-66-img-2.jpg,BG,test,6.05,28.5,2.98,35.19,0.403,51.41
C:\Users\Asus\PycharmProjects\AquaVision_v1\datasets\shrimp\ShrimpImages\ShrimpImages\BG\BG-66-img-3.jpg,BG,train,6.94,33.31,3.25,25.41,0.309,48.93
C:\Users\Asus\PycharmProjects\AquaVision_v1\datasets\shrimp\ShrimpImages\ShrimpImages\BG\BG-67-img-1.jpg,BG,train,6.51,33.62,2.77,33.27,0.151,46.98
C:\Users\Asus\PycharmProjects\AquaVision_v1\datasets\shrimp\ShrimpImages\ShrimpImages\BG\BG-67-img-2.jpg,BG,train,7.14,31.49,2.68,26.06,0.514,34.68
C:\Users\Asus\PycharmProjects\AquaVision_v1\datasets\shrimp\ShrimpImages\ShrimpImages\BG\BG-67-img-3.jpg,BG,train,5.78,30.94,4.91,34.91,0.065,49.36
C:\Users\Asus\PycharmProjects\AquaVision_v1\datasets\shrimp\ShrimpImages\ShrimpImages\BG\BG-68-img-1.jpg,BG,test,6.12,31.3,3.69,23.91,0.019,55.91
C:\Users\Asus\PycharmProjects\AquaVision_v1\datasets\shrimp\ShrimpImages\ShrimpImages\BG\BG-68-img-2.jpg,BG,train,6.26,29.79,6.03,23.1,1.099,30.36
C:\Users\Asus\PycharmProjects\AquaVision_v1\datasets\shrimp\ShrimpImages\ShrimpImages\BG\BG-68-img-3.jpg,BG,train,7.11,29.85,4.06,27.85,0.577,28.67
C:\Users\Asus\PycharmProjects\AquaVision_v1\datasets\shrimp\ShrimpImages\ShrimpImages\BG\BG-69-img-2.jpg,BG,val,5.76,34.69,4.3,25.5,0.315,48.96
C:\Users\Asus\PycharmProjects\AquaVision_v1\datasets\shrimp\ShrimpImages\ShrimpImages\BG\BG-69-img-3.jpg,BG,train,5.77,29.32,3.18,32.69,0.071,43.43
C:\Users\Asus\PycharmProjects\AquaVision_v1\datasets\shrimp\ShrimpImages\ShrimpImages\BG\BG-7-img-1.jpg,BG,train,6.74,33.87,1.81,26.55,0.872,33.8
C:\Users\Asus\PycharmProjects\AquaVision_v1\datasets\shrimp\ShrimpImages\ShrimpImages\BG\BG-7-img-2.jpg,BG,train,5.32,33.9,2.83,29.39,0.875,29.44
C:\Users\Asus\PycharmProjects\AquaVision_v1\datasets\shrimp\ShrimpImages\ShrimpImages\BG\BG-7-img-3.jpg,BG,val,5.94,31.19,2.17,31.99,0.141,40.06
C:\Users\Asus\PycharmProjects\AquaVision_v1\datasets\shrimp\ShrimpImages\ShrimpImages\BG\BG-70-img-1.jpg,BG,test,7.0,33.13,2.92,26.6,0.009,53.47
C:\Users\Asus\PycharmProjects\AquaVision_v1\datasets\shrimp\ShrimpImages\ShrimpImages\BG\BG-70-img-2.jpg,BG,train,6.83,31.95,3.54,32.12,0.058,47.39
C:\Users\Asus\PycharmProjects\AquaVision_v1\datasets\shrimp\ShrimpImages\ShrimpImages\BG\BG-70-img-3.jpg,BG,train,6.06,30.91,3.78,28.21,0.01,43.69
C:\Users\Asus\PycharmProjects\AquaVision_v1\datasets\shrimp\ShrimpImages\ShrimpImages\BG\BG-71-img-1.jpg,BG,train,5.48,31.2,1.6,31.67,0.152,48.46
C:\Users\Asus\PycharmProjects\AquaVision_v1\datasets\shrimp\ShrimpImages\ShrimpImages\BG\BG-71-img-2.jpg,BG,train,7.35,30.65,4.09,23.84,0.056,47.77
C:\Users\Asus\PycharmProjects\AquaVision_v1\datasets\shrimp\ShrimpImages\ShrimpImages\BG\BG-71-img-3.jpg,BG,val,5.71,30.52,3.37,31.48,0.723,49.96
C:\Users\Asus\PycharmProjects\AquaVision_v1\datasets\shrimp\ShrimpImages\ShrimpImages\BG\BG-72-img-1.jpg,BG,train,7.54,30.86,3.36,32.2,0.008,46.98
C:\Users\Asus\PycharmProjects\AquaVision_v1\datasets\shrimp\ShrimpImages\ShrimpImages\BG\BG-72-img-2.jpg,BG,val,6.37,32.6,2.29,34.53,0.028,33.54
C:\Users\Asus\PycharmProjects\AquaVision_v1\datasets\shrimp\ShrimpImages\ShrimpImages\BG\BG-72-img-3.jpg,BG,train,6.06,31.82,3.46,29.69,0.209,50.64
C:\Users\Asus\PycharmProjects\AquaVision_v1\datasets\shrimp\ShrimpImages\ShrimpImages\BG\BG-73-img-1.jpg,BG,val,6.31,33.97,2.22,30.39,0.4,52.01
C:\Users\Asus\PycharmProjects\AquaVision_v1\datasets\shrimp\ShrimpImages\ShrimpImages\BG\BG-73-img-2.jpg,BG,train,6.01,31.31,3.06,28.06,0.098,32.22
C:\Users\Asus\PycharmProjects\AquaVision_v1\datasets\shrimp\ShrimpImages\ShrimpImages\BG\BG-73-img-3.jpg,BG,train,5.11,28.52,1.48,25.44,0.064,31.77
C:\Users\Asus\PycharmProjects\AquaVision_v1\datasets\shrimp\ShrimpImages\ShrimpImages\BG\BG-74-img-1.jpg,BG,test,7.09,33.52,2.65,37.01,0.119,45.59
C:\Users\Asus\PycharmProjects\AquaVision_v1\datasets\shrimp\ShrimpImages\ShrimpImages\BG\BG-74-img-2.jpg,BG,train,6.78,27.53,1.88,32.09,0.234,69.4
C:\Users\Asus\PycharmProjects\AquaVision_v1\datasets\shrimp\ShrimpImages\ShrimpImages\BG\BG-74-img-3.jpg,BG,val,6.46,33.13,3.81,29.12,0.07,43.11
C:\Users\Asus\PycharmProjects\AquaVision_v1\datasets\shrimp\ShrimpImages\ShrimpImages\BG\BG-8-img-1.jpg,BG,train,6.43,26.77,3.12,24.05,0.406,33.96
C:\Users\Asus\PycharmProjects\AquaVision_v1\datasets\shrimp\ShrimpImages\ShrimpImages\BG\BG-8-img-2.jpg,BG,train,6.65,27.07,2.41,31.76,0.133,43.66
C:\Users\Asus\PycharmProjects\AquaVision_v1\datasets\shrimp\ShrimpImages\ShrimpImages\BG\BG-8-img-3.jpg,BG,test,6.0,31.26,2.13,25.59,0.209,48.2
C:\Users\Asus\PycharmProjects\AquaVision_v1\datasets\shrimp\ShrimpImages\ShrimpImages\BG\BG-9-img-1.jpg,BG,train,6.09,32.38,3.38,33.46,0.011,49.72
C:\Users\Asus\PycharmProjects\AquaVision_v1\datasets\shrimp\ShrimpImages\ShrimpImages\BG\BG-9-img-2.jpg,BG,test,6.18,31.12,3.23,25.19,0.236,38.37
C:\Users\Asus\PycharmProjects\AquaVision_v1\datasets\shrimp\ShrimpImages\ShrimpImages\BG\BG-9-img-3.jpg,BG,test,5.35,29.27,2.63,31.58,0.432,63.2
C:\Users\Asus\PycharmProjects\AquaVision_v1\datasets\shrimp\ShrimpImages\ShrimpImages\Healthy\Healthy-1-img-1.jpg,Healthy,train,6.95,24.75,7.57,12.62,0.027,12.93
C:\Users\Asus\PycharmProjects\AquaVision_v1\datasets\shrimp\ShrimpImages\ShrimpImages\Healthy\Healthy-1-img-2.jpg,Healthy,test,7.14,25.81,6.52,14.71,0.019,7.39
C:\Users\Asus\PycharmProjects\AquaVision_v1\datasets\shrimp\ShrimpImages\ShrimpImages\Healthy\Healthy-1-img-3.jpg,Healthy,train,7.28,25.87,7.79,13.39,0.011,16.92
C:\Users\Asus\PycharmProjects\AquaVision_v1\datasets\shrimp\ShrimpImages\ShrimpImages\Healthy\Healthy-10-img-1.jpg,Healthy,val,7.37,28.44,6.31,14.59,0.002,8.7
C:\Users\Asus\PycharmProjects\AquaVision_v1\datasets\shrimp\ShrimpImages\ShrimpImages\Healthy\Healthy-10-img-2.jpg,Healthy,train,6.99,26.05,6.12,15.47,0.042,7.33
C:\Users\Asus\PycharmProjects\AquaVision_v1\datasets\shrimp\ShrimpImages\ShrimpImages\Healthy\Healthy-10-img-3.jpg,Healthy,train,6.6,26.56,7.11,12.58,0.103,14.08
C:\Users\Asus\PycharmProjects\AquaVision_v1\datasets\shrimp\ShrimpImages\ShrimpImages\Healthy\Healthy-100-img-1.jpg,Healthy,train,7.78,24.94,6.47,16.12,0.004,12.23
C:\Users\Asus\PycharmProjects\AquaVision_v1\datasets\shrimp\ShrimpImages\ShrimpImages\Healthy\Healthy-100-img-2.jpg,Healthy,train,7.25,23.88,6.44,13.19,0.028,15.94
C:\Users\Asus\PycharmProjects\AquaVision_v1\datasets\shrimp\ShrimpImages\ShrimpImages\Healthy\Healthy-101-img-1.jpg,Healthy,train,6.84,24.36,6.34,17.43,0.015,12.43
C:\Users\Asus\PycharmProjects\AquaVision_v1\datasets\shrimp\ShrimpImages\ShrimpImages\Healthy\Healthy-101-img-2.jpg,Healthy,train,7.26,25.54,6.57,14.7,0.03,8.79
C:\Users\Asus\PycharmProjects\AquaVision_v1\datasets\shrimp\ShrimpImages\ShrimpImages\Healthy\Healthy-101-img-3.jpg,Healthy,train,6.93,23.25,6.75,12.79,0.018,5.54
C:\Users\Asus\PycharmProjects\AquaVision_v1\datasets\shrimp\ShrimpImages\ShrimpImages\Healthy\Healthy-102-img-1.jpg,Healthy,train,7.2,27.26,6.54,14.8,0.01,13.71
C:\Users\Asus\PycharmProjects\AquaVision_v1\datasets\shrimp\ShrimpImages\ShrimpImages\Healthy\Healthy-102-img-2.jpg,Healthy,train,7.38,25.74,6.12,16.07,0.008,9.3
C:\Users\Asus\PycharmProjects\AquaVision_v1\datasets\shrimp\ShrimpImages\ShrimpImages\Healthy\Healthy-102-img-3.jpg,Healthy,train,7.53,26.71,6.49,16.64,0.019,10.05
C:\Users\Asus\PycharmProjects\AquaVision_v1\datasets\shrimp\ShrimpImages\ShrimpImages\Healthy\Healthy-103-img-1.jpg,Healthy,train,7.36,24.4,6.35,13.78,0.001,11.44
C:\Users\Asus\PycharmProjects\AquaVision_v1\datasets\shrimp\ShrimpImages\ShrimpImages\Healthy\Healthy-103-img-2.jpg,Healthy,train,7.22,26.79,6.46,15.97,0.007,3.34
C:\Users\Asus\PycharmProjects\AquaVision_v1\datasets\shrimp\ShrimpImages\ShrimpImages\Healthy\Healthy-103-img-3.jpg,Healthy,train,7.07,24.19,9.04,18.06,0.003,15.66
C:\Users\Asus\PycharmProjects\AquaVision_v1\datasets\shrimp\ShrimpImages\ShrimpImages\Healthy\Healthy-104-img-1.jpg,Healthy,train,7.24,25.49,6.19,14.4,0.024,12.05
C:\Users\Asus\PycharmProjects\AquaVision_v1\datasets\shrimp\ShrimpImages\ShrimpImages\Healthy\Healthy-104-img-2.jpg,Healthy,train,6.98,26.66,7.1,16.9,0.015,7.55
C:\Users\Asus\PycharmProjects\AquaVision_v1\datasets\shrimp\ShrimpImages\ShrimpImages\Healthy\Healthy-105-img-1.jpg,Healthy,train,7.55,25.66,5.05,11.4,0.035,14.64
C:\Users\Asus\PycharmProjects\AquaVision_v1\datasets\shrimp\ShrimpImages\ShrimpImages\Healthy\Healthy-105-img-2.jpg,Healthy,test,6.42,25.18,6.7,12.04,0.0,12.55
C:\Users\Asus\PycharmProjects\AquaVision_v1\datasets\shrimp\ShrimpImages\ShrimpImages\Healthy\Healthy-105-img-3.jpg,Healthy,train,7.2,26.87,6.56,13.05,0.012,8.42
C:\Users\Asus\PycharmProjects\AquaVision_v1\datasets\shrimp\ShrimpImages\ShrimpImages\Healthy\Healthy-106-img-1.jpg,Healthy,train,7.19,25.74,7.36,12.26,0.012,7.16
C:\Users\Asus\PycharmProjects\AquaVision_v1\datasets\shrimp\ShrimpImages\ShrimpImages\Healthy\Healthy-106-img-2.jpg,Healthy,train,7.0,27.56,6.2,18.65,0.006,11.73
C:\Users\Asus\PycharmProjects\AquaVision_v1\datasets\shrimp\ShrimpImages\ShrimpImages\Healthy\Healthy-106-img-3.jpg,Healthy,train,7.48,27.11,6.65,17.6,0.001,16.68
C:\Users\Asus\PycharmProjects\AquaVision_v1\datasets\shrimp\ShrimpImages\ShrimpImages\Healthy\Healthy-107-img-2.jpg,Healthy,train,7.34,24.98,7.51,15.27,0.001,12.71
C:\Users\Asus\PycharmProjects\AquaVision_v1\datasets\shrimp\ShrimpImages\ShrimpImages\Healthy\Healthy-108-img-1.jpg,Healthy,train,7.06,23.98,6.01,17.4,0.022,10.03
C:\Users\Asus\PycharmProjects\AquaVision_v1\datasets\shrimp\ShrimpImages\ShrimpImages\Healthy\Healthy-108-img-3.jpg,Healthy,train,7.56,27.08,7.0,13.49,0.02,8.24
C:\Users\Asus\PycharmProjects\AquaVision_v1\datasets\shrimp\ShrimpImages\ShrimpImages\Healthy\Healthy-109-img-1.jpg,Healthy,test,7.05,27.99,6.78,15.91,0.001,18.5
C:\Users\Asus\PycharmProjects\AquaVision_v1\datasets\shrimp\ShrimpImages\ShrimpImages\Healthy\Healthy-109-img-2.jpg,Healthy,train,7.01,27.39,6.53,15.54,0.017,14.24
C:\Users\Asus\PycharmProjects\AquaVision_v1\datasets\shrimp\ShrimpImages\ShrimpImages\Healthy\Healthy-109-img-3.jpg,Healthy,train,7.38,25.45,6.08,12.91,0.012,6.1
C:\Users\Asus\PycharmProjects\AquaVision_v1\datasets\shrimp\ShrimpImages\ShrimpImages\Healthy\Healthy-11-img-1.jpg,Healthy,train,7.13,25.58,6.65,16.63,0.007,12.91
C:\Users\Asus\PycharmProjects\AquaVision_v1\datasets\shrimp\ShrimpImages\ShrimpImages\Healthy\Healthy-11-img-2.jpg,Healthy,test,7.28,25.75,6.64,14.5,0.037,16.82
C:\Users\Asus\PycharmProjects\AquaVision_v1\datasets\shrimp\ShrimpImages\ShrimpImages\Healthy\Healthy-11-img-3.jpg,Healthy,test,7.4,27.76,6.59,12.41,0.084,11.72
C:\Users\Asus\PycharmProjects\AquaVision_v1\datasets\shrimp\ShrimpImages\ShrimpImages\Healthy\Healthy-110-img-1.jpg,Healthy,val,7.17,25.21,6.79,17.48,0.026,12.06
C:\Users\Asus\PycharmProjects\AquaVision_v1\datasets\shrimp\ShrimpImages\ShrimpImages\Healthy\Healthy-110-img-2.jpg,Healthy,train,7.27,29.9,6.78,11.48,0.023,12.99
C:\Users\Asus\PycharmProjects\AquaVision_v1\datasets\shrimp\ShrimpImages\ShrimpImages\Healthy\Healthy-110-img-3.jpg,Healthy,train,7.47,25.79,5.89,14.58,0.032,9.45
C:\Users\Asus\PycharmProjects\AquaVision_v1\datasets\shrimp\ShrimpImages\ShrimpImages\Healthy\Healthy-111-img-1.jpg,Healthy,train,9.16,26.59,4.72,15.89,0.009,12.83
C:\Users\Asus\PycharmProjects\AquaVision_v1\datasets\shrimp\ShrimpImages\ShrimpImages\Healthy\Healthy-111-img-2.jpg,Healthy,train,7.39,25.82,6.71,13.23,0.007,10.69
C:\Users\Asus\PycharmProjects\AquaVision_v1\datasets\shrimp\ShrimpImages\ShrimpImages\Healthy\Healthy-111-img-3.jpg,Healthy,train,6.97,25.4,4.32,16.87,0.01,17.04
C:\Users\Asus\PycharmProjects\AquaVision_v1\datasets\shrimp\ShrimpImages\ShrimpImages\Healthy\Healthy-112-img-1.jpg,Healthy,train,7.58,25.17,7.78,13.87,0.017,12.55
C:\Users\Asus\PycharmProjects\AquaVision_v1\datasets\shrimp\ShrimpImages\ShrimpImages\Healthy\Healthy-112-img-2.jpg,Healthy,train,7.82,27.81,7.01,16.19,0.006,11.98
C:\Users\Asus\PycharmProjects\AquaVision_v1\datasets\shrimp\ShrimpImages\ShrimpImages\Healthy\Healthy-112-img-3.jpg,Healthy,train,7.59,25.74,6.27,16.39,0.031,14.87
C:\Users\Asus\PycharmProjects\AquaVision_v1\datasets\shrimp\ShrimpImages\ShrimpImages\Healthy\Healthy-113-img-1.jpg,Healthy,train,6.86,25.71,6.14,11.27,0.002,13.44
C:\Users\Asus\PycharmProjects\AquaVision_v1\datasets\shrimp\ShrimpImages\ShrimpImages\Healthy\Healthy-113-img-2.jpg,Healthy,train,6.79,24.46,7.43,17.44,0.003,13.75
C:\Users\Asus\PycharmProjects\AquaVision_v1\datasets\shrimp\ShrimpImages\ShrimpImages\Healthy\Healthy-113-img-3.jpg,Healthy,train,5.91,27.63,7.65,18.09,0.004,7.77
C:\Users\Asus\PycharmProjects\AquaVision_v1\datasets\shrimp\ShrimpImages\ShrimpImages\Healthy\Healthy-114-img-1.jpg,Healthy,val,6.67,26.48,6.43,14.07,0.041,7.22
C:\Users\Asus\PycharmProjects\AquaVision_v1\datasets\shrimp\ShrimpImages\ShrimpImages\Healthy\Healthy-115-img-1.jpg,Healthy,val,7.35,25.2,5.92,9.26,0.003,12.62
C:\Users\Asus\PycharmProjects\AquaVision_v1\datasets\shrimp\ShrimpImages\ShrimpImages\Healthy\Healthy-115-img-2.jpg,Healthy,train,7.09,28.49,6.27,13.8,0.019,13.41
C:\Users\Asus\PycharmProjects\AquaVision_v1\datasets\shrimp\ShrimpImages\ShrimpImages\Healthy\Healthy-115-img-3.jpg,Healthy,train,7.43,27.84,6.45,14.59,0.006,13.07
C:\Users\Asus\PycharmProjects\AquaVision_v1\datasets\shrimp\ShrimpImages\ShrimpImages\Healthy\Healthy-116-img-1.jpg,Healthy,train,7.13,27.37,6.1,17.99,0.001,11.19
C:\Users\Asus\PycharmProjects\AquaVision_v1\datasets\shrimp\ShrimpImages\ShrimpImages\Healthy\Healthy-117-img-1.jpg,Healthy,train,6.47,27.33,6.87,14.44,0.0,12.74
C:\Users\Asus\PycharmProjects\AquaVision_v1\datasets\shrimp\ShrimpImages\ShrimpImages\Healthy\Healthy-117-img-2.jpg,Healthy,train,7.23,23.66,6.24,16.59,0.004,8.24
C:\Users\Asus\PycharmProjects\AquaVision_v1\datasets\shrimp\ShrimpImages\ShrimpImages\Healthy\Healthy-118-img-1.jpg,Healthy,train,7.34,25.95,5.69,17.33,0.002,10.72
C:\Users\Asus\PycharmProjects\AquaVision_v1\datasets\shrimp\ShrimpImages\ShrimpImages\Healthy\Healthy-118-img-2.jpg,Healthy,train,7.04,26.3,7.07,12.97,0.039,12.19
C:\Users\Asus\PycharmProjects\AquaVision_v1\datasets\shrimp\ShrimpImages\ShrimpImages\Healthy\Healthy-118-img-3.jpg,Healthy,train,7.25,25.45,6.09,15.17,0.012,8.2
C:\Users\Asus\PycharmProjects\AquaVision_v1\datasets\shrimp\ShrimpImages\ShrimpImages\Healthy\Healthy-119-img-1.jpg,Healthy,train,7.18,26.65,6.95,10.27,0.021,8.97
C:\Users\Asus\PycharmProjects\AquaVision_v1\datasets\shrimp\ShrimpImages\ShrimpImages\Healthy\Healthy-119-img-2.jpg,Healthy,train,7.21,24.91,6.41,17.75,0.001,10.11
C:\Users\Asus\PycharmProjects\AquaVision_v1\datasets\shrimp\ShrimpImages\ShrimpImages\Healthy\Healthy-119-img-3.jpg,Healthy,train,7.38,25.28,6.02,15.25,0.005,16.87
C:\Users\Asus\PycharmProjects\AquaVision_v1\datasets\shrimp\ShrimpImages\ShrimpImages\Healthy\Healthy-12-img-1.jpg,Healthy,train,7.11,23.66,6.94,14.84,0.015,9.08
C:\Users\Asus\PycharmProjects\AquaVision_v1\datasets\shrimp\ShrimpImages\ShrimpImages\Healthy\Healthy-12-img-2.jpg,Healthy,test,7.2,25.36,7.07,15.23,0.007,7.69
C:\Users\Asus\PycharmProjects\AquaVision_v1\datasets\shrimp\ShrimpImages\ShrimpImages\Healthy\Healthy-12-img-3.jpg,Healthy,train,7.76,27.62,6.28,17.56,0.049,8.34
C:\Users\Asus\PycharmProjects\AquaVision_v1\datasets\shrimp\ShrimpImages\ShrimpImages\Healthy\Healthy-120-img-1.jpg,Healthy,train,7.24,25.03,7.01,14.33,0.004,10.79
C:\Users\Asus\PycharmProjects\AquaVision_v1\datasets\shrimp\ShrimpImages\ShrimpImages\Healthy\Healthy-120-img-2.jpg,Healthy,train,6.91,26.64,7.53,12.86,0.002,12.57
C:\Users\Asus\PycharmProjects\AquaVision_v1\datasets\shrimp\ShrimpImages\ShrimpImages\Healthy\Healthy-120-img-3.jpg,Healthy,train,7.27,25.88,6.73,12.88,0.043,13.28
C:\Users\Asus\PycharmProjects\AquaVision_v1\datasets\shrimp\ShrimpImages\ShrimpImages\Healthy\Healthy-121-img-1.jpg,Healthy,train,7.56,29.88,6.79,15.65,0.002,9.58
C:\Users\Asus\PycharmProjects\AquaVision_v1\datasets\shrimp\ShrimpImages\ShrimpImages\Healthy\Healthy-121-img-2.jpg,Healthy,train,7.38,26.25,7.16,12.99,0.013,15.42
C:\Users\Asus\PycharmProjects\AquaVision_v1\datasets\shrimp\ShrimpImages\ShrimpImages\Healthy\Healthy-121-img-3.jpg,Healthy,test,6.56,25.09,7.15,14.95,0.008,13.64
C:\Users\Asus\PycharmProjects\AquaVision_v1\datasets\shrimp\ShrimpImages\ShrimpImages\Healthy\Healthy-122-img-1.jpg,Healthy,train,6.95,25.64,6.32,14.22,0.012,9.23
C:\Users\Asus\PycharmProjects\AquaVision_v1\datasets\shrimp\ShrimpImages\ShrimpImages\Healthy\Healthy-122-img-2.jpg,Healthy,train,7.57,28.28,7.0,14.14,0.013,12.11
C:\Users\Asus\PycharmProjects\AquaVision_v1\datasets\shrimp\ShrimpImages\ShrimpImages\Healthy\Healthy-122-img-3.jpg,Healthy,train,7.24,24.23,7.09,14.07,0.004,12.6
C:\Users\Asus\PycharmProjects\AquaVision_v1\datasets\shrimp\ShrimpImages\ShrimpImages\Healthy\Healthy-123-img-1.jpg,Healthy,train,7.38,25.29,6.94,12.31,0.024,6.19
C:\Users\Asus\PycharmProjects\AquaVision_v1\datasets\shrimp\ShrimpImages\ShrimpImages\Healthy\Healthy-123-img-2.jpg,Healthy,train,7.24,26.77,6.59,15.7,0.031,13.47
C:\Users\Asus\PycharmProjects\AquaVision_v1\datasets\shrimp\ShrimpImages\ShrimpImages\Healthy\Healthy-123-img-3.jpg,Healthy,val,7.32,25.64,6.84,18.8,0.002,6.89
C:\Users\Asus\PycharmProjects\AquaVision_v1\datasets\shrimp\ShrimpImages\ShrimpImages\Healthy\Healthy-124-img-1.jpg,Healthy,train,6.52,22.74,6.92,13.93,0.027,11.73
C:\Users\Asus\PycharmProjects\AquaVision_v1\datasets\shrimp\ShrimpImages\ShrimpImages\Healthy\Healthy-124-img-2.jpg,Healthy,train,7.41,25.35,6.76,14.48,0.028,14.67
C:\Users\Asus\PycharmProjects\AquaVision_v1\datasets\shrimp\ShrimpImages\ShrimpImages\Healthy\Healthy-124-img-3.jpg,Healthy,train,7.04,26.55,7.42,14.55,0.0,10.95
C:\Users\Asus\PycharmProjects\AquaVision_v1\datasets\shrimp\ShrimpImages\ShrimpImages\Healthy\Healthy-125-img-1.jpg,Healthy,train,7.44,23.58,5.97,12.86,0.027,13.28
C:\Users\Asus\PycharmProjects\AquaVision_v1\datasets\shrimp\ShrimpImages\ShrimpImages\Healthy\Healthy-125-img-2.jpg,Healthy,train,7.47,25.84,6.42,15.14,0.001,15.49
C:\Users\Asus\PycharmProjects\AquaVision_v1\datasets\shrimp\ShrimpImages\ShrimpImages\Healthy\Healthy-125-img-3.jpg,Healthy,train,6.92,26.36,6.99,16.0,0.042,13.96
C:\Users\Asus\PycharmProjects\AquaVision_v1\datasets\shrimp\ShrimpImages\ShrimpImages\Healthy\Healthy-126-img-1.jpg,Healthy,train,8.01,25.02,5.58,16.02,0.045,16.12
C:\Users\Asus\PycharmProjects\AquaVision_v1\datasets\shrimp\ShrimpImages\ShrimpImages\Healthy\Healthy-126-img-2.jpg,Healthy,train,7.68,27.97,7.32,16.48,0.005,9.1
C:\Users\Asus\PycharmProjects\AquaVision_v1\datasets\shrimp\ShrimpImages\ShrimpImages\Healthy\Healthy-126-img-3.jpg,Healthy,train,7.21,29.26,6.41,15.25,0.027,13.65
C:\Users\Asus\PycharmProjects\AquaVision_v1\datasets\shrimp\ShrimpImages\ShrimpImages\Healthy\Healthy-127-img-1.jpg,Healthy,train,7.01,26.29,6.13,12.36,0.013,11.34
C:\Users\Asus\PycharmProjects\AquaVision_v1\datasets\shrimp\ShrimpImages\ShrimpImages\Healthy\Healthy-127-img-2.jpg,Healthy,train,6.27,23.74,5.75,15.16,0.0,7.63
C:\Users\Asus\PycharmProjects\AquaVision_v1\datasets\shrimp\ShrimpImages\ShrimpImages\Healthy\Healthy-127-img-3.jpg,Healthy,train,7.3,28.01,5.56,15.23,0.054,9.66
C:\Users\Asus\PycharmProjects\AquaVision_v1\datasets\shrimp\ShrimpImages\ShrimpImages\Healthy\Healthy-128-img-1.jpg,Healthy,train,7.14,25.52,6.1,17.15,0.014,12.06
C:\Users\Asus\PycharmProjects\AquaVision_v1\datasets\shrimp\ShrimpImages\ShrimpImages\Healthy\Healthy-128-img-2.jpg,Healthy,train,6.99,23.73,5.6,11.83,0.048,14.32
C:\Users\Asus\PycharmProjects\AquaVision_v1\datasets\shrimp\ShrimpImages\ShrimpImages\Healthy\Healthy-128-img-3.jpg,Healthy,train,7.66,25.28,6.57,18.22,0.002,14.69
C:\Users\Asus\PycharmProjects\AquaVision_v1\datasets\shrimp\ShrimpImages\ShrimpImages\Healthy\Healthy-129-img-1.jpg,Healthy,val,6.55,24.92,6.39,13.03,0.028,13.54
C:\Users\Asus\PycharmProjects\AquaVision_v1\datasets\shrimp\ShrimpImages\ShrimpImages\Healthy\Healthy-129-img-2.jpg,Healthy,val,7.15,24.36,7.21,14.8,0.02,12.06
C:\Users\Asus\PycharmProjects\AquaVision_v1\datasets\shrimp\ShrimpImages\ShrimpImages\Healthy\Healthy-129-img-3.jpg,Healthy,val,7.49,26.43,6.19,15.72,0.047,12.18
C:\Users\Asus\PycharmProjects\AquaVision_v1\datasets\shrimp\ShrimpImages\ShrimpImages\Healthy\Healthy-13-img-1.jpg,Healthy,train,7.14,25.95,4.85,14.74,0.017,6.35
C:\Users\Asus\PycharmProjects\AquaVision_v1\datasets\shrimp\ShrimpImages\ShrimpImages\Healthy\Healthy-13-img-2.jpg,Healthy,test,7.58,24.7,6.98,15.85,0.024,17.52
C:\Users\Asus\PycharmProjects\AquaVision_v1\datasets\shrimp\ShrimpImages\ShrimpImages\Healthy\Healthy-13-img-3.jpg,Healthy,train,6.98,27.5,6.16,17.78,0.035,11.25
C:\Users\Asus\PycharmProjects\AquaVision_v1\datasets\shrimp\ShrimpImages\ShrimpImages\Healthy\Healthy-130-img-1.jpg,Healthy,train,7.16,27.22,6.9,11.5,0.009,16.76
C:\Users\Asus\PycharmProjects\AquaVision_v1\datasets\shrimp\ShrimpImages\ShrimpImages\Healthy\Healthy-130-img-2.jpg,Healthy,test,7.43,24.36,6.29,12.79,0.044,11.36
C:\Users\Asus\PycharmProjects\AquaVision_v1\datasets\shrimp\ShrimpImages\ShrimpImages\Healthy\Healthy-130-img-3.jpg,Healthy,train,7.59,28.09,6.22,14.58,0.011,15.33
C:\Users\Asus\PycharmProjects\AquaVision_v1\datasets\shrimp\ShrimpImages\ShrimpImages\Healthy\Healthy-131-img-1.jpg,Healthy,train,6.84,24.15,6.2,14.95,0.023,12.84
C:\Users\Asus\PycharmProjects\AquaVision_v1\datasets\shrimp\ShrimpImages\ShrimpImages\Healthy\Healthy-131-img-2.jpg,Healthy,train,6.7,25.98,6.38,15.01,0.01,8.71
C:\Users\Asus\PycharmProjects\AquaVision_v1\datasets\shrimp\ShrimpImages\ShrimpImages\Healthy\Healthy-131-img-3.jpg,Healthy,train,7.68,26.84,6.35,16.39,0.018,11.0
C:\Users\Asus\PycharmProjects\AquaVision_v1\datasets\shrimp\ShrimpImages\ShrimpImages\Healthy\Healthy-132-img-1.jpg,Healthy,train,7.17,26.67,5.71,12.75,0.016,12.55
C:\Users\Asus\PycharmProjects\AquaVision_v1\datasets\shrimp\ShrimpImages\ShrimpImages\Healthy\Healthy-132-img-2.jpg,Healthy,train,6.85,26.96,6.75,11.4,0.006,10.37
C:\Users\Asus\PycharmProjects\AquaVision_v1\datasets\shrimp\ShrimpImages\ShrimpImages\Healthy\Healthy-132-img-3.jpg,Healthy,train,7.15,25.29,5.51,16.5,0.017,11.48
C:\Users\Asus\PycharmProjects\AquaVision_v1\datasets\shrimp\ShrimpImages\ShrimpImages\Healthy\Healthy-133-img-1.jpg,Healthy,test,6.87,22.2,6.36,17.2,0.019,17.88
C:\Users\Asus\PycharmProjects\AquaVision_v1\datasets\shrimp\ShrimpImages\ShrimpImages\Healthy\Healthy-133-img-2.jpg,Healthy,test,7.06,25.84,7.82,11.99,0.005,12.8
C:\Users\Asus\PycharmProjects\AquaVision_v1\datasets\shrimp\ShrimpImages\ShrimpImages\Healthy\Healthy-133-img-3.jpg,Healthy,train,7.73,26.46,6.3,15.54,0.006,10.97
C:\Users\Asus\PycharmProjects\AquaVision_v1\datasets\shrimp\ShrimpImages\ShrimpImages\Healthy\Healthy-134-img-1.jpg,Healthy,train,7.31,25.96,7.06,14.9,0.018,7.66
C:\Users\Asus\PycharmProjects\AquaVision_v1\datasets\shrimp\ShrimpImages\ShrimpImages\Healthy\Healthy-134-img-2.jpg,Healthy,val,6.95,25.11,7.19,10.73,0.017,21.41
C:\Users\Asus\PycharmProjects\AquaVision_v1\datasets\shrimp\ShrimpImages\ShrimpImages\Healthy\Healthy-134-img-3.jpg,Healthy,train,7.18,26.43,6.76,16.29,0.017,15.5
C:\Users\Asus\PycharmProjects\AquaVision_v1\datasets\shrimp\ShrimpImages\ShrimpImages\Healthy\Healthy-135-img-1.jpg,Healthy,train,7.14,26.89,5.03,16.31,0.0,12.58
C:\Users\Asus\PycharmProjects\AquaVision_v1\datasets\shrimp\ShrimpImages\ShrimpImages\Healthy\Healthy-135-img-2.jpg,Healthy,train,7.54,27.42,6.11,15.81,0.007,15.44
C:\Users\Asus\PycharmProjects\AquaVision_v1\datasets\shrimp\ShrimpImages\ShrimpImages\Healthy\Healthy-135-img-3.jpg,Healthy,val,7.04,27.43,6.76,16.45,0.027,13.55
C:\Users\Asus\PycharmProjects\AquaVision_v1\datasets\shrimp\ShrimpImages\ShrimpImages\Healthy\Healthy-136-img-1.jpg,Healthy,train,7.44,27.13,7.09,16.42,0.037,9.7
C:\Users\Asus\PycharmProjects\AquaVision_v1\datasets\shrimp\ShrimpImages\ShrimpImages\Healthy\Healthy-136-img-2.jpg,Healthy,train,7.26,25.76,6.13,13.65,0.009,11.57
C:\Users\Asus\PycharmProjects\AquaVision_v1\datasets\shrimp\ShrimpImages\ShrimpImages\Healthy\Healthy-136-img-3.jpg,Healthy,val,6.63,26.32,6.5,13.37,0.032,11.46
C:\Users\Asus\PycharmProjects\AquaVision_v1\datasets\shrimp\ShrimpImages\ShrimpImages\Healthy\Healthy-137-img-1.jpg,Healthy,test,7.22,23.59,6.12,13.46,0.033,9.18
C:\Users\Asus\PycharmProjects\AquaVision_v1\datasets\shrimp\ShrimpImages\ShrimpImages\Healthy\Healthy-137-img-2.jpg,Healthy,train,7.45,25.71,6.37,10.99,0.005,12.24
C:\Users\Asus\PycharmProjects\AquaVision_v1\datasets\shrimp\ShrimpImages\ShrimpImages\Healthy\Healthy-137-img-3.jpg,Healthy,test,7.21,28.04,5.85,8.96,0.018,12.55
C:\Users\Asus\PycharmProjects\AquaVision_v1\datasets\shrimp\ShrimpImages\ShrimpImages\Healthy\Healthy-138-img-1.jpg,Healthy,train,7.26,25.26,6.9,13.05,0.035,12.71
C:\Users\Asus\PycharmProjects\AquaVision_v1\datasets\shrimp\ShrimpImages\ShrimpImages\Healthy\Healthy-138-img-2.jpg,Healthy,val,7.61,26.59,6.25,14.95,0.007,6.69
C:\Users\Asus\PycharmProjects\AquaVision_v1\datasets\shrimp\ShrimpImages\ShrimpImages\Healthy\Healthy-138-img-3.jpg,Healthy,test,7.04,26.23,6.09,17.24,0.0,10.12
C:\Users\Asus\PycharmProjects\AquaVision_v1\datasets\shrimp\ShrimpImages\ShrimpImages\Healthy\Healthy-139-img-1.jpg,Healthy,test,7.2,25.51,6.58,16.65,0.008,9.4
C:\Users\Asus\PycharmProjects\AquaVision_v1\datasets\shrimp\ShrimpImages\ShrimpImages\Healthy\Healthy-139-img-2.jpg,Healthy,val,6.8,24.77,6.26,16.75,0.031,11.52
C:\Users\Asus\PycharmProjects\AquaVision_v1\datasets\shrimp\ShrimpImages\ShrimpImages\Healthy\Healthy-139-img-3.jpg,Healthy,train,7.48,26.59,6.45,15.53,0.014,10.25
C:\Users\Asus\PycharmProjects\AquaVision_v1\datasets\shrimp\ShrimpImages\ShrimpImages\Healthy\Healthy-14-img-1.jpg,Healthy,train,7.63,27.39,6.98,17.47,0.068,8.83
C:\Users\Asus\PycharmProjects\AquaVision_v1\datasets\shrimp\ShrimpImages\ShrimpImages\Healthy\Healthy-14-img-2.jpg,Healthy,train,7.52,26.92,7.1,14.72,0.063,10.65
C:\Users\Asus\PycharmProjects\AquaVision_v1\datasets\shrimp\ShrimpImages\ShrimpImages\Healthy\Healthy-14-img-3.jpg,Healthy,test,6.77,22.56,6.22,12.56,0.009,15.71
C:\Users\Asus\PycharmProjects\AquaVision_v1\datasets\shrimp\ShrimpImages\ShrimpImages\Healthy\Healthy-140-img-1.jpg,Healthy,train,7.1,26.93,5.93,17.08,0.005,11.77
C:\Users\Asus\PycharmProjects\AquaVision_v1\datasets\shrimp\ShrimpImages\ShrimpImages\Healthy\Healthy-140-img-2.jpg,Healthy,train,6.73,27.23,6.69,13.2,0.027,15.23
C:\Users\Asus\PycharmProjects\AquaVision_v1\datasets\shrimp\ShrimpImages\ShrimpImages\Healthy\Healthy-140-img-3.jpg,Healthy,train,6.83,24.65,5.32,14.34,0.009,13.81
C:\Users\Asus\PycharmProjects\AquaVision_v1\datasets\shrimp\ShrimpImages\ShrimpImages\Healthy\Healthy-141-img-1.jpg,Healthy,train,7.42,25.23,6.39,13.01,0.014,14.34
C:\Users\Asus\PycharmProjects\AquaVision_v1\datasets\shrimp\ShrimpImages\ShrimpImages\Healthy\Healthy-141-img-2.jpg,Healthy,test,6.48,25.97,6.37,15.04,0.023,13.64
C:\Users\Asus\PycharmProjects\AquaVision_v1\datasets\shrimp\ShrimpImages\ShrimpImages\Healthy\Healthy-141-img-3.jpg,Healthy,train,7.41,27.08,6.72,15.04,0.003,11.29
C:\Users\Asus\PycharmProjects\AquaVision_v1\datasets\shrimp\ShrimpImages\ShrimpImages\Healthy\Healthy-142-img-1.jpg,Healthy,train,7.26,26.15,7.27,12.52,0.0,7.6
C:\Users\Asus\PycharmProjects\AquaVision_v1\datasets\shrimp\ShrimpImages\ShrimpImages\Healthy\Healthy-142-img-2.jpg,Healthy,train,7.25,26.08,6.59,15.49,0.03,5.18
C:\Users\Asus\PycharmProjects\AquaVision_v1\datasets\shrimp\ShrimpImages\ShrimpImages\Healthy\Healthy-142-img-3.jpg,Healthy,test,6.92,25.85,5.68,14.65,0.001,16.98
C:\Users\Asus\PycharmProjects\AquaVision_v1\datasets\shrimp\ShrimpImages\ShrimpImages\Healthy\Healthy-15-img-1.jpg,Healthy,train,7.21,26.35,5.87,13.77,0.004,13.02
C:\Users\Asus\PycharmProjects\AquaVision_v1\datasets\shrimp\ShrimpImages\ShrimpImages\Healthy\Healthy-15-img-2.jpg,Healthy,train,6.9,24.33,6.62,16.0,0.01,15.42
C:\Users\Asus\PycharmProjects\AquaVision_v1\datasets\shrimp\ShrimpImages\ShrimpImages\Healthy\Healthy-15-img-3.jpg,Healthy,test,7.58,24.11,5.13,15.93,0.013,12.99
C:\Users\Asus\PycharmProjects\AquaVision_v1\datasets\shrimp\ShrimpImages\ShrimpImages\Healthy\Healthy-16-img-1.jpg,Healthy,val,7.83,23.59,6.59,19.05,0.002,12.02
C:\Users\Asus\PycharmProjects\AquaVision_v1\datasets\shrimp\ShrimpImages\ShrimpImages\Healthy\Healthy-16-img-3.jpg,Healthy,train,7.15,28.06,5.39,18.07,0.001,11.4
C:\Users\Asus\PycharmProjects\AquaVision_v1\datasets\shrimp\ShrimpImages\ShrimpImages\Healthy\Healthy-17-img-1.jpg,Healthy,val,6.83,25.36,6.79,11.8,0.011,13.39
C:\Users\Asus\PycharmProjects\AquaVision_v1\datasets\shrimp\ShrimpImages\ShrimpImages\Healthy\Healthy-18-img-1.jpg,Healthy,train,7.26,25.01,6.71,15.04,0.028,11.75
C:\Users\Asus\PycharmProjects\AquaVision_v1\datasets\shrimp\ShrimpImages\ShrimpImages\Healthy\Healthy-18-img-2.jpg,Healthy,train,6.83,27.08,5.85,13.09,0.017,13.42
C:\Users\Asus\PycharmProjects\AquaVision_v1\datasets\shrimp\ShrimpImages\ShrimpImages\Healthy\Healthy-18-img-3.jpg,Healthy,train,7.11,26.0,5.87,16.21,0.008,13.41
C:\Users\Asus\PycharmProjects\AquaVision_v1\datasets\shrimp\ShrimpImages\ShrimpImages\Healthy\Healthy-19-img-1.jpg,Healthy,train,7.41,25.34,6.47,19.2,0.003,11.26
C:\Users\Asus\PycharmProjects\AquaVision_v1\datasets\shrimp\ShrimpImages\ShrimpImages\Healthy\Healthy-19-img-3.jpg,Healthy,train,7.42,25.73,6.18,17.64,0.01,12.74
C:\Users\Asus\PycharmProjects\AquaVision_v1\datasets\shrimp\ShrimpImages\ShrimpImages\Healthy\Healthy-2-img-1.jpg,Healthy,val,7.25,23.2,7.0,13.63,0.017,14.37
C:\Users\Asus\PycharmProjects\AquaVision_v1\datasets\shrimp\ShrimpImages\ShrimpImages\Healthy\Healthy-2-img-2.jpg,Healthy,test,6.84,27.1,6.51,13.09,0.005,12.64
C:\Users\Asus\PycharmProjects\AquaVision_v1\datasets\shrimp\ShrimpImages\ShrimpImages\Healthy\Healthy-2-img-3.jpg,Healthy,train,7.14,26.16,6.79,18.95,0.015,7.31
C:\Users\Asus\PycharmProjects\AquaVision_v1\datasets\shrimp\ShrimpImages\ShrimpImages\Healthy\Healthy-20-img-1.jpg,Healthy,val,6.93,24.0,6.41,16.84,0.03,10.92
C:\Users\Asus\PycharmProjects\AquaVision_v1\datasets\shrimp\ShrimpImages\ShrimpImages\Healthy\Healthy-20-img-2.jpg,Healthy,train,6.16,24.12,6.68,16.77,0.005,10.74
C:\Users\Asus\PycharmProjects\AquaVision_v1\datasets\shrimp\ShrimpImages\ShrimpImages\Healthy\Healthy-20-img-3.jpg,Healthy,train,6.42,26.3,6.72,15.81,0.008,15.11
C:\Users\Asus\PycharmProjects\AquaVision_v1\datasets\shrimp\ShrimpImages\ShrimpImages\Healthy\Healthy-21-img-1.jpg,Healthy,train,7.42,23.33,6.66,13.99,0.003,11.76
C:\Users\Asus\PycharmProjects\AquaVision_v1\datasets\shrimp\ShrimpImages\ShrimpImages\Healthy\Healthy-22-img-1.jpg,Healthy,train,7.0,26.05,5.96,12.83,0.005,15.65
C:\Users\Asus\PycharmProjects\AquaVision_v1\datasets\shrimp\ShrimpImages\ShrimpImages\Healthy\Healthy-23-img-1.jpg,Healthy,train,7.45,23.41,6.16,17.39,0.034,9.06
C:\Users\Asus\PycharmProjects\AquaVision_v1\datasets\shrimp\ShrimpImages\ShrimpImages\Healthy\Healthy-24-img-1.jpg,Healthy,val,7.44,25.62,6.2,17.84,0.018,10.2
C:\Users\Asus\PycharmProjects\AquaVision_v1\datasets\shrimp\ShrimpImages\ShrimpImages\Healthy\Healthy-25-img-1.jpg,Healthy,train,7.92,24.75,4.51,15.84,0.061,16.2
C:\Users\Asus\PycharmProjects\AquaVision_v1\datasets\shrimp\ShrimpImages\ShrimpImages\Healthy\Healthy-25-img-2.jpg,Healthy,train,7.52,24.5,6.31,15.5,0.014,5.07
C:\Users\Asus\PycharmProjects\AquaVision_v1\datasets\shrimp\ShrimpImages\ShrimpImages\Healthy\Healthy-25-img-3.jpg,Healthy,test,7.25,26.8,6.94,14.36,0.051,17.39
C:\Users\Asus\PycharmProjects\AquaVision_v1\datasets\shrimp\ShrimpImages\ShrimpImages\Healthy\Healthy-26-img-1.jpg,Healthy,train,7.4,26.63,6.92,13.77,0.004,8.1
C:\Users\Asus\PycharmProjects\AquaVision_v1\datasets\shrimp\ShrimpImages\ShrimpImages\Healthy\Healthy-26-img-2.jpg,Healthy,train,6.83,26.66,6.89,15.92,0.059,17.02
C:\Users\Asus\PycharmProjects\AquaVision_v1\datasets\shrimp\ShrimpImages\ShrimpImages\Healthy\Healthy-27-img-2.jpg,Healthy,test,6.87,25.42,6.85,16.7,0.01,11.82
C:\Users\Asus\PycharmProjects\AquaVision_v1\datasets\shrimp\ShrimpImages\ShrimpImages\Healthy\Healthy-28-img-1.jpg,Healthy,train,7.34,27.34,6.79,16.0,0.001,12.15
C:\Users\Asus\PycharmProjects\AquaVision_v1\datasets\shrimp\ShrimpImages\ShrimpImages\Healthy\Healthy-28-img-2.jpg,Healthy,train,7.41,26.63,6.75,13.95,0.016,9.01
C:\Users\Asus\PycharmProjects\AquaVision_v1\datasets\shrimp\ShrimpImages\ShrimpImages\Healthy\Healthy-28-img-3.jpg,Healthy,train,7.12,25.28,6.07,16.39,0.022,10.82
C:\Users\Asus\PycharmProjects\AquaVision_v1\datasets\shrimp\ShrimpImages\ShrimpImages\Healthy\Healthy-29-img-1.jpg,Healthy,train,7.41,23.95,7.11,15.52,0.047,12.21
C:\Users\Asus\PycharmProjects\AquaVision_v1\datasets\shrimp\ShrimpImages\ShrimpImages\Healthy\Healthy-29-img-2.jpg,Healthy,train,7.01,24.46,5.82,11.96,0.026,15.34
C:\Users\Asus\PycharmProjects\AquaVision_v1\datasets\shrimp\ShrimpImages\ShrimpImages\Healthy\Healthy-29-img-3.jpg,Healthy,train,7.04,23.44,5.94,17.47,0.001,13.62
C:\Users\Asus\PycharmProjects\AquaVision_v1\datasets\shrimp\ShrimpImages\ShrimpImages\Healthy\Healthy-3-img-1.jpg,Healthy,test,7.15,27.68,7.22,14.28,0.028,8.02
C:\Users\Asus\PycharmProjects\AquaVision_v1\datasets\shrimp\ShrimpImages\ShrimpImages\Healthy\Healthy-3-img-2.jpg,Healthy,train,6.91,24.56,6.67,14.9,0.001,8.02
C:\Users\Asus\PycharmProjects\AquaVision_v1\datasets\shrimp\ShrimpImages\ShrimpImages\Healthy\Healthy-3-img-3.jpg,Healthy,train,7.22,25.65,6.04,16.78,0.011,15.11
C:\Users\Asus\PycharmProjects\AquaVision_v1\datasets\shrimp\ShrimpImages\ShrimpImages\Healthy\Healthy-31-img-1.jpg,Healthy,train,6.75,25.02,6.46,12.1,0.006,14.85
C:\Users\Asus\PycharmProjects\AquaVision_v1\datasets\shrimp\ShrimpImages\ShrimpImages\Healthy\Healthy-31-img-2.jpg,Healthy,train,6.81,24.92,6.59,13.91,0.018,11.19
C:\Users\Asus\PycharmProjects\AquaVision_v1\datasets\shrimp\ShrimpImages\ShrimpImages\Healthy\Healthy-31-img-3.jpg,Healthy,train,6.81,27.24,6.91,12.7,0.025,7.28
C:\Users\Asus\PycharmProjects\AquaVision_v1\datasets\shrimp\ShrimpImages\ShrimpImages\Healthy\Healthy-32-img-1.jpg,Healthy,train,7.48,27.53,6.64,16.1,0.005,13.02
C:\Users\Asus\PycharmProjects\AquaVision_v1\datasets\shrimp\ShrimpImages\ShrimpImages\Healthy\Healthy-32-img-2.jpg,Healthy,train,7.51,27.75,6.39,14.91,0.017,11.02
C:\Users\Asus\PycharmProjects\AquaVision_v1\datasets\shrimp\ShrimpImages\ShrimpImages\Healthy\Healthy-32-img-3.jpg,Healthy,train,6.71,27.69,6.33,16.13,0.075,8.94
C:\Users\Asus\PycharmProjects\AquaVision_v1\datasets\shrimp\ShrimpImages\ShrimpImages\Healthy\Healthy-33-img-1.jpg,Healthy,val,7.19,25.74,6.61,14.26,0.049,7.18
C:\Users\Asus\PycharmProjects\AquaVision_v1\datasets\shrimp\ShrimpImages\ShrimpImages\Healthy\Healthy-33-img-2.jpg,Healthy,test,7.07,28.62,7.19,12.42,0.025,14.07
C:\Users\Asus\PycharmProjects\AquaVision_v1\datasets\shrimp\ShrimpImages\ShrimpImages\Healthy\Healthy-33-img-3.jpg,Healthy,train,7.29,25.65,6.11,13.62,0.006,17.12
C:\Users\Asus\PycharmProjects\AquaVision_v1\datasets\shrimp\ShrimpImages\ShrimpImages\Healthy\Healthy-34-img-1.jpg,Healthy,train,7.11,25.13,6.62,16.0,0.054,13.42
C:\Users\Asus\PycharmProjects\AquaVision_v1\datasets\shrimp\ShrimpImages\ShrimpImages\Healthy\Healthy-34-img-2.jpg,Healthy,val,7.34,24.14,6.93,16.77,0.015,11.44
C:\Users\Asus\PycharmProjects\AquaVision_v1\datasets\shrimp\ShrimpImages\ShrimpImages\Healthy\Healthy-34-img-3.jpg,Healthy,test,7.01,27.61,7.68,13.43,0.045,7.86
C:\Users\Asus\PycharmProjects\AquaVision_v1\datasets\shrimp\ShrimpImages\ShrimpImages\Healthy\Healthy-35-img-1.jpg,Healthy,train,7.13,28.18,5.83,16.39,0.024,7.15
C:\Users\Asus\PycharmProjects\AquaVision_v1\datasets\shrimp\ShrimpImages\ShrimpImages\Healthy\Healthy-35-img-2.jpg,Healthy,test,6.59,25.18,6.93,14.23,0.007,11.86
C:\Users\Asus\PycharmProjects\AquaVision_v1\datasets\shrimp\ShrimpImages\ShrimpImages\Healthy\Healthy-35-img-3.jpg,Healthy,train,7.2,24.97,6.25,17.89,0.021,9.9
C:\Users\Asus\PycharmProjects\AquaVision_v1\datasets\shrimp\ShrimpImages\ShrimpImages\Healthy\Healthy-36-img-1.jpg,Healthy,val,7.05,27.19,6.67,16.14,0.002,14.9
C:\Users\Asus\PycharmProjects\AquaVision_v1\datasets\shrimp\ShrimpImages\ShrimpImages\Healthy\Healthy-36-img-2.jpg,Healthy,train,6.87,24.76,7.97,17.49,0.009,15.15
C:\Users\Asus\PycharmProjects\AquaVision_v1\datasets\shrimp\ShrimpImages\ShrimpImages\Healthy\Healthy-36-img-3.jpg,Healthy,train,7.06,26.82,6.37,14.75,0.009,12.98
C:\Users\Asus\PycharmProjects\AquaVision_v1\datasets\shrimp\ShrimpImages\ShrimpImages\Healthy\Healthy-37-img-1.jpg,Healthy,train,7.13,24.72,6.59,20.97,0.004,13.25
C:\Users\Asus\PycharmProjects\AquaVision_v1\datasets\shrimp\ShrimpImages\ShrimpImages\Healthy\Healthy-37-img-2.jpg,Healthy,train,7.45,26.63,6.8,19.11,0.003,8.61
C:\Users\Asus\PycharmProjects\AquaVision_v1\datasets\shrimp\ShrimpImages\ShrimpImages\Healthy\Healthy-37-img-3.jpg,Healthy,val,7.37,24.62,6.29,14.41,0.004,12.34
C:\Users\Asus\PycharmProjects\AquaVision_v1\datasets\shrimp\ShrimpImages\ShrimpImages\Healthy\Healthy-38-img-1.jpg,Healthy,train,7.72,24.94,5.87,14.57,0.015,11.07
C:\Users\Asus\PycharmProjects\AquaVision_v1\datasets\shrimp\ShrimpImages\ShrimpImages\Healthy\Healthy-38-img-2.jpg,Healthy,train,6.79,25.15,7.01,19.18,0.011,16.03
C:\Users\Asus\PycharmProjects\AquaVision_v1\datasets\shrimp\ShrimpImages\ShrimpImages\Healthy\Healthy-39-img-1.jpg,Healthy,train,6.5,24.7,6.77,9.73,0.041,12.01
C:\Users\Asus\PycharmProjects\AquaVision_v1\datasets\shrimp\ShrimpImages\ShrimpImages\Healthy\Healthy-39-img-3.jpg,Healthy,train,6.9,26.13,6.04,15.51,0.008,13.3
C:\Users\Asus\PycharmProjects\AquaVision_v1\datasets\shrimp\ShrimpImages\ShrimpImages\Healthy\Healthy-4-img-1.jpg,Healthy,train,9.58,27.29,4.71,15.08,0.011,7.65
C:\Users\Asus\PycharmProjects\AquaVision_v1\datasets\shrimp\ShrimpImages\ShrimpImages\Healthy\Healthy-4-img-2.jpg,Healthy,train,7.64,27.5,6.64,18.52,0.036,13.08
C:\Users\Asus\PycharmProjects\AquaVision_v1\datasets\shrimp\ShrimpImages\ShrimpImages\Healthy\Healthy-4-img-3.jpg,Healthy,train,7.3,27.64,6.19,12.36,0.039,11.39
C:\Users\Asus\PycharmProjects\AquaVision_v1\datasets\shrimp\ShrimpImages\ShrimpImages\Healthy\Healthy-40-img-1.jpg,Healthy,test,6.96,25.9,7.12,14.09,0.046,11.17
C:\Users\Asus\PycharmProjects\AquaVision_v1\datasets\shrimp\ShrimpImages\ShrimpImages\Healthy\Healthy-40-img-2.jpg,Healthy,train,7.48,25.09,6.61,17.4,0.011,10.52
C:\Users\Asus\PycharmProjects\AquaVision_v1\datasets\shrimp\ShrimpImages\ShrimpImages\Healthy\Healthy-41-img-1.jpg,Healthy,train,6.64,26.93,6.18,12.62,0.009,11.44
C:\Users\Asus\PycharmProjects\AquaVision_v1\datasets\shrimp\ShrimpImages\ShrimpImages\Healthy\Healthy-42-img-1.jpg,Healthy,train,7.61,27.35,8.14,16.3,0.013,8.59
C:\Users\Asus\PycharmProjects\AquaVision_v1\datasets\shrimp\ShrimpImages\ShrimpImages\Healthy\Healthy-42-img-3.jpg,Healthy,val,6.98,26.12,6.73,17.91,0.03,14.25
C:\Users\Asus\PycharmProjects\AquaVision_v1\datasets\shrimp\ShrimpImages\ShrimpImages\Healthy\Healthy-43-img-1.jpg,Healthy,test,7.39,26.61,6.07,17.81,0.004,14.09
C:\Users\Asus\PycharmProjects\AquaVision_v1\datasets\shrimp\ShrimpImages\ShrimpImages\Healthy\Healthy-43-img-2.jpg,Healthy,test,7.29,26.69,6.6,15.62,0.018,14.35
C:\Users\Asus\PycharmProjects\AquaVision_v1\datasets\shrimp\ShrimpImages\ShrimpImages\Healthy\Healthy-43-img-3.jpg,Healthy,val,7.29,24.45,6.7,18.62,0.006,11.35
C:\Users\Asus\PycharmProjects\AquaVision_v1\datasets\shrimp\ShrimpImages\ShrimpImages\Healthy\Healthy-44-img-1.jpg,Healthy,train,6.87,24.82,6.31,12.19,0.048,7.88
C:\Users\Asus\PycharmProjects\AquaVision_v1\datasets\shrimp\ShrimpImages\ShrimpImages\Healthy\Healthy-44-img-2.jpg,Healthy,train,7.21,24.64,7.26,16.02,0.032,15.09
C:\Users\Asus\PycharmProjects\AquaVision_v1\datasets\shrimp\ShrimpImages\ShrimpImages\Healthy\Healthy-44-img-3.jpg,Healthy,test,6.87,27.34,6.59,16.11,0.008,9.55
C:\Users\Asus\PycharmProjects\AquaVision_v1\datasets\shrimp\ShrimpImages\ShrimpImages\Healthy\Healthy-45-img-1.jpg,Healthy,train,7.02,26.69,5.82,16.7,0.034,8.3
C:\Users\Asus\PycharmProjects\AquaVision_v1\datasets\shrimp\ShrimpImages\ShrimpImages\Healthy\Healthy-45-img-2.jpg,Healthy,train,6.99,26.87,6.63,13.92,0.009,10.62
C:\Users\Asus\PycharmProjects\AquaVision_v1\datasets\shrimp\ShrimpImages\ShrimpImages\Healthy\Healthy-45-img-3.jpg,Healthy,val,7.18,26.52,5.72,15.19,0.008,11.21
C:\Users\Asus\PycharmProjects\AquaVision_v1\datasets\shrimp\ShrimpImages\ShrimpImages\Healthy\Healthy-46-img-1.jpg,Healthy,train,7.1,27.1,6.67,15.63,0.006,9.88
C:\Users\Asus\PycharmProjects\AquaVision_v1\datasets\shrimp\ShrimpImages\ShrimpImages\Healthy\Healthy-46-img-3.jpg,Healthy,train,7.24,27.14,6.81,12.97,0.0,11.27
C:\Users\Asus\PycharmProjects\AquaVision_v1\datasets\shrimp\ShrimpImages\ShrimpImages\Healthy\Healthy-47-img-1.jpg,Healthy,train,7.93,28.15,7.62,12.38,0.005,16.0
C:\Users\Asus\PycharmProjects\AquaVision_v1\datasets\shrimp\ShrimpImages\ShrimpImages\Healthy\Healthy-47-img-3.jpg,Healthy,train,7.53,29.02,7.01,15.5,0.017,15.14
C:\Users\Asus\PycharmProjects\AquaVision_v1\datasets\shrimp\ShrimpImages\ShrimpImages\Healthy\Healthy-48-img-1.jpg,Healthy,test,7.09,28.35,6.09,18.06,0.005,14.11
C:\Users\Asus\PycharmProjects\AquaVision_v1\datasets\shrimp\ShrimpImages\ShrimpImages\Healthy\Healthy-48-img-3.jpg,Healthy,train,9.2,26.55,4.69,16.25,0.018,14.66
C:\Users\Asus\PycharmProjects\AquaVision_v1\datasets\shrimp\ShrimpImages\ShrimpImages\Healthy\Healthy-49-img-1.jpg,Healthy,train,6.88,28.22,7.48,15.01,0.024,8.06
C:\Users\Asus\PycharmProjects\AquaVision_v1\datasets\shrimp\ShrimpImages\ShrimpImages\Healthy\Healthy-49-img-3.jpg,Healthy,train,7.46,27.85,7.34,16.13,0.012,9.36
C:\Users\Asus\PycharmProjects\AquaVision_v1\datasets\shrimp\ShrimpImages\ShrimpImages\Healthy\Healthy-5-img-1.jpg,Healthy,train,7.1,26.51,7.28,16.71,0.036,9.06
C:\Users\Asus\PycharmProjects\AquaVision_v1\datasets\shrimp\ShrimpImages\ShrimpImages\Healthy\Healthy-5-img-2.jpg,Healthy,val,8.12,26.36,5.92,15.77,0.018,11.39
C:\Users\Asus\PycharmProjects\AquaVision_v1\datasets\shrimp\ShrimpImages\ShrimpImages\Healthy\Healthy-5-img-3.jpg,Healthy,train,7.06,25.77,6.46,14.1,0.002,14.79
C:\Users\Asus\PycharmProjects\AquaVision_v1\datasets\shrimp\ShrimpImages\ShrimpImages\Healthy\Healthy-50-img-1.jpg,Healthy,train,7.28,24.3,6.81,16.26,0.007,9.59
C:\Users\Asus\PycharmProjects\AquaVision_v1\datasets\shrimp\ShrimpImages\ShrimpImages\Healthy\Healthy-50-img-2.jpg,Healthy,train,6.79,27.23,6.17,15.91,0.038,11.45
C:\Users\Asus\PycharmProjects\AquaVision_v1\datasets\shrimp\ShrimpImages\ShrimpImages\Healthy\Healthy-50-img-3.jpg,Healthy,train,6.98,25.73,5.73,14.02,0.004,11.15
C:\Users\Asus\PycharmProjects\AquaVision_v1\datasets\shrimp\ShrimpImages\ShrimpImages\Healthy\Healthy-51-img-1.jpg,Healthy,val,7.18,26.72,6.94,13.7,0.008,8.96
C:\Users\Asus\PycharmProjects\AquaVision_v1\datasets\shrimp\ShrimpImages\ShrimpImages\Healthy\Healthy-51-img-3.jpg,Healthy,val,6.97,24.85,5.85,14.09,0.005,12.54
C:\Users\Asus\PycharmProjects\AquaVision_v1\datasets\shrimp\ShrimpImages\ShrimpImages\Healthy\Healthy-52-img-1.jpg,Healthy,val,7.08,24.61,6.48,13.3,0.007,16.06
C:\Users\Asus\PycharmProjects\AquaVision_v1\datasets\shrimp\ShrimpImages\ShrimpImages\Healthy\Healthy-52-img-2.jpg,Healthy,train,7.28,26.28,7.85,15.7,0.006,8.99
C:\Users\Asus\PycharmProjects\AquaVision_v1\datasets\shrimp\ShrimpImages\ShrimpImages\Healthy\Healthy-52-img-3.jpg,Healthy,train,7.18,24.75,6.96,13.9,0.001,8.44
C:\Users\Asus\PycharmProjects\AquaVision_v1\datasets\shrimp\ShrimpImages\ShrimpImages\Healthy\Healthy-53-img-1.jpg,Healthy,train,6.5,28.75,6.91,15.96,0.008,13.11
C:\Users\Asus\PycharmProjects\AquaVision_v1\datasets\shrimp\ShrimpImages\ShrimpImages\Healthy\Healthy-53-img-2.jpg,Healthy,val,7.12,27.27,6.48,12.19,0.027,2.03
C:\Users\Asus\PycharmProjects\AquaVision_v1\datasets\shrimp\ShrimpImages\ShrimpImages\Healthy\Healthy-54-img-2.jpg,Healthy,train,6.76,27.43,6.32,11.59,0.012,9.23
C:\Users\Asus\PycharmProjects\AquaVision_v1\datasets\shrimp\ShrimpImages\ShrimpImages\Healthy\Healthy-55-img-1.jpg,Healthy,train,7.13,25.55,7.45,18.25,0.013,8.3
C:\Users\Asus\PycharmProjects\AquaVision_v1\datasets\shrimp\ShrimpImages\ShrimpImages\Healthy\Healthy-55-img-3.jpg,Healthy,test,7.4,28.22,5.92,15.43,0.004,8.71
C:\Users\Asus\PycharmProjects\AquaVision_v1\datasets\shrimp\ShrimpImages\ShrimpImages\Healthy\Healthy-56-img-1.jpg,Healthy,train,7.02,25.19,6.23,16.67,0.052,12.2
C:\Users\Asus\PycharmProjects\AquaVision_v1\datasets\shrimp\ShrimpImages\ShrimpImages\Healthy\Healthy-56-img-2.jpg,Healthy,train,7.33,27.83,6.24,13.56,0.016,11.31
C:\Users\Asus\PycharmProjects\AquaVision_v1\datasets\shrimp\ShrimpImages\ShrimpImages\Healthy\Healthy-57-img-1.jpg,Healthy,train,7.04,26.73,5.95,16.36,0.005,10.92
C:\Users\Asus\PycharmProjects\AquaVision_v1\datasets\shrimp\ShrimpImages\ShrimpImages\Healthy\Healthy-57-img-2.jpg,Healthy,train,7.36,26.8,7.11,13.73,0.012,13.38
C:\Users\Asus\PycharmProjects\AquaVision_v1\datasets\shrimp\ShrimpImages\ShrimpImages\Healthy\Healthy-57-img-3.jpg,Healthy,train,7.19,24.64,6.03,13.66,0.005,11.79
C:\Users\Asus\PycharmProjects\AquaVision_v1\datasets\shrimp\ShrimpImages\ShrimpImages\Healthy\Healthy-58-img-1.jpg,Healthy,train,7.47,25.09,6.73,9.5,0.018,10.5
C:\Users\Asus\PycharmProjects\AquaVision_v1\datasets\shrimp\ShrimpImages\ShrimpImages\Healthy\Healthy-58-img-2.jpg,Healthy,train,7.04,28.08,6.31,15.77,0.001,10.2
C:\Users\Asus\PycharmProjects\AquaVision_v1\datasets\shrimp\ShrimpImages\ShrimpImages\Healthy\Healthy-59-img-1.jpg,Healthy,train,4.78,27.15,9.19,16.02,0.001,23.78
C:\Users\Asus\PycharmProjects\AquaVision_v1\datasets\shrimp\ShrimpImages\ShrimpImages\Healthy\Healthy-59-img-2.jpg,Healthy,train,7.11,26.43,6.48,14.15,0.005,12.75
C:\Users\Asus\PycharmProjects\AquaVision_v1\datasets\shrimp\ShrimpImages\ShrimpImages\Healthy\Healthy-59-img-3.jpg,Healthy,train,6.93,25.38,5.93,14.1,0.028,15.77
C:\Users\Asus\PycharmProjects\AquaVision_v1\datasets\shrimp\ShrimpImages\ShrimpImages\Healthy\Healthy-6-img-2.jpg,Healthy,train,6.81,27.14,6.99,18.7,0.053,10.08
C:\Users\Asus\PycharmProjects\AquaVision_v1\datasets\shrimp\ShrimpImages\ShrimpImages\Healthy\Healthy-6-img-3.jpg,Healthy,train,7.59,24.92,6.87,14.61,0.065,11.81
C:\Users\Asus\PycharmProjects\AquaVision_v1\datasets\shrimp\ShrimpImages\ShrimpImages\Healthy\Healthy-60-img-1.jpg,Healthy,test,7.17,26.32,7.29,16.97,0.008,12.99
C:\Users\Asus\PycharmProjects\AquaVision_v1\datasets\shrimp\ShrimpImages\ShrimpImages\Healthy\Healthy-60-img-2.jpg,Healthy,train,7.36,27.31,7.24,13.79,0.012,11.31
C:\Users\Asus\PycharmProjects\AquaVision_v1\datasets\shrimp\ShrimpImages\ShrimpImages\Healthy\Healthy-60-img-3.jpg,Healthy,train,7.5,25.3,6.82,14.62,0.001,8.71
C:\Users\Asus\PycharmProjects\AquaVision_v1\datasets\shrimp\ShrimpImages\ShrimpImages\Healthy\Healthy-61-img-2.jpg,Healthy,test,7.29,26.13,5.0,14.63,0.022,7.11
C:\Users\Asus\PycharmProjects\AquaVision_v1\datasets\shrimp\ShrimpImages\ShrimpImages\Healthy\Healthy-62-img-2.jpg,Healthy,train,7.34,28.28,6.03,18.49,0.01,11.19
C:\Users\Asus\PycharmProjects\AquaVision_v1\datasets\shrimp\ShrimpImages\ShrimpImages\Healthy\Healthy-62-img-3.jpg,Healthy,train,7.38,24.76,6.2,13.94,0.011,8.83
C:\Users\Asus\PycharmProjects\AquaVision_v1\datasets\shrimp\ShrimpImages\ShrimpImages\Healthy\Healthy-63-img-3.jpg,Healthy,train,7.31,25.14,5.59,15.54,0.014,14.34
C:\Users\Asus\PycharmProjects\AquaVision_v1\datasets\shrimp\ShrimpImages\ShrimpImages\Healthy\Healthy-64-img-1.jpg,Healthy,train,6.71,27.37,6.55,17.53,0.021,9.46
C:\Users\Asus\PycharmProjects\AquaVision_v1\datasets\shrimp\ShrimpImages\ShrimpImages\Healthy\Healthy-64-img-2.jpg,Healthy,train,7.28,27.91,6.87,15.58,0.01,13.4
C:\Users\Asus\PycharmProjects\AquaVision_v1\datasets\shrimp\ShrimpImages\ShrimpImages\Healthy\Healthy-65-img-1.jpg,Healthy,train,7.35,24.3,7.71,18.03,0.001,13.81
C:\Users\Asus\PycharmProjects\AquaVision_v1\datasets\shrimp\ShrimpImages\ShrimpImages\Healthy\Healthy-65-img-2.jpg,Healthy,train,6.91,26.12,6.63,12.52,0.007,11.8
C:\Users\Asus\PycharmProjects\AquaVision_v1\datasets\shrimp\ShrimpImages\ShrimpImages\Healthy\Healthy-66-img-1.jpg,Healthy,val,7.34,25.38,7.44,16.11,0.006,7.99
C:\Users\Asus\PycharmProjects\AquaVision_v1\datasets\shrimp\ShrimpImages\ShrimpImages\Healthy\Healthy-66-img-2.jpg,Healthy,train,7.52,25.29,6.45,17.65,0.009,15.46
C:\Users\Asus\PycharmProjects\AquaVision_v1\datasets\shrimp\ShrimpImages\ShrimpImages\Healthy\Healthy-66-img-3.jpg,Healthy,train,7.04,23.72,5.08,14.1,0.01,13.66
C:\Users\Asus\PycharmProjects\AquaVision_v1\datasets\shrimp\ShrimpImages\ShrimpImages\Healthy\Healthy-67-img-1.jpg,Healthy,train,9.03,27.73,1.83,14.22,0.054,13.01
C:\Users\Asus\PycharmProjects\AquaVision_v1\datasets\shrimp\ShrimpImages\ShrimpImages\Healthy\Healthy-67-img-2.jpg,Healthy,train,6.04,26.68,5.7,15.12,0.025,13.34
C:\Users\Asus\PycharmProjects\AquaVision_v1\datasets\shrimp\ShrimpImages\ShrimpImages\Healthy\Healthy-67-img-3.jpg,Healthy,train,7.38,26.24,6.21,15.45,0.009,5.44
C:\Users\Asus\PycharmProjects\AquaVision_v1\datasets\shrimp\ShrimpImages\ShrimpImages\Healthy\Healthy-68-img-1.jpg,Healthy,test,7.54,26.64,7.1,12.26,0.002,9.87
C:\Users\Asus\PycharmProjects\AquaVision_v1\datasets\shrimp\ShrimpImages\ShrimpImages\Healthy\Healthy-69-img-2.jpg,Healthy,train,7.72,24.71,6.22,15.41,0.01,10.87
C:\Users\Asus\PycharmProjects\AquaVision_v1\datasets\shrimp\ShrimpImages\ShrimpImages\Healthy\Healthy-69-img-3.jpg,Healthy,test,7.1,25.86,6.24,11.97,0.014,12.96
C:\Users\Asus\PycharmProjects\AquaVision_v1\datasets\shrimp\ShrimpImages\ShrimpImages\Healthy\Healthy-7-img-1.jpg,Healthy,train,7.27,27.04,5.87,18.41,0.028,17.97
C:\Users\Asus\PycharmProjects\AquaVision_v1\datasets\shrimp\ShrimpImages\ShrimpImages\Healthy\Healthy-7-img-2.jpg,Healthy,test,7.31,27.16,6.78,15.47,0.016,11.25
C:\Users\Asus\PycharmProjects\AquaVision_v1\datasets\shrimp\ShrimpImages\ShrimpImages\Healthy\Healthy-7-img-3.jpg,Healthy,train,6.61,24.32,6.41,15.62,0.037,19.05
C:\Users\Asus\PycharmProjects\AquaVision_v1\datasets\shrimp\ShrimpImages\ShrimpImages\Healthy\Healthy-70-img-2.jpg,Healthy,train,6.4,23.27,6.88,14.81,0.026,13.26
C:\Users\Asus\PycharmProjects\AquaVision_v1\datasets\shrimp\ShrimpImages\ShrimpImages\Healthy\Healthy-70-img-3.jpg,Healthy,train,7.51,26.88,6.44,16.16,0.031,12.22
C:\Users\Asus\PycharmProjects\AquaVision_v1\datasets\shrimp\ShrimpImages\ShrimpImages\Healthy\Healthy-71-img-1.jpg,Healthy,train,7.1,24.91,6.68,12.41,0.007,13.72
C:\Users\Asus\PycharmProjects\AquaVision_v1\datasets\shrimp\ShrimpImages\ShrimpImages\Healthy\Healthy-71-img-2.jpg,Healthy,train,6.63,25.58,7.92,12.58,0.028,9.48
C:\Users\Asus\PycharmProjects\AquaVision_v1\datasets\shrimp\ShrimpImages\ShrimpImages\Healthy\Healthy-71-img-3.jpg,Healthy,train,7.7,25.27,6.19,15.98,0.052,10.93
C:\Users\Asus\PycharmProjects\AquaVision_v1\datasets\shrimp\ShrimpImages\ShrimpImages\Healthy\Healthy-72-img-1.jpg,Healthy,train,7.63,27.98,3.94,14.18,0.0,9.97
C:\Users\Asus\PycharmProjects\AquaVision_v1\datasets\shrimp\ShrimpImages\ShrimpImages\Healthy\Healthy-72-img-2.jpg,Healthy,train,7.65,26.06,6.72,16.9,0.006,8.94
C:\Users\Asus\PycharmProjects\AquaVision_v1\datasets\shrimp\ShrimpImages\ShrimpImages\Healthy\Healthy-72-img-3.jpg,Healthy,train,7.45,22.81,6.45,13.79,0.036,10.23
C:\Users\Asus\PycharmProjects\AquaVision_v1\datasets\shrimp\ShrimpImages\ShrimpImages\Healthy\Healthy-73-img-1.jpg,Healthy,train,7.4,25.83,6.05,16.68,0.002,10.89
C:\Users\Asus\PycharmProjects\AquaVision_v1\datasets\shrimp\ShrimpImages\ShrimpImages\Healthy\Healthy-73-img-2.jpg,Healthy,train,6.33,25.44,5.98,11.74,0.015,12.76
C:\Users\Asus\PycharmProjects\AquaVision_v1\datasets\shrimp\ShrimpImages\ShrimpImages\Healthy\Healthy-73-img-3.jpg,Healthy,test,6.84,25.09,6.73,14.08,0.009,9.92
C:\Users\Asus\PycharmProjects\AquaVision_v1\datasets\shrimp\ShrimpImages\ShrimpImages\Healthy\Healthy-74-img-1.jpg,Healthy,val,7.08,26.24,6.45,14.17,0.024,13.58
C:\Users\Asus\PycharmProjects\AquaVision_v1\datasets\shrimp\ShrimpImages\ShrimpImages\Healthy\Healthy-74-img-2.jpg,Healthy,val,6.86,24.5,6.12,12.07,0.022,10.5
C:\Users\Asus\PycharmProjects\AquaVision_v1\datasets\shrimp\ShrimpImages\ShrimpImages\Healthy\Healthy-74-img-3.jpg,Healthy,val,7.49,26.78,5.95,14.34,0.027,16.2
C:\Users\Asus\PycharmProjects\AquaVision_v1\datasets\shrimp\ShrimpImages\ShrimpImages\Healthy\Healthy-75-img-1.jpg,Healthy,train,6.86,27.34,7.41,14.18,0.013,14.14
C:\Users\Asus\PycharmProjects\AquaVision_v1\datasets\shrimp\ShrimpImages\ShrimpImages\Healthy\Healthy-75-img-2.jpg,Healthy,test,6.74,23.18,6.86,11.23,0.038,14.78
C:\Users\Asus\PycharmProjects\AquaVision_v1\datasets\shrimp\ShrimpImages\ShrimpImages\Healthy\Healthy-75-img-3.jpg,Healthy,test,7.36,24.57,6.16,13.45,0.04,14.49
C:\Users\Asus\PycharmProjects\AquaVision_v1\datasets\shrimp\ShrimpImages\ShrimpImages\Healthy\Healthy-76-img-1.jpg,Healthy,val,7.47,26.68,7.09,12.64,0.018,16.87
C:\Users\Asus\PycharmProjects\AquaVision_v1\datasets\shrimp\ShrimpImages\ShrimpImages\Healthy\Healthy-76-img-3.jpg,Healthy,train,7.48,23.52,6.24,13.53,0.024,14.16
C:\Users\Asus\PycharmProjects\AquaVision_v1\datasets\shrimp\ShrimpImages\ShrimpImages\Healthy\Healthy-77-img-1.jpg,Healthy,train,7.61,27.04,6.64,13.02,0.038,11.14
C:\Users\Asus\PycharmProjects\AquaVision_v1\datasets\shrimp\ShrimpImages\ShrimpImages\Healthy\Healthy-77-img-2.jpg,Healthy,train,6.57,25.37,5.49,12.86,0.016,17.73
C:\Users\Asus\PycharmProjects\AquaVision_v1\datasets\shrimp\ShrimpImages\ShrimpImages\Healthy\Healthy-77-img-3.jpg,Healthy,train,7.5,24.12,6.59,16.88,0.017,9.68
C:\Users\Asus\PycharmProjects\AquaVision_v1\datasets\shrimp\ShrimpImages\ShrimpImages\Healthy\Healthy-78-img-1.jpg,Healthy,train,7.2,23.5,7.03,14.65,0.003,14.32
C:\Users\Asus\PycharmProjects\AquaVision_v1\datasets\shrimp\ShrimpImages\ShrimpImages\Healthy\Healthy-78-img-2.jpg,Healthy,test,7.27,23.21,6.8,15.6,0.031,15.55
C:\Users\Asus\PycharmProjects\AquaVision_v1\datasets\shrimp\ShrimpImages\ShrimpImages\Healthy\Healthy-78-img-3.jpg,Healthy,val,6.64,24.68,7.9,17.37,0.018,16.31
C:\Users\Asus\PycharmProjects\AquaVision_v1\datasets\shrimp\ShrimpImages\ShrimpImages\Healthy\Healthy-79-img-2.jpg,Healthy,train,7.4,28.91,6.06,14.24,0.002,9.72
C:\Users\Asus\PycharmProjects\AquaVision_v1\datasets\shrimp\ShrimpImages\ShrimpImages\Healthy\Healthy-8-img-2.jpg,Healthy,train,8.46,27.32,7.06,13.17,0.006,16.07
C:\Users\Asus\PycharmProjects\AquaVision_v1\datasets\shrimp\ShrimpImages\ShrimpImages\Healthy\Healthy-8-img-3.jpg,Healthy,val,7.22,26.83,6.07,15.06,0.016,16.25
C:\Users\Asus\PycharmProjects\AquaVision_v1\datasets\shrimp\ShrimpImages\ShrimpImages\Healthy\Healthy-80-img-1.jpg,Healthy,train,6.72,25.5,6.39,13.74,0.004,11.14
C:\Users\Asus\PycharmProjects\AquaVision_v1\datasets\shrimp\ShrimpImages\ShrimpImages\Healthy\Healthy-80-img-2.jpg,Healthy,val,7.63,22.27,7.14,15.68,0.008,9.55
C:\Users\Asus\PycharmProjects\AquaVision_v1\datasets\shrimp\ShrimpImages\ShrimpImages\Healthy\Healthy-80-img-3.jpg,Healthy,test,6.71,24.27,7.07,15.68,0.003,9.19
C:\Users\Asus\PycharmProjects\AquaVision_v1\datasets\shrimp\ShrimpImages\ShrimpImages\Healthy\Healthy-81-img-1.jpg,Healthy,train,7.53,27.59,6.77,15.72,0.014,14.24
C:\Users\Asus\PycharmProjects\AquaVision_v1\datasets\shrimp\ShrimpImages\ShrimpImages\Healthy\Healthy-81-img-2.jpg,Healthy,train,7.63,29.13,5.99,14.28,0.003,13.25
C:\Users\Asus\PycharmProjects\AquaVision_v1\datasets\shrimp\ShrimpImages\ShrimpImages\Healthy\Healthy-81-img-3.jpg,Healthy,val,7.18,24.53,7.06,19.64,0.002,15.54
C:\Users\Asus\PycharmProjects\AquaVision_v1\datasets\shrimp\ShrimpImages\ShrimpImages\Healthy\Healthy-82-img-1.jpg,Healthy,val,7.88,27.66,6.74,15.0,0.023,10.23
C:\Users\Asus\PycharmProjects\AquaVision_v1\datasets\shrimp\ShrimpImages\ShrimpImages\Healthy\Healthy-82-img-2.jpg,Healthy,train,7.47,23.68,7.29,16.15,0.009,10.44
C:\Users\Asus\PycharmProjects\AquaVision_v1\datasets\shrimp\ShrimpImages\ShrimpImages\Healthy\Healthy-82-img-3.jpg,Healthy,val,7.85,26.75,7.4,16.41,0.0,11.27
C:\Users\Asus\PycharmProjects\AquaVision_v1\datasets\shrimp\ShrimpImages\ShrimpImages\Healthy\Healthy-83-img-3.jpg,Healthy,test,6.89,27.85,6.02,18.26,0.028,5.23
C:\Users\Asus\PycharmProjects\AquaVision_v1\datasets\shrimp\ShrimpImages\ShrimpImages\Healthy\Healthy-84-img-1.jpg,Healthy,train,6.93,25.22,3.14,15.86,0.009,12.23
C:\Users\Asus\PycharmProjects\AquaVision_v1\datasets\shrimp\ShrimpImages\ShrimpImages\Healthy\Healthy-84-img-2.jpg,Healthy,val,7.34,24.53,5.92,11.63,0.002,11.36
C:\Users\Asus\PycharmProjects\AquaVision_v1\datasets\shrimp\ShrimpImages\ShrimpImages\Healthy\Healthy-84-img-3.jpg,Healthy,train,7.49,24.94,7.48,13.95,0.034,12.53
C:\Users\Asus\PycharmProjects\AquaVision_v1\datasets\shrimp\ShrimpImages\ShrimpImages\Healthy\Healthy-85-img-1.jpg,Healthy,test,7.32,26.2,6.46,12.61,0.018,6.61
C:\Users\Asus\PycharmProjects\AquaVision_v1\datasets\shrimp\ShrimpImages\ShrimpImages\Healthy\Healthy-85-img-2.jpg,Healthy,val,9.81,25.58,7.8,16.01,0.005,9.82
C:\Users\Asus\PycharmProjects\AquaVision_v1\datasets\shrimp\ShrimpImages\ShrimpImages\Healthy\Healthy-85-img-3.jpg,Healthy,train,7.26,27.54,7.05,13.87,0.016,12.37
C:\Users\Asus\PycharmProjects\AquaVision_v1\datasets\shrimp\ShrimpImages\ShrimpImages\Healthy\Healthy-86-img-1.jpg,Healthy,train,6.96,23.63,6.1,14.85,0.011,11.77
C:\Users\Asus\PycharmProjects\AquaVision_v1\datasets\shrimp\ShrimpImages\ShrimpImages\Healthy\Healthy-86-img-2.jpg,Healthy,train,7.35,28.23,7.64,14.19,0.035,9.88
C:\Users\Asus\PycharmProjects\AquaVision_v1\datasets\shrimp\ShrimpImages\ShrimpImages\Healthy\Healthy-86-img-3.jpg,Healthy,train,7.47,26.65,5.23,16.36,0.022,12.38
C:\Users\Asus\PycharmProjects\AquaVision_v1\datasets\shrimp\ShrimpImages\ShrimpImages\Healthy\Healthy-87-img-2.jpg,Healthy,train,7.0,25.4,7.5,13.34,0.01,12.39
C:\Users\Asus\PycharmProjects\AquaVision_v1\datasets\shrimp\ShrimpImages\ShrimpImages\Healthy\Healthy-87-img-3.jpg,Healthy,test,7.02,24.06,6.23,13.79,0.034,11.77
C:\Users\Asus\PycharmProjects\AquaVision_v1\datasets\shrimp\ShrimpImages\ShrimpImages\Healthy\Healthy-88-img-1.jpg,Healthy,val,6.67,27.6,6.63,17.77,0.035,15.72
C:\Users\Asus\PycharmProjects\AquaVision_v1\datasets\shrimp\ShrimpImages\ShrimpImages\Healthy\Healthy-88-img-2.jpg,Healthy,train,7.37,26.78,6.45,19.54,0.005,14.67
C:\Users\Asus\PycharmProjects\AquaVision_v1\datasets\shrimp\ShrimpImages\ShrimpImages\Healthy\Healthy-88-img-3.jpg,Healthy,train,6.81,26.44,6.57,13.77,0.029,7.37
C:\Users\Asus\PycharmProjects\AquaVision_v1\datasets\shrimp\ShrimpImages\ShrimpImages\Healthy\Healthy-89-img-1.jpg,Healthy,train,7.24,25.83,6.1,14.22,0.005,10.76
C:\Users\Asus\PycharmProjects\AquaVision_v1\datasets\shrimp\ShrimpImages\ShrimpImages\Healthy\Healthy-89-img-2.jpg,Healthy,train,7.16,25.16,5.04,19.11,0.01,11.41
C:\Users\Asus\PycharmProjects\AquaVision_v1\datasets\shrimp\ShrimpImages\ShrimpImages\Healthy\Healthy-9-img-1.jpg,Healthy,train,7.43,28.54,5.44,15.31,0.064,15.07
C:\Users\Asus\PycharmProjects\AquaVision_v1\datasets\shrimp\ShrimpImages\ShrimpImages\Healthy\Healthy-9-img-2.jpg,Healthy,train,7.08,26.2,6.27,14.56,0.004,7.09
C:\Users\Asus\PycharmProjects\AquaVision_v1\datasets\shrimp\ShrimpImages\ShrimpImages\Healthy\Healthy-9-img-3.jpg,Healthy,train,7.24,27.47,5.45,17.31,0.011,16.16
C:\Users\Asus\PycharmProjects\AquaVision_v1\datasets\shrimp\ShrimpImages\ShrimpImages\Healthy\Healthy-90-img-1.jpg,Healthy,train,7.09,25.9,5.99,13.97,0.002,12.33
C:\Users\Asus\PycharmProjects\AquaVision_v1\datasets\shrimp\ShrimpImages\ShrimpImages\Healthy\Healthy-90-img-2.jpg,Healthy,train,7.35,24.61,5.7,14.35,0.004,11.36
C:\Users\Asus\PycharmProjects\AquaVision_v1\datasets\shrimp\ShrimpImages\ShrimpImages\Healthy\Healthy-91-img-1.jpg,Healthy,train,7.35,28.9,6.91,14.9,0.002,9.31
C:\Users\Asus\PycharmProjects\AquaVision_v1\datasets\shrimp\ShrimpImages\ShrimpImages\Healthy\Healthy-91-img-2.jpg,Healthy,val,6.81,26.07,6.53,14.0,0.011,7.88
C:\Users\Asus\PycharmProjects\AquaVision_v1\datasets\shrimp\ShrimpImages\ShrimpImages\Healthy\Healthy-91-img-3.jpg,Healthy,val,7.35,25.2,7.11,13.25,0.011,15.6
C:\Users\Asus\PycharmProjects\AquaVision_v1\datasets\shrimp\ShrimpImages\ShrimpImages\Healthy\Healthy-92-img-2.jpg,Healthy,train,7.28,24.81,6.71,17.56,0.01,5.35
C:\Users\Asus\PycharmProjects\AquaVision_v1\datasets\shrimp\ShrimpImages\ShrimpImages\Healthy\Healthy-92-img-3.jpg,Healthy,test,6.91,28.44,6.21,12.65,0.022,4.12
C:\Users\Asus\PycharmProjects\AquaVision_v1\datasets\shrimp\ShrimpImages\ShrimpImages\Healthy\Healthy-93-img-1.jpg,Healthy,val,7.04,28.25,7.43,14.79,0.016,8.28
C:\Users\Asus\PycharmProjects\AquaVision_v1\datasets\shrimp\ShrimpImages\ShrimpImages\Healthy\Healthy-94-img-1.jpg,Healthy,val,7.4,24.78,6.48,14.68,0.03,7.14
C:\Users\Asus\PycharmProjects\AquaVision_v1\datasets\shrimp\ShrimpImages\ShrimpImages\Healthy\Healthy-94-img-2.jpg,Healthy,train,7.33,28.06,6.66,16.37,0.013,16.4
C:\Users\Asus\PycharmProjects\AquaVision_v1\datasets\shrimp\ShrimpImages\ShrimpImages\Healthy\Healthy-94-img-3.jpg,Healthy,train,7.04,23.65,6.67,20.02,0.007,11.99
C:\Users\Asus\PycharmProjects\AquaVision_v1\datasets\shrimp\ShrimpImages\ShrimpImages\Healthy\Healthy-95-img-1.jpg,Healthy,train,7.13,26.96,6.56,14.77,0.002,8.1
C:\Users\Asus\PycharmProjects\AquaVision_v1\datasets\shrimp\ShrimpImages\ShrimpImages\Healthy\Healthy-95-img-2.jpg,Healthy,train,6.54,27.79,6.98,15.1,0.004,14.81
C:\Users\Asus\PycharmProjects\AquaVision_v1\datasets\shrimp\ShrimpImages\ShrimpImages\Healthy\Healthy-96-img-1.jpg,Healthy,train,7.26,25.55,7.16,15.64,0.017,12.58
C:\Users\Asus\PycharmProjects\AquaVision_v1\datasets\shrimp\ShrimpImages\ShrimpImages\Healthy\Healthy-96-img-2.jpg,Healthy,test,6.95,25.04,6.09,12.87,0.016,7.33
C:\Users\Asus\PycharmProjects\AquaVision_v1\datasets\shrimp\ShrimpImages\ShrimpImages\Healthy\Healthy-97-img-1.jpg,Healthy,test,7.76,26.11,5.85,13.61,0.01,9.25
C:\Users\Asus\PycharmProjects\AquaVision_v1\datasets\shrimp\ShrimpImages\ShrimpImages\Healthy\Healthy-97-img-2.jpg,Healthy,test,7.52,26.91,7.65,12.04,0.022,13.44
C:\Users\Asus\PycharmProjects\AquaVision_v1\datasets\shrimp\ShrimpImages\ShrimpImages\Healthy\Healthy-97-img-3.jpg,Healthy,val,7.26,24.54,7.0,15.67,0.006,11.32
C:\Users\Asus\PycharmProjects\AquaVision_v1\datasets\shrimp\ShrimpImages\ShrimpImages\Healthy\Healthy-98-img-1.jpg,Healthy,train,7.81,26.0,6.89,13.42,0.029,9.58
C:\Users\Asus\PycharmProjects\AquaVision_v1\datasets\shrimp\ShrimpImages\ShrimpImages\Healthy\Healthy-98-img-2.jpg,Healthy,test,6.69,26.05,6.56,14.64,0.03,13.19
C:\Users\Asus\PycharmProjects\AquaVision_v1\datasets\shrimp\ShrimpImages\ShrimpImages\Healthy\Healthy-98-img-3.jpg,Healthy,train,6.9,25.57,7.1,16.79,0.017,12.07
C:\Users\Asus\PycharmProjects\AquaVision_v1\datasets\shrimp\ShrimpImages\ShrimpImages\Healthy\Healthy-99-img-1.jpg,Healthy,test,6.76,28.85,6.03,13.33,0.01,14.29
C:\Users\Asus\PycharmProjects\AquaVision_v1\datasets\shrimp\ShrimpImages\ShrimpImages\Healthy\Healthy-99-img-2.jpg,Healthy,train,6.22,25.05,4.9,16.49,0.028,7.48
C:\Users\Asus\PycharmProjects\AquaVision_v1\datasets\shrimp\ShrimpImages\ShrimpImages\Healthy\Healthy-99-img-3.jpg,Healthy,train,7.19,24.78,5.94,15.52,0.007,12.64
C:\Users\Asus\PycharmProjects\AquaVision_v1\datasets\shrimp\ShrimpImages\ShrimpImages\WSSV\WSSV-1-img-1.jpg,WSSV,test,6.34,32.38,3.56,24.7,0.725,33.66
C:\Users\Asus\PycharmProjects\AquaVision_v1\datasets\shrimp\ShrimpImages\ShrimpImages\WSSV\WSSV-1-img-3.jpg,WSSV,train,6.84,31.4,4.97,26.56,0.405,37.72
C:\Users\Asus\PycharmProjects\AquaVision_v1\datasets\shrimp\ShrimpImages\ShrimpImages\WSSV\WSSV-10-img-1.jpg,WSSV,train,6.82,27.86,3.79,30.36,0.729,53.17
C:\Users\Asus\PycharmProjects\AquaVision_v1\datasets\shrimp\ShrimpImages\ShrimpImages\WSSV\WSSV-10-img-2.jpg,WSSV,val,5.84,33.57,3.9,23.43,0.516,53.2
C:\Users\Asus\PycharmProjects\AquaVision_v1\datasets\shrimp\ShrimpImages\ShrimpImages\WSSV\WSSV-100-img-1.jpg,WSSV,val,6.14,30.62,4.15,27.67,0.121,48.39
C:\Users\Asus\PycharmProjects\AquaVision_v1\datasets\shrimp\ShrimpImages\ShrimpImages\WSSV\WSSV-100-img-3.jpg,WSSV,test,5.9,32.51,2.52,37.94,0.154,47.65
C:\Users\Asus\PycharmProjects\AquaVision_v1\datasets\shrimp\ShrimpImages\ShrimpImages\WSSV\WSSV-101-img-1.jpg,WSSV,train,6.42,33.1,4.17,32.23,0.113,48.61
C:\Users\Asus\PycharmProjects\AquaVision_v1\datasets\shrimp\ShrimpImages\ShrimpImages\WSSV\WSSV-101-img-2.jpg,WSSV,train,6.46,33.33,3.02,32.26,0.079,59.53
C:\Users\Asus\PycharmProjects\AquaVision_v1\datasets\shrimp\ShrimpImages\ShrimpImages\WSSV\WSSV-102-img-1.jpg,WSSV,val,6.02,31.77,2.78,33.41,0.037,45.24
C:\Users\Asus\PycharmProjects\AquaVision_v1\datasets\shrimp\ShrimpImages\ShrimpImages\WSSV\WSSV-103-img-1.jpg,WSSV,test,5.94,27.41,2.15,29.12,0.145,23.67
C:\Users\Asus\PycharmProjects\AquaVision_v1\datasets\shrimp\ShrimpImages\ShrimpImages\WSSV\WSSV-103-img-2.jpg,WSSV,train,8.05,36.77,3.05,27.57,0.272,29.47
C:\Users\Asus\PycharmProjects\AquaVision_v1\datasets\shrimp\ShrimpImages\ShrimpImages\WSSV\WSSV-103-img-3.jpg,WSSV,train,7.15,29.44,3.67,29.99,0.136,55.7
C:\Users\Asus\PycharmProjects\AquaVision_v1\datasets\shrimp\ShrimpImages\ShrimpImages\WSSV\WSSV-104-img-1.jpg,WSSV,train,6.61,28.93,1.59,28.58,0.227,44.97
C:\Users\Asus\PycharmProjects\AquaVision_v1\datasets\shrimp\ShrimpImages\ShrimpImages\WSSV\WSSV-104-img-3.jpg,WSSV,test,5.4,29.86,3.85,26.52,0.062,31.52
C:\Users\Asus\PycharmProjects\AquaVision_v1\datasets\shrimp\ShrimpImages\ShrimpImages\WSSV\WSSV-105-img-1.jpg,WSSV,val,6.29,31.42,2.4,27.27,0.18,32.67
C:\Users\Asus\PycharmProjects\AquaVision_v1\datasets\shrimp\ShrimpImages\ShrimpImages\WSSV\WSSV-105-img-2.jpg,WSSV,train,5.21,29.54,3.46,33.01,0.104,40.52
C:\Users\Asus\PycharmProjects\AquaVision_v1\datasets\shrimp\ShrimpImages\ShrimpImages\WSSV\WSSV-105-img-3.jpg,WSSV,train,6.16,36.11,3.42,27.91,0.165,47.48
C:\Users\Asus\PycharmProjects\AquaVision_v1\datasets\shrimp\ShrimpImages\ShrimpImages\WSSV\WSSV-106-img-1.jpg,WSSV,train,5.12,28.56,4.24,30.66,0.103,39.47
C:\Users\Asus\PycharmProjects\AquaVision_v1\datasets\shrimp\ShrimpImages\ShrimpImages\WSSV\WSSV-106-img-2.jpg,WSSV,train,5.63,29.1,1.78,29.89,0.135,54.2
C:\Users\Asus\PycharmProjects\AquaVision_v1\datasets\shrimp\ShrimpImages\ShrimpImages\WSSV\WSSV-106-img-3.jpg,WSSV,train,5.92,25.81,3.13,27.4,0.088,41.73
C:\Users\Asus\PycharmProjects\AquaVision_v1\datasets\shrimp\ShrimpImages\ShrimpImages\WSSV\WSSV-107-img-1.jpg,WSSV,train,6.38,29.62,3.45,24.46,0.033,49.85
C:\Users\Asus\PycharmProjects\AquaVision_v1\datasets\shrimp\ShrimpImages\ShrimpImages\WSSV\WSSV-107-img-2.jpg,WSSV,train,5.82,32.47,2.87,29.03,0.003,42.59
C:\Users\Asus\PycharmProjects\AquaVision_v1\datasets\shrimp\ShrimpImages\ShrimpImages\WSSV\WSSV-107-img-3.jpg,WSSV,test,6.0,31.53,2.41,23.94,0.118,54.33
C:\Users\Asus\PycharmProjects\AquaVision_v1\datasets\shrimp\ShrimpImages\ShrimpImages\WSSV\WSSV-108-img-1.jpg,WSSV,val,4.76,28.77,3.61,28.14,0.398,25.31
C:\Users\Asus\PycharmProjects\AquaVision_v1\datasets\shrimp\ShrimpImages\ShrimpImages\WSSV\WSSV-108-img-2.jpg,WSSV,train,5.5,32.05,2.51,28.39,0.118,39.96
C:\Users\Asus\PycharmProjects\AquaVision_v1\datasets\shrimp\ShrimpImages\ShrimpImages\WSSV\WSSV-108-img-3.jpg,WSSV,train,6.04,30.04,3.1,26.41,0.738,33.16
C:\Users\Asus\PycharmProjects\AquaVision_v1\datasets\shrimp\ShrimpImages\ShrimpImages\WSSV\WSSV-109-img-1.jpg,WSSV,train,5.86,31.67,3.16,28.73,0.373,56.97
C:\Users\Asus\PycharmProjects\AquaVision_v1\datasets\shrimp\ShrimpImages\ShrimpImages\WSSV\WSSV-109-img-3.jpg,WSSV,train,5.21,33.95,3.58,27.19,0.094,39.72
C:\Users\Asus\PycharmProjects\AquaVision_v1\datasets\shrimp\ShrimpImages\ShrimpImages\WSSV\WSSV-11-img-1.jpg,WSSV,val,5.52,30.01,4.19,29.52,0.12,42.22
C:\Users\Asus\PycharmProjects\AquaVision_v1\datasets\shrimp\ShrimpImages\ShrimpImages\WSSV\WSSV-11-img-3.jpg,WSSV,train,5.9,33.45,2.1,34.44,0.113,53.28
C:\Users\Asus\PycharmProjects\AquaVision_v1\datasets\shrimp\ShrimpImages\ShrimpImages\WSSV\WSSV-110-img-1.jpg,WSSV,train,6.01,27.42,2.78,29.97,0.029,41.72
C:\Users\Asus\PycharmProjects\AquaVision_v1\datasets\shrimp\ShrimpImages\ShrimpImages\WSSV\WSSV-110-img-2.jpg,WSSV,val,6.58,30.09,3.08,22.42,0.122,50.91
C:\Users\Asus\PycharmProjects\AquaVision_v1\datasets\shrimp\ShrimpImages\ShrimpImages\WSSV\WSSV-111-img-1.jpg,WSSV,train,5.83,29.03,3.19,27.14,0.033,49.73
C:\Users\Asus\PycharmProjects\AquaVision_v1\datasets\shrimp\ShrimpImages\ShrimpImages\WSSV\WSSV-111-img-2.jpg,WSSV,val,5.97,31.8,4.52,28.56,0.191,54.96
C:\Users\Asus\PycharmProjects\AquaVision_v1\datasets\shrimp\ShrimpImages\ShrimpImages\WSSV\WSSV-112-img-1.jpg,WSSV,train,5.44,27.31,2.61,32.77,0.759,51.18
C:\Users\Asus\PycharmProjects\AquaVision_v1\datasets\shrimp\ShrimpImages\ShrimpImages\WSSV\WSSV-112-img-2.jpg,WSSV,val,7.01,27.17,3.04,29.21,0.138,46.76
C:\Users\Asus\PycharmProjects\AquaVision_v1\datasets\shrimp\ShrimpImages\ShrimpImages\WSSV\WSSV-112-img-3.jpg,WSSV,train,6.06,32.34,1.44,27.35,0.601,60.13
C:\Users\Asus\PycharmProjects\AquaVision_v1\datasets\shrimp\ShrimpImages\ShrimpImages\WSSV\WSSV-113-img-1.jpg,WSSV,val,6.34,29.0,1.67,26.43,0.395,55.02
C:\Users\Asus\PycharmProjects\AquaVision_v1\datasets\shrimp\ShrimpImages\ShrimpImages\WSSV\WSSV-113-img-2.jpg,WSSV,val,6.94,32.78,3.54,29.52,0.126,43.76
C:\Users\Asus\PycharmProjects\AquaVision_v1\datasets\shrimp\ShrimpImages\ShrimpImages\WSSV\WSSV-113-img-3.jpg,WSSV,train,5.76,35.04,2.94,33.3,0.052,30.93
C:\Users\Asus\PycharmProjects\AquaVision_v1\datasets\shrimp\ShrimpImages\ShrimpImages\WSSV\WSSV-114-img-1.jpg,WSSV,train,5.25,31.55,4.01,24.62,0.165,36.16
C:\Users\Asus\PycharmProjects\AquaVision_v1\datasets\shrimp\ShrimpImages\ShrimpImages\WSSV\WSSV-114-img-2.jpg,WSSV,train,4.55,35.64,3.38,26.61,0.033,28.88
C:\Users\Asus\PycharmProjects\AquaVision_v1\datasets\shrimp\ShrimpImages\ShrimpImages\WSSV\WSSV-115-img-1.jpg,WSSV,train,6.68,32.16,2.26,28.69,0.326,60.19
C:\Users\Asus\PycharmProjects\AquaVision_v1\datasets\shrimp\ShrimpImages\ShrimpImages\WSSV\WSSV-115-img-3.jpg,WSSV,train,6.5,31.15,3.51,33.0,0.018,31.67
C:\Users\Asus\PycharmProjects\AquaVision_v1\datasets\shrimp\ShrimpImages\ShrimpImages\WSSV\WSSV-116-img-1.jpg,WSSV,val,5.89,29.07,3.5,32.92,0.125,56.65
C:\Users\Asus\PycharmProjects\AquaVision_v1\datasets\shrimp\ShrimpImages\ShrimpImages\WSSV\WSSV-116-img-3.jpg,WSSV,train,6.05,32.34,3.54,26.88,0.045,32.21
C:\Users\Asus\PycharmProjects\AquaVision_v1\datasets\shrimp\ShrimpImages\ShrimpImages\WSSV\WSSV-117-img-1.jpg,WSSV,train,7.41,32.43,2.74,25.55,0.011,51.3
C:\Users\Asus\PycharmProjects\AquaVision_v1\datasets\shrimp\ShrimpImages\ShrimpImages\WSSV\WSSV-118-img-1.jpg,WSSV,train,4.37,29.17,5.26,28.2,0.075,52.69
C:\Users\Asus\PycharmProjects\AquaVision_v1\datasets\shrimp\ShrimpImages\ShrimpImages\WSSV\WSSV-118-img-2.jpg,WSSV,test,6.29,26.28,4.81,33.16,0.045,59.58
C:\Users\Asus\PycharmProjects\AquaVision_v1\datasets\shrimp\ShrimpImages\ShrimpImages\WSSV\WSSV-118-img-3.jpg,WSSV,train,5.2,31.89,3.35,30.02,0.053,59.47
C:\Users\Asus\PycharmProjects\AquaVision_v1\datasets\shrimp\ShrimpImages\ShrimpImages\WSSV\WSSV-12-img-1.jpg,WSSV,train,6.92,35.1,5.72,23.51,0.102,30.88
C:\Users\Asus\PycharmProjects\AquaVision_v1\datasets\shrimp\ShrimpImages\ShrimpImages\WSSV\WSSV-12-img-2.jpg,WSSV,train,6.15,35.81,2.58,21.24,0.204,40.29
C:\Users\Asus\PycharmProjects\AquaVision_v1\datasets\shrimp\ShrimpImages\ShrimpImages\WSSV\WSSV-13-img-1.jpg,WSSV,train,4.86,31.07,1.54,26.72,0.633,45.29
C:\Users\Asus\PycharmProjects\AquaVision_v1\datasets\shrimp\ShrimpImages\ShrimpImages\WSSV\WSSV-13-img-3.jpg,WSSV,train,5.94,28.84,3.18,28.07,0.238,49.73
C:\Users\Asus\PycharmProjects\AquaVision_v1\datasets\shrimp\ShrimpImages\ShrimpImages\WSSV\WSSV-14-img-1.jpg,WSSV,train,4.51,29.43,1.33,30.53,0.054,60.75
C:\Users\Asus\PycharmProjects\AquaVision_v1\datasets\shrimp\ShrimpImages\ShrimpImages\WSSV\WSSV-14-img-2.jpg,WSSV,train,8.39,30.8,0.6,26.08,0.137,51.96
C:\Users\Asus\PycharmProjects\AquaVision_v1\datasets\shrimp\ShrimpImages\ShrimpImages\WSSV\WSSV-14-img-3.jpg,WSSV,train,4.99,32.96,2.66,26.73,0.114,47.17
C:\Users\Asus\PycharmProjects\AquaVision_v1\datasets\shrimp\ShrimpImages\ShrimpImages\WSSV\WSSV-15-img-2.jpg,WSSV,train,5.9,35.0,3.84,31.45,0.152,30.84
C:\Users\Asus\PycharmProjects\AquaVision_v1\datasets\shrimp\ShrimpImages\ShrimpImages\WSSV\WSSV-15-img-3.jpg,WSSV,train,5.61,33.39,3.61,27.11,0.014,53.74
C:\Users\Asus\PycharmProjects\AquaVision_v1\datasets\shrimp\ShrimpImages\ShrimpImages\WSSV\WSSV-16-img-1.jpg,WSSV,train,6.08,26.96,3.44,31.73,0.205,40.85
C:\Users\Asus\PycharmProjects\AquaVision_v1\datasets\shrimp\ShrimpImages\ShrimpImages\WSSV\WSSV-16-img-2.jpg,WSSV,test,6.04,31.98,2.61,28.73,0.287,46.24
C:\Users\Asus\PycharmProjects\AquaVision_v1\datasets\shrimp\ShrimpImages\ShrimpImages\WSSV\WSSV-16-img-3.jpg,WSSV,train,6.53,34.66,3.56,31.85,0.262,42.63
C:\Users\Asus\PycharmProjects\AquaVision_v1\datasets\shrimp\ShrimpImages\ShrimpImages\WSSV\WSSV-17-img-1.jpg,WSSV,train,5.53,31.8,2.41,25.47,0.599,52.64
C:\Users\Asus\PycharmProjects\AquaVision_v1\datasets\shrimp\ShrimpImages\ShrimpImages\WSSV\WSSV-17-img-2.jpg,WSSV,train,6.41,32.43,0.5,21.85,0.24,43.55
C:\Users\Asus\PycharmProjects\AquaVision_v1\datasets\shrimp\ShrimpImages\ShrimpImages\WSSV\WSSV-17-img-3.jpg,WSSV,train,5.92,30.24,5.67,25.21,0.139,41.36
C:\Users\Asus\PycharmProjects\AquaVision_v1\datasets\shrimp\ShrimpImages\ShrimpImages\WSSV\WSSV-18-img-1.jpg,WSSV,train,5.97,33.15,3.26,32.56,0.036,41.13
C:\Users\Asus\PycharmProjects\AquaVision_v1\datasets\shrimp\ShrimpImages\ShrimpImages\WSSV\WSSV-18-img-2.jpg,WSSV,test,5.44,34.55,3.11,28.89,0.101,55.18
C:\Users\Asus\PycharmProjects\AquaVision_v1\datasets\shrimp\ShrimpImages\ShrimpImages\WSSV\WSSV-18-img-3.jpg,WSSV,train,6.56,32.49,2.73,27.47,0.122,45.72
C:\Users\Asus\PycharmProjects\AquaVision_v1\datasets\shrimp\ShrimpImages\ShrimpImages\WSSV\WSSV-19-img-1.jpg,WSSV,test,6.91,33.22,3.15,28.97,0.405,55.55
C:\Users\Asus\PycharmProjects\AquaVision_v1\datasets\shrimp\ShrimpImages\ShrimpImages\WSSV\WSSV-19-img-2.jpg,WSSV,train,5.99,33.87,2.58,34.24,0.147,29.7
C:\Users\Asus\PycharmProjects\AquaVision_v1\datasets\shrimp\ShrimpImages\ShrimpImages\WSSV\WSSV-19-img-3.jpg,WSSV,train,5.95,26.27,2.84,23.84,0.128,46.2
C:\Users\Asus\PycharmProjects\AquaVision_v1\datasets\shrimp\ShrimpImages\ShrimpImages\WSSV\WSSV-2-img-1.jpg,WSSV,train,5.72,31.77,2.32,24.48,0.302,62.99
C:\Users\Asus\PycharmProjects\AquaVision_v1\datasets\shrimp\ShrimpImages\ShrimpImages\WSSV\WSSV-2-img-2.jpg,WSSV,train,5.95,31.01,4.06,33.09,0.01,46.54
C:\Users\Asus\PycharmProjects\AquaVision_v1\datasets\shrimp\ShrimpImages\ShrimpImages\WSSV\WSSV-2-img-3.jpg,WSSV,train,6.07,33.23,3.2,30.48,0.4,61.38
C:\Users\Asus\PycharmProjects\AquaVision_v1\datasets\shrimp\ShrimpImages\ShrimpImages\WSSV\WSSV-20-img-1.jpg,WSSV,train,5.19,24.42,3.51,27.62,0.299,37.34
C:\Users\Asus\PycharmProjects\AquaVision_v1\datasets\shrimp\ShrimpImages\ShrimpImages\WSSV\WSSV-20-img-3.jpg,WSSV,test,6.09,33.48,3.75,30.11,0.204,40.23
C:\Users\Asus\PycharmProjects\AquaVision_v1\datasets\shrimp\ShrimpImages\ShrimpImages\WSSV\WSSV-21-img-1.jpg,WSSV,test,5.94,26.41,2.85,31.18,0.054,41.07
C:\Users\Asus\PycharmProjects\AquaVision_v1\datasets\shrimp\ShrimpImages\ShrimpImages\WSSV\WSSV-21-img-2.jpg,WSSV,train,5.67,27.14,3.07,26.06,0.703,35.34
C:\Users\Asus\PycharmProjects\AquaVision_v1\datasets\shrimp\ShrimpImages\ShrimpImages\WSSV\WSSV-22-img-1.jpg,WSSV,train,6.09,31.77,4.65,26.63,1.029,35.28
C:\Users\Asus\PycharmProjects\AquaVision_v1\datasets\shrimp\ShrimpImages\ShrimpImages\WSSV\WSSV-23-img-1.jpg,WSSV,train,7.09,29.8,3.88,37.4,0.14,37.84
C:\Users\Asus\PycharmProjects\AquaVision_v1\datasets\shrimp\ShrimpImages\ShrimpImages\WSSV\WSSV-23-img-3.jpg,WSSV,train,6.87,24.93,1.29,26.02,0.546,41.94
C:\Users\Asus\PycharmProjects\AquaVision_v1\datasets\shrimp\ShrimpImages\ShrimpImages\WSSV\WSSV-24-img-1.jpg,WSSV,train,6.54,23.48,3.66,28.97,0.083,34.1
C:\Users\Asus\PycharmProjects\AquaVision_v1\datasets\shrimp\ShrimpImages\ShrimpImages\WSSV\WSSV-24-img-2.jpg,WSSV,train,6.17,29.43,3.6,16.58,0.075,39.19
C:\Users\Asus\PycharmProjects\AquaVision_v1\datasets\shrimp\ShrimpImages\ShrimpImages\WSSV\WSSV-24-img-3.jpg,WSSV,val,5.95,32.99,1.71,28.18,0.004,50.58
C:\Users\Asus\PycharmProjects\AquaVision_v1\datasets\shrimp\ShrimpImages\ShrimpImages\WSSV\WSSV-25-img-1.jpg,WSSV,train,7.21,29.8,3.46,20.78,0.191,33.24
C:\Users\Asus\PycharmProjects\AquaVision_v1\datasets\shrimp\ShrimpImages\ShrimpImages\WSSV\WSSV-25-img-3.jpg,WSSV,train,5.9,30.99,4.14,22.51,0.196,50.2
C:\Users\Asus\PycharmProjects\AquaVision_v1\datasets\shrimp\ShrimpImages\ShrimpImages\WSSV\WSSV-26-img-1.jpg,WSSV,train,6.27,31.02,1.94,33.42,0.37,41.04
C:\Users\Asus\PycharmProjects\AquaVision_v1\datasets\shrimp\ShrimpImages\ShrimpImages\WSSV\WSSV-26-img-3.jpg,WSSV,train,5.42,34.59,2.92,33.81,0.215,44.22
C:\Users\Asus\PycharmProjects\AquaVision_v1\datasets\shrimp\ShrimpImages\ShrimpImages\WSSV\WSSV-27-img-1.jpg,WSSV,train,5.75,32.75,3.22,21.83,0.076,15.96
C:\Users\Asus\PycharmProjects\AquaVision_v1\datasets\shrimp\ShrimpImages\ShrimpImages\WSSV\WSSV-27-img-3.jpg,WSSV,train,6.45,33.69,3.37,28.84,0.506,34.08
C:\Users\Asus\PycharmProjects\AquaVision_v1\datasets\shrimp\ShrimpImages\ShrimpImages\WSSV\WSSV-28-img-1.jpg,WSSV,train,5.6,34.56,3.13,24.45,0.125,41.19
C:\Users\Asus\PycharmProjects\AquaVision_v1\datasets\shrimp\ShrimpImages\ShrimpImages\WSSV\WSSV-28-img-2.jpg,WSSV,train,6.43,32.9,2.97,27.76,0.097,49.94
C:\Users\Asus\PycharmProjects\AquaVision_v1\datasets\shrimp\ShrimpImages\ShrimpImages\WSSV\WSSV-28-img-3.jpg,WSSV,train,5.43,33.32,3.09,25.91,0.109,44.03
C:\Users\Asus\PycharmProjects\AquaVision_v1\datasets\shrimp\ShrimpImages\ShrimpImages\WSSV\WSSV-29-img-1.jpg,WSSV,train,4.9,29.5,2.43,27.73,0.147,48.64
C:\Users\Asus\PycharmProjects\AquaVision_v1\datasets\shrimp\ShrimpImages\ShrimpImages\WSSV\WSSV-3-img-1.jpg,WSSV,train,6.8,33.43,2.58,28.81,0.282,46.45
C:\Users\Asus\PycharmProjects\AquaVision_v1\datasets\shrimp\ShrimpImages\ShrimpImages\WSSV\WSSV-30-img-1.jpg,WSSV,test,5.71,32.27,2.86,22.06,0.036,42.92
C:\Users\Asus\PycharmProjects\AquaVision_v1\datasets\shrimp\ShrimpImages\ShrimpImages\WSSV\WSSV-30-img-2.jpg,WSSV,train,6.82,27.18,2.36,28.51,0.086,37.55
C:\Users\Asus\PycharmProjects\AquaVision_v1\datasets\shrimp\ShrimpImages\ShrimpImages\WSSV\WSSV-31-img-1.jpg,WSSV,train,5.69,28.56,3.76,22.77,0.937,29.02
C:\Users\Asus\PycharmProjects\AquaVision_v1\datasets\shrimp\ShrimpImages\ShrimpImages\WSSV\WSSV-31-img-3.jpg,WSSV,val,5.72,32.83,3.04,26.14,0.078,60.33
C:\Users\Asus\PycharmProjects\AquaVision_v1\datasets\shrimp\ShrimpImages\ShrimpImages\WSSV\WSSV-32-img-1.jpg,WSSV,train,6.12,29.98,4.0,23.49,0.016,56.28
C:\Users\Asus\PycharmProjects\AquaVision_v1\datasets\shrimp\ShrimpImages\ShrimpImages\WSSV\WSSV-32-img-2.jpg,WSSV,train,6.09,30.73,4.18,23.69,0.363,54.37
C:\Users\Asus\PycharmProjects\AquaVision_v1\datasets\shrimp\ShrimpImages\ShrimpImages\WSSV\WSSV-32-img-3.jpg,WSSV,train,5.75,35.25,2.88,30.73,0.235,33.46
C:\Users\Asus\PycharmProjects\AquaVision_v1\datasets\shrimp\ShrimpImages\ShrimpImages\WSSV\WSSV-33-img-1.jpg,WSSV,val,6.38,29.39,1.87,30.01,0.161,53.61
C:\Users\Asus\PycharmProjects\AquaVision_v1\datasets\shrimp\ShrimpImages\ShrimpImages\WSSV\WSSV-33-img-2.jpg,WSSV,train,5.02,35.87,4.02,25.38,0.066,45.27
C:\Users\Asus\PycharmProjects\AquaVision_v1\datasets\shrimp\ShrimpImages\ShrimpImages\WSSV\WSSV-33-img-3.jpg,WSSV,train,5.54,29.6,1.57,28.19,0.075,34.0
C:\Users\Asus\PycharmProjects\AquaVision_v1\datasets\shrimp\ShrimpImages\ShrimpImages\WSSV\WSSV-34-img-1.jpg,WSSV,train,6.04,32.01,3.77,28.91,0.413,41.76
C:\Users\Asus\PycharmProjects\AquaVision_v1\datasets\shrimp\ShrimpImages\ShrimpImages\WSSV\WSSV-34-img-2.jpg,WSSV,train,4.0,28.94,2.41,32.78,0.26,62.18
C:\Users\Asus\PycharmProjects\AquaVision_v1\datasets\shrimp\ShrimpImages\ShrimpImages\WSSV\WSSV-35-img-1.jpg,WSSV,train,6.23,26.64,2.76,23.63,0.294,46.35
C:\Users\Asus\PycharmProjects\AquaVision_v1\datasets\shrimp\ShrimpImages\ShrimpImages\WSSV\WSSV-35-img-2.jpg,WSSV,test,4.68,36.11,3.44,24.89,0.506,49.26
C:\Users\Asus\PycharmProjects\AquaVision_v1\datasets\shrimp\ShrimpImages\ShrimpImages\WSSV\WSSV-35-img-3.jpg,WSSV,train,6.76,29.48,2.88,25.25,0.716,30.67
C:\Users\Asus\PycharmProjects\AquaVision_v1\datasets\shrimp\ShrimpImages\ShrimpImages\WSSV\WSSV-36-img-1.jpg,WSSV,val,6.41,33.05,3.46,25.87,0.08,31.03
C:\Users\Asus\PycharmProjects\AquaVision_v1\datasets\shrimp\ShrimpImages\ShrimpImages\WSSV\WSSV-36-img-2.jpg,WSSV,train,6.83,28.75,2.43,32.32,0.453,54.43
C:\Users\Asus\PycharmProjects\AquaVision_v1\datasets\shrimp\ShrimpImages\ShrimpImages\WSSV\WSSV-36-img-3.jpg,WSSV,test,6.39,33.68,2.5,29.39,0.263,39.58
C:\Users\Asus\PycharmProjects\AquaVision_v1\datasets\shrimp\ShrimpImages\ShrimpImages\WSSV\WSSV-37-img-1.jpg,WSSV,train,6.06,32.35,3.9,25.33,0.139,44.39
C:\Users\Asus\PycharmProjects\AquaVision_v1\datasets\shrimp\ShrimpImages\ShrimpImages\WSSV\WSSV-37-img-2.jpg,WSSV,train,6.22,32.52,3.41,20.2,0.017,44.32
C:\Users\Asus\PycharmProjects\AquaVision_v1\datasets\shrimp\ShrimpImages\ShrimpImages\WSSV\WSSV-38-img-1.jpg,WSSV,train,6.24,34.42,2.33,33.02,0.078,54.46
C:\Users\Asus\PycharmProjects\AquaVision_v1\datasets\shrimp\ShrimpImages\ShrimpImages\WSSV\WSSV-38-img-2.jpg,WSSV,train,6.31,28.89,3.28,26.07,0.509,43.74
C:\Users\Asus\PycharmProjects\AquaVision_v1\datasets\shrimp\ShrimpImages\ShrimpImages\WSSV\WSSV-38-img-3.jpg,WSSV,test,6.68,31.57,2.75,25.79,0.137,51.96
C:\Users\Asus\PycharmProjects\AquaVision_v1\datasets\shrimp\ShrimpImages\ShrimpImages\WSSV\WSSV-39-img-1.jpg,WSSV,train,5.9,32.25,2.11,28.89,0.027,42.87
C:\Users\Asus\PycharmProjects\AquaVision_v1\datasets\shrimp\ShrimpImages\ShrimpImages\WSSV\WSSV-39-img-2.jpg,WSSV,test,6.81,28.8,3.28,29.92,0.052,59.97
C:\Users\Asus\PycharmProjects\AquaVision_v1\datasets\shrimp\ShrimpImages\ShrimpImages\WSSV\WSSV-39-img-3.jpg,WSSV,val,6.79,31.74,4.21,29.15,0.099,55.95
C:\Users\Asus\PycharmProjects\AquaVision_v1\datasets\shrimp\ShrimpImages\ShrimpImages\WSSV\WSSV-4-img-1.jpg,WSSV,val,5.07,33.97,4.68,31.37,0.058,56.63
C:\Users\Asus\PycharmProjects\AquaVision_v1\datasets\shrimp\ShrimpImages\ShrimpImages\WSSV\WSSV-4-img-2.jpg,WSSV,train,6.61,32.04,3.29,29.55,0.051,63.67
C:\Users\Asus\PycharmProjects\AquaVision_v1\datasets\shrimp\ShrimpImages\ShrimpImages\WSSV\WSSV-4-img-3.jpg,WSSV,val,6.85,33.11,3.61,26.16,0.256,52.57
C:\Users\Asus\PycharmProjects\AquaVision_v1\datasets\shrimp\ShrimpImages\ShrimpImages\WSSV\WSSV-40-img-1.jpg,WSSV,test,5.38,31.71,2.52,30.21,0.067,53.64
C:\Users\Asus\PycharmProjects\AquaVision_v1\datasets\shrimp\ShrimpImages\ShrimpImages\WSSV\WSSV-40-img-2.jpg,WSSV,val,6.09,32.05,2.74,31.52,0.04,45.01
C:\Users\Asus\PycharmProjects\AquaVision_v1\datasets\shrimp\ShrimpImages\ShrimpImages\WSSV\WSSV-40-img-3.jpg,WSSV,train,5.75,29.85,3.89,34.71,0.351,39.92
C:\Users\Asus\PycharmProjects\AquaVision_v1\datasets\shrimp\ShrimpImages\ShrimpImages\WSSV\WSSV-41-img-2.jpg,WSSV,train,4.98,28.6,2.12,21.67,0.617,49.13
C:\Users\Asus\PycharmProjects\AquaVision_v1\datasets\shrimp\ShrimpImages\ShrimpImages\WSSV\WSSV-41-img-3.jpg,WSSV,train,6.51,31.66,3.73,27.72,0.282,35.72
C:\Users\Asus\PycharmProjects\AquaVision_v1\datasets\shrimp\ShrimpImages\ShrimpImages\WSSV\WSSV-42-img-2.jpg,WSSV,test,5.75,30.56,2.47,26.33,0.035,48.44
C:\Users\Asus\PycharmProjects\AquaVision_v1\datasets\shrimp\ShrimpImages\ShrimpImages\WSSV\WSSV-42-img-3.jpg,WSSV,test,5.81,33.69,3.6,36.3,0.283,55.34
C:\Users\Asus\PycharmProjects\AquaVision_v1\datasets\shrimp\ShrimpImages\ShrimpImages\WSSV\WSSV-43-img-1.jpg,WSSV,val,6.98,30.87,2.76,28.67,0.447,54.45
C:\Users\Asus\PycharmProjects\AquaVision_v1\datasets\shrimp\ShrimpImages\ShrimpImages\WSSV\WSSV-43-img-2.jpg,WSSV,train,6.4,28.8,3.79,25.45,0.028,46.27
C:\Users\Asus\PycharmProjects\AquaVision_v1\datasets\shrimp\ShrimpImages\ShrimpImages\WSSV\WSSV-44-img-1.jpg,WSSV,test,6.15,28.4,4.76,20.72,0.359,39.02
C:\Users\Asus\PycharmProjects\AquaVision_v1\datasets\shrimp\ShrimpImages\ShrimpImages\WSSV\WSSV-44-img-2.jpg,WSSV,test,6.32,32.46,3.12,27.77,0.078,47.33
C:\Users\Asus\PycharmProjects\AquaVision_v1\datasets\shrimp\ShrimpImages\ShrimpImages\WSSV\WSSV-44-img-3.jpg,WSSV,train,6.53,33.18,2.43,27.68,0.246,42.0
C:\Users\Asus\PycharmProjects\AquaVision_v1\datasets\shrimp\ShrimpImages\ShrimpImages\WSSV\WSSV-45-img-1.jpg,WSSV,train,5.78,32.64,2.34,34.88,0.227,42.56
C:\Users\Asus\PycharmProjects\AquaVision_v1\datasets\shrimp\ShrimpImages\ShrimpImages\WSSV\WSSV-45-img-2.jpg,WSSV,val,6.36,33.13,2.22,33.81,0.036,45.14
C:\Users\Asus\PycharmProjects\AquaVision_v1\datasets\shrimp\ShrimpImages\ShrimpImages\WSSV\WSSV-45-img-3.jpg,WSSV,test,5.74,30.25,3.85,25.66,0.119,42.46
C:\Users\Asus\PycharmProjects\AquaVision_v1\datasets\shrimp\ShrimpImages\ShrimpImages\WSSV\WSSV-46-img-1.jpg,WSSV,train,5.91,28.06,3.18,25.73,0.018,53.32
C:\Users\Asus\PycharmProjects\AquaVision_v1\datasets\shrimp\ShrimpImages\ShrimpImages\WSSV\WSSV-46-img-2.jpg,WSSV,test,6.1,32.96,3.05,32.77,0.308,37.3
C:\Users\Asus\PycharmProjects\AquaVision_v1\datasets\shrimp\ShrimpImages\ShrimpImages\WSSV\WSSV-46-img-3.jpg,WSSV,val,6.43,29.47,3.36,30.18,1.395,23.28
C:\Users\Asus\PycharmProjects\AquaVision_v1\datasets\shrimp\ShrimpImages\ShrimpImages\WSSV\WSSV-47-img-1.jpg,WSSV,train,5.93,34.23,3.54,33.24,0.544,62.3
C:\Users\Asus\PycharmProjects\AquaVision_v1\datasets\shrimp\ShrimpImages\ShrimpImages\WSSV\WSSV-47-img-3.jpg,WSSV,train,5.21,28.27,3.0,26.62,0.059,49.89
C:\Users\Asus\PycharmProjects\AquaVision_v1\datasets\shrimp\ShrimpImages\ShrimpImages\WSSV\WSSV-48-img-1.jpg,WSSV,train,6.14,25.95,4.35,25.95,0.039,33.29
C:\Users\Asus\PycharmProjects\AquaVision_v1\datasets\shrimp\ShrimpImages\ShrimpImages\WSSV\WSSV-48-img-2.jpg,WSSV,val,7.46,30.96,3.12,26.19,0.329,62.26
C:\Users\Asus\PycharmProjects\AquaVision_v1\datasets\shrimp\ShrimpImages\ShrimpImages\WSSV\WSSV-48-img-3.jpg,WSSV,val,6.31,34.15,2.67,25.07,0.247,41.93
C:\Users\Asus\PycharmProjects\AquaVision_v1\datasets\shrimp\ShrimpImages\ShrimpImages\WSSV\WSSV-49-img-1.jpg,WSSV,train,6.82,31.97,3.87,25.28,0.057,15.86
C:\Users\Asus\PycharmProjects\AquaVision_v1\datasets\shrimp\ShrimpImages\ShrimpImages\WSSV\WSSV-49-img-2.jpg,WSSV,train,4.89,23.92,3.85,28.51,0.403,62.49
C:\Users\Asus\PycharmProjects\AquaVision_v1\datasets\shrimp\ShrimpImages\ShrimpImages\WSSV\WSSV-49-img-3.jpg,WSSV,train,5.87,27.52,3.17,21.53,0.616,42.71
C:\Users\Asus\PycharmProjects\AquaVision_v1\datasets\shrimp\ShrimpImages\ShrimpImages\WSSV\WSSV-5-img-1.jpg,WSSV,test,6.13,32.56,3.76,36.62,0.035,37.0
C:\Users\Asus\PycharmProjects\AquaVision_v1\datasets\shrimp\ShrimpImages\ShrimpImages\WSSV\WSSV-5-img-2.jpg,WSSV,train,5.95,34.7,2.97,25.74,0.13,40.29
C:\Users\Asus\PycharmProjects\AquaVision_v1\datasets\shrimp\ShrimpImages\ShrimpImages\WSSV\WSSV-5-img-3.jpg,WSSV,train,5.71,35.16,2.52,28.14,1.043,32.65
C:\Users\Asus\PycharmProjects\AquaVision_v1\datasets\shrimp\ShrimpImages\ShrimpImages\WSSV\WSSV-50-img-1.jpg,WSSV,train,6.67,32.2,2.36,31.29,0.375,35.37
C:\Users\Asus\PycharmProjects\AquaVision_v1\datasets\shrimp\ShrimpImages\ShrimpImages\WSSV\WSSV-50-img-2.jpg,WSSV,val,6.62,31.63,3.01,25.69,0.071,53.98
C:\Users\Asus\PycharmProjects\AquaVision_v1\datasets\shrimp\ShrimpImages\ShrimpImages\WSSV\WSSV-50-img-3.jpg,WSSV,train,6.78,29.01,2.44,22.23,0.005,40.17
C:\Users\Asus\PycharmProjects\AquaVision_v1\datasets\shrimp\ShrimpImages\ShrimpImages\WSSV\WSSV-51-img-1.jpg,WSSV,train,6.05,31.61,3.96,30.11,0.04,49.33
C:\Users\Asus\PycharmProjects\AquaVision_v1\datasets\shrimp\ShrimpImages\ShrimpImages\WSSV\WSSV-51-img-3.jpg,WSSV,val,5.79,31.32,2.82,24.03,0.367,30.55
C:\Users\Asus\PycharmProjects\AquaVision_v1\datasets\shrimp\ShrimpImages\ShrimpImages\WSSV\WSSV-52-img-1.jpg,WSSV,train,6.45,30.68,4.33,26.06,0.165,49.9
C:\Users\Asus\PycharmProjects\AquaVision_v1\datasets\shrimp\ShrimpImages\ShrimpImages\WSSV\WSSV-52-img-3.jpg,WSSV,train,6.43,32.02,3.49,28.33,0.013,44.62
C:\Users\Asus\PycharmProjects\AquaVision_v1\datasets\shrimp\ShrimpImages\ShrimpImages\WSSV\WSSV-53-img-2.jpg,WSSV,val,7.53,33.96,3.78,28.45,0.274,24.67
C:\Users\Asus\PycharmProjects\AquaVision_v1\datasets\shrimp\ShrimpImages\ShrimpImages\WSSV\WSSV-53-img-3.jpg,WSSV,test,7.37,31.53,2.81,34.37,0.166,45.19
C:\Users\Asus\PycharmProjects\AquaVision_v1\datasets\shrimp\ShrimpImages\ShrimpImages\WSSV\WSSV-54-img-1.jpg,WSSV,train,5.47,32.18,3.43,31.83,0.043,45.22
C:\Users\Asus\PycharmProjects\AquaVision_v1\datasets\shrimp\ShrimpImages\ShrimpImages\WSSV\WSSV-55-img-1.jpg,WSSV,train,6.43,27.59,3.76,30.08,0.965,49.96
C:\Users\Asus\PycharmProjects\AquaVision_v1\datasets\shrimp\ShrimpImages\ShrimpImages\WSSV\WSSV-55-img-2.jpg,WSSV,val,7.06,30.29,3.31,23.66,0.198,43.35
C:\Users\Asus\PycharmProjects\AquaVision_v1\datasets\shrimp\ShrimpImages\ShrimpImages\WSSV\WSSV-55-img-3.jpg,WSSV,train,5.6,30.41,2.87,25.86,0.244,47.95
C:\Users\Asus\PycharmProjects\AquaVision_v1\datasets\shrimp\ShrimpImages\ShrimpImages\WSSV\WSSV-56-img-1.jpg,WSSV,train,5.7,32.8,2.18,30.68,0.313,47.61
C:\Users\Asus\PycharmProjects\AquaVision_v1\datasets\shrimp\ShrimpImages\ShrimpImages\WSSV\WSSV-56-img-2.jpg,WSSV,train,6.71,28.04,3.0,32.12,0.028,52.97
C:\Users\Asus\PycharmProjects\AquaVision_v1\datasets\shrimp\ShrimpImages\ShrimpImages\WSSV\WSSV-56-img-3.jpg,WSSV,val,6.49,31.05,1.34,31.13,0.471,12.25
C:\Users\Asus\PycharmProjects\AquaVision_v1\datasets\shrimp\ShrimpImages\ShrimpImages\WSSV\WSSV-57-img-1.jpg,WSSV,test,5.61,31.7,3.43,21.24,0.169,35.22
C:\Users\Asus\PycharmProjects\AquaVision_v1\datasets\shrimp\ShrimpImages\ShrimpImages\WSSV\WSSV-57-img-2.jpg,WSSV,val,6.54,29.37,1.53,27.32,0.028,36.15
C:\Users\Asus\PycharmProjects\AquaVision_v1\datasets\shrimp\ShrimpImages\ShrimpImages\WSSV\WSSV-58-img-1.jpg,WSSV,train,5.79,32.22,1.64,19.8,0.148,52.39
C:\Users\Asus\PycharmProjects\AquaVision_v1\datasets\shrimp\ShrimpImages\ShrimpImages\WSSV\WSSV-58-img-2.jpg,WSSV,val,4.33,29.23,5.13,21.62,0.356,51.62
C:\Users\Asus\PycharmProjects\AquaVision_v1\datasets\shrimp\ShrimpImages\ShrimpImages\WSSV\WSSV-58-img-3.jpg,WSSV,train,5.85,32.89,1.67,30.64,0.013,36.96
C:\Users\Asus\PycharmProjects\AquaVision_v1\datasets\shrimp\ShrimpImages\ShrimpImages\WSSV\WSSV-59-img-2.jpg,WSSV,train,6.28,30.38,4.26,24.5,0.096,44.71
C:\Users\Asus\PycharmProjects\AquaVision_v1\datasets\shrimp\ShrimpImages\ShrimpImages\WSSV\WSSV-6-img-1.jpg,WSSV,train,5.3,30.84,3.39,28.34,0.079,52.98
C:\Users\Asus\PycharmProjects\AquaVision_v1\datasets\shrimp\ShrimpImages\ShrimpImages\WSSV\WSSV-6-img-2.jpg,WSSV,train,6.62,28.03,3.67,30.48,0.178,36.9
C:\Users\Asus\PycharmProjects\AquaVision_v1\datasets\shrimp\ShrimpImages\ShrimpImages\WSSV\WSSV-6-img-3.jpg,WSSV,train,5.82,34.38,2.68,24.77,0.005,45.76
C:\Users\Asus\PycharmProjects\AquaVision_v1\datasets\shrimp\ShrimpImages\ShrimpImages\WSSV\WSSV-60-img-1.jpg,WSSV,val,6.51,30.65,4.13,30.12,0.157,36.88
C:\Users\Asus\PycharmProjects\AquaVision_v1\datasets\shrimp\ShrimpImages\ShrimpImages\WSSV\WSSV-60-img-2.jpg,WSSV,val,5.93,29.6,3.58,17.5,0.245,70.49
C:\Users\Asus\PycharmProjects\AquaVision_v1\datasets\shrimp\ShrimpImages\ShrimpImages\WSSV\WSSV-61-img-1.jpg,WSSV,train,6.81,36.86,3.9,31.8,0.037,42.24
C:\Users\Asus\PycharmProjects\AquaVision_v1\datasets\shrimp\ShrimpImages\ShrimpImages\WSSV\WSSV-61-img-2.jpg,WSSV,train,6.26,29.28,2.12,27.7,0.131,28.15
C:\Users\Asus\PycharmProjects\AquaVision_v1\datasets\shrimp\ShrimpImages\ShrimpImages\WSSV\WSSV-61-img-3.jpg,WSSV,test,6.19,29.69,5.66,33.44,0.206,40.47
C:\Users\Asus\PycharmProjects\AquaVision_v1\datasets\shrimp\ShrimpImages\ShrimpImages\WSSV\WSSV-62-img-1.jpg,WSSV,train,5.8,27.65,3.55,25.27,0.036,54.68
C:\Users\Asus\PycharmProjects\AquaVision_v1\datasets\shrimp\ShrimpImages\ShrimpImages\WSSV\WSSV-62-img-2.jpg,WSSV,train,6.7,34.43,2.52,29.9,0.07,40.75
C:\Users\Asus\PycharmProjects\AquaVision_v1\datasets\shrimp\ShrimpImages\ShrimpImages\WSSV\WSSV-63-img-1.jpg,WSSV,test,6.4,29.07,4.49,28.91,0.024,51.36
C:\Users\Asus\PycharmProjects\AquaVision_v1\datasets\shrimp\ShrimpImages\ShrimpImages\WSSV\WSSV-63-img-2.jpg,WSSV,train,5.61,27.95,2.74,27.5,0.172,42.46
C:\Users\Asus\PycharmProjects\AquaVision_v1\datasets\shrimp\ShrimpImages\ShrimpImages\WSSV\WSSV-63-img-3.jpg,WSSV,train,5.52,32.68,3.68,26.43,0.117,34.82
C:\Users\Asus\PycharmProjects\AquaVision_v1\datasets\shrimp\ShrimpImages\ShrimpImages\WSSV\WSSV-64-img-1.jpg,WSSV,train,6.49,33.32,2.8,23.39,0.028,36.04
C:\Users\Asus\PycharmProjects\AquaVision_v1\datasets\shrimp\ShrimpImages\ShrimpImages\WSSV\WSSV-64-img-2.jpg,WSSV,val,6.28,29.7,4.26,31.31,0.202,46.58
C:\Users\Asus\PycharmProjects\AquaVision_v1\datasets\shrimp\ShrimpImages\ShrimpImages\WSSV\WSSV-64-img-3.jpg,WSSV,train,6.74,30.06,4.28,33.17,0.504,45.98
C:\Users\Asus\PycharmProjects\AquaVision_v1\datasets\shrimp\ShrimpImages\ShrimpImages\WSSV\WSSV-65-img-2.jpg,WSSV,test,5.56,32.47,4.33,29.79,0.318,39.99
C:\Users\Asus\PycharmProjects\AquaVision_v1\datasets\shrimp\ShrimpImages\ShrimpImages\WSSV\WSSV-66-img-1.jpg,WSSV,val,5.33,30.64,4.08,19.23,0.242,54.7
C:\Users\Asus\PycharmProjects\AquaVision_v1\datasets\shrimp\ShrimpImages\ShrimpImages\WSSV\WSSV-66-img-2.jpg,WSSV,test,6.38,31.01,4.18,31.93,0.108,31.0
C:\Users\Asus\PycharmProjects\AquaVision_v1\datasets\shrimp\ShrimpImages\ShrimpImages\WSSV\WSSV-67-img-1.jpg,WSSV,train,6.15,29.18,4.6,32.16,0.074,55.24
C:\Users\Asus\PycharmProjects\AquaVision_v1\datasets\shrimp\ShrimpImages\ShrimpImages\WSSV\WSSV-67-img-2.jpg,WSSV,test,5.86,31.6,4.2,31.16,0.058,54.7
C:\Users\Asus\PycharmProjects\AquaVision_v1\datasets\shrimp\ShrimpImages\ShrimpImages\WSSV\WSSV-68-img-1.jpg,WSSV,train,5.98,33.65,3.16,30.01,0.039,50.23
C:\Users\Asus\PycharmProjects\AquaVision_v1\datasets\shrimp\ShrimpImages\ShrimpImages\WSSV\WSSV-68-img-2.jpg,WSSV,train,6.02,29.36,3.01,24.24,0.382,56.19
C:\Users\Asus\PycharmProjects\AquaVision_v1\datasets\shrimp\ShrimpImages\ShrimpImages\WSSV\WSSV-68-img-3.jpg,WSSV,train,7.02,30.8,2.39,19.66,0.118,49.39
C:\Users\Asus\PycharmProjects\AquaVision_v1\datasets\shrimp\ShrimpImages\ShrimpImages\WSSV\WSSV-69-img-1.jpg,WSSV,train,4.75,31.97,1.42,23.21,0.081,53.87
C:\Users\Asus\PycharmProjects\AquaVision_v1\datasets\shrimp\ShrimpImages\ShrimpImages\WSSV\WSSV-69-img-2.jpg,WSSV,train,6.44,35.09,3.02,28.28,0.241,75.15
C:\Users\Asus\PycharmProjects\AquaVision_v1\datasets\shrimp\ShrimpImages\ShrimpImages\WSSV\WSSV-69-img-3.jpg,WSSV,train,6.48,30.71,3.65,25.37,0.01,44.51
C:\Users\Asus\PycharmProjects\AquaVision_v1\datasets\shrimp\ShrimpImages\ShrimpImages\WSSV\WSSV-7-img-1.jpg,WSSV,train,6.53,38.78,3.85,24.61,0.046,43.28
C:\Users\Asus\PycharmProjects\AquaVision_v1\datasets\shrimp\ShrimpImages\ShrimpImages\WSSV\WSSV-7-img-2.jpg,WSSV,test,5.28,32.83,2.18,32.19,0.135,49.88
C:\Users\Asus\PycharmProjects\AquaVision_v1\datasets\shrimp\ShrimpImages\ShrimpImages\WSSV\WSSV-7-img-3.jpg,WSSV,train,7.06,32.83,3.21,27.05,0.01,52.87
C:\Users\Asus\PycharmProjects\AquaVision_v1\datasets\shrimp\ShrimpImages\ShrimpImages\WSSV\WSSV-70-img-1.jpg,WSSV,train,6.18,25.74,4.83,28.62,0.017,48.98
C:\Users\Asus\PycharmProjects\AquaVision_v1\datasets\shrimp\ShrimpImages\ShrimpImages\WSSV\WSSV-70-img-3.jpg,WSSV,train,5.99,27.0,5.02,23.06,0.11,45.14
C:\Users\Asus\PycharmProjects\AquaVision_v1\datasets\shrimp\ShrimpImages\ShrimpImages\WSSV\WSSV-71-img-3.jpg,WSSV,train,5.34,27.91,4.2,30.92,0.859,50.38
C:\Users\Asus\PycharmProjects\AquaVision_v1\datasets\shrimp\ShrimpImages\ShrimpImages\WSSV\WSSV-72-img-1.jpg,WSSV,test,6.53,36.99,4.95,25.25,0.204,36.26
C:\Users\Asus\PycharmProjects\AquaVision_v1\datasets\shrimp\ShrimpImages\ShrimpImages\WSSV\WSSV-72-img-2.jpg,WSSV,train,6.68,30.57,2.55,31.31,1.168,55.71
C:\Users\Asus\PycharmProjects\AquaVision_v1\datasets\shrimp\ShrimpImages\ShrimpImages\WSSV\WSSV-73-img-1.jpg,WSSV,val,4.86,30.94,4.1,27.25,0.288,42.78
C:\Users\Asus\PycharmProjects\AquaVision_v1\datasets\shrimp\ShrimpImages\ShrimpImages\WSSV\WSSV-73-img-2.jpg,WSSV,train,6.27,27.96,2.3,30.84,0.012,45.19
C:\Users\Asus\PycharmProjects\AquaVision_v1\datasets\shrimp\ShrimpImages\ShrimpImages\WSSV\WSSV-73-img-3.jpg,WSSV,train,5.92,33.62,2.93,22.64,0.122,46.43
C:\Users\Asus\PycharmProjects\AquaVision_v1\datasets\shrimp\ShrimpImages\ShrimpImages\WSSV\WSSV-74-img-1.jpg,WSSV,train,6.24,30.95,3.43,23.28,0.737,42.8
C:\Users\Asus\PycharmProjects\AquaVision_v1\datasets\shrimp\ShrimpImages\ShrimpImages\WSSV\WSSV-74-img-2.jpg,WSSV,train,6.47,27.11,3.36,28.4,0.533,60.44
C:\Users\Asus\PycharmProjects\AquaVision_v1\datasets\shrimp\ShrimpImages\ShrimpImages\WSSV\WSSV-74-img-3.jpg,WSSV,train,7.11,28.52,6.8,28.34,0.078,34.31
C:\Users\Asus\PycharmProjects\AquaVision_v1\datasets\shrimp\ShrimpImages\ShrimpImages\WSSV\WSSV-75-img-1.jpg,WSSV,test,6.09,32.26,3.27,25.15,0.46,51.27
C:\Users\Asus\PycharmProjects\AquaVision_v1\datasets\shrimp\ShrimpImages\ShrimpImages\WSSV\WSSV-76-img-1.jpg,WSSV,train,5.93,27.52,4.56,27.54,0.077,41.54
C:\Users\Asus\PycharmProjects\AquaVision_v1\datasets\shrimp\ShrimpImages\ShrimpImages\WSSV\WSSV-76-img-3.jpg,WSSV,train,5.64,31.17,4.02,30.01,0.261,45.32
C:\Users\Asus\PycharmProjects\AquaVision_v1\datasets\shrimp\ShrimpImages\ShrimpImages\WSSV\WSSV-77-img-1.jpg,WSSV,train,6.54,28.32,1.16,26.08,0.244,70.39
C:\Users\Asus\PycharmProjects\AquaVision_v1\datasets\shrimp\ShrimpImages\ShrimpImages\WSSV\WSSV-77-img-2.jpg,WSSV,train,6.02,32.3,4.54,25.64,0.231,37.65
C:\Users\Asus\PycharmProjects\AquaVision_v1\datasets\shrimp\ShrimpImages\ShrimpImages\WSSV\WSSV-77-img-3.jpg,WSSV,train,5.11,30.36,3.14,30.76,0.056,38.16
C:\Users\Asus\PycharmProjects\AquaVision_v1\datasets\shrimp\ShrimpImages\ShrimpImages\WSSV\WSSV-78-img-1.jpg,WSSV,train,5.94,30.96,3.32,28.39,0.482,41.63
C:\Users\Asus\PycharmProjects\AquaVision_v1\datasets\shrimp\ShrimpImages\ShrimpImages\WSSV\WSSV-78-img-2.jpg,WSSV,train,6.18,31.98,3.56,21.67,0.467,45.5
C:\Users\Asus\PycharmProjects\AquaVision_v1\datasets\shrimp\ShrimpImages\ShrimpImages\WSSV\WSSV-79-img-1.jpg,WSSV,train,5.68,29.35,2.74,30.15,0.017,40.75
C:\Users\Asus\PycharmProjects\AquaVision_v1\datasets\shrimp\ShrimpImages\ShrimpImages\WSSV\WSSV-79-img-2.jpg,WSSV,train,6.73,33.27,3.3,27.5,0.277,42.89
C:\Users\Asus\PycharmProjects\AquaVision_v1\datasets\shrimp\ShrimpImages\ShrimpImages\WSSV\WSSV-79-img-3.jpg,WSSV,train,7.47,28.87,3.61,25.88,0.855,44.61
C:\Users\Asus\PycharmProjects\AquaVision_v1\datasets\shrimp\ShrimpImages\ShrimpImages\WSSV\WSSV-8-img-1.jpg,WSSV,train,5.05,31.34,5.53,27.26,0.102,33.7
C:\Users\Asus\PycharmProjects\AquaVision_v1\datasets\shrimp\ShrimpImages\ShrimpImages\WSSV\WSSV-8-img-2.jpg,WSSV,train,6.04,31.04,3.84,31.89,0.114,35.08
C:\Users\Asus\PycharmProjects\AquaVision_v1\datasets\shrimp\ShrimpImages\ShrimpImages\WSSV\WSSV-80-img-1.jpg,WSSV,test,5.77,29.96,2.4,30.2,0.122,63.01
C:\Users\Asus\PycharmProjects\AquaVision_v1\datasets\shrimp\ShrimpImages\ShrimpImages\WSSV\WSSV-80-img-2.jpg,WSSV,train,6.03,31.04,3.37,26.21,0.632,37.13
C:\Users\Asus\PycharmProjects\AquaVision_v1\datasets\shrimp\ShrimpImages\ShrimpImages\WSSV\WSSV-80-img-3.jpg,WSSV,train,5.82,30.08,2.48,24.33,0.159,62.31
C:\Users\Asus\PycharmProjects\AquaVision_v1\datasets\shrimp\ShrimpImages\ShrimpImages\WSSV\WSSV-81-img-1.jpg,WSSV,train,4.99,29.93,4.02,26.65,0.346,39.14
C:\Users\Asus\PycharmProjects\AquaVision_v1\datasets\shrimp\ShrimpImages\ShrimpImages\WSSV\WSSV-81-img-2.jpg,WSSV,train,5.89,31.37,3.82,37.53,0.114,53.27
C:\Users\Asus\PycharmProjects\AquaVision_v1\datasets\shrimp\ShrimpImages\ShrimpImages\WSSV\WSSV-82-img-1.jpg,WSSV,train,5.48,31.16,3.29,23.69,0.689,52.6
C:\Users\Asus\PycharmProjects\AquaVision_v1\datasets\shrimp\ShrimpImages\ShrimpImages\WSSV\WSSV-83-img-1.jpg,WSSV,train,5.86,31.73,2.79,25.94,0.174,33.01
C:\Users\Asus\PycharmProjects\AquaVision_v1\datasets\shrimp\ShrimpImages\ShrimpImages\WSSV\WSSV-84-img-1.jpg,WSSV,test,5.97,28.68,5.55,23.71,0.426,49.44
C:\Users\Asus\PycharmProjects\AquaVision_v1\datasets\shrimp\ShrimpImages\ShrimpImages\WSSV\WSSV-84-img-2.jpg,WSSV,train,5.82,35.52,3.6,23.78,0.274,42.43
C:\Users\Asus\PycharmProjects\AquaVision_v1\datasets\shrimp\ShrimpImages\ShrimpImages\WSSV\WSSV-84-img-3.jpg,WSSV,train,5.26,34.01,3.34,31.35,0.022,60.81
C:\Users\Asus\PycharmProjects\AquaVision_v1\datasets\shrimp\ShrimpImages\ShrimpImages\WSSV\WSSV-85-img-1.jpg,WSSV,test,5.91,33.43,3.19,25.6,0.572,29.41
C:\Users\Asus\PycharmProjects\AquaVision_v1\datasets\shrimp\ShrimpImages\ShrimpImages\WSSV\WSSV-85-img-2.jpg,WSSV,train,6.59,32.06,2.43,25.85,0.068,29.73
C:\Users\Asus\PycharmProjects\AquaVision_v1\datasets\shrimp\ShrimpImages\ShrimpImages\WSSV\WSSV-86-img-1.jpg,WSSV,test,5.8,29.97,2.61,21.49,0.106,65.23
C:\Users\Asus\PycharmProjects\AquaVision_v1\datasets\shrimp\ShrimpImages\ShrimpImages\WSSV\WSSV-86-img-2.jpg,WSSV,train,6.26,32.04,4.15,24.73,0.041,41.37
C:\Users\Asus\PycharmProjects\AquaVision_v1\datasets\shrimp\ShrimpImages\ShrimpImages\WSSV\WSSV-86-img-3.jpg,WSSV,test,5.58,27.66,3.78,33.16,0.266,70.88
C:\Users\Asus\PycharmProjects\AquaVision_v1\datasets\shrimp\ShrimpImages\ShrimpImages\WSSV\WSSV-87-img-1.jpg,WSSV,train,5.85,32.96,2.02,22.95,0.196,51.77
C:\Users\Asus\PycharmProjects\AquaVision_v1\datasets\shrimp\ShrimpImages\ShrimpImages\WSSV\WSSV-87-img-2.jpg,WSSV,val,5.45,35.05,3.53,23.13,0.414,58.63
C:\Users\Asus\PycharmProjects\AquaVision_v1\datasets\shrimp\ShrimpImages\ShrimpImages\WSSV\WSSV-88-img-1.jpg,WSSV,train,7.04,32.14,2.0,24.33,0.154,65.14
C:\Users\Asus\PycharmProjects\AquaVision_v1\datasets\shrimp\ShrimpImages\ShrimpImages\WSSV\WSSV-88-img-2.jpg,WSSV,val,6.44,30.48,2.95,31.43,0.486,50.54
C:\Users\Asus\PycharmProjects\AquaVision_v1\datasets\shrimp\ShrimpImages\ShrimpImages\WSSV\WSSV-89-img-1.jpg,WSSV,train,6.02,28.87,2.59,24.09,0.37,64.07
C:\Users\Asus\PycharmProjects\AquaVision_v1\datasets\shrimp\ShrimpImages\ShrimpImages\WSSV\WSSV-89-img-2.jpg,WSSV,test,5.24,29.36,2.99,21.96,0.677,42.79
C:\Users\Asus\PycharmProjects\AquaVision_v1\datasets\shrimp\ShrimpImages\ShrimpImages\WSSV\WSSV-9-img-1.jpg,WSSV,test,6.23,28.0,4.07,28.84,0.162,28.9
C:\Users\Asus\PycharmProjects\AquaVision_v1\datasets\shrimp\ShrimpImages\ShrimpImages\WSSV\WSSV-9-img-3.jpg,WSSV,train,5.68,29.65,3.0,29.02,1.785,56.93
C:\Users\Asus\PycharmProjects\AquaVision_v1\datasets\shrimp\ShrimpImages\ShrimpImages\WSSV\WSSV-90-img-1.jpg,WSSV,train,5.64,29.76,2.79,24.79,0.394,49.35
C:\Users\Asus\PycharmProjects\AquaVision_v1\datasets\shrimp\ShrimpImages\ShrimpImages\WSSV\WSSV-90-img-2.jpg,WSSV,val,5.92,28.37,3.54,21.19,0.334,39.39
C:\Users\Asus\PycharmProjects\AquaVision_v1\datasets\shrimp\ShrimpImages\ShrimpImages\WSSV\WSSV-91-img-1.jpg,WSSV,train,5.94,25.5,1.6,28.14,0.327,49.08
C:\Users\Asus\PycharmProjects\AquaVision_v1\datasets\shrimp\ShrimpImages\ShrimpImages\WSSV\WSSV-91-img-2.jpg,WSSV,train,6.31,29.65,3.92,21.47,0.157,35.95
C:\Users\Asus\PycharmProjects\AquaVision_v1\datasets\shrimp\ShrimpImages\ShrimpImages\WSSV\WSSV-91-img-3.jpg,WSSV,train,6.07,31.29,3.25,24.29,0.015,42.64
C:\Users\Asus\PycharmProjects\AquaVision_v1\datasets\shrimp\ShrimpImages\ShrimpImages\WSSV\WSSV-92-img-1.jpg,WSSV,train,5.9,34.41,2.96,26.04,0.102,60.89
C:\Users\Asus\PycharmProjects\AquaVision_v1\datasets\shrimp\ShrimpImages\ShrimpImages\WSSV\WSSV-92-img-3.jpg,WSSV,train,5.44,30.83,3.55,30.96,0.165,49.46
C:\Users\Asus\PycharmProjects\AquaVision_v1\datasets\shrimp\ShrimpImages\ShrimpImages\WSSV\WSSV-93-img-1.jpg,WSSV,val,6.11,32.52,2.75,25.65,0.282,38.8
C:\Users\Asus\PycharmProjects\AquaVision_v1\datasets\shrimp\ShrimpImages\ShrimpImages\WSSV\WSSV-93-img-3.jpg,WSSV,train,6.61,31.06,4.28,21.95,0.043,41.45
C:\Users\Asus\PycharmProjects\AquaVision_v1\datasets\shrimp\ShrimpImages\ShrimpImages\WSSV\WSSV-94-img-1.jpg,WSSV,train,5.32,29.25,3.33,28.41,0.005,46.49
C:\Users\Asus\PycharmProjects\AquaVision_v1\datasets\shrimp\ShrimpImages\ShrimpImages\WSSV\WSSV-94-img-2.jpg,WSSV,test,5.25,33.01,3.39,30.93,0.019,45.62
C:\Users\Asus\PycharmProjects\AquaVision_v1\datasets\shrimp\ShrimpImages\ShrimpImages\WSSV\WSSV-95-img-1.jpg,WSSV,train,5.61,28.03,2.88,30.14,0.175,45.91
C:\Users\Asus\PycharmProjects\AquaVision_v1\datasets\shrimp\ShrimpImages\ShrimpImages\WSSV\WSSV-95-img-3.jpg,WSSV,train,5.18,33.88,3.04,32.47,0.054,50.87
C:\Users\Asus\PycharmProjects\AquaVision_v1\datasets\shrimp\ShrimpImages\ShrimpImages\WSSV\WSSV-96-img-2.jpg,WSSV,val,5.7,29.23,3.72,26.47,0.717,25.24
C:\Users\Asus\PycharmProjects\AquaVision_v1\datasets\shrimp\ShrimpImages\ShrimpImages\WSSV\WSSV-96-img-3.jpg,WSSV,test,5.76,28.05,3.23,23.24,0.154,43.29
C:\Users\Asus\PycharmProjects\AquaVision_v1\datasets\shrimp\ShrimpImages\ShrimpImages\WSSV\WSSV-97-img-1.jpg,WSSV,train,4.66,29.07,1.78,25.26,0.01,38.83
C:\Users\Asus\PycharmProjects\AquaVision_v1\datasets\shrimp\ShrimpImages\ShrimpImages\WSSV\WSSV-97-img-3.jpg,WSSV,test,6.51,29.47,3.15,32.74,0.134,38.02
C:\Users\Asus\PycharmProjects\AquaVision_v1\datasets\shrimp\ShrimpImages\ShrimpImages\WSSV\WSSV-98-img-1.jpg,WSSV,train,5.85,32.89,0.91,22.6,0.681,62.68
C:\Users\Asus\PycharmProjects\AquaVision_v1\datasets\shrimp\ShrimpImages\ShrimpImages\WSSV\WSSV-98-img-2.jpg,WSSV,train,5.83,31.28,4.56,23.57,0.299,30.9
C:\Users\Asus\PycharmProjects\AquaVision_v1\datasets\shrimp\ShrimpImages\ShrimpImages\WSSV\WSSV-98-img-3.jpg,WSSV,train,6.75,28.41,3.04,27.85,0.095,51.6
C:\Users\Asus\PycharmProjects\AquaVision_v1\datasets\shrimp\ShrimpImages\ShrimpImages\WSSV\WSSV-99-img-1.jpg,WSSV,train,4.92,30.95,3.43,29.0,0.279,45.86
C:\Users\Asus\PycharmProjects\AquaVision_v1\datasets\shrimp\ShrimpImages\ShrimpImages\WSSV\WSSV-99-img-2.jpg,WSSV,train,5.27,30.07,4.45,27.32,0.148,61.37
C:\Users\Asus\PycharmProjects\AquaVision_v1\datasets\shrimp\ShrimpImages\ShrimpImages\WSSV\WSSV-99-img-3.jpg,WSSV,train,7.28,32.13,3.27,28.15,0.189,50.29
C:\Users\Asus\PycharmProjects\AquaVision_v1\datasets\shrimp\ShrimpImages\ShrimpImages\WSSV_BG\WSSV_BG-1-img-1.jpg,WSSV_BG,test,6.03,29.22,2.89,26.36,0.27,55.22
C:\Users\Asus\PycharmProjects\AquaVision_v1\datasets\shrimp\ShrimpImages\ShrimpImages\WSSV_BG\WSSV_BG-1-img-3.jpg,WSSV_BG,test,6.36,27.81,3.1,25.39,0.198,60.81
C:\Users\Asus\PycharmProjects\AquaVision_v1\datasets\shrimp\ShrimpImages\ShrimpImages\WSSV_BG\WSSV_BG-10-img-1.jpg,WSSV_BG,test,5.86,31.41,2.09,26.07,0.14,53.42
C:\Users\Asus\PycharmProjects\AquaVision_v1\datasets\shrimp\ShrimpImages\ShrimpImages\WSSV_BG\WSSV_BG-10-img-2.jpg,WSSV_BG,val,5.96,30.65,3.31,30.91,0.275,42.48
C:\Users\Asus\PycharmProjects\AquaVision_v1\datasets\shrimp\ShrimpImages\ShrimpImages\WSSV_BG\WSSV_BG-10-img-3.jpg,WSSV_BG,val,5.76,32.26,2.71,23.04,0.191,29.97
C:\Users\Asus\PycharmProjects\AquaVision_v1\datasets\shrimp\ShrimpImages\ShrimpImages\WSSV_BG\WSSV_BG-11-img-1.jpg,WSSV_BG,train,6.55,29.46,2.51,25.55,0.175,41.17
C:\Users\Asus\PycharmProjects\AquaVision_v1\datasets\shrimp\ShrimpImages\ShrimpImages\WSSV_BG\WSSV_BG-11-img-2.jpg,WSSV_BG,train,6.43,34.23,2.6,33.26,0.802,47.1
C:\Users\Asus\PycharmProjects\AquaVision_v1\datasets\shrimp\ShrimpImages\ShrimpImages\WSSV_BG\WSSV_BG-11-img-3.jpg,WSSV_BG,train,6.0,37.25,2.36,26.59,0.275,51.47
C:\Users\Asus\PycharmProjects\AquaVision_v1\datasets\shrimp\ShrimpImages\ShrimpImages\WSSV_BG\WSSV_BG-12-img-1.jpg,WSSV_BG,val,5.12,34.06,3.04,26.54,0.193,28.29
C:\Users\Asus\PycharmProjects\AquaVision_v1\datasets\shrimp\ShrimpImages\ShrimpImages\WSSV_BG\WSSV_BG-12-img-2.jpg,WSSV_BG,train,5.07,34.32,2.33,29.63,0.674,59.51
C:\Users\Asus\PycharmProjects\AquaVision_v1\datasets\shrimp\ShrimpImages\ShrimpImages\WSSV_BG\WSSV_BG-12-img-3.jpg,WSSV_BG,train,5.23,31.19,4.04,27.88,0.169,52.75
C:\Users\Asus\PycharmProjects\AquaVision_v1\datasets\shrimp\ShrimpImages\ShrimpImages\WSSV_BG\WSSV_BG-13-img-1.jpg,WSSV_BG,test,5.73,32.87,3.23,30.76,0.283,40.53
C:\Users\Asus\PycharmProjects\AquaVision_v1\datasets\shrimp\ShrimpImages\ShrimpImages\WSSV_BG\WSSV_BG-13-img-2.jpg,WSSV_BG,train,6.3,30.99,2.77,26.62,0.114,41.25
C:\Users\Asus\PycharmProjects\AquaVision_v1\datasets\shrimp\ShrimpImages\ShrimpImages\WSSV_BG\WSSV_BG-13-img-3.jpg,WSSV_BG,train,5.7,31.48,2.12,28.06,0.213,53.4
C:\Users\Asus\PycharmProjects\AquaVision_v1\datasets\shrimp\ShrimpImages\ShrimpImages\WSSV_BG\WSSV_BG-14-img-1.jpg,WSSV_BG,train,8.51,33.92,4.93,25.42,0.261,17.61
C:\Users\Asus\PycharmProjects\AquaVision_v1\datasets\shrimp\ShrimpImages\ShrimpImages\WSSV_BG\WSSV_BG-14-img-2.jpg,WSSV_BG,train,6.09,30.37,3.21,29.53,0.11,56.6
C:\Users\Asus\PycharmProjects\AquaVision_v1\datasets\shrimp\ShrimpImages\ShrimpImages\WSSV_BG\WSSV_BG-14-img-3.jpg,WSSV_BG,train,5.93,31.28,3.57,27.25,0.007,43.96
C:\Users\Asus\PycharmProjects\AquaVision_v1\datasets\shrimp\ShrimpImages\ShrimpImages\WSSV_BG\WSSV_BG-15-img-1.jpg,WSSV_BG,test,5.97,33.43,3.54,28.88,0.131,45.77
C:\Users\Asus\PycharmProjects\AquaVision_v1\datasets\shrimp\ShrimpImages\ShrimpImages\WSSV_BG\WSSV_BG-15-img-2.jpg,WSSV_BG,val,5.27,32.65,4.61,32.15,0.132,45.93
C:\Users\Asus\PycharmProjects\AquaVision_v1\datasets\shrimp\ShrimpImages\ShrimpImages\WSSV_BG\WSSV_BG-16-img-1.jpg,WSSV_BG,train,6.0,30.18,3.51,27.38,0.083,64.94
C:\Users\Asus\PycharmProjects\AquaVision_v1\datasets\shrimp\ShrimpImages\ShrimpImages\WSSV_BG\WSSV_BG-16-img-2.jpg,WSSV_BG,train,5.83,35.29,3.12,29.31,0.276,54.52
C:\Users\Asus\PycharmProjects\AquaVision_v1\datasets\shrimp\ShrimpImages\ShrimpImages\WSSV_BG\WSSV_BG-17-img-1.jpg,WSSV_BG,train,5.66,33.16,3.32,29.19,0.35,42.04
C:\Users\Asus\PycharmProjects\AquaVision_v1\datasets\shrimp\ShrimpImages\ShrimpImages\WSSV_BG\WSSV_BG-17-img-3.jpg,WSSV_BG,test,5.22,30.15,3.39,31.15,0.183,39.4
C:\Users\Asus\PycharmProjects\AquaVision_v1\datasets\shrimp\ShrimpImages\ShrimpImages\WSSV_BG\WSSV_BG-18-img-1.jpg,WSSV_BG,train,7.57,26.64,2.52,34.27,0.248,55.72
C:\Users\Asus\PycharmProjects\AquaVision_v1\datasets\shrimp\ShrimpImages\ShrimpImages\WSSV_BG\WSSV_BG-18-img-2.jpg,WSSV_BG,train,6.78,28.81,2.56,32.04,0.119,44.56
C:\Users\Asus\PycharmProjects\AquaVision_v1\datasets\shrimp\ShrimpImages\ShrimpImages\WSSV_BG\WSSV_BG-18-img-3.jpg,WSSV_BG,train,6.07,28.69,3.21,22.09,0.067,58.85
C:\Users\Asus\PycharmProjects\AquaVision_v1\datasets\shrimp\ShrimpImages\ShrimpImages\WSSV_BG\WSSV_BG-19-img-3.jpg,WSSV_BG,train,5.83,26.67,4.27,37.99,0.205,45.46
C:\Users\Asus\PycharmProjects\AquaVision_v1\datasets\shrimp\ShrimpImages\ShrimpImages\WSSV_BG\WSSV_BG-2-img-1.jpg,WSSV_BG,train,5.31,31.05,3.34,33.38,0.035,43.51
C:\Users\Asus\PycharmProjects\AquaVision_v1\datasets\shrimp\ShrimpImages\ShrimpImages\WSSV_BG\WSSV_BG-2-img-2.jpg,WSSV_BG,train,6.41,28.48,3.24,25.74,0.121,30.06
C:\Users\Asus\PycharmProjects\AquaVision_v1\datasets\shrimp\ShrimpImages\ShrimpImages\WSSV_BG\WSSV_BG-20-img-1.jpg,WSSV_BG,val,5.34,30.58,3.25,21.01,0.04,56.79
C:\Users\Asus\PycharmProjects\AquaVision_v1\datasets\shrimp\ShrimpImages\ShrimpImages\WSSV_BG\WSSV_BG-21-img-1.jpg,WSSV_BG,train,7.3,30.0,2.6,27.58,0.002,51.13
C:\Users\Asus\PycharmProjects\AquaVision_v1\datasets\shrimp\ShrimpImages\ShrimpImages\WSSV_BG\WSSV_BG-21-img-2.jpg,WSSV_BG,test,6.14,29.49,2.93,19.66,0.237,48.74
C:\Users\Asus\PycharmProjects\AquaVision_v1\datasets\shrimp\ShrimpImages\ShrimpImages\WSSV_BG\WSSV_BG-22-img-1.jpg,WSSV_BG,train,6.61,31.22,2.37,31.43,0.044,48.98
C:\Users\Asus\PycharmProjects\AquaVision_v1\datasets\shrimp\ShrimpImages\ShrimpImages\WSSV_BG\WSSV_BG-22-img-3.jpg,WSSV_BG,train,6.37,30.35,3.64,20.38,0.013,28.76
C:\Users\Asus\PycharmProjects\AquaVision_v1\datasets\shrimp\ShrimpImages\ShrimpImages\WSSV_BG\WSSV_BG-24-img-3.jpg,WSSV_BG,val,5.88,29.88,2.23,19.17,0.097,42.69
C:\Users\Asus\PycharmProjects\AquaVision_v1\datasets\shrimp\ShrimpImages\ShrimpImages\WSSV_BG\WSSV_BG-25-img-1.jpg,WSSV_BG,train,6.01,31.11,4.02,27.24,0.09,47.13
C:\Users\Asus\PycharmProjects\AquaVision_v1\datasets\shrimp\ShrimpImages\ShrimpImages\WSSV_BG\WSSV_BG-25-img-2.jpg,WSSV_BG,train,5.9,29.43,3.28,29.35,0.058,35.07
C:\Users\Asus\PycharmProjects\AquaVision_v1\datasets\shrimp\ShrimpImages\ShrimpImages\WSSV_BG\WSSV_BG-25-img-3.jpg,WSSV_BG,train,5.04,31.92,2.89,28.81,0.028,32.55
C:\Users\Asus\PycharmProjects\AquaVision_v1\datasets\shrimp\ShrimpImages\ShrimpImages\WSSV_BG\WSSV_BG-26-img-1.jpg,WSSV_BG,train,6.08,30.89,2.21,33.56,0.035,31.44
C:\Users\Asus\PycharmProjects\AquaVision_v1\datasets\shrimp\ShrimpImages\ShrimpImages\WSSV_BG\WSSV_BG-26-img-2.jpg,WSSV_BG,train,6.44,30.17,2.79,31.41,0.389,25.95
C:\Users\Asus\PycharmProjects\AquaVision_v1\datasets\shrimp\ShrimpImages\ShrimpImages\WSSV_BG\WSSV_BG-26-img-3.jpg,WSSV_BG,train,6.25,31.27,2.94,30.51,0.071,44.2
C:\Users\Asus\PycharmProjects\AquaVision_v1\datasets\shrimp\ShrimpImages\ShrimpImages\WSSV_BG\WSSV_BG-27-img-2.jpg,WSSV_BG,val,7.23,30.59,3.76,24.66,0.052,30.89
C:\Users\Asus\PycharmProjects\AquaVision_v1\datasets\shrimp\ShrimpImages\ShrimpImages\WSSV_BG\WSSV_BG-28-img-2.jpg,WSSV_BG,train,6.32,31.07,3.76,23.07,0.013,38.16
C:\Users\Asus\PycharmProjects\AquaVision_v1\datasets\shrimp\ShrimpImages\ShrimpImages\WSSV_BG\WSSV_BG-28-img-3.jpg,WSSV_BG,train,6.37,36.25,3.09,30.36,0.296,73.16
C:\Users\Asus\PycharmProjects\AquaVision_v1\datasets\shrimp\ShrimpImages\ShrimpImages\WSSV_BG\WSSV_BG-29-img-2.jpg,WSSV_BG,train,7.76,26.94,0.81,29.19,0.1,46.39
C:\Users\Asus\PycharmProjects\AquaVision_v1\datasets\shrimp\ShrimpImages\ShrimpImages\WSSV_BG\WSSV_BG-3-img-1.jpg,WSSV_BG,val,6.41,29.38,3.44,27.05,0.305,64.13
C:\Users\Asus\PycharmProjects\AquaVision_v1\datasets\shrimp\ShrimpImages\ShrimpImages\WSSV_BG\WSSV_BG-3-img-2.jpg,WSSV_BG,train,4.8,25.24,2.91,38.81,0.052,42.69
C:\Users\Asus\PycharmProjects\AquaVision_v1\datasets\shrimp\ShrimpImages\ShrimpImages\WSSV_BG\WSSV_BG-30-img-1.jpg,WSSV_BG,train,6.76,34.6,3.38,24.63,0.032,45.53
C:\Users\Asus\PycharmProjects\AquaVision_v1\datasets\shrimp\ShrimpImages\ShrimpImages\WSSV_BG\WSSV_BG-30-img-2.jpg,WSSV_BG,val,5.61,28.96,3.34,23.0,1.088,42.35
C:\Users\Asus\PycharmProjects\AquaVision_v1\datasets\shrimp\ShrimpImages\ShrimpImages\WSSV_BG\WSSV_BG-31-img-1.jpg,WSSV_BG,train,5.72,33.99,1.07,21.3,0.262,27.36
C:\Users\Asus\PycharmProjects\AquaVision_v1\datasets\shrimp\ShrimpImages\ShrimpImages\WSSV_BG\WSSV_BG-31-img-2.jpg,WSSV_BG,test,6.59,31.46,2.86,20.38,0.113,59.44
C:\Users\Asus\PycharmProjects\AquaVision_v1\datasets\shrimp\ShrimpImages\ShrimpImages\WSSV_BG\WSSV_BG-31-img-3.jpg,WSSV_BG,train,6.32,28.01,2.01,19.5,0.073,44.41
C:\Users\Asus\PycharmProjects\AquaVision_v1\datasets\shrimp\ShrimpImages\ShrimpImages\WSSV_BG\WSSV_BG-32-img-1.jpg,WSSV_BG,val,6.89,28.7,2.75,28.97,0.055,40.3
C:\Users\Asus\PycharmProjects\AquaVision_v1\datasets\shrimp\ShrimpImages\ShrimpImages\WSSV_BG\WSSV_BG-32-img-2.jpg,WSSV_BG,train,5.27,26.5,1.42,25.93,0.027,55.82
C:\Users\Asus\PycharmProjects\AquaVision_v1\datasets\shrimp\ShrimpImages\ShrimpImages\WSSV_BG\WSSV_BG-32-img-3.jpg,WSSV_BG,train,5.34,30.16,1.76,25.73,0.006,39.0
C:\Users\Asus\PycharmProjects\AquaVision_v1\datasets\shrimp\ShrimpImages\ShrimpImages\WSSV_BG\WSSV_BG-33-img-1.jpg,WSSV_BG,train,5.71,29.26,2.68,26.45,0.255,31.4
C:\Users\Asus\PycharmProjects\AquaVision_v1\datasets\shrimp\ShrimpImages\ShrimpImages\WSSV_BG\WSSV_BG-33-img-2.jpg,WSSV_BG,train,6.84,26.96,3.5,24.73,0.192,48.21
C:\Users\Asus\PycharmProjects\AquaVision_v1\datasets\shrimp\ShrimpImages\ShrimpImages\WSSV_BG\WSSV_BG-33-img-3.jpg,WSSV_BG,test,6.5,27.25,2.02,34.69,0.064,43.57
C:\Users\Asus\PycharmProjects\AquaVision_v1\datasets\shrimp\ShrimpImages\ShrimpImages\WSSV_BG\WSSV_BG-34-img-1.jpg,WSSV_BG,train,5.09,30.43,3.77,22.4,0.453,29.8
C:\Users\Asus\PycharmProjects\AquaVision_v1\datasets\shrimp\ShrimpImages\ShrimpImages\WSSV_BG\WSSV_BG-34-img-2.jpg,WSSV_BG,test,5.12,33.7,3.0,32.37,0.127,65.92
C:\Users\Asus\PycharmProjects\AquaVision_v1\datasets\shrimp\ShrimpImages\ShrimpImages\WSSV_BG\WSSV_BG-35-img-1.jpg,WSSV_BG,val,6.74,28.77,2.89,27.3,0.129,16.0
C:\Users\Asus\PycharmProjects\AquaVision_v1\datasets\shrimp\ShrimpImages\ShrimpImages\WSSV_BG\WSSV_BG-35-img-2.jpg,WSSV_BG,train,6.4,30.78,4.21,29.62,0.029,28.48
C:\Users\Asus\PycharmProjects\AquaVision_v1\datasets\shrimp\ShrimpImages\ShrimpImages\WSSV_BG\WSSV_BG-36-img-1.jpg,WSSV_BG,train,5.48,32.61,2.32,33.01,0.033,46.61
C:\Users\Asus\PycharmProjects\AquaVision_v1\datasets\shrimp\ShrimpImages\ShrimpImages\WSSV_BG\WSSV_BG-36-img-3.jpg,WSSV_BG,train,6.49,31.2,1.8,24.56,0.233,47.54
C:\Users\Asus\PycharmProjects\AquaVision_v1\datasets\shrimp\ShrimpImages\ShrimpImages\WSSV_BG\WSSV_BG-37-img-1.jpg,WSSV_BG,test,5.56,28.58,2.56,28.41,0.205,21.86
C:\Users\Asus\PycharmProjects\AquaVision_v1\datasets\shrimp\ShrimpImages\ShrimpImages\WSSV_BG\WSSV_BG-37-img-2.jpg,WSSV_BG,train,6.84,27.05,4.2,36.93,0.256,41.5
C:\Users\Asus\PycharmProjects\AquaVision_v1\datasets\shrimp\ShrimpImages\ShrimpImages\WSSV_BG\WSSV_BG-37-img-3.jpg,WSSV_BG,train,5.98,31.0,1.96,29.97,0.389,53.34
C:\Users\Asus\PycharmProjects\AquaVision_v1\datasets\shrimp\ShrimpImages\ShrimpImages\WSSV_BG\WSSV_BG-38-img-2.jpg,WSSV_BG,train,5.1,27.26,3.31,28.1,0.046,52.03
C:\Users\Asus\PycharmProjects\AquaVision_v1\datasets\shrimp\ShrimpImages\ShrimpImages\WSSV_BG\WSSV_BG-38-img-3.jpg,WSSV_BG,train,5.78,30.69,3.68,26.22,0.249,65.54
C:\Users\Asus\PycharmProjects\AquaVision_v1\datasets\shrimp\ShrimpImages\ShrimpImages\WSSV_BG\WSSV_BG-39-img-1.jpg,WSSV_BG,test,6.12,27.56,4.29,28.5,0.332,37.3
C:\Users\Asus\PycharmProjects\AquaVision_v1\datasets\shrimp\ShrimpImages\ShrimpImages\WSSV_BG\WSSV_BG-4-img-1.jpg,WSSV_BG,train,6.3,33.44,3.2,30.74,0.04,23.46
C:\Users\Asus\PycharmProjects\AquaVision_v1\datasets\shrimp\ShrimpImages\ShrimpImages\WSSV_BG\WSSV_BG-4-img-2.jpg,WSSV_BG,train,7.09,32.56,3.39,29.95,0.279,45.94
C:\Users\Asus\PycharmProjects\AquaVision_v1\datasets\shrimp\ShrimpImages\ShrimpImages\WSSV_BG\WSSV_BG-4-img-3.jpg,WSSV_BG,val,5.48,34.98,2.74,24.81,0.053,45.41
C:\Users\Asus\PycharmProjects\AquaVision_v1\datasets\shrimp\ShrimpImages\ShrimpImages\WSSV_BG\WSSV_BG-40-img-1.jpg,WSSV_BG,test,6.42,31.77,2.4,30.08,0.217,42.15
C:\Users\Asus\PycharmProjects\AquaVision_v1\datasets\shrimp\ShrimpImages\ShrimpImages\WSSV_BG\WSSV_BG-40-img-3.jpg,WSSV_BG,train,6.48,32.17,2.26,23.54,0.094,38.69
C:\Users\Asus\PycharmProjects\AquaVision_v1\datasets\shrimp\ShrimpImages\ShrimpImages\WSSV_BG\WSSV_BG-41-img-1.jpg,WSSV_BG,train,5.97,33.09,2.94,21.66,0.097,55.99
C:\Users\Asus\PycharmProjects\AquaVision_v1\datasets\shrimp\ShrimpImages\ShrimpImages\WSSV_BG\WSSV_BG-41-img-2.jpg,WSSV_BG,train,5.99,32.2,2.51,36.71,0.551,46.94
C:\Users\Asus\PycharmProjects\AquaVision_v1\datasets\shrimp\ShrimpImages\ShrimpImages\WSSV_BG\WSSV_BG-41-img-3.jpg,WSSV_BG,val,6.25,32.0,5.19,26.9,0.098,43.89
C:\Users\Asus\PycharmProjects\AquaVision_v1\datasets\shrimp\ShrimpImages\ShrimpImages\WSSV_BG\WSSV_BG-42-img-1.jpg,WSSV_BG,train,5.93,26.09,2.73,21.46,0.045,40.75
C:\Users\Asus\PycharmProjects\AquaVision_v1\datasets\shrimp\ShrimpImages\ShrimpImages\WSSV_BG\WSSV_BG-42-img-2.jpg,WSSV_BG,train,5.24,31.17,3.89,21.22,0.019,50.89
C:\Users\Asus\PycharmProjects\AquaVision_v1\datasets\shrimp\ShrimpImages\ShrimpImages\WSSV_BG\WSSV_BG-42-img-3.jpg,WSSV_BG,train,6.54,33.39,4.17,36.81,0.01,41.44
C:\Users\Asus\PycharmProjects\AquaVision_v1\datasets\shrimp\ShrimpImages\ShrimpImages\WSSV_BG\WSSV_BG-43-img-1.jpg,WSSV_BG,train,6.1,34.83,2.12,24.56,0.257,52.51
C:\Users\Asus\PycharmProjects\AquaVision_v1\datasets\shrimp\ShrimpImages\ShrimpImages\WSSV_BG\WSSV_BG-43-img-2.jpg,WSSV_BG,train,6.33,31.85,4.4,28.3,0.182,55.26
C:\Users\Asus\PycharmProjects\AquaVision_v1\datasets\shrimp\ShrimpImages\ShrimpImages\WSSV_BG\WSSV_BG-45-img-1.jpg,WSSV_BG,train,6.13,32.81,2.91,37.55,0.025,52.62
C:\Users\Asus\PycharmProjects\AquaVision_v1\datasets\shrimp\ShrimpImages\ShrimpImages\WSSV_BG\WSSV_BG-45-img-2.jpg,WSSV_BG,train,6.6,33.17,2.8,30.31,0.687,29.91
C:\Users\Asus\PycharmProjects\AquaVision_v1\datasets\shrimp\ShrimpImages\ShrimpImages\WSSV_BG\WSSV_BG-46-img-1.jpg,WSSV_BG,train,7.12,29.07,2.18,24.42,1.427,52.39
C:\Users\Asus\PycharmProjects\AquaVision_v1\datasets\shrimp\ShrimpImages\ShrimpImages\WSSV_BG\WSSV_BG-46-img-2.jpg,WSSV_BG,train,6.87,34.87,3.46,32.89,0.008,46.34
C:\Users\Asus\PycharmProjects\AquaVision_v1\datasets\shrimp\ShrimpImages\ShrimpImages\WSSV_BG\WSSV_BG-46-img-3.jpg,WSSV_BG,test,5.91,27.13,3.41,27.84,0.202,48.98
C:\Users\Asus\PycharmProjects\AquaVision_v1\datasets\shrimp\ShrimpImages\ShrimpImages\WSSV_BG\WSSV_BG-47-img-1.jpg,WSSV_BG,val,6.25,30.59,2.5,28.29,0.187,52.38
C:\Users\Asus\PycharmProjects\AquaVision_v1\datasets\shrimp\ShrimpImages\ShrimpImages\WSSV_BG\WSSV_BG-47-img-2.jpg,WSSV_BG,train,6.24,29.2,2.73,28.92,0.231,50.1
C:\Users\Asus\PycharmProjects\AquaVision_v1\datasets\shrimp\ShrimpImages\ShrimpImages\WSSV_BG\WSSV_BG-47-img-3.jpg,WSSV_BG,train,5.66,36.84,2.51,30.14,0.09,37.73
C:\Users\Asus\PycharmProjects\AquaVision_v1\datasets\shrimp\ShrimpImages\ShrimpImages\WSSV_BG\WSSV_BG-48-img-1.jpg,WSSV_BG,train,6.39,28.82,3.03,23.88,0.071,36.54
C:\Users\Asus\PycharmProjects\AquaVision_v1\datasets\shrimp\ShrimpImages\ShrimpImages\WSSV_BG\WSSV_BG-48-img-2.jpg,WSSV_BG,train,6.63,30.71,3.32,24.95,0.124,47.1
C:\Users\Asus\PycharmProjects\AquaVision_v1\datasets\shrimp\ShrimpImages\ShrimpImages\WSSV_BG\WSSV_BG-48-img-3.jpg,WSSV_BG,test,6.8,34.75,2.55,22.18,0.027,45.32
C:\Users\Asus\PycharmProjects\AquaVision_v1\datasets\shrimp\ShrimpImages\ShrimpImages\WSSV_BG\WSSV_BG-49-img-1.jpg,WSSV_BG,train,7.19,28.99,2.28,32.36,0.569,39.29
C:\Users\Asus\PycharmProjects\AquaVision_v1\datasets\shrimp\ShrimpImages\ShrimpImages\WSSV_BG\WSSV_BG-49-img-3.jpg,WSSV_BG,train,5.81,30.89,3.19,30.73,0.105,58.28
C:\Users\Asus\PycharmProjects\AquaVision_v1\datasets\shrimp\ShrimpImages\ShrimpImages\WSSV_BG\WSSV_BG-5-img-1.jpg,WSSV_BG,train,7.43,35.73,2.49,24.91,0.01,36.29
C:\Users\Asus\PycharmProjects\AquaVision_v1\datasets\shrimp\ShrimpImages\ShrimpImages\WSSV_BG\WSSV_BG-5-img-2.jpg,WSSV_BG,train,6.53,32.12,3.07,24.33,0.065,28.24
C:\Users\Asus\PycharmProjects\AquaVision_v1\datasets\shrimp\ShrimpImages\ShrimpImages\WSSV_BG\WSSV_BG-5-img-3.jpg,WSSV_BG,train,6.17,31.36,3.9,23.0,0.133,29.67
C:\Users\Asus\PycharmProjects\AquaVision_v1\datasets\shrimp\ShrimpImages\ShrimpImages\WSSV_BG\WSSV_BG-50-img-2.jpg,WSSV_BG,val,6.78,30.62,3.07,29.75,0.206,31.57
C:\Users\Asus\PycharmProjects\AquaVision_v1\datasets\shrimp\ShrimpImages\ShrimpImages\WSSV_BG\WSSV_BG-51-img-1.jpg,WSSV_BG,train,5.86,30.61,2.23,34.37,0.121,53.77
C:\Users\Asus\PycharmProjects\AquaVision_v1\datasets\shrimp\ShrimpImages\ShrimpImages\WSSV_BG\WSSV_BG-51-img-2.jpg,WSSV_BG,train,5.06,35.88,3.15,25.0,0.43,56.23
C:\Users\Asus\PycharmProjects\AquaVision_v1\datasets\shrimp\ShrimpImages\ShrimpImages\WSSV_BG\WSSV_BG-51-img-3.jpg,WSSV_BG,val,6.33,33.71,2.34,25.3,0.171,54.58
C:\Users\Asus\PycharmProjects\AquaVision_v1\datasets\shrimp\ShrimpImages\ShrimpImages\WSSV_BG\WSSV_BG-52-img-1.jpg,WSSV_BG,test,5.24,29.81,2.96,26.57,0.014,30.25
C:\Users\Asus\PycharmProjects\AquaVision_v1\datasets\shrimp\ShrimpImages\ShrimpImages\WSSV_BG\WSSV_BG-52-img-2.jpg,WSSV_BG,train,6.71,29.62,2.32,37.17,0.265,63.67
C:\Users\Asus\PycharmProjects\AquaVision_v1\datasets\shrimp\ShrimpImages\ShrimpImages\WSSV_BG\WSSV_BG-52-img-3.jpg,WSSV_BG,test,5.86,31.32,3.15,25.36,0.199,39.96
C:\Users\Asus\PycharmProjects\AquaVision_v1\datasets\shrimp\ShrimpImages\ShrimpImages\WSSV_BG\WSSV_BG-53-img-1.jpg,WSSV_BG,val,6.44,28.77,1.89,28.05,0.404,33.03
C:\Users\Asus\PycharmProjects\AquaVision_v1\datasets\shrimp\ShrimpImages\ShrimpImages\WSSV_BG\WSSV_BG-54-img-1.jpg,WSSV_BG,train,6.82,30.92,3.13,35.52,0.074,46.93
C:\Users\Asus\PycharmProjects\AquaVision_v1\datasets\shrimp\ShrimpImages\ShrimpImages\WSSV_BG\WSSV_BG-54-img-2.jpg,WSSV_BG,val,6.68,33.07,2.69,29.16,0.126,41.36
C:\Users\Asus\PycharmProjects\AquaVision_v1\datasets\shrimp\ShrimpImages\ShrimpImages\WSSV_BG\WSSV_BG-55-img-1.jpg,WSSV_BG,test,5.97,33.42,2.69,28.21,0.001,52.92
C:\Users\Asus\PycharmProjects\AquaVision_v1\datasets\shrimp\ShrimpImages\ShrimpImages\WSSV_BG\WSSV_BG-56-img-1.jpg,WSSV_BG,val,5.43,30.46,2.45,33.33,0.049,54.29
C:\Users\Asus\PycharmProjects\AquaVision_v1\datasets\shrimp\ShrimpImages\ShrimpImages\WSSV_BG\WSSV_BG-56-img-2.jpg,WSSV_BG,val,5.74,32.24,3.63,30.57,0.227,32.75
C:\Users\Asus\PycharmProjects\AquaVision_v1\datasets\shrimp\ShrimpImages\ShrimpImages\WSSV_BG\WSSV_BG-56-img-3.jpg,WSSV_BG,test,5.6,37.59,3.44,26.45,0.113,22.95
C:\Users\Asus\PycharmProjects\AquaVision_v1\datasets\shrimp\ShrimpImages\ShrimpImages\WSSV_BG\WSSV_BG-57-img-1.jpg,WSSV_BG,train,4.86,30.17,4.44,31.09,0.672,46.51
C:\Users\Asus\PycharmProjects\AquaVision_v1\datasets\shrimp\ShrimpImages\ShrimpImages\WSSV_BG\WSSV_BG-57-img-2.jpg,WSSV_BG,val,6.68,33.42,3.6,26.55,0.035,52.42
C:\Users\Asus\PycharmProjects\AquaVision_v1\datasets\shrimp\ShrimpImages\ShrimpImages\WSSV_BG\WSSV_BG-57-img-3.jpg,WSSV_BG,train,5.86,31.21,3.93,27.27,1.014,34.6
C:\Users\Asus\PycharmProjects\AquaVision_v1\datasets\shrimp\ShrimpImages\ShrimpImages\WSSV_BG\WSSV_BG-58-img-1.jpg,WSSV_BG,train,6.35,27.98,3.25,28.45,0.329,46.86
C:\Users\Asus\PycharmProjects\AquaVision_v1\datasets\shrimp\ShrimpImages\ShrimpImages\WSSV_BG\WSSV_BG-58-img-3.jpg,WSSV_BG,train,5.74,29.46,2.37,30.8,0.144,51.7
C:\Users\Asus\PycharmProjects\AquaVision_v1\datasets\shrimp\ShrimpImages\ShrimpImages\WSSV_BG\WSSV_BG-6-img-1.jpg,WSSV_BG,train,6.5,32.26,3.55,23.24,0.08,51.79
C:\Users\Asus\PycharmProjects\AquaVision_v1\datasets\shrimp\ShrimpImages\ShrimpImages\WSSV_BG\WSSV_BG-6-img-2.jpg,WSSV_BG,train,5.89,29.54,3.02,22.24,0.598,48.07
C:\Users\Asus\PycharmProjects\AquaVision_v1\datasets\shrimp\ShrimpImages\ShrimpImages\WSSV_BG\WSSV_BG-6-img-3.jpg,WSSV_BG,val,5.58,26.13,5.8,24.76,0.296,53.57
C:\Users\Asus\PycharmProjects\AquaVision_v1\datasets\shrimp\ShrimpImages\ShrimpImages\WSSV_BG\WSSV_BG-61-img-1.jpg,WSSV_BG,train,5.36,32.52,4.08,30.87,0.16,36.82
C:\Users\Asus\PycharmProjects\AquaVision_v1\datasets\shrimp\ShrimpImages\ShrimpImages\WSSV_BG\WSSV_BG-61-img-2.jpg,WSSV_BG,test,7.42,34.08,3.19,26.45,0.065,58.06
C:\Users\Asus\PycharmProjects\AquaVision_v1\datasets\shrimp\ShrimpImages\ShrimpImages\WSSV_BG\WSSV_BG-61-img-3.jpg,WSSV_BG,train,5.79,32.55,4.31,28.44,0.109,32.17
C:\Users\Asus\PycharmProjects\AquaVision_v1\datasets\shrimp\ShrimpImages\ShrimpImages\WSSV_BG\WSSV_BG-62-img-1.jpg,WSSV_BG,train,6.53,30.71,3.27,30.76,0.106,40.55
C:\Users\Asus\PycharmProjects\AquaVision_v1\datasets\shrimp\ShrimpImages\ShrimpImages\WSSV_BG\WSSV_BG-62-img-2.jpg,WSSV_BG,train,5.54,30.72,3.09,27.34,0.806,54.73
C:\Users\Asus\PycharmProjects\AquaVision_v1\datasets\shrimp\ShrimpImages\ShrimpImages\WSSV_BG\WSSV_BG-62-img-3.jpg,WSSV_BG,val,6.47,28.08,2.62,39.12,0.25,34.62
C:\Users\Asus\PycharmProjects\AquaVision_v1\datasets\shrimp\ShrimpImages\ShrimpImages\WSSV_BG\WSSV_BG-63-img-1.jpg,WSSV_BG,train,4.85,30.41,4.92,21.82,0.143,60.74
C:\Users\Asus\PycharmProjects\AquaVision_v1\datasets\shrimp\ShrimpImages\ShrimpImages\WSSV_BG\WSSV_BG-63-img-2.jpg,WSSV_BG,train,5.75,29.72,3.75,33.56,0.115,62.87
C:\Users\Asus\PycharmProjects\AquaVision_v1\datasets\shrimp\ShrimpImages\ShrimpImages\WSSV_BG\WSSV_BG-63-img-3.jpg,WSSV_BG,test,5.61,29.93,2.99,27.25,0.287,48.96
C:\Users\Asus\PycharmProjects\AquaVision_v1\datasets\shrimp\ShrimpImages\ShrimpImages\WSSV_BG\WSSV_BG-64-img-1.jpg,WSSV_BG,train,6.18,30.57,4.08,29.43,0.19,45.65
C:\Users\Asus\PycharmProjects\AquaVision_v1\datasets\shrimp\ShrimpImages\ShrimpImages\WSSV_BG\WSSV_BG-64-img-3.jpg,WSSV_BG,train,7.33,27.4,2.79,27.49,0.404,32.33
C:\Users\Asus\PycharmProjects\AquaVision_v1\datasets\shrimp\ShrimpImages\ShrimpImages\WSSV_BG\WSSV_BG-65-img-1.jpg,WSSV_BG,train,6.36,33.11,3.8,20.23,0.91,44.96
C:\Users\Asus\PycharmProjects\AquaVision_v1\datasets\shrimp\ShrimpImages\ShrimpImages\WSSV_BG\WSSV_BG-65-img-3.jpg,WSSV_BG,train,5.15,29.34,2.48,31.24,0.047,26.66
C:\Users\Asus\PycharmProjects\AquaVision_v1\datasets\shrimp\ShrimpImages\ShrimpImages\WSSV_BG\WSSV_BG-66-img-1.jpg,WSSV_BG,train,6.26,31.83,2.55,26.54,0.377,50.04
C:\Users\Asus\PycharmProjects\AquaVision_v1\datasets\shrimp\ShrimpImages\ShrimpImages\WSSV_BG\WSSV_BG-66-img-3.jpg,WSSV_BG,train,6.05,31.77,2.85,28.73,0.126,45.45
C:\Users\Asus\PycharmProjects\AquaVision_v1\datasets\shrimp\ShrimpImages\ShrimpImages\WSSV_BG\WSSV_BG-67-img-1.jpg,WSSV_BG,train,6.91,31.91,2.31,22.86,0.754,59.76
C:\Users\Asus\PycharmProjects\AquaVision_v1\datasets\shrimp\ShrimpImages\ShrimpImages\WSSV_BG\WSSV_BG-67-img-3.jpg,WSSV_BG,test,5.42,28.95,4.24,28.55,0.027,50.72
C:\Users\Asus\PycharmProjects\AquaVision_v1\datasets\shrimp\ShrimpImages\ShrimpImages\WSSV_BG\WSSV_BG-68-img-1.jpg,WSSV_BG,train,5.58,34.38,2.83,25.49,0.118,18.82
C:\Users\Asus\PycharmProjects\AquaVision_v1\datasets\shrimp\ShrimpImages\ShrimpImages\WSSV_BG\WSSV_BG-68-img-3.jpg,WSSV_BG,train,6.18,30.18,2.12,26.88,0.423,44.36
C:\Users\Asus\PycharmProjects\AquaVision_v1\datasets\shrimp\ShrimpImages\ShrimpImages\WSSV_BG\WSSV_BG-69-img-1.jpg,WSSV_BG,train,6.95,27.54,3.92,31.14,0.01,36.02
C:\Users\Asus\PycharmProjects\AquaVision_v1\datasets\shrimp\ShrimpImages\ShrimpImages\WSSV_BG\WSSV_BG-69-img-3.jpg,WSSV_BG,test,5.64,29.85,1.4,29.34,0.517,28.65
C:\Users\Asus\PycharmProjects\AquaVision_v1\datasets\shrimp\ShrimpImages\ShrimpImages\WSSV_BG\WSSV_BG-7-img-1.jpg,WSSV_BG,train,5.09,27.23,0.5,23.27,0.215,54.96
C:\Users\Asus\PycharmProjects\AquaVision_v1\datasets\shrimp\ShrimpImages\ShrimpImages\WSSV_BG\WSSV_BG-7-img-2.jpg,WSSV_BG,train,6.0,32.5,2.23,31.24,0.034,43.47
C:\Users\Asus\PycharmProjects\AquaVision_v1\datasets\shrimp\ShrimpImages\ShrimpImages\WSSV_BG\WSSV_BG-7-img-3.jpg,WSSV_BG,train,5.89,32.33,2.67,28.15,0.119,41.85
C:\Users\Asus\PycharmProjects\AquaVision_v1\datasets\shrimp\ShrimpImages\ShrimpImages\WSSV_BG\WSSV_BG-70-img-1.jpg,WSSV_BG,train,5.0,32.54,4.03,24.36,0.513,42.16
C:\Users\Asus\PycharmProjects\AquaVision_v1\datasets\shrimp\ShrimpImages\ShrimpImages\WSSV_BG\WSSV_BG-71-img-1.jpg,WSSV_BG,train,6.55,28.78,2.93,30.81,0.057,69.98
C:\Users\Asus\PycharmProjects\AquaVision_v1\datasets\shrimp\ShrimpImages\ShrimpImages\WSSV_BG\WSSV_BG-71-img-2.jpg,WSSV_BG,train,6.34,34.3,3.29,24.37,0.303,50.39
C:\Users\Asus\PycharmProjects\AquaVision_v1\datasets\shrimp\ShrimpImages\ShrimpImages\WSSV_BG\WSSV_BG-71-img-3.jpg,WSSV_BG,train,6.83,33.49,4.15,27.73,0.101,41.42
C:\Users\Asus\PycharmProjects\AquaVision_v1\datasets\shrimp\ShrimpImages\ShrimpImages\WSSV_BG\WSSV_BG-72-img-1.jpg,WSSV_BG,train,6.36,27.57,4.05,26.97,0.073,45.49
C:\Users\Asus\PycharmProjects\AquaVision_v1\datasets\shrimp\ShrimpImages\ShrimpImages\WSSV_BG\WSSV_BG-72-img-2.jpg,WSSV_BG,val,6.23,27.94,4.34,34.2,0.105,53.82
C:\Users\Asus\PycharmProjects\AquaVision_v1\datasets\shrimp\ShrimpImages\ShrimpImages\WSSV_BG\WSSV_BG-72-img-3.jpg,WSSV_BG,train,4.77,29.24,4.0,28.58,0.178,26.43
C:\Users\Asus\PycharmProjects\AquaVision_v1\datasets\shrimp\ShrimpImages\ShrimpImages\WSSV_BG\WSSV_BG-73-img-1.jpg,WSSV_BG,train,6.58,33.8,3.43,26.64,0.019,44.59
C:\Users\Asus\PycharmProjects\AquaVision_v1\datasets\shrimp\ShrimpImages\ShrimpImages\WSSV_BG\WSSV_BG-74-img-1.jpg,WSSV_BG,train,6.45,32.15,4.43,33.02,0.007,49.84
C:\Users\Asus\PycharmProjects\AquaVision_v1\datasets\shrimp\ShrimpImages\ShrimpImages\WSSV_BG\WSSV_BG-74-img-3.jpg,WSSV_BG,train,6.43,28.62,3.76,25.93,0.136,34.77
C:\Users\Asus\PycharmProjects\AquaVision_v1\datasets\shrimp\ShrimpImages\ShrimpImages\WSSV_BG\WSSV_BG-75-img-1.jpg,WSSV_BG,test,5.05,30.56,3.27,26.52,0.126,52.39
C:\Users\Asus\PycharmProjects\AquaVision_v1\datasets\shrimp\ShrimpImages\ShrimpImages\WSSV_BG\WSSV_BG-75-img-2.jpg,WSSV_BG,test,5.86,30.96,4.13,29.59,0.058,37.53
C:\Users\Asus\PycharmProjects\AquaVision_v1\datasets\shrimp\ShrimpImages\ShrimpImages\WSSV_BG\WSSV_BG-76-img-1.jpg,WSSV_BG,val,6.04,33.78,3.75,33.61,0.406,59.18
C:\Users\Asus\PycharmProjects\AquaVision_v1\datasets\shrimp\ShrimpImages\ShrimpImages\WSSV_BG\WSSV_BG-76-img-2.jpg,WSSV_BG,test,5.9,30.95,3.77,33.9,0.431,43.07
C:\Users\Asus\PycharmProjects\AquaVision_v1\datasets\shrimp\ShrimpImages\ShrimpImages\WSSV_BG\WSSV_BG-76-img-3.jpg,WSSV_BG,train,6.02,27.7,4.91,26.12,0.443,31.19
C:\Users\Asus\PycharmProjects\AquaVision_v1\datasets\shrimp\ShrimpImages\ShrimpImages\WSSV_BG\WSSV_BG-77-img-1.jpg,WSSV_BG,train,6.23,31.63,1.77,26.85,0.066,47.45
C:\Users\Asus\PycharmProjects\AquaVision_v1\datasets\shrimp\ShrimpImages\ShrimpImages\WSSV_BG\WSSV_BG-77-img-2.jpg,WSSV_BG,train,7.06,31.26,4.34,26.96,0.241,24.66
C:\Users\Asus\PycharmProjects\AquaVision_v1\datasets\shrimp\ShrimpImages\ShrimpImages\WSSV_BG\WSSV_BG-78-img-1.jpg,WSSV_BG,train,5.35,26.4,4.26,25.98,0.214,38.92
C:\Users\Asus\PycharmProjects\AquaVision_v1\datasets\shrimp\ShrimpImages\ShrimpImages\WSSV_BG\WSSV_BG-78-img-2.jpg,WSSV_BG,train,5.33,31.15,3.93,29.69,0.075,49.47
C:\Users\Asus\PycharmProjects\AquaVision_v1\datasets\shrimp\ShrimpImages\ShrimpImages\WSSV_BG\WSSV_BG-78-img-3.jpg,WSSV_BG,train,6.1,28.98,3.35,24.85,0.8,47.03
C:\Users\Asus\PycharmProjects\AquaVision_v1\datasets\shrimp\ShrimpImages\ShrimpImages\WSSV_BG\WSSV_BG-79-img-1.jpg,WSSV_BG,train,6.51,33.41,2.22,36.79,0.489,44.99
C:\Users\Asus\PycharmProjects\AquaVision_v1\datasets\shrimp\ShrimpImages\ShrimpImages\WSSV_BG\WSSV_BG-79-img-2.jpg,WSSV_BG,train,6.46,33.72,5.09,22.25,0.001,42.75
C:\Users\Asus\PycharmProjects\AquaVision_v1\datasets\shrimp\ShrimpImages\ShrimpImages\WSSV_BG\WSSV_BG-79-img-3.jpg,WSSV_BG,train,4.53,31.48,4.05,27.84,0.108,34.1
C:\Users\Asus\PycharmProjects\AquaVision_v1\datasets\shrimp\ShrimpImages\ShrimpImages\WSSV_BG\WSSV_BG-8-img-1.jpg,WSSV_BG,train,6.58,29.52,2.41,21.73,0.065,49.57
C:\Users\Asus\PycharmProjects\AquaVision_v1\datasets\shrimp\ShrimpImages\ShrimpImages\WSSV_BG\WSSV_BG-8-img-2.jpg,WSSV_BG,test,4.05,30.02,1.86,22.75,0.017,41.86
C:\Users\Asus\PycharmProjects\AquaVision_v1\datasets\shrimp\ShrimpImages\ShrimpImages\WSSV_BG\WSSV_BG-8-img-3.jpg,WSSV_BG,train,7.18,28.87,2.66,24.09,0.05,62.98
C:\Users\Asus\PycharmProjects\AquaVision_v1\datasets\shrimp\ShrimpImages\ShrimpImages\WSSV_BG\WSSV_BG-80-img-1.jpg,WSSV_BG,val,6.76,31.5,3.41,26.62,0.28,48.47
C:\Users\Asus\PycharmProjects\AquaVision_v1\datasets\shrimp\ShrimpImages\ShrimpImages\WSSV_BG\WSSV_BG-80-img-3.jpg,WSSV_BG,train,5.69,27.83,4.43,27.55,0.819,47.99
C:\Users\Asus\PycharmProjects\AquaVision_v1\datasets\shrimp\ShrimpImages\ShrimpImages\WSSV_BG\WSSV_BG-81-img-1.jpg,WSSV_BG,val,6.6,29.42,3.89,17.17,0.087,40.53
C:\Users\Asus\PycharmProjects\AquaVision_v1\datasets\shrimp\ShrimpImages\ShrimpImages\WSSV_BG\WSSV_BG-9-img-2.jpg,WSSV_BG,train,5.06,31.96,3.76,28.96,0.265,38.34
C:\Users\Asus\PycharmProjects\AquaVision_v1\datasets\shrimp\ShrimpImages\ShrimpImages\WSSV_BG\WSSV_BG-9-img-3.jpg,WSSV_BG,test,6.66,32.94,3.22,24.41,0.066,49.77
