pond_id,species,ph,do_mgL,temp_C,ammonia_mgL,salinity_ppt,turbidity_ntu,water_quality_status,is_synthetic,split
pond_00000,fish,8.15,5.18,29.4,0.085,0.26,36.9,Poor,True,train
pond_00001,fish,7.81,6.51,25.6,0.0,0.19,14.9,Optimal,True,train
pond_00002,fish,8.58,3.61,30.6,0.195,0.42,36.8,Critical,True,test
pond_00003,fish,6.47,3.29,31.1,0.026,0.35,14.4,Poor,True,train
pond_00004,fish,7.24,7.23,23.0,0.094,0.0,56.4,Critical,True,train
pond_00005,fish,7.12,5.52,24.9,0.445,0.34,84.1,Critical,True,train
pond_00006,fish,6.22,3.69,28.9,0.241,0.0,43.7,Critical,True,train
pond_00007,fish,8.04,7.34,27.6,0.0,0.0,23.6,Optimal,True,val
pond_00008,fish,7.24,4.93,28.5,0.0,0.15,0.0,Acceptable,True,train
pond_00009,fish,7.84,7.92,26.1,0.0,0.3,4.7,Optimal,True,val
pond_00010,fish,8.82,5.31,31.0,0.265,0.0,63.0,Critical,True,val
pond_00011,fish,7.19,5.75,30.7,0.0,0.38,16.5,Optimal,True,train
pond_00012,fish,7.15,5.46,28.7,0.005,0.39,28.3,Optimal,True,train
pond_00013,fish,7.47,1.41,31.7,0.392,0.21,46.8,Critical,True,train
pond_00014,fish,7.99,3.93,29.8,0.392,0.0,61.7,Critical,True,train
pond_00015,fish,7.06,6.14,26.1,0.0,0.0,31.4,Optimal,True,train
pond_00016,fish,7.02,6.09,29.5,0.0,0.46,27.7,Optimal,True,test
pond_00017,fish,8.03,3.87,25.8,0.168,0.0,36.3,Critical,True,val
pond_00018,fish,7.63,5.2,31.0,0.0,0.47,23.7,Optimal,True,train
pond_00019,fish,6.17,4.26,28.4,0.039,0.16,24.7,Poor,True,test
pond_00020,fish,6.66,6.24,28.0,0.022,0.18,42.4,Optimal,True,val
pond_00021,fish,8.3,6.18,26.6,0.011,0.0,38.3,Optimal,True,train
pond_00022,fish,7.64,6.11,31.9,0.318,0.16,73.4,Critical,True,val
pond_00023,fish,6.94,7.39,28.1,0.0,0.35,42.9,Optimal,True,test
pond_00024,fish,7.3,6.7,27.3,0.13,0.0,55.7,Critical,True,val
pond_00025,fish,7.41,7.22,27.5,0.0,0.32,15.7,Optimal,True,train
pond_00026,fish,7.84,4.99,30.0,0.14,0.22,44.5,Critical,True,train
pond_00027,fish,6.59,9.53,29.5,0.0,0.04,22.0,Acceptable,True,test
pond_00028,fish,6.9,3.85,29.7,0.205,0.41,42.1,Critical,True,test
pond_00029,fish,7.56,4.8,29.7,0.19,0.0,47.4,Critical,True,train
pond_00030,fish,7.34,5.78,34.5,0.0,0.29,35.9,Acceptable,True,train
pond_00031,fish,7.74,7.1,27.4,0.269,0.6,78.3,Critical,True,train
pond_00032,fish,6.66,6.79,27.1,0.126,0.56,60.7,Critical,True,train
pond_00033,fish,7.61,7.23,26.2,0.077,0.3,56.2,Poor,True,val
pond_00034,fish,8.05,2.51,30.2,0.379,0.12,48.8,Critical,True,test
pond_00035,fish,7.69,7.35,31.7,0.148,0.04,66.7,Critical,True,train
pond_00036,fish,7.48,5.58,28.2,0.0,0.12,9.1,Optimal,True,train
pond_00037,fish,7.34,8.05,26.1,0.1,0.34,59.7,Critical,True,train
pond_00038,fish,6.9,3.45,26.2,0.053,0.0,17.2,Poor,True,train
pond_00039,fish,7.36,5.77,30.3,0.0,0.39,24.8,Optimal,True,train
pond_00040,fish,8.16,4.57,30.6,0.197,0.73,45.1,Critical,True,val
pond_00041,fish,7.33,6.28,30.0,0.143,0.18,57.2,Critical,True,train
pond_00042,fish,6.87,6.64,26.6,0.0,0.0,14.2,Optimal,True,train
pond_00043,fish,7.1,6.17,29.2,0.0,0.0,25.8,Optimal,True,train
pond_00044,fish,7.52,4.25,28.8,0.144,0.39,36.8,Critical,True,train
pond_00045,fish,7.18,5.59,29.1,0.016,0.19,31.6,Optimal,True,test
pond_00046,fish,7.69,5.02,30.9,0.187,0.42,50.4,Critical,True,train
pond_00047,fish,7.71,6.36,29.1,0.49,0.07,96.8,Critical,True,train
pond_00048,fish,7.93,6.78,30.4,0.007,0.41,42.5,Optimal,True,train
pond_00049,fish,8.25,5.97,28.7,0.0,0.16,21.8,Optimal,True,train
pond_00050,fish,8.0,3.84,29.3,0.0,0.02,11.7,Acceptable,True,train
pond_00051,fish,6.84,5.57,30.3,0.0,0.1,29.1,Acceptable,True,test
pond_00052,fish,6.86,10.33,24.4,0.0,0.0,18.1,Acceptable,True,train
pond_00053,fish,7.35,8.3,27.6,0.0,0.7,43.4,Optimal,True,train
pond_00054,fish,7.13,1.92,27.2,0.35,0.18,43.1,Critical,True,train
pond_00055,fish,6.72,6.27,26.7,0.0,0.36,26.7,Optimal,True,val
pond_00056,fish,7.13,7.27,27.7,0.22,0.07,70.7,Critical,True,val
pond_00057,fish,7.12,4.65,32.7,0.0,0.0,21.8,Acceptable,True,train
pond_00058,fish,7.0,5.68,26.1,0.0,0.14,32.9,Optimal,True,val
pond_00059,fish,7.21,4.85,31.2,0.178,0.48,46.5,Critical,True,train
pond_00060,fish,8.11,7.58,23.8,0.005,0.07,51.1,Acceptable,True,train
pond_00061,fish,7.52,4.39,27.6,0.306,0.0,58.0,Critical,True,train
pond_00062,fish,8.88,7.37,29.0,0.0,0.24,42.7,Acceptable,True,test
pond_00063,fish,7.5,5.37,30.1,0.22,0.32,53.9,Critical,True,train
pond_00064,fish,7.23,4.06,30.5,0.048,0.61,23.0,Poor,True,train
pond_00065,fish,7.4,6.9,30.7,0.089,0.29,51.5,Critical,True,test
pond_00066,fish,7.55,3.85,27.5,0.303,0.36,51.3,Critical,True,train
pond_00067,fish,7.66,5.3,27.2,0.271,0.38,62.2,Critical,True,train
pond_00068,fish,8.65,4.48,30.9,0.0,0.0,5.0,Acceptable,True,train
pond_00069,fish,6.89,8.92,28.0,0.0,0.0,18.7,Optimal,True,train
pond_00070,fish,7.92,5.61,24.9,0.147,0.0,49.8,Critical,True,train
pond_00071,fish,7.52,3.46,25.3,0.0,0.0,0.0,Poor,True,train
pond_00072,fish,6.46,5.54,25.9,0.12,0.4,43.9,Critical,True,train
pond_00073,fish,7.86,6.14,29.9,0.149,0.27,54.1,Critical,True,train
pond_00074,fish,8.16,6.81,28.9,0.0,0.22,24.6,Optimal,True,train
pond_00075,fish,6.89,8.57,30.4,0.0,0.0,27.3,Optimal,True,train
pond_00076,fish,7.39,8.03,27.3,0.0,0.71,15.7,Optimal,True,train
pond_00077,fish,6.36,5.97,28.9,0.0,0.0,25.6,Optimal,True,test
pond_00078,fish,6.64,4.18,30.3,0.031,0.71,26.1,Poor,True,train
pond_00079,fish,8.03,8.26,27.6,0.0,0.0,22.7,Optimal,True,train
pond_00080,fish,7.12,5.01,29.8,0.0,0.0,21.7,Optimal,True,val
pond_00081,fish,6.73,5.28,26.6,0.0,0.0,30.1,Optimal,True,train
pond_00082,fish,7.54,5.43,27.5,0.009,0.29,29.9,Optimal,True,train
pond_00083,fish,7.09,4.28,27.4,0.394,0.0,68.7,Critical,True,val
pond_00084,fish,7.12,5.87,25.2,0.0,0.0,27.9,Optimal,True,train
pond_00085,fish,7.84,5.18,29.9,0.114,0.0,41.2,Critical,True,train
pond_00086,fish,6.7,7.1,27.2,0.0,0.39,24.6,Optimal,True,val
pond_00087,fish,6.86,5.25,28.5,0.0,0.38,24.4,Acceptable,True,train
pond_00088,fish,7.49,3.74,29.8,0.0,0.65,4.3,Acceptable,True,train
pond_00089,fish,7.98,3.29,29.8,0.0,0.03,6.7,Poor,True,train
pond_00090,fish,8.14,5.69,30.4,0.0,0.25,13.3,Optimal,True,train
pond_00091,fish,7.0,5.96,28.2,0.027,0.0,38.3,Acceptable,True,train
pond_00092,fish,7.96,5.28,27.3,0.2,0.12,54.4,Critical,True,test
pond_00093,fish,6.93,5.19,28.3,0.0,0.07,2.8,Optimal,True,train
pond_00094,fish,8.5,7.36,23.8,0.0,0.32,25.1,Acceptable,True,val
pond_00095,fish,6.72,8.62,24.4,0.0,0.45,10.4,Optimal,True,train
pond_00096,fish,8.2,5.5,24.8,0.0,0.45,30.2,Acceptable,True,test
pond_00097,fish,7.01,6.52,25.7,0.118,0.0,54.4,Critical,True,train
pond_00098,fish,8.61,6.9,29.6,0.0,0.45,27.0,Optimal,True,test
pond_00099,fish,7.75,5.26,26.0,0.048,0.19,34.1,Poor,True,train
pond_00100,fish,6.79,6.01,27.4,0.224,0.12,61.2,Critical,True,test
pond_00101,fish,7.09,4.97,32.1,0.17,0.02,43.2,Critical,True,train
pond_00102,fish,7.87,4.18,27.5,0.025,0.06,21.3,Acceptable,True,train
pond_00103,fish,8.03,5.59,30.6,0.075,0.64,37.9,Poor,True,train
pond_00104,fish,7.36,6.4,25.9,0.0,0.28,20.1,Optimal,True,val
pond_00105,fish,7.43,6.7,27.9,0.0,0.24,42.6,Optimal,True,test
pond_00106,fish,7.86,4.71,25.8,0.167,0.13,44.3,Critical,True,test
pond_00107,fish,7.48,6.02,27.6,0.0,0.81,10.4,Optimal,True,val
pond_00108,fish,6.62,7.23,30.9,0.0,0.53,38.2,Optimal,True,train
pond_00109,fish,6.91,9.74,23.7,0.0,0.02,32.9,Acceptable,True,train
pond_00110,fish,7.54,7.33,29.7,0.0,0.13,44.8,Optimal,True,train
pond_00111,fish,8.13,4.01,29.2,0.283,0.15,50.0,Critical,True,val
pond_00112,fish,8.37,6.79,26.8,0.018,0.24,43.6,Optimal,True,train
pond_00113,fish,7.87,5.99,24.5,0.0,0.02,29.5,Optimal,True,train
pond_00114,fish,7.57,6.15,28.7,0.138,0.31,51.8,Poor,True,train
pond_00115,fish,7.85,5.04,27.0,0.0,0.56,19.3,Optimal,True,train
pond_00116,fish,7.0,3.26,29.2,0.001,0.0,11.2,Poor,True,train
pond_00117,fish,7.31,5.3,28.6,0.0,0.0,0.0,Acceptable,True,train
pond_00118,fish,6.91,5.85,33.0,0.004,0.08,33.7,Optimal,True,test
pond_00119,fish,6.65,6.35,27.8,0.0,0.09,20.2,Optimal,True,train
pond_00120,fish,7.6,6.98,25.6,0.0,0.7,42.2,Optimal,True,train
pond_00121,fish,7.51,6.0,29.0,0.0,0.45,0.0,Acceptable,True,train
pond_00122,fish,7.81,6.23,29.1,0.0,0.44,23.4,Optimal,True,train
pond_00123,fish,7.73,5.73,32.3,0.109,0.13,43.5,Critical,True,val
pond_00124,fish,7.55,4.91,30.8,0.0,0.13,16.5,Optimal,True,train
pond_00125,fish,7.73,5.7,29.5,0.07,0.0,42.4,Poor,True,val
pond_00126,fish,7.37,7.36,32.6,0.0,0.4,25.0,Optimal,True,train
pond_00127,fish,7.65,6.71,25.2,0.0,0.32,34.4,Optimal,True,train
pond_00128,fish,6.96,6.24,26.7,0.076,0.52,45.7,Acceptable,True,train
pond_00129,fish,7.62,6.5,25.9,0.098,0.15,52.2,Critical,True,train
pond_00130,fish,7.8,5.73,27.4,0.041,0.16,36.7,Acceptable,True,test
pond_00131,fish,7.0,6.02,24.6,0.0,0.24,20.3,Optimal,True,train
pond_00132,fish,7.43,5.71,30.3,0.0,0.42,26.8,Optimal,True,val
pond_00133,fish,7.03,5.23,27.9,0.132,0.0,46.5,Critical,True,train
pond_00134,fish,7.08,6.48,24.4,0.0,0.38,16.6,Optimal,True,train
pond_00135,fish,6.73,5.3,25.7,0.043,0.19,31.8,Acceptable,True,val
pond_00136,fish,8.16,5.76,29.4,0.0,0.0,28.1,Optimal,True,train
pond_00137,fish,8.04,6.11,30.8,0.0,0.0,33.1,Optimal,True,train
pond_00138,fish,7.72,4.31,34.1,0.0,0.17,16.8,Acceptable,True,train
pond_00139,fish,8.58,1.24,36.7,0.045,0.56,1.7,Critical,True,train
pond_00140,fish,7.29,6.38,29.7,0.032,0.62,44.4,Acceptable,True,train
pond_00141,fish,9.22,6.56,25.7,0.102,0.29,52.4,Critical,True,test
pond_00142,fish,7.26,5.69,22.5,0.0,0.69,2.7,Acceptable,True,train
pond_00143,fish,7.55,6.72,29.2,0.021,0.19,41.6,Optimal,True,train
pond_00144,fish,7.16,4.33,26.2,0.272,0.44,54.5,Critical,True,train
pond_00145,fish,7.62,7.51,27.3,0.0,0.09,45.7,Optimal,True,train
pond_00146,fish,7.9,6.09,26.8,0.0,0.07,27.5,Optimal,True,val
pond_00147,fish,7.33,2.71,28.1,0.082,0.03,18.0,Critical,True,train
pond_00148,fish,8.47,5.41,31.5,0.063,0.0,36.5,Critical,True,train
pond_00149,fish,7.54,5.14,28.9,0.102,0.52,39.5,Critical,True,train
pond_00150,fish,7.56,5.12,28.1,0.077,0.04,36.7,Poor,True,train
pond_00151,fish,6.85,5.39,25.6,0.02,0.0,31.8,Optimal,True,test
pond_00152,fish,7.65,6.63,23.8,0.0,0.0,15.5,Acceptable,True,train
pond_00153,fish,7.32,5.41,27.1,0.112,0.15,42.6,Critical,True,train
pond_00154,fish,7.04,3.23,28.3,0.253,0.64,43.5,Critical,True,train
pond_00155,fish,6.93,6.52,33.5,0.004,0.72,38.6,Acceptable,True,train
pond_00156,fish,9.0,5.38,28.9,0.062,0.0,37.0,Poor,True,train
pond_00157,fish,7.24,4.19,31.3,0.373,0.11,65.2,Critical,True,train
pond_00158,fish,6.53,4.52,27.1,0.013,0.0,23.8,Acceptable,True,test
pond_00159,fish,6.98,7.59,25.2,0.082,0.45,58.1,Acceptable,True,train
pond_00160,fish,7.37,4.56,25.8,0.007,0.27,21.8,Acceptable,True,train
pond_00161,fish,7.73,6.42,26.5,0.118,0.04,55.0,Poor,True,train
pond_00162,fish,7.73,3.71,34.5,0.366,0.22,57.2,Critical,True,train
pond_00163,fish,7.81,5.56,26.2,0.0,0.08,29.7,Optimal,True,test
pond_00164,fish,7.01,3.75,30.8,0.4,0.6,64.9,Critical,True,train
pond_00165,fish,7.6,5.47,26.0,0.098,0.34,43.4,Critical,True,train
pond_00166,fish,6.87,5.25,31.1,0.0,0.37,19.2,Optimal,True,train
pond_00167,fish,7.03,5.9,29.6,0.0,0.0,28.3,Optimal,True,val
pond_00168,fish,6.85,4.79,28.1,0.264,0.18,55.4,Critical,True,test
pond_00169,fish,6.69,5.7,28.4,0.188,0.72,51.6,Critical,True,train
pond_00170,fish,8.04,7.44,26.7,0.0,0.53,16.0,Optimal,True,train
pond_00171,fish,7.81,3.2,29.7,0.162,0.0,32.5,Critical,True,train
pond_00172,fish,7.99,6.06,27.2,0.035,0.12,38.7,Optimal,True,train
pond_00173,fish,7.42,5.2,25.1,0.0,0.0,25.9,Optimal,True,train
pond_00174,fish,7.87,5.09,24.9,0.429,0.63,77.4,Critical,True,train
pond_00175,fish,6.34,6.06,29.0,0.027,0.26,39.2,Acceptable,True,train
pond_00176,fish,7.92,4.09,32.9,0.116,0.01,33.9,Critical,True,test
pond_00177,fish,7.51,4.0,28.9,0.316,0.21,56.4,Critical,True,test
pond_00178,fish,7.78,7.73,28.2,0.0,0.0,28.4,Optimal,True,train
pond_00179,fish,7.63,6.92,29.3,0.066,0.0,53.1,Poor,True,train
pond_00180,fish,6.81,2.31,32.2,0.025,0.21,5.0,Acceptable,True,train
pond_00181,fish,6.5,3.6,29.1,0.119,0.41,26.8,Critical,True,train
pond_00182,fish,6.97,6.88,27.3,0.113,0.0,53.9,Critical,True,val
pond_00183,fish,7.74,4.74,31.6,0.33,0.1,63.3,Critical,True,train
pond_00184,fish,7.81,7.64,29.7,0.0,0.45,21.1,Optimal,True,train
pond_00185,fish,6.58,5.74,32.8,0.0,0.0,19.0,Optimal,True,train
pond_00186,fish,6.81,6.11,29.0,0.095,0.26,45.2,Critical,True,train
pond_00187,fish,6.97,5.1,25.1,0.0,0.22,23.8,Optimal,True,train
pond_00188,fish,7.19,7.31,24.7,0.0,0.63,30.2,Optimal,True,val
pond_00189,fish,6.58,3.02,33.1,0.338,0.14,50.8,Critical,True,train
pond_00190,fish,6.55,6.59,33.3,0.0,0.16,25.2,Acceptable,True,val
pond_00191,fish,6.91,6.5,28.0,0.0,0.41,0.0,Acceptable,True,train
pond_00192,fish,7.45,4.88,27.4,0.0,0.0,11.6,Optimal,True,test
pond_00193,fish,6.69,6.05,32.6,0.019,0.14,35.2,Optimal,True,train
pond_00194,fish,7.33,9.6,25.4,0.0,0.09,1.5,Acceptable,True,val
pond_00195,fish,8.04,6.03,26.0,0.0,0.17,29.7,Optimal,True,val
pond_00196,fish,6.62,6.18,30.3,0.0,0.41,9.9,Optimal,True,train
pond_00197,fish,7.28,5.43,27.4,0.29,0.34,64.5,Critical,True,test
pond_00198,fish,8.01,5.92,28.5,0.337,0.01,74.0,Critical,True,test
pond_00199,fish,7.15,3.79,28.0,0.0,0.23,16.0,Acceptable,True,train
pond_00200,fish,7.06,5.6,29.4,0.049,0.57,39.6,Poor,True,test
pond_00201,fish,8.1,5.02,32.4,0.0,0.0,17.7,Optimal,True,train
pond_00202,fish,7.22,8.26,28.8,0.0,0.24,29.4,Optimal,True,train
pond_00203,fish,8.06,2.9,30.3,0.514,0.15,67.5,Critical,True,train
pond_00204,fish,7.66,6.64,22.8,0.0,0.18,26.6,Acceptable,True,train
pond_00205,fish,7.19,7.63,28.4,0.0,0.0,29.9,Acceptable,True,train
pond_00206,fish,7.69,5.97,26.1,0.0,0.55,18.0,Optimal,True,test
pond_00207,fish,7.59,6.29,25.1,0.149,0.01,55.6,Critical,True,train
pond_00208,fish,8.01,5.16,26.0,0.0,0.46,0.0,Acceptable,True,train
pond_00209,fish,7.07,4.69,27.6,0.031,0.04,27.0,Acceptable,True,train
pond_00210,fish,7.42,2.69,31.1,0.228,0.04,34.2,Critical,True,train
pond_00211,fish,7.36,5.71,24.8,0.0,0.5,23.1,Optimal,True,train
pond_00212,fish,7.82,4.4,28.6,0.232,0.45,50.5,Critical,True,val
pond_00213,fish,6.78,6.26,27.1,0.159,0.25,56.6,Critical,True,val
pond_00214,fish,8.01,4.89,27.6,0.0,0.39,9.6,Optimal,True,train
pond_00215,fish,7.68,4.53,31.3,0.453,0.13,72.7,Critical,True,val
pond_00216,fish,6.61,4.84,30.0,0.0,0.2,9.4,Optimal,True,val
pond_00217,fish,8.12,4.93,32.2,0.262,0.03,58.2,Critical,True,train
pond_00218,fish,8.74,5.15,28.1,0.073,0.43,37.7,Poor,True,test
pond_00219,fish,8.0,4.73,26.6,0.039,0.03,25.9,Acceptable,True,test
pond_00220,fish,8.26,6.05,27.9,0.0,0.57,27.6,Optimal,True,train
pond_00221,fish,7.45,7.15,29.2,0.0,0.12,34.4,Optimal,True,test
pond_00222,fish,6.4,5.87,29.0,0.034,0.21,38.8,Optimal,True,train
pond_00223,fish,6.29,5.6,25.5,0.0,0.39,18.4,Acceptable,True,train
pond_00224,fish,7.55,5.57,28.8,0.0,0.21,30.8,Optimal,True,test
pond_00225,fish,7.04,2.79,29.1,0.116,0.13,21.1,Poor,True,train
pond_00226,fish,6.85,4.09,35.5,0.0,0.19,13.1,Poor,True,train
pond_00227,fish,7.36,4.11,33.8,0.014,0.42,20.3,Poor,True,train
pond_00228,fish,7.77,5.01,26.1,0.0,0.03,14.3,Optimal,True,train
pond_00229,fish,6.53,4.92,27.7,0.014,0.17,27.4,Optimal,True,val
pond_00230,fish,7.13,6.1,24.4,0.033,0.2,42.8,Acceptable,True,train
pond_00231,fish,8.31,7.54,26.8,0.0,0.42,37.2,Optimal,True,train
pond_00232,fish,6.75,7.14,29.4,0.208,0.18,70.5,Critical,True,train
pond_00233,fish,7.92,3.78,31.9,0.0,0.65,0.0,Poor,True,val
pond_00234,fish,7.11,5.51,26.5,0.105,0.16,43.4,Critical,True,train
pond_00235,fish,7.73,5.5,26.7,0.039,0.14,35.1,Acceptable,True,val
pond_00236,fish,8.06,8.22,22.5,0.0,0.16,49.7,Acceptable,True,train
pond_00237,fish,7.84,6.1,28.0,0.098,0.0,47.9,Critical,True,val
pond_00238,fish,7.95,6.57,25.5,0.0,0.0,32.0,Optimal,True,test
pond_00239,fish,6.71,6.87,27.0,0.0,0.07,38.1,Optimal,True,train
pond_00240,fish,8.07,5.49,26.0,0.0,0.48,21.6,Optimal,True,val
pond_00241,fish,6.89,7.77,28.2,0.0,0.19,46.0,Optimal,True,train
pond_00242,fish,7.56,6.85,23.6,0.0,0.08,1.2,Acceptable,True,train
pond_00243,fish,7.55,5.48,24.4,0.161,0.51,49.0,Critical,True,train
pond_00244,fish,7.69,4.2,34.5,0.12,0.59,34.6,Critical,True,train
pond_00245,fish,7.6,8.3,24.9,0.0,0.51,26.2,Optimal,True,train
pond_00246,fish,6.89,5.86,25.4,0.0,0.0,30.8,Optimal,True,train
pond_00247,fish,6.59,6.03,33.6,0.0,0.08,32.1,Acceptable,True,train
pond_00248,fish,7.92,3.18,36.6,0.415,0.65,58.4,Critical,True,train
pond_00249,fish,7.51,5.43,25.2,0.512,0.26,93.2,Critical,True,train
pond_00250,fish,8.09,6.94,27.5,0.117,0.13,57.0,Critical,True,train
pond_00251,fish,7.37,4.37,29.5,0.033,0.38,24.8,Acceptable,True,test
pond_00252,fish,6.56,5.91,33.3,0.1,0.45,46.3,Critical,True,train
pond_00253,fish,7.98,6.88,25.7,0.037,0.06,47.1,Acceptable,True,val
pond_00254,fish,7.18,4.72,27.8,0.0,0.25,18.3,Optimal,True,train
pond_00255,fish,7.61,5.23,30.7,0.0,0.43,12.3,Optimal,True,train
pond_00256,fish,7.01,4.77,29.7,0.087,0.0,33.9,Critical,True,train
pond_00257,fish,8.39,6.51,27.4,0.1,0.2,49.5,Critical,True,train
pond_00258,fish,6.87,8.52,28.1,0.0,0.0,6.0,Optimal,True,train
pond_00259,fish,7.2,6.11,24.7,0.0,0.0,22.0,Optimal,True,test
pond_00260,fish,7.46,6.69,27.8,0.028,0.06,45.3,Acceptable,True,val
pond_00261,fish,6.74,5.99,27.8,0.0,0.32,35.8,Optimal,True,train
pond_00262,fish,7.6,5.69,29.2,0.208,0.12,60.5,Critical,True,train
pond_00263,fish,8.37,5.9,26.9,0.0,0.04,9.6,Optimal,True,train
pond_00264,fish,7.11,4.32,29.8,0.478,0.21,77.3,Critical,True,test
pond_00265,fish,7.64,5.66,31.3,0.0,0.0,7.3,Acceptable,True,val
pond_00266,fish,5.75,5.3,28.9,0.0,0.31,0.0,Poor,True,train
pond_00267,fish,7.38,4.32,29.5,0.115,0.48,33.9,Critical,True,val
pond_00268,fish,7.21,7.19,28.6,0.0,0.18,14.6,Optimal,True,val
pond_00269,fish,6.91,5.94,28.5,0.0,0.15,34.3,Optimal,True,test
pond_00270,fish,8.05,5.91,26.5,0.0,0.29,33.7,Optimal,True,train
pond_00271,fish,7.2,7.49,29.4,0.0,0.0,31.5,Optimal,True,train
pond_00272,fish,7.29,3.29,28.2,0.093,0.33,19.8,Critical,True,train
pond_00273,fish,7.17,6.33,34.4,0.022,0.98,42.8,Acceptable,True,train
pond_00274,fish,6.25,3.62,32.9,0.13,0.17,29.3,Critical,True,train
pond_00275,fish,6.72,5.86,29.6,0.19,0.17,54.9,Critical,True,train
pond_00276,fish,7.98,5.43,26.4,0.0,0.39,31.8,Optimal,True,val
pond_00277,fish,6.13,5.18,25.4,0.0,0.61,17.6,Acceptable,True,test
pond_00278,fish,6.94,6.92,31.8,0.0,0.44,4.6,Acceptable,True,test
pond_00279,fish,7.16,8.24,29.2,0.0,0.0,31.9,Optimal,True,train
pond_00280,fish,8.45,5.2,29.8,0.0,0.34,12.2,Optimal,True,train
pond_00281,fish,7.86,7.32,23.6,0.0,0.84,10.7,Acceptable,True,test
pond_00282,fish,7.07,5.32,31.1,0.12,0.36,44.5,Critical,True,train
pond_00283,fish,8.18,7.95,29.8,0.0,0.0,3.0,Optimal,True,train
pond_00284,fish,6.96,3.51,25.4,0.38,0.27,60.4,Critical,True,val
pond_00285,fish,8.01,6.61,27.2,0.0,0.0,37.9,Optimal,True,train
pond_00286,fish,6.58,4.62,29.2,0.107,0.51,34.2,Critical,True,train
pond_00287,fish,8.04,2.47,28.6,0.076,0.0,16.4,Critical,True,train
pond_00288,fish,7.16,5.47,27.7,0.124,0.22,48.8,Critical,True,test
pond_00289,fish,6.78,8.45,28.2,0.0,0.0,34.9,Optimal,True,test
pond_00290,fish,7.27,5.03,27.8,0.0,0.06,22.7,Optimal,True,train
pond_00291,fish,7.57,6.82,28.9,0.0,0.57,38.6,Optimal,True,train
pond_00292,fish,7.1,6.6,32.6,0.0,0.23,4.7,Acceptable,True,train
pond_00293,fish,7.73,7.32,21.3,0.0,0.06,5.6,Poor,True,train
pond_00294,fish,7.05,6.11,27.8,0.0,0.0,14.8,Optimal,True,train
pond_00295,fish,7.77,3.29,29.0,0.251,0.0,41.3,Critical,True,train
pond_00296,fish,7.67,4.62,29.3,0.081,0.0,34.9,Poor,True,train
pond_00297,fish,7.36,7.29,27.5,0.058,0.23,53.9,Poor,True,train
pond_00298,fish,7.14,6.94,23.6,0.0,0.45,18.4,Acceptable,True,train
pond_00299,fish,7.49,6.12,29.4,0.093,0.06,45.3,Critical,True,train
pond_00300,fish,7.73,4.95,33.3,0.053,0.59,33.0,Poor,True,train
pond_00301,fish,8.64,9.79,24.2,0.0,0.02,18.0,Acceptable,True,train
pond_00302,fish,7.96,4.68,30.9,0.157,0.14,41.9,Critical,True,train
pond_00303,fish,7.99,8.24,27.6,0.0,0.0,33.8,Optimal,True,val
pond_00304,fish,9.25,6.02,28.3,0.0,0.45,23.7,Acceptable,True,test
pond_00305,fish,7.71,8.8,25.6,0.0,0.72,35.8,Optimal,True,test
pond_00306,fish,7.69,4.29,27.6,0.086,0.0,32.7,Critical,True,train
pond_00307,fish,7.82,5.28,32.1,0.009,0.11,32.2,Optimal,True,val
pond_00308,fish,6.79,4.9,30.1,0.013,0.52,27.6,Optimal,True,train
pond_00309,fish,7.13,4.96,33.4,0.0,0.0,11.5,Acceptable,True,train
pond_00310,fish,7.1,6.8,31.8,0.0,0.34,36.3,Optimal,True,train
pond_00311,fish,7.79,6.07,29.7,0.0,0.51,20.6,Optimal,True,test
pond_00312,fish,7.3,6.46,33.4,0.0,0.22,16.6,Acceptable,True,train
pond_00313,fish,7.48,4.6,29.7,0.058,0.34,30.7,Poor,True,test
pond_00314,fish,8.05,4.15,30.8,0.242,0.64,48.2,Critical,True,train
pond_00315,fish,7.92,6.0,27.7,0.025,0.69,38.3,Optimal,True,train
pond_00316,fish,7.3,5.71,28.7,0.0,0.18,25.4,Optimal,True,val
pond_00317,fish,7.0,5.96,26.5,0.0,0.07,24.7,Optimal,True,train
pond_00318,fish,8.08,3.86,31.3,0.225,0.0,46.4,Critical,True,val
pond_00319,fish,7.86,8.19,25.2,0.0,0.44,0.0,Acceptable,True,val
pond_00320,fish,6.44,4.82,30.7,0.196,0.0,49.4,Critical,True,train
pond_00321,fish,7.21,7.91,28.0,0.0,0.14,1.3,Acceptable,True,val
pond_00322,fish,7.5,5.12,31.8,0.0,0.23,9.5,Optimal,True,train
pond_00323,fish,7.87,6.26,30.6,0.0,0.07,25.7,Optimal,True,train
pond_00324,fish,7.95,5.49,33.6,0.359,0.27,74.1,Critical,True,train
pond_00325,fish,7.57,4.21,30.5,0.398,0.84,65.2,Critical,True,train
pond_00326,fish,7.75,7.26,24.1,0.031,0.17,47.7,Optimal,True,train
pond_00327,fish,7.44,8.54,28.3,0.0,0.09,41.4,Acceptable,True,train
pond_00328,fish,7.0,6.86,25.2,0.0,0.45,1.5,Optimal,True,train
pond_00329,fish,7.24,7.37,27.0,0.0,0.26,37.8,Optimal,True,train
pond_00330,fish,7.41,5.86,32.7,0.0,0.56,25.1,Optimal,True,train
pond_00331,fish,7.38,5.85,30.3,0.0,0.24,20.3,Optimal,True,val
pond_00332,fish,6.27,6.48,26.5,0.0,0.14,37.8,Acceptable,True,val
pond_00333,fish,7.16,7.17,25.7,0.0,0.0,26.5,Optimal,True,train
pond_00334,fish,7.43,6.85,28.6,0.096,0.0,50.6,Critical,True,val
pond_00335,fish,7.23,4.64,25.1,0.0,0.0,0.2,Poor,True,train
pond_00336,fish,7.25,6.55,26.6,0.0,0.29,36.4,Optimal,True,train
pond_00337,fish,7.69,5.36,29.4,0.0,0.0,19.2,Optimal,True,val
pond_00338,fish,6.75,4.56,31.7,0.003,0.51,27.6,Acceptable,True,train
pond_00339,fish,6.42,7.25,30.2,0.0,0.21,40.5,Optimal,True,train
pond_00340,fish,7.19,6.15,22.1,0.0,0.14,14.9,Acceptable,True,train
pond_00341,fish,7.86,3.66,29.4,0.183,0.0,38.0,Critical,True,train
pond_00342,fish,8.41,6.87,28.7,0.0,0.36,31.2,Optimal,True,train
pond_00343,fish,7.87,3.56,29.7,0.073,0.0,23.1,Critical,True,train
pond_00344,fish,6.52,2.13,33.0,0.19,0.0,26.5,Critical,True,train
pond_00345,fish,7.26,8.31,22.7,0.0,0.5,32.2,Acceptable,True,train
pond_00346,fish,7.55,6.38,26.8,0.0,0.29,21.2,Optimal,True,train
pond_00347,fish,7.51,6.11,30.2,0.0,0.14,35.1,Optimal,True,train
pond_00348,fish,7.72,6.13,24.1,0.0,0.36,30.0,Optimal,True,train
pond_00349,fish,6.85,2.98,32.6,0.161,0.2,24.0,Critical,True,train
pond_00350,fish,7.44,3.92,29.5,0.392,0.3,63.6,Critical,True,train
pond_00351,fish,7.65,4.91,30.9,0.136,0.0,42.5,Critical,True,val
pond_00352,fish,7.9,4.36,26.9,0.053,0.72,28.1,Poor,True,train
pond_00353,fish,6.92,5.74,30.8,0.03,0.06,37.6,Poor,True,train
pond_00354,fish,7.19,4.51,31.5,0.0,0.59,16.5,Acceptable,True,train
pond_00355,fish,5.78,5.92,29.2,0.0,0.15,27.1,Acceptable,True,train
pond_00356,fish,7.03,5.88,29.2,0.0,0.4,29.2,Optimal,True,train
pond_00357,fish,7.09,6.18,29.3,0.0,0.38,12.6,Optimal,True,train
pond_00358,fish,6.79,7.02,26.1,0.0,0.49,42.0,Optimal,True,train
pond_00359,fish,7.5,5.41,28.1,0.0,0.0,25.9,Optimal,True,train
pond_00360,fish,7.37,6.15,28.1,0.0,0.47,28.6,Optimal,True,test
pond_00361,fish,6.04,5.9,29.6,0.0,0.66,24.8,Acceptable,True,train
pond_00362,fish,7.53,1.8,31.3,0.74,0.14,88.3,Critical,True,train
pond_00363,fish,6.84,7.34,25.5,0.0,0.21,23.1,Optimal,True,train
pond_00364,fish,7.69,6.08,28.1,0.0,0.07,0.0,Acceptable,True,val
pond_00365,fish,6.63,5.7,32.6,0.0,0.11,6.2,Acceptable,True,train
pond_00366,fish,7.42,4.44,26.4,0.213,0.63,48.7,Critical,True,test
pond_00367,fish,7.23,5.85,26.2,0.217,0.0,59.1,Critical,True,train
pond_00368,fish,7.58,4.15,29.1,0.022,0.0,22.7,Acceptable,True,train
pond_00369,fish,7.47,6.34,30.9,0.162,0.6,58.0,Critical,True,test
pond_00370,fish,7.25,3.83,28.5,0.277,0.36,48.3,Critical,True,train
pond_00371,fish,6.48,3.7,32.2,0.145,0.73,31.6,Critical,True,train
pond_00372,fish,6.51,6.03,30.9,0.0,0.09,30.3,Optimal,True,train
pond_00373,fish,7.05,4.41,30.9,0.131,0.23,38.3,Critical,True,val
pond_00374,fish,7.4,4.17,30.1,0.284,0.03,50.8,Critical,True,train
pond_00375,fish,7.04,5.67,35.0,0.09,0.24,42.2,Critical,True,train
pond_00376,fish,7.78,7.25,27.9,0.0,0.0,22.8,Optimal,True,test
pond_00377,fish,7.23,8.01,22.9,0.0,0.37,31.9,Acceptable,True,train
pond_00378,fish,6.82,6.03,33.0,0.308,0.28,70.7,Critical,True,train
pond_00379,fish,7.23,5.75,27.2,0.055,0.19,39.5,Poor,True,train
pond_00380,fish,7.54,5.45,28.8,0.165,0.1,50.6,Critical,True,test
pond_00381,fish,7.59,4.11,32.2,0.216,0.0,44.7,Critical,True,train
pond_00382,fish,8.53,7.0,24.0,0.0,0.38,39.9,Acceptable,True,train
pond_00383,fish,7.0,5.81,25.0,0.027,0.0,37.0,Acceptable,True,train
pond_00384,fish,7.36,6.15,24.0,0.139,0.33,51.2,Critical,True,train
pond_00385,fish,7.66,7.12,26.3,0.045,0.72,47.9,Poor,True,val
pond_00386,fish,7.39,7.19,29.7,0.0,0.57,39.8,Optimal,True,train
pond_00387,fish,7.1,6.04,30.0,0.0,0.0,22.5,Optimal,True,train
pond_00388,fish,6.47,8.15,29.3,0.0,0.07,41.9,Optimal,True,train
pond_00389,fish,7.09,5.66,24.5,0.022,0.31,33.8,Acceptable,True,train
pond_00390,fish,6.76,4.61,22.0,0.066,0.18,29.5,Critical,True,train
pond_00391,fish,6.36,6.77,28.7,0.36,0.0,83.2,Critical,True,train
pond_00392,fish,6.92,5.0,27.2,0.0,0.3,7.3,Optimal,True,train
pond_00393,fish,6.77,5.14,29.8,0.212,0.2,52.3,Critical,True,train
pond_00394,fish,7.75,2.9,30.5,0.119,0.68,19.5,Critical,True,val
pond_00395,fish,7.76,4.46,28.9,0.119,0.14,37.4,Critical,True,test
pond_00396,fish,6.86,3.24,30.6,0.578,0.49,81.2,Critical,True,val
pond_00397,fish,7.24,5.05,29.1,0.0,0.0,17.7,Acceptable,True,train
pond_00398,fish,6.29,4.93,30.0,0.0,0.0,22.0,Acceptable,True,train
pond_00399,fish,7.1,6.35,26.5,0.0,0.38,34.7,Optimal,True,train
pond_00400,fish,7.64,7.64,28.0,0.0,0.47,19.8,Optimal,True,train
pond_00401,fish,7.89,6.63,29.1,0.07,0.0,50.9,Poor,True,train
pond_00402,fish,6.97,3.04,30.8,0.132,0.21,25.4,Critical,True,train
pond_00403,fish,8.03,6.89,27.4,0.011,0.0,46.8,Optimal,True,val
pond_00404,fish,6.49,5.64,30.0,0.0,0.15,11.1,Optimal,True,train
pond_00405,fish,6.65,5.82,27.8,0.0,0.41,2.5,Optimal,True,train
pond_00406,fish,7.83,5.84,28.2,0.0,0.09,30.9,Optimal,True,train
pond_00407,fish,8.4,5.59,30.8,0.0,0.14,6.8,Optimal,True,test
pond_00408,fish,7.7,6.03,22.9,0.213,0.0,62.3,Critical,True,train
pond_00409,fish,7.38,6.32,24.9,0.0,0.04,7.5,Optimal,True,train
pond_00410,fish,6.08,8.35,24.3,0.0,0.64,16.3,Acceptable,True,test
pond_00411,fish,6.19,6.21,22.0,0.056,0.22,42.4,Poor,True,train
pond_00412,fish,7.48,4.77,26.6,0.0,0.0,24.4,Optimal,True,train
pond_00413,fish,7.19,5.26,30.6,0.0,0.12,7.7,Optimal,True,test
pond_00414,fish,6.74,4.39,27.7,0.419,0.0,71.7,Critical,True,train
pond_00415,fish,7.44,3.27,29.1,0.051,0.0,17.0,Poor,True,test
pond_00416,fish,7.47,4.66,31.5,0.086,0.54,31.5,Critical,True,train
pond_00417,fish,7.97,7.03,32.2,0.0,0.16,31.2,Optimal,True,train
pond_00418,fish,7.48,5.79,28.3,0.115,0.67,47.8,Critical,True,train
pond_00419,fish,8.14,5.24,32.3,0.139,0.18,43.3,Critical,True,train
pond_00420,fish,7.4,2.76,28.8,0.135,0.19,20.1,Critical,True,train
pond_00421,fish,7.33,6.92,26.2,0.0,0.36,29.1,Optimal,True,test
pond_00422,fish,8.04,6.29,26.8,0.0,0.0,30.9,Optimal,True,test
pond_00423,fish,6.81,5.76,24.4,0.133,0.25,48.5,Critical,True,train
pond_00424,fish,9.09,6.58,26.0,0.0,0.19,14.0,Acceptable,True,train
pond_00425,fish,7.63,6.25,27.5,0.271,0.57,71.3,Critical,True,val
pond_00426,fish,7.63,3.83,30.8,0.042,0.44,21.3,Poor,True,train
pond_00427,fish,7.72,5.23,33.3,0.074,0.0,34.8,Poor,True,train
pond_00428,fish,8.53,8.31,24.6,0.0,0.51,14.1,Optimal,True,train
pond_00429,fish,7.88,5.25,29.6,0.0,0.13,11.6,Optimal,True,train
pond_00430,fish,6.44,5.21,25.6,0.0,0.0,19.3,Optimal,True,val
pond_00431,fish,8.24,5.27,29.8,0.0,0.25,17.5,Optimal,True,train
pond_00432,fish,7.2,7.08,28.1,0.0,0.15,27.5,Optimal,True,train
pond_00433,fish,7.46,5.18,23.4,0.0,0.58,17.4,Acceptable,True,train
pond_00434,fish,6.63,6.05,31.1,0.094,0.29,47.5,Critical,True,val
pond_00435,fish,7.72,5.21,26.8,0.0,0.25,20.9,Optimal,True,train
pond_00436,fish,7.01,6.46,27.0,0.0,0.43,18.9,Acceptable,True,train
pond_00437,fish,7.46,5.65,25.5,0.0,0.47,27.9,Optimal,True,test
pond_00438,fish,7.23,5.4,26.7,0.187,0.4,52.9,Critical,True,val
pond_00439,fish,8.56,7.68,29.7,0.0,0.55,38.9,Optimal,True,train
pond_00440,fish,8.59,3.94,28.0,0.109,0.35,33.2,Critical,True,val
pond_00441,fish,7.43,6.28,29.4,0.0,0.24,9.2,Optimal,True,train
pond_00442,fish,7.44,8.01,29.5,0.0,0.51,14.4,Optimal,True,train
pond_00443,fish,7.18,5.97,32.2,0.0,0.18,12.0,Optimal,True,train
pond_00444,fish,8.06,4.14,27.5,0.304,0.21,58.5,Critical,True,train
pond_00445,fish,7.2,4.89,24.4,0.146,0.63,44.6,Poor,True,train
pond_00446,fish,7.15,4.11,31.5,0.0,0.61,19.5,Acceptable,True,train
pond_00447,fish,7.99,6.22,27.6,0.0,0.2,24.8,Optimal,True,train
pond_00448,fish,7.08,5.45,31.6,0.0,0.09,20.1,Optimal,True,train
pond_00449,fish,7.38,3.79,29.6,0.003,0.57,19.1,Acceptable,True,train
pond_00450,fish,6.45,4.66,28.1,0.166,0.4,43.3,Critical,True,train
pond_00451,fish,7.82,4.45,29.5,0.09,0.28,29.8,Critical,True,test
pond_00452,fish,8.56,4.38,34.0,0.424,0.12,72.5,Critical,True,train
pond_00453,fish,7.83,7.33,34.3,0.09,0.28,57.5,Critical,True,val
pond_00454,fish,8.28,4.45,28.7,0.324,0.19,58.6,Critical,True,train
pond_00455,fish,6.89,4.34,28.9,0.23,0.03,47.1,Critical,True,train
pond_00456,fish,7.54,3.57,31.5,0.114,0.23,27.4,Critical,True,train
pond_00457,fish,6.83,7.2,26.1,0.0,0.27,45.8,Optimal,True,train
pond_00458,fish,7.26,5.54,29.4,0.0,0.11,28.7,Optimal,True,train
pond_00459,fish,7.86,4.56,28.4,0.325,0.43,64.3,Critical,True,train
pond_00460,fish,7.46,5.1,29.4,0.113,0.52,42.3,Critical,True,train
pond_00461,fish,6.55,5.19,26.2,0.116,0.44,39.7,Critical,True,train
pond_00462,fish,6.61,7.17,24.0,0.0,0.13,37.3,Optimal,True,train
pond_00463,fish,6.57,10.8,22.7,0.0,0.39,66.3,Poor,True,train
pond_00464,fish,7.69,7.24,25.4,0.0,0.22,9.2,Optimal,True,train
pond_00465,fish,8.64,5.95,27.2,0.259,0.0,68.1,Critical,True,train
pond_00466,fish,8.22,5.04,27.7,0.028,0.37,31.6,Acceptable,True,train
pond_00467,fish,6.26,2.76,33.9,0.016,0.24,9.7,Critical,True,train
pond_00468,fish,8.25,6.16,31.6,0.0,0.85,21.5,Optimal,True,train
pond_00469,fish,7.96,7.33,25.8,0.0,0.56,5.3,Optimal,True,train
pond_00470,fish,6.47,4.94,29.5,0.198,0.38,46.8,Critical,True,val
pond_00471,fish,7.22,7.74,27.4,0.0,0.26,16.3,Optimal,True,train
pond_00472,fish,8.06,6.0,27.7,0.026,0.24,38.0,Optimal,True,train
pond_00473,fish,7.73,6.77,29.0,0.097,0.0,55.4,Critical,True,train
pond_00474,fish,6.61,5.84,30.2,0.0,0.0,22.9,Acceptable,True,test
pond_00475,fish,7.77,5.76,27.6,0.0,0.0,30.2,Optimal,True,train
pond_00476,fish,6.12,3.82,31.5,0.0,0.19,11.5,Poor,True,train
pond_00477,fish,7.27,6.28,25.3,0.0,0.0,28.0,Optimal,True,train
pond_00478,fish,8.08,6.98,28.5,0.32,0.06,81.3,Critical,True,train
pond_00479,fish,7.41,3.53,35.8,0.276,0.14,49.0,Critical,True,test
pond_00480,fish,7.1,6.28,29.1,0.0,0.15,30.2,Optimal,True,val
pond_00481,fish,7.93,3.42,32.5,0.112,0.03,24.0,Critical,True,train
pond_00482,fish,7.98,6.84,28.8,0.0,0.11,34.2,Optimal,True,train
pond_00483,fish,8.19,5.89,30.1,0.037,0.63,37.3,Optimal,True,train
pond_00484,fish,7.92,4.15,28.3,0.064,0.37,27.5,Poor,True,train
pond_00485,fish,8.05,5.59,28.0,0.118,0.06,44.5,Critical,True,test
pond_00486,fish,7.84,7.57,26.3,0.0,0.18,17.8,Optimal,True,train
pond_00487,fish,7.56,3.78,29.7,0.0,0.19,17.7,Poor,True,train
pond_00488,fish,7.45,4.81,26.1,0.16,0.01,41.7,Critical,True,train
pond_00489,fish,7.26,5.3,30.4,0.0,0.01,14.0,Optimal,True,val
pond_00490,fish,6.67,8.14,31.5,0.0,0.45,48.1,Optimal,True,test
pond_00491,fish,6.83,4.64,29.5,0.088,0.1,34.7,Critical,True,test
pond_00492,fish,7.23,6.67,27.7,0.0,0.0,2.1,Optimal,True,train
pond_00493,fish,7.54,5.89,29.8,0.005,0.19,37.0,Optimal,True,test
pond_00494,fish,8.26,5.16,27.6,0.0,0.23,4.7,Optimal,True,train
pond_00495,fish,7.37,5.46,31.1,0.148,0.0,47.5,Critical,True,test
pond_00496,fish,8.0,6.27,23.4,0.0,0.19,30.5,Acceptable,True,test
pond_00497,fish,8.05,5.5,27.6,0.317,0.42,68.3,Critical,True,train
pond_00498,fish,7.26,4.67,22.9,0.249,0.31,54.3,Critical,True,val
pond_00499,fish,7.76,6.66,24.3,0.0,0.76,15.9,Optimal,True,val
pond_00500,fish,7.25,6.24,32.3,0.0,0.51,0.0,Acceptable,True,train
pond_00501,fish,8.19,5.34,31.0,0.0,0.56,21.4,Optimal,True,train
pond_00502,fish,7.78,7.76,26.5,0.0,0.9,13.0,Optimal,True,train
pond_00503,fish,6.69,7.51,24.3,0.178,0.39,67.9,Poor,True,test
pond_00504,fish,7.5,7.5,20.2,0.0,0.24,34.8,Poor,True,test
pond_00505,fish,8.39,5.25,27.0,0.232,0.44,51.8,Critical,True,train
pond_00506,fish,7.29,3.67,35.3,0.14,0.06,29.9,Critical,True,train
pond_00507,fish,7.67,3.48,29.7,0.149,0.23,31.8,Critical,True,val
pond_00508,fish,7.73,5.76,26.9,0.0,0.04,34.4,Optimal,True,val
pond_00509,fish,6.78,5.73,29.8,0.179,0.3,54.9,Critical,True,test
pond_00510,fish,7.71,9.14,24.1,0.0,0.04,40.6,Acceptable,True,train
pond_00511,fish,6.56,6.72,27.7,0.0,0.03,16.0,Optimal,True,train
pond_00512,fish,7.02,4.53,28.8,0.336,0.3,64.2,Critical,True,train
pond_00513,fish,8.05,3.84,28.3,0.126,0.17,29.7,Critical,True,train
pond_00514,fish,7.61,5.04,30.7,0.0,0.0,26.8,Optimal,True,train
pond_00515,fish,7.22,6.73,29.5,0.0,0.0,0.0,Acceptable,True,test
pond_00516,fish,7.67,5.09,30.4,0.156,0.0,46.4,Critical,True,val
pond_00517,fish,7.36,6.97,26.6,0.0,0.0,36.8,Acceptable,True,train
pond_00518,fish,7.41,5.01,31.0,0.065,0.3,36.8,Poor,True,train
pond_00519,fish,7.79,5.83,33.1,0.0,0.25,27.7,Acceptable,True,train
pond_00520,fish,6.96,4.15,25.8,0.032,0.47,24.6,Poor,True,val
pond_00521,fish,7.42,8.58,26.0,0.0,0.39,28.3,Optimal,True,train
pond_00522,fish,7.21,3.44,32.2,0.241,0.47,43.3,Critical,True,test
pond_00523,fish,6.45,7.03,28.0,0.012,0.35,46.5,Optimal,True,train
pond_00524,fish,6.85,4.58,32.4,0.065,0.25,30.8,Poor,True,test
pond_00525,fish,8.34,5.9,27.3,0.162,0.47,52.1,Critical,True,train
pond_00526,fish,7.63,4.59,32.6,0.109,0.43,33.6,Critical,True,train
pond_00527,fish,6.61,6.08,28.9,0.0,0.29,25.9,Optimal,True,train
pond_00528,fish,6.48,6.29,29.2,0.01,0.52,38.6,Optimal,True,train
pond_00529,fish,7.33,6.34,32.9,0.0,0.0,10.5,Optimal,True,test
pond_00530,fish,8.34,7.99,27.5,0.0,0.13,39.2,Optimal,True,train
pond_00531,fish,7.29,6.83,25.9,0.0,0.12,7.2,Optimal,True,val
pond_00532,fish,8.18,8.47,27.2,0.0,0.49,16.5,Optimal,True,train
pond_00533,fish,7.61,5.66,29.8,0.0,0.59,0.0,Optimal,True,val
pond_00534,fish,7.68,8.25,24.1,0.0,0.0,31.8,Optimal,True,train
pond_00535,fish,6.6,6.02,30.3,0.243,0.55,64.0,Critical,True,train
pond_00536,fish,7.96,5.35,27.0,0.026,0.0,32.9,Optimal,True,train
pond_00537,fish,7.2,5.37,31.7,0.126,0.0,46.6,Critical,True,val
pond_00538,fish,7.92,7.94,21.8,0.192,0.14,77.3,Critical,True,train
pond_00539,fish,6.91,6.23,26.3,0.054,0.12,42.3,Poor,True,val
pond_00540,fish,7.51,7.39,23.8,0.0,0.0,21.2,Poor,True,train
pond_00541,fish,7.61,7.51,26.2,0.0,0.36,23.7,Acceptable,True,train
pond_00542,fish,7.31,5.62,29.2,0.038,0.37,35.0,Optimal,True,train
pond_00543,fish,7.64,1.79,28.0,0.211,0.46,23.6,Critical,True,train
pond_00544,fish,7.24,8.3,27.8,0.0,0.09,25.0,Optimal,True,test
pond_00545,fish,7.01,5.48,28.1,0.169,0.19,52.7,Critical,True,train
pond_00546,fish,8.36,4.53,29.1,0.255,0.19,53.5,Critical,True,test
pond_00547,fish,8.03,4.83,25.7,0.0,0.62,5.4,Acceptable,True,train
pond_00548,fish,6.94,4.9,30.5,0.0,0.0,20.3,Optimal,True,train
pond_00549,fish,7.74,4.61,30.4,0.004,0.0,26.6,Optimal,True,test
pond_00550,fish,6.95,4.54,29.6,0.183,0.2,45.8,Critical,True,train
pond_00551,fish,6.69,4.51,30.1,0.275,0.0,55.6,Critical,True,train
pond_00552,fish,8.02,6.36,29.3,0.37,0.14,83.6,Critical,True,train
pond_00553,fish,6.38,7.42,34.2,0.0,0.17,26.6,Acceptable,True,train
pond_00554,fish,7.96,7.0,28.3,0.0,0.04,27.5,Optimal,True,train
pond_00555,fish,7.25,7.56,27.6,0.0,0.22,45.6,Optimal,True,test
pond_00556,fish,7.27,5.72,26.4,0.0,0.36,22.7,Optimal,True,train
pond_00557,fish,7.65,6.57,25.6,0.0,0.14,32.5,Optimal,True,train
pond_00558,fish,7.75,7.14,25.0,0.0,0.09,27.5,Optimal,True,train
pond_00559,fish,6.9,5.41,26.0,0.0,0.16,0.0,Acceptable,True,train
pond_00560,fish,7.83,5.25,28.3,0.055,0.2,37.2,Poor,True,train
pond_00561,fish,7.47,6.8,29.4,0.0,0.0,31.7,Optimal,True,train
pond_00562,fish,6.65,7.3,28.6,0.094,0.32,57.9,Critical,True,test
pond_00563,fish,7.3,6.35,26.4,0.0,0.09,35.1,Optimal,True,test
pond_00564,fish,8.23,3.59,31.0,0.0,0.52,12.4,Acceptable,True,test
pond_00565,fish,8.41,4.94,30.6,0.036,0.35,30.4,Acceptable,True,test
pond_00566,fish,7.83,3.88,28.1,0.0,0.49,0.0,Acceptable,True,val
pond_00567,fish,6.69,6.3,26.7,0.0,0.0,13.2,Optimal,True,test
pond_00568,fish,7.69,5.83,30.0,0.096,0.11,46.4,Critical,True,test
pond_00569,fish,7.91,5.31,29.0,0.0,0.0,30.5,Optimal,True,val
pond_00570,fish,7.84,7.01,24.4,0.073,0.02,51.6,Poor,True,train
pond_00571,fish,7.87,6.42,28.3,0.0,0.51,0.0,Acceptable,True,train
pond_00572,fish,7.62,6.0,29.2,0.0,0.57,30.6,Optimal,True,val
pond_00573,fish,7.36,4.66,26.0,0.016,0.0,26.4,Optimal,True,test
pond_00574,fish,7.03,5.33,29.0,0.183,0.09,52.2,Critical,True,test
pond_00575,fish,6.26,7.25,24.4,0.038,0.18,47.1,Poor,True,val
pond_00576,fish,7.6,7.21,32.2,0.0,0.35,46.6,Optimal,True,train
pond_00577,fish,7.51,4.67,32.0,0.343,0.0,62.7,Critical,True,train
pond_00578,fish,7.73,6.72,27.8,0.0,0.0,28.4,Optimal,True,train
pond_00579,fish,6.6,6.81,29.5,0.152,0.32,59.0,Critical,True,val
pond_00580,fish,7.79,6.97,21.8,0.0,0.0,16.2,Acceptable,True,val
pond_00581,fish,8.63,8.1,25.3,0.0,0.09,15.5,Optimal,True,train
pond_00582,fish,7.45,7.66,27.7,0.0,0.24,48.5,Optimal,True,train
pond_00583,fish,7.36,8.38,25.5,0.0,0.3,7.9,Optimal,True,train
pond_00584,fish,7.59,6.01,30.5,0.077,0.16,45.3,Poor,True,train
pond_00585,fish,8.62,7.91,34.1,0.0,0.11,36.8,Acceptable,True,train
pond_00586,fish,6.79,5.64,25.2,0.17,0.41,54.3,Critical,True,train
pond_00587,fish,7.52,9.28,26.2,0.0,0.27,33.9,Optimal,True,train
pond_00588,fish,6.92,6.73,29.2,0.0,0.04,36.0,Optimal,True,train
pond_00589,fish,7.07,6.71,33.0,0.023,0.21,44.2,Acceptable,True,train
pond_00590,fish,7.37,6.09,25.1,0.0,0.3,23.1,Optimal,True,train
pond_00591,fish,8.21,6.83,29.2,0.0,0.63,22.3,Optimal,True,test
pond_00592,fish,8.48,6.7,33.6,0.001,0.4,43.5,Acceptable,True,test
pond_00593,fish,7.67,5.27,23.9,0.028,0.5,34.5,Acceptable,True,val
pond_00594,fish,7.17,6.34,24.9,0.0,0.05,27.7,Optimal,True,train
pond_00595,fish,8.9,3.06,27.3,0.211,0.07,33.5,Critical,True,test
pond_00596,fish,7.14,5.86,27.0,0.253,0.14,63.7,Critical,True,train
pond_00597,fish,7.06,4.17,30.8,0.07,0.16,27.0,Poor,True,val
pond_00598,fish,6.34,5.35,29.2,0.0,0.0,26.5,Optimal,True,train
pond_00599,fish,8.24,10.96,23.5,0.0,0.52,4.3,Poor,True,train
pond_00600,fish,7.98,7.9,29.9,0.0,0.42,34.2,Optimal,True,train
pond_00601,fish,8.85,4.13,26.9,0.221,0.12,46.8,Critical,True,train
pond_00602,fish,6.57,5.81,32.1,0.149,0.36,50.1,Critical,True,train
pond_00603,fish,8.27,7.3,26.7,0.0,0.26,36.9,Optimal,True,train
pond_00604,fish,7.44,5.71,26.7,0.149,0.38,52.2,Critical,True,train
pond_00605,fish,7.88,5.72,30.0,0.117,0.0,48.2,Critical,True,test
pond_00606,fish,6.41,5.73,30.6,0.176,0.16,55.0,Critical,True,train
pond_00607,fish,8.28,3.65,29.8,0.292,0.19,52.7,Critical,True,test
pond_00608,fish,7.87,5.37,23.8,0.271,0.36,63.3,Critical,True,train
pond_00609,fish,7.38,5.72,30.0,0.012,0.04,31.9,Optimal,True,train
pond_00610,fish,7.79,6.56,25.6,0.0,0.0,11.1,Optimal,True,test
pond_00611,fish,6.94,4.67,29.2,0.212,0.0,46.9,Poor,True,train
pond_00612,fish,7.05,5.54,24.5,0.141,0.18,49.0,Critical,True,train
pond_00613,fish,7.12,5.41,29.7,0.307,0.22,63.3,Critical,True,train
pond_00614,fish,6.29,7.52,26.2,0.071,0.62,58.1,Poor,True,test
pond_00615,fish,7.92,6.46,24.9,0.254,0.35,70.0,Critical,True,train
pond_00616,fish,8.11,7.64,30.5,0.0,0.22,46.2,Optimal,True,train
pond_00617,fish,6.98,4.68,29.2,0.116,0.19,39.1,Critical,True,train
pond_00618,fish,7.61,6.44,26.8,0.0,0.48,10.1,Optimal,True,train
pond_00619,fish,7.24,4.43,32.6,0.163,0.05,40.5,Critical,True,train
pond_00620,fish,7.6,6.89,27.3,0.0,0.16,25.1,Acceptable,True,train
pond_00621,fish,7.02,4.69,28.6,0.104,0.0,38.8,Poor,True,test
pond_00622,fish,6.87,8.34,29.3,0.0,0.55,36.0,Optimal,True,val
pond_00623,fish,8.03,3.8,26.8,0.211,0.3,43.5,Critical,True,train
pond_00624,fish,7.36,7.92,29.8,0.0,0.02,33.2,Optimal,True,train
pond_00625,fish,8.61,6.25,27.0,0.124,0.17,51.8,Critical,True,train
pond_00626,fish,7.43,6.82,27.3,0.0,0.33,0.0,Acceptable,True,train
pond_00627,fish,6.84,6.85,32.3,0.0,0.14,38.4,Optimal,True,train
pond_00628,fish,8.14,7.63,25.6,0.073,0.07,56.6,Poor,True,train
pond_00629,fish,7.78,6.23,21.7,0.275,0.04,68.7,Critical,True,train
pond_00630,fish,7.84,5.67,33.0,0.153,0.28,48.2,Critical,True,val
pond_00631,fish,8.11,6.88,35.6,0.169,0.11,65.3,Critical,True,train
pond_00632,fish,7.01,4.8,27.4,0.131,0.09,38.0,Critical,True,test
pond_00633,fish,7.32,9.93,23.1,0.0,0.0,35.1,Poor,True,train
pond_00634,fish,7.3,6.53,27.6,0.034,0.22,44.5,Acceptable,True,train
pond_00635,fish,6.63,5.37,27.7,0.018,0.15,34.9,Optimal,True,train
pond_00636,fish,7.24,4.66,28.0,0.0,0.12,20.9,Optimal,True,train
pond_00637,fish,8.2,6.16,25.4,0.0,0.25,25.7,Optimal,True,train
pond_00638,fish,7.54,2.71,30.1,0.096,0.39,15.0,Critical,True,train
pond_00639,fish,6.59,4.9,30.0,0.156,0.38,44.5,Critical,True,test
pond_00640,fish,6.47,6.33,24.3,0.0,0.34,35.2,Optimal,True,val
pond_00641,fish,8.4,3.88,30.5,0.085,0.14,28.5,Critical,True,train
pond_00642,fish,7.35,5.62,34.2,0.0,0.06,24.8,Acceptable,True,train
pond_00643,fish,7.01,5.39,29.0,0.13,0.0,44.1,Critical,True,train
pond_00644,fish,7.24,5.11,27.6,0.177,0.05,49.0,Critical,True,val
pond_00645,fish,6.51,5.43,28.1,0.0,0.2,14.7,Optimal,True,train
pond_00646,fish,8.25,5.93,30.2,0.0,0.0,11.8,Optimal,True,train
pond_00647,fish,7.16,6.94,23.7,0.086,0.22,52.2,Critical,True,train
pond_00648,fish,8.22,4.72,29.0,0.0,0.0,10.2,Optimal,True,train
pond_00649,fish,7.43,6.21,27.4,0.048,0.0,44.9,Critical,True,train
pond_00650,fish,8.26,4.62,33.7,0.326,0.4,64.1,Critical,True,test
pond_00651,fish,7.55,4.31,28.0,0.341,0.08,64.1,Critical,True,val
pond_00652,fish,7.91,4.4,33.2,0.237,0.0,48.3,Critical,True,train
pond_00653,fish,7.83,7.27,25.4,0.007,0.0,47.8,Optimal,True,train
pond_00654,fish,7.77,6.25,30.1,0.332,0.31,75.5,Critical,True,train
pond_00655,fish,7.61,5.29,29.4,0.0,0.54,0.0,Optimal,True,train
pond_00656,fish,7.26,7.27,26.1,0.0,0.1,26.6,Optimal,True,val
pond_00657,fish,8.55,4.32,29.0,0.227,0.15,50.3,Critical,True,val
pond_00658,fish,6.86,3.74,31.9,0.113,0.47,28.9,Critical,True,train
pond_00659,fish,7.4,5.64,27.6,0.206,0.0,57.3,Critical,True,test
pond_00660,fish,7.41,8.91,23.8,0.0,0.69,34.3,Acceptable,True,train
pond_00661,fish,7.64,6.04,28.5,0.004,0.81,37.4,Acceptable,True,train
pond_00662,fish,7.14,5.96,26.0,0.0,0.0,30.1,Optimal,True,train
pond_00663,fish,7.59,8.17,27.5,0.0,0.18,25.6,Optimal,True,test
pond_00664,fish,7.3,5.45,28.3,0.0,0.02,25.2,Optimal,True,train
pond_00665,fish,6.45,9.95,23.7,0.0,0.13,39.9,Acceptable,True,train
pond_00666,fish,7.41,6.05,24.0,0.0,0.1,21.1,Optimal,True,train
pond_00667,fish,6.74,4.09,29.8,0.305,0.4,52.2,Critical,True,val
pond_00668,fish,6.36,5.88,27.0,0.11,0.17,46.8,Critical,True,train
pond_00669,fish,7.48,6.99,21.3,0.102,0.0,54.8,Critical,True,train
pond_00670,fish,7.69,4.2,30.7,0.0,0.16,14.7,Acceptable,True,train
pond_00671,fish,7.72,9.28,29.3,0.0,0.33,4.4,Acceptable,True,train
pond_00672,fish,7.74,6.67,26.5,0.0,0.0,34.9,Optimal,True,train
pond_00673,fish,6.24,7.24,24.8,0.363,0.0,87.2,Critical,True,test
pond_00674,fish,6.58,4.65,30.8,0.269,0.7,57.8,Critical,True,train
pond_00675,fish,8.58,4.78,29.5,0.013,0.04,25.0,Optimal,True,train
pond_00676,fish,6.77,5.81,35.2,0.081,0.17,42.6,Critical,True,test
pond_00677,fish,7.77,3.2,29.7,0.32,0.1,48.1,Critical,True,train
pond_00678,fish,6.99,3.97,29.6,0.0,0.34,10.4,Acceptable,True,train
pond_00679,fish,7.45,5.55,28.0,0.223,0.64,59.7,Critical,True,train
pond_00680,fish,7.02,7.2,30.8,0.0,0.34,32.0,Optimal,True,test
pond_00681,fish,7.74,4.9,30.3,0.058,0.0,33.4,Poor,True,test
pond_00682,fish,7.48,5.63,32.0,0.009,0.0,35.4,Optimal,True,train
pond_00683,fish,7.13,6.15,27.0,0.188,0.1,55.6,Critical,True,train
pond_00684,fish,6.77,7.88,27.3,0.0,0.13,21.4,Optimal,True,val
pond_00685,fish,7.56,3.87,27.2,0.0,0.0,4.3,Acceptable,True,train
pond_00686,fish,6.67,6.36,30.7,0.017,0.4,40.8,Optimal,True,train
pond_00687,fish,7.66,4.62,32.7,0.0,0.0,0.0,Acceptable,True,train
pond_00688,fish,8.98,7.37,27.2,0.0,0.57,29.6,Acceptable,True,train
pond_00689,fish,8.21,4.91,27.3,0.271,0.66,56.4,Critical,True,test
pond_00690,fish,7.83,5.65,29.4,0.096,0.14,45.4,Critical,True,train
pond_00691,fish,7.35,5.8,27.8,0.172,0.31,53.8,Critical,True,train
pond_00692,fish,6.24,3.83,31.2,0.236,0.0,46.2,Critical,True,test
pond_00693,fish,6.61,5.36,22.2,0.435,0.36,78.4,Critical,True,train
pond_00694,fish,8.17,5.48,26.2,0.0,0.08,24.4,Optimal,True,train
pond_00695,fish,6.93,6.45,26.3,0.015,0.0,42.2,Optimal,True,train
pond_00696,fish,6.98,6.13,22.0,0.0,0.13,27.1,Acceptable,True,train
pond_00697,fish,7.3,5.92,25.8,0.149,0.08,52.2,Critical,True,train
pond_00698,fish,6.76,3.71,25.9,0.155,0.12,33.9,Critical,True,train
pond_00699,fish,6.66,5.4,27.9,0.305,0.44,65.9,Critical,True,train
pond_00700,fish,7.37,6.57,31.6,0.0,0.0,25.4,Optimal,True,val
pond_00701,fish,6.87,6.93,27.8,0.121,0.63,60.3,Critical,True,train
pond_00702,fish,6.96,6.3,25.6,0.06,0.0,45.7,Poor,True,train
pond_00703,fish,6.93,6.18,28.3,0.0,0.6,34.4,Optimal,True,test
pond_00704,fish,7.71,4.01,31.4,0.211,0.0,44.8,Critical,True,train
pond_00705,fish,7.26,8.66,25.8,0.0,0.2,39.7,Optimal,True,val
pond_00706,fish,7.29,9.24,26.0,0.0,0.08,41.4,Optimal,True,val
pond_00707,fish,7.76,5.7,30.1,0.0,0.11,31.3,Optimal,True,test
pond_00708,fish,7.31,9.56,27.9,0.0,0.4,22.4,Acceptable,True,val
pond_00709,fish,7.23,4.46,30.3,0.031,0.57,29.0,Acceptable,True,train
pond_00710,fish,7.68,4.06,28.5,0.0,0.5,4.7,Acceptable,True,train
pond_00711,fish,7.8,4.39,30.5,0.258,0.1,50.2,Critical,True,train
pond_00712,fish,7.31,6.11,25.6,0.0,0.25,12.8,Optimal,True,train
pond_00713,fish,7.45,9.04,28.5,0.0,0.0,31.1,Optimal,True,train
pond_00714,fish,6.93,5.53,27.9,0.129,0.0,46.7,Critical,True,train
pond_00715,fish,6.88,5.33,25.1,0.179,0.0,50.1,Critical,True,test
pond_00716,fish,7.86,5.48,24.1,0.0,0.09,3.1,Acceptable,True,train
pond_00717,fish,7.67,6.98,30.4,0.0,0.26,33.3,Optimal,True,train
pond_00718,fish,7.67,7.41,27.5,0.0,0.0,43.3,Optimal,True,val
pond_00719,fish,7.57,5.73,25.6,0.038,0.19,35.9,Acceptable,True,train
pond_00720,fish,7.43,3.23,28.2,0.404,0.58,59.2,Critical,True,test
pond_00721,fish,7.82,3.54,31.7,0.058,0.48,20.2,Poor,True,train
pond_00722,fish,7.96,9.58,22.1,0.0,0.05,0.0,Poor,True,train
pond_00723,fish,7.95,7.66,24.3,0.0,0.0,49.6,Optimal,True,train
pond_00724,fish,7.34,6.45,25.9,0.0,0.31,25.3,Optimal,True,train
pond_00725,fish,8.23,7.54,32.6,0.0,0.0,3.3,Acceptable,True,train
pond_00726,fish,7.54,8.37,29.3,0.0,0.48,32.1,Optimal,True,train
pond_00727,fish,7.78,5.29,30.6,0.227,0.15,57.2,Critical,True,val
pond_00728,fish,7.57,6.46,25.3,0.0,0.66,12.3,Optimal,True,train
pond_00729,fish,7.55,5.66,25.4,0.374,0.0,77.0,Critical,True,train
pond_00730,fish,6.96,5.13,29.8,0.0,0.43,19.9,Optimal,True,train
pond_00731,fish,7.82,3.68,28.7,0.179,0.17,36.6,Critical,True,train
pond_00732,fish,9.11,3.38,30.0,0.0,0.12,13.1,Poor,True,train
pond_00733,fish,7.18,3.5,28.0,0.169,0.0,35.7,Critical,True,val
pond_00734,fish,7.44,7.15,29.3,0.0,0.35,32.6,Optimal,True,train
pond_00735,fish,7.13,3.52,28.9,0.0,0.37,8.2,Acceptable,True,train
pond_00736,fish,7.11,8.06,30.7,0.268,0.65,85.9,Critical,True,train
pond_00737,fish,8.33,4.29,30.8,0.043,0.45,26.1,Poor,True,val
pond_00738,fish,7.0,9.2,24.0,0.0,0.05,26.1,Acceptable,True,test
pond_00739,fish,7.12,6.64,22.2,0.09,0.0,52.4,Critical,True,val
pond_00740,fish,6.45,3.01,31.3,0.475,0.0,67.7,Critical,True,test
pond_00741,fish,6.95,6.88,31.8,0.099,0.57,55.3,Critical,True,train
pond_00742,fish,6.37,8.37,25.6,0.0,0.01,13.4,Optimal,True,test
pond_00743,fish,7.78,5.65,23.3,0.061,0.57,38.9,Poor,True,train
pond_00744,fish,9.08,5.28,28.8,0.0,0.33,1.1,Acceptable,True,train
pond_00745,fish,7.18,3.97,31.1,0.296,0.28,51.2,Critical,True,train
pond_00746,fish,6.4,4.55,33.5,0.0,0.12,5.6,Acceptable,True,val
pond_00747,fish,7.94,5.64,29.9,0.0,0.37,20.5,Optimal,True,train
pond_00748,fish,6.96,5.53,27.5,0.039,0.2,34.9,Acceptable,True,train
pond_00749,fish,8.18,3.79,26.0,0.215,0.11,43.0,Critical,True,train
pond_00750,fish,7.23,4.98,28.5,0.044,0.37,30.3,Poor,True,test
pond_00751,fish,7.02,6.96,27.7,0.147,0.16,62.3,Critical,True,train
pond_00752,fish,7.29,6.12,25.7,0.076,0.0,48.0,Poor,True,train
pond_00753,fish,7.85,4.11,34.2,0.252,0.35,46.6,Critical,True,train
pond_00754,fish,7.26,3.43,33.5,0.0,0.18,12.9,Poor,True,train
pond_00755,fish,7.1,4.26,31.7,0.383,0.32,65.6,Critical,True,val
pond_00756,fish,7.28,8.33,25.9,0.0,0.09,20.5,Optimal,True,train
pond_00757,fish,6.64,3.69,30.9,0.44,0.0,66.3,Critical,True,train
pond_00758,fish,7.64,6.43,30.3,0.29,0.63,71.4,Critical,True,train
pond_00759,fish,6.33,5.6,29.7,0.111,0.59,44.2,Critical,True,test
pond_00760,fish,7.13,5.39,32.0,0.215,0.42,53.6,Critical,True,train
pond_00761,fish,7.86,4.39,30.3,0.0,0.1,0.0,Acceptable,True,train
pond_00762,fish,7.58,4.86,30.6,0.083,0.12,31.5,Poor,True,train
pond_00763,fish,7.75,5.41,30.3,0.216,0.55,54.8,Critical,True,train
pond_00764,fish,7.36,4.87,29.5,0.204,0.11,51.6,Critical,True,train
pond_00765,fish,8.1,7.33,23.5,0.0,0.04,13.0,Acceptable,True,train
pond_00766,fish,7.95,6.39,28.7,0.0,0.67,29.7,Optimal,True,train
pond_00767,fish,7.67,9.18,26.9,0.0,0.19,0.0,Acceptable,True,test
pond_00768,fish,7.96,6.96,24.9,0.0,0.64,42.4,Optimal,True,train
pond_00769,fish,7.85,2.11,33.2,0.0,0.0,1.1,Poor,True,val
pond_00770,fish,7.14,6.39,33.3,0.119,0.33,55.3,Critical,True,train
pond_00771,fish,6.59,4.7,32.3,0.23,0.72,56.3,Critical,True,test
pond_00772,fish,7.65,8.46,29.2,0.0,0.21,26.5,Optimal,True,train
pond_00773,fish,7.73,7.05,32.3,0.0,0.13,44.4,Optimal,True,train
pond_00774,fish,8.05,5.09,28.5,0.018,0.0,31.1,Optimal,True,train
pond_00775,fish,6.84,6.69,29.1,0.0,0.47,39.4,Optimal,True,val
pond_00776,fish,6.86,5.62,25.4,0.0,0.01,14.3,Optimal,True,train
pond_00777,fish,7.68,5.57,29.6,0.12,0.18,46.2,Critical,True,train
pond_00778,fish,7.36,6.71,28.7,0.0,0.0,5.5,Optimal,True,val
pond_00779,fish,6.27,8.14,24.9,0.0,0.59,2.1,Acceptable,True,val
pond_00780,fish,7.63,7.08,28.4,0.0,0.49,32.8,Optimal,True,train
pond_00781,fish,6.29,5.95,28.3,0.0,0.19,31.2,Acceptable,True,train
pond_00782,fish,6.83,8.2,33.5,0.0,0.0,39.9,Acceptable,True,train
pond_00783,fish,8.21,4.75,31.0,0.006,0.58,23.3,Optimal,True,train
pond_00784,fish,8.49,3.54,28.5,0.441,0.11,68.9,Poor,True,test
pond_00785,fish,6.67,3.67,29.2,0.195,0.0,37.9,Poor,True,train
pond_00786,fish,7.2,7.84,28.6,0.0,0.0,39.2,Optimal,True,train
pond_00787,fish,7.43,5.81,27.9,0.034,0.04,38.6,Acceptable,True,test
pond_00788,fish,8.47,6.67,25.5,0.088,0.0,53.1,Critical,True,train
pond_00789,fish,7.1,5.13,28.1,0.154,0.04,45.4,Critical,True,train
pond_00790,fish,7.11,5.61,26.4,0.069,0.39,43.0,Poor,True,val
pond_00791,fish,8.33,5.45,25.0,0.131,0.11,48.2,Critical,True,test
pond_00792,fish,7.18,6.15,29.9,0.0,0.29,2.2,Optimal,True,train
pond_00793,fish,7.83,5.43,29.6,0.0,0.02,2.8,Optimal,True,train
pond_00794,fish,6.51,7.48,23.5,0.0,0.22,33.6,Poor,True,train
pond_00795,fish,7.3,6.35,28.2,0.0,0.68,31.4,Optimal,True,val
pond_00796,fish,6.4,4.61,31.3,0.17,0.11,45.4,Critical,True,train
pond_00797,fish,6.77,3.12,31.5,0.192,0.3,35.4,Critical,True,val
pond_00798,fish,7.9,3.02,31.4,0.306,0.0,45.5,Critical,True,train
pond_00799,fish,7.37,10.01,28.6,0.0,0.58,12.6,Acceptable,True,train
pond_00800,fish,7.21,8.38,26.1,0.0,0.08,34.8,Optimal,True,train
pond_00801,fish,6.95,8.33,25.5,0.0,0.46,10.9,Optimal,True,test
pond_00802,fish,7.27,4.65,29.5,0.157,0.17,42.0,Critical,True,train
pond_00803,fish,7.58,5.59,29.6,0.0,0.35,1.2,Acceptable,True,train
pond_00804,fish,7.99,3.89,32.1,0.186,0.37,41.3,Critical,True,val
pond_00805,fish,5.82,3.3,31.6,0.0,0.09,8.6,Poor,True,train
pond_00806,fish,6.9,5.06,28.1,0.007,0.47,28.1,Optimal,True,train
pond_00807,fish,7.5,8.4,25.0,0.0,0.01,51.1,Optimal,True,test
pond_00808,fish,7.34,7.17,27.6,0.0,0.39,39.1,Optimal,True,test
pond_00809,fish,7.64,4.31,29.1,0.0,0.1,5.4,Poor,True,val
pond_00810,fish,7.56,5.48,27.9,0.0,0.29,22.9,Optimal,True,train
pond_00811,fish,7.22,7.2,26.9,0.0,0.08,8.0,Optimal,True,train
pond_00812,fish,7.08,4.85,29.2,0.0,0.21,4.5,Acceptable,True,train
pond_00813,fish,7.25,6.21,27.1,0.0,0.0,37.1,Optimal,True,test
pond_00814,fish,8.09,6.74,26.7,0.022,0.26,45.1,Optimal,True,val
pond_00815,fish,6.96,6.16,29.4,0.039,0.21,42.9,Acceptable,True,train
pond_00816,fish,7.36,6.4,27.4,0.041,0.06,45.8,Acceptable,True,train
pond_00817,fish,7.51,4.74,29.2,0.087,0.19,34.8,Critical,True,train
pond_00818,fish,8.34,4.86,29.3,0.038,0.23,30.1,Acceptable,True,train
pond_00819,fish,7.22,4.9,25.3,0.0,0.05,15.7,Optimal,True,train
pond_00820,fish,7.98,3.9,27.2,0.082,0.17,27.1,Critical,True,train
pond_00821,fish,8.14,4.78,32.5,0.0,0.0,11.2,Acceptable,True,train
pond_00822,fish,7.36,7.64,25.2,0.0,0.79,19.8,Optimal,True,train
pond_00823,fish,7.27,5.14,22.6,0.092,0.46,36.6,Critical,True,val
pond_00824,fish,7.2,7.3,23.3,0.0,0.27,32.9,Acceptable,True,train
pond_00825,fish,7.25,6.88,28.6,0.397,0.49,90.2,Critical,True,train
pond_00826,fish,7.91,3.21,28.6,0.0,0.0,10.8,Poor,True,val
pond_00827,fish,7.54,5.49,28.2,0.016,0.0,32.7,Optimal,True,train
pond_00828,fish,7.54,7.38,31.9,0.0,0.1,9.4,Optimal,True,train
pond_00829,fish,6.72,8.18,21.0,0.0,0.0,28.0,Acceptable,True,train
pond_00830,fish,6.82,2.94,29.6,0.162,0.14,28.8,Critical,True,train
pond_00831,fish,8.69,5.78,32.9,0.143,0.25,50.2,Critical,True,train
pond_00832,fish,7.29,5.43,25.3,0.0,0.43,26.9,Optimal,True,train
pond_00833,fish,6.94,7.0,27.4,0.0,0.0,31.6,Optimal,True,train
pond_00834,fish,8.26,5.29,26.4,0.0,0.3,27.3,Optimal,True,test
pond_00835,fish,7.57,6.26,26.0,0.0,0.2,9.8,Optimal,True,test
pond_00836,fish,7.75,5.24,27.6,0.0,0.29,23.3,Optimal,True,train
pond_00837,fish,7.32,4.95,32.5,0.038,0.07,28.1,Acceptable,True,train
pond_00838,fish,7.21,3.9,33.6,0.166,0.55,36.3,Critical,True,train
pond_00839,fish,7.3,5.69,27.6,0.1,0.17,45.1,Critical,True,train
pond_00840,fish,6.57,3.01,33.8,0.158,0.64,30.8,Critical,True,train
pond_00841,fish,7.35,6.47,28.6,0.0,0.0,30.5,Optimal,True,val
pond_00842,fish,7.58,4.99,33.4,0.0,0.39,4.0,Acceptable,True,val
pond_00843,fish,8.51,3.59,28.2,0.278,0.19,44.7,Critical,True,train
pond_00844,fish,7.45,7.11,28.9,0.0,0.12,22.5,Optimal,True,train
pond_00845,fish,6.0,5.33,29.5,0.138,0.36,48.4,Critical,True,train
pond_00846,fish,7.34,4.12,37.4,0.31,0.13,58.7,Critical,True,train
pond_00847,fish,9.04,6.36,30.9,0.0,0.0,31.6,Acceptable,True,train
pond_00848,fish,7.92,6.68,26.5,0.0,0.0,16.6,Optimal,True,train
pond_00849,fish,6.91,6.85,31.2,0.0,0.52,34.7,Optimal,True,train
pond_00850,fish,7.75,5.61,27.5,0.08,0.51,41.3,Poor,True,train
pond_00851,fish,6.95,7.54,27.1,0.0,0.67,29.3,Optimal,True,test
pond_00852,fish,6.59,5.43,31.0,0.0,0.2,24.8,Optimal,True,train
pond_00853,fish,7.19,6.49,28.6,0.05,0.0,45.1,Poor,True,train
pond_00854,fish,7.45,6.2,29.3,0.07,0.1,44.0,Poor,True,train
pond_00855,fish,6.28,7.53,28.5,0.0,0.2,28.8,Acceptable,True,test
pond_00856,fish,6.71,6.61,29.4,0.0,0.0,5.2,Optimal,True,train
pond_00857,fish,7.41,4.92,29.7,0.141,0.61,43.2,Critical,True,train
pond_00858,fish,7.16,6.06,23.1,0.0,0.76,21.2,Acceptable,True,train
pond_00859,fish,7.64,5.33,30.4,0.087,0.32,38.9,Acceptable,True,train
pond_00860,fish,6.67,5.33,25.8,0.051,0.2,37.7,Poor,True,train
pond_00861,fish,7.83,5.19,24.5,0.0,0.0,1.0,Acceptable,True,train
pond_00862,fish,6.69,2.86,28.3,0.253,0.59,36.5,Critical,True,train
pond_00863,fish,8.39,3.58,28.7,0.255,0.22,44.3,Critical,True,train
pond_00864,fish,6.37,9.0,26.6,0.0,0.13,46.5,Optimal,True,train
pond_00865,fish,6.74,4.38,30.8,0.156,0.32,37.1,Critical,True,train
pond_00866,fish,7.65,9.27,24.7,0.0,0.05,0.0,Acceptable,True,train
pond_00867,fish,8.4,6.61,27.4,0.164,0.24,58.0,Critical,True,train
pond_00868,fish,7.59,6.08,26.9,0.046,0.0,42.4,Poor,True,train
pond_00869,fish,7.74,3.73,28.4,0.0,0.47,13.3,Acceptable,True,test
pond_00870,fish,7.41,5.64,29.3,0.0,0.17,20.8,Optimal,True,val
pond_00871,fish,6.78,9.05,25.7,0.0,0.49,39.2,Optimal,True,test
pond_00872,fish,7.11,7.55,30.5,0.0,0.15,47.2,Optimal,True,train
pond_00873,fish,6.67,6.15,28.7,0.0,0.17,26.2,Optimal,True,train
pond_00874,fish,6.63,5.33,23.2,0.166,0.0,49.9,Critical,True,train
pond_00875,fish,7.64,5.64,23.0,0.0,0.39,2.7,Acceptable,True,train
pond_00876,fish,6.73,4.61,28.5,0.0,0.0,16.2,Optimal,True,train
pond_00877,fish,7.59,7.72,27.9,0.0,0.08,0.0,Acceptable,True,train
pond_00878,fish,6.62,8.15,28.2,0.0,0.2,18.8,Optimal,True,train
pond_00879,fish,7.58,6.09,28.4,0.185,0.23,62.1,Critical,True,val
pond_00880,fish,7.11,5.24,29.1,0.403,0.0,72.0,Critical,True,test
pond_00881,fish,8.24,7.4,31.2,0.0,0.14,39.2,Optimal,True,train
pond_00882,fish,7.59,5.1,25.4,0.0,0.4,23.5,Optimal,True,val
pond_00883,fish,8.14,6.58,25.2,0.0,0.11,31.0,Optimal,True,val
pond_00884,fish,6.95,7.1,25.4,0.0,0.14,43.5,Optimal,True,train
pond_00885,fish,7.43,4.42,29.3,0.0,0.24,6.9,Acceptable,True,train
pond_00886,fish,6.81,4.16,32.0,0.027,0.17,24.7,Acceptable,True,test
pond_00887,fish,7.15,5.06,27.3,0.268,0.0,60.8,Critical,True,train
pond_00888,fish,7.24,9.28,21.5,0.0,0.19,16.2,Poor,True,train
pond_00889,fish,6.96,9.5,23.7,0.0,0.45,21.5,Acceptable,True,val
pond_00890,fish,6.67,6.46,26.2,0.0,0.0,35.2,Optimal,True,test
pond_00891,fish,6.55,5.76,26.9,0.052,0.11,40.1,Poor,True,train
pond_00892,fish,6.0,5.21,27.4,0.0,0.0,23.7,Acceptable,True,val
pond_00893,fish,6.77,5.78,28.6,0.055,0.44,36.4,Poor,True,val
pond_00894,fish,7.78,5.22,27.6,0.131,0.18,45.9,Critical,True,train
pond_00895,fish,6.44,5.03,31.4,0.344,0.0,70.3,Critical,True,val
pond_00896,fish,6.58,6.78,26.6,0.0,0.22,32.7,Optimal,True,train
pond_00897,fish,8.47,5.75,26.1,0.0,0.0,34.3,Optimal,True,val
pond_00898,fish,7.02,5.25,29.8,0.281,0.0,62.5,Poor,True,train
pond_00899,fish,7.59,6.46,24.2,0.0,0.0,25.1,Optimal,True,train
pond_00900,fish,7.79,5.12,29.6,0.0,0.0,11.2,Optimal,True,train
pond_00901,fish,7.8,5.12,28.8,0.096,0.54,39.5,Critical,True,train
pond_00902,fish,6.49,6.96,28.1,0.08,0.02,54.4,Critical,True,train
pond_00903,fish,7.26,2.37,32.9,0.321,0.32,41.5,Critical,True,train
pond_00904,fish,6.43,8.38,26.8,0.0,0.0,33.3,Optimal,True,train
pond_00905,fish,8.87,4.75,34.3,0.0,0.39,8.9,Poor,True,train
pond_00906,fish,6.44,6.79,27.9,0.0,0.0,33.9,Optimal,True,val
pond_00907,fish,6.77,7.58,24.9,0.068,0.21,57.2,Poor,True,val
pond_00908,fish,6.78,4.77,28.7,0.0,0.21,12.8,Optimal,True,train
pond_00909,fish,6.5,5.17,25.5,0.039,0.78,30.6,Acceptable,True,train
pond_00910,fish,8.21,4.81,26.4,0.044,0.36,28.0,Poor,True,val
pond_00911,fish,8.85,5.22,29.6,0.0,0.05,22.4,Acceptable,True,train
pond_00912,fish,7.11,6.45,30.1,0.003,0.37,39.5,Optimal,True,train
pond_00913,fish,6.61,5.36,26.8,0.109,0.73,43.0,Critical,True,train
pond_00914,fish,6.06,6.06,31.3,0.055,0.0,42.8,Poor,True,train
pond_00915,fish,7.25,1.79,31.7,0.119,0.0,17.4,Critical,True,train
pond_00916,fish,7.21,4.4,32.5,0.0,0.14,5.4,Acceptable,True,train
pond_00917,fish,7.01,7.12,30.0,0.0,0.1,39.7,Optimal,True,train
pond_00918,fish,7.53,4.74,32.3,0.024,0.12,25.9,Acceptable,True,val
pond_00919,fish,7.64,5.77,23.2,0.288,0.0,68.1,Critical,True,train
pond_00920,fish,7.59,5.07,27.6,0.357,0.55,68.9,Poor,True,train
pond_00921,fish,7.21,2.08,26.1,0.556,0.0,70.8,Critical,True,train
pond_00922,fish,6.74,4.31,28.8,0.0,0.15,18.1,Acceptable,True,train
pond_00923,fish,7.8,7.62,26.9,0.0,0.46,45.2,Optimal,True,train
pond_00924,fish,7.41,5.08,28.0,0.192,0.19,50.7,Critical,True,train
pond_00925,fish,7.93,4.02,33.8,0.241,0.0,48.7,Critical,True,train
pond_00926,fish,7.87,2.64,28.0,0.171,0.0,28.6,Critical,True,train
pond_00927,fish,6.55,3.27,29.7,0.39,0.14,58.0,Critical,True,val
pond_00928,fish,6.54,7.61,27.8,0.0,0.01,35.0,Optimal,True,test
pond_00929,fish,6.95,6.62,28.7,0.0,0.25,37.3,Optimal,True,train
pond_00930,fish,6.77,3.98,28.5,0.0,0.0,7.3,Acceptable,True,train
pond_00931,fish,7.85,4.65,29.8,0.19,0.4,46.6,Critical,True,train
pond_00932,fish,7.61,5.06,31.8,0.01,0.23,30.3,Optimal,True,train
pond_00933,fish,8.06,3.14,33.1,0.262,0.25,43.4,Critical,True,train
pond_00934,fish,7.64,2.81,29.4,0.258,0.56,39.2,Critical,True,train
pond_00935,fish,7.53,5.22,30.2,0.078,0.09,38.3,Poor,True,train
pond_00936,fish,8.12,7.29,25.3,0.0,0.02,34.2,Optimal,True,train
pond_00937,fish,7.68,6.68,28.3,0.066,0.06,49.2,Poor,True,train
pond_00938,fish,7.44,6.46,31.1,0.0,0.15,31.4,Optimal,True,test
pond_00939,fish,8.29,3.11,30.9,0.0,0.18,8.8,Poor,True,train
pond_00940,fish,7.47,5.75,29.1,0.107,0.0,45.2,Critical,True,train
pond_00941,fish,7.22,4.89,31.0,0.0,0.0,20.4,Optimal,True,train
pond_00942,fish,6.9,5.38,29.9,0.0,0.06,11.2,Optimal,True,train
pond_00943,fish,7.82,4.78,31.9,0.0,0.29,16.6,Optimal,True,val
pond_00944,fish,8.14,4.7,29.3,0.129,0.23,40.1,Critical,True,train
pond_00945,fish,7.37,1.79,27.5,0.284,0.5,33.3,Critical,True,train
pond_00946,fish,8.18,7.23,29.4,0.0,0.69,0.0,Acceptable,True,val
pond_00947,fish,6.22,8.02,20.3,0.0,0.39,28.1,Poor,True,train
pond_00948,fish,7.37,3.49,29.6,0.369,0.55,56.0,Critical,True,train
pond_00949,fish,7.38,8.65,18.3,0.0,0.39,26.9,Poor,True,train
pond_00950,fish,6.96,6.21,23.7,0.0,0.63,32.0,Acceptable,True,train
pond_00951,fish,8.83,4.94,29.8,0.255,0.66,53.8,Critical,True,train
pond_00952,fish,7.36,4.44,29.8,0.223,0.44,49.3,Critical,True,val
pond_00953,fish,7.16,7.25,25.2,0.051,0.38,53.4,Poor,True,train
pond_00954,fish,7.42,5.11,26.5,0.0,0.15,0.0,Acceptable,True,val
pond_00955,fish,6.2,3.44,32.3,0.424,0.19,66.2,Critical,True,train
pond_00956,fish,6.94,7.67,27.1,0.0,0.12,46.5,Optimal,True,train
pond_00957,fish,7.99,4.2,34.8,0.5,0.36,79.3,Critical,True,test
pond_00958,fish,7.02,5.59,28.5,0.0,0.02,20.9,Optimal,True,train
pond_00959,fish,6.9,6.52,29.6,0.0,0.15,3.3,Optimal,True,val
pond_00960,fish,8.19,3.9,33.0,0.148,0.0,35.1,Critical,True,train
pond_00961,fish,8.2,5.07,28.9,0.0,0.63,30.0,Optimal,True,test
pond_00962,fish,7.71,6.83,25.7,0.042,0.14,46.8,Acceptable,True,train
pond_00963,fish,7.13,3.71,28.2,0.324,0.31,54.3,Critical,True,train
pond_00964,fish,7.26,6.13,28.4,0.0,0.56,33.4,Optimal,True,train
pond_00965,fish,6.92,5.56,24.7,0.0,0.28,30.7,Optimal,True,train
pond_00966,fish,6.8,7.15,27.8,0.0,0.56,44.4,Optimal,True,val
pond_00967,fish,6.77,7.01,26.4,0.0,0.0,30.4,Optimal,True,train
pond_00968,fish,7.03,5.83,31.1,0.0,0.8,28.9,Optimal,True,test
pond_00969,fish,6.78,3.53,28.6,0.335,0.47,53.7,Critical,True,test
pond_00970,fish,6.46,5.82,27.7,0.183,0.25,57.7,Poor,True,val
pond_00971,fish,7.53,4.22,28.2,0.279,0.56,54.5,Critical,True,train
pond_00972,fish,7.54,5.61,29.1,0.004,0.0,32.0,Optimal,True,test
pond_00973,fish,8.42,2.19,30.2,0.0,0.13,0.0,Poor,True,train
pond_00974,fish,7.0,4.24,25.7,0.101,0.56,32.3,Critical,True,train
pond_00975,fish,7.58,8.09,25.6,0.0,0.0,21.4,Optimal,True,train
pond_00976,fish,7.59,5.65,31.6,0.0,0.34,32.7,Optimal,True,train
pond_00977,fish,7.25,5.55,27.3,0.0,0.33,22.9,Optimal,True,train
pond_00978,fish,7.85,5.38,24.5,0.034,0.69,34.6,Acceptable,True,train
pond_00979,fish,7.87,4.02,29.7,0.0,0.0,16.3,Acceptable,True,test
pond_00980,fish,7.6,5.8,29.8,0.0,0.6,11.9,Optimal,True,val
pond_00981,fish,7.25,6.24,24.2,0.168,0.06,57.0,Critical,True,train
pond_00982,fish,7.19,7.83,29.1,0.0,0.09,17.5,Optimal,True,train
pond_00983,fish,6.58,5.1,30.6,0.067,0.0,35.0,Poor,True,train
pond_00984,fish,6.92,5.66,29.5,0.172,0.0,52.2,Critical,True,train
pond_00985,fish,7.03,3.48,30.3,0.31,0.3,51.5,Critical,True,train
pond_00986,fish,6.73,6.14,24.6,0.091,0.0,49.3,Critical,True,test
pond_00987,fish,7.66,5.85,29.4,0.033,0.39,40.5,Acceptable,True,train
pond_00988,fish,8.12,5.46,27.7,0.12,0.03,48.0,Critical,True,train
pond_00989,fish,6.86,5.41,27.1,0.272,0.0,59.7,Critical,True,train
pond_00990,fish,7.57,5.74,30.9,0.047,0.07,42.7,Poor,True,train
pond_00991,fish,6.78,7.03,32.6,0.0,0.28,1.9,Acceptable,True,train
pond_00992,fish,7.22,4.93,33.5,0.0,0.13,25.5,Acceptable,True,train
pond_00993,fish,6.99,6.61,32.2,0.076,0.21,47.5,Poor,True,val
pond_00994,fish,7.76,6.74,28.2,0.0,0.37,23.7,Optimal,True,train
pond_00995,fish,6.99,7.11,29.5,0.158,0.47,64.2,Critical,True,test
pond_00996,fish,8.01,4.49,30.6,0.118,0.12,33.9,Critical,True,train
pond_00997,fish,7.25,5.44,28.8,0.061,0.0,36.5,Poor,True,train
pond_00998,fish,7.01,5.44,28.9,0.202,0.22,55.2,Critical,True,train
pond_00999,fish,6.65,6.07,30.8,0.0,0.32,31.7,Optimal,True,train
pond_01000,fish,7.55,6.94,28.3,0.0,0.0,38.2,Optimal,True,train
pond_01001,fish,7.94,6.41,26.5,0.124,0.0,51.2,Critical,True,val
pond_01002,fish,7.56,7.28,27.3,0.0,0.02,8.5,Optimal,True,train
pond_01003,fish,8.74,4.63,30.3,0.052,0.15,29.9,Poor,True,val
pond_01004,fish,8.26,7.04,28.5,0.052,0.01,49.9,Acceptable,True,train
pond_01005,fish,7.22,7.02,29.5,0.0,0.38,36.2,Optimal,True,test
pond_01006,fish,7.21,6.35,30.4,0.199,0.0,61.4,Critical,True,train
pond_01007,fish,7.68,6.21,27.5,0.0,0.0,6.6,Optimal,True,val
pond_01008,fish,6.9,6.34,30.6,0.0,0.12,4.6,Optimal,True,test
pond_01009,fish,8.1,4.32,29.6,0.224,0.16,48.9,Critical,True,train
pond_01010,fish,7.62,6.82,25.0,0.046,0.0,50.6,Poor,True,train
pond_01011,fish,7.55,5.36,32.5,0.008,0.05,31.5,Optimal,True,train
pond_01012,fish,7.81,4.24,27.1,0.193,0.1,42.2,Critical,True,train
pond_01013,fish,8.43,7.46,23.9,0.011,0.1,48.4,Acceptable,True,train
pond_01014,fish,7.5,4.68,25.6,0.0,0.24,20.4,Optimal,True,train
pond_01015,fish,7.33,5.81,25.6,0.0,0.03,22.3,Optimal,True,test
pond_01016,fish,8.31,5.82,28.6,0.036,0.57,38.4,Acceptable,True,train
pond_01017,fish,7.98,4.94,27.7,0.21,0.32,51.3,Critical,True,train
pond_01018,fish,7.21,6.12,27.6,0.0,0.0,14.0,Optimal,True,test
pond_01019,fish,7.4,5.52,30.2,0.017,0.22,31.4,Optimal,True,val
pond_01020,fish,7.52,4.45,29.5,0.076,0.23,30.6,Poor,True,test
pond_01021,fish,7.62,6.41,29.4,0.023,0.5,42.5,Optimal,True,train
pond_01022,fish,6.59,4.48,29.6,0.082,0.05,34.8,Poor,True,train
pond_01023,fish,6.47,8.63,30.2,0.0,0.39,25.2,Optimal,True,train
pond_01024,fish,6.87,6.91,22.6,0.109,0.21,57.5,Critical,True,train
pond_01025,fish,6.82,4.38,27.5,0.034,0.57,25.3,Acceptable,True,train
pond_01026,fish,7.01,5.73,22.4,0.008,0.52,29.7,Acceptable,True,train
pond_01027,fish,7.78,7.38,28.6,0.0,0.25,6.4,Optimal,True,val
pond_01028,fish,7.3,5.23,28.5,0.0,0.13,22.2,Optimal,True,val
pond_01029,fish,7.52,3.26,31.4,0.263,0.33,44.3,Critical,True,test
pond_01030,fish,6.67,6.28,31.8,0.042,0.15,40.8,Acceptable,True,train
pond_01031,fish,7.12,5.1,29.1,0.153,0.62,45.8,Critical,True,train
pond_01032,fish,7.75,7.02,27.1,0.013,0.22,44.9,Optimal,True,train
pond_01033,fish,7.76,6.82,29.9,0.283,0.1,72.6,Critical,True,train
pond_01034,fish,6.97,6.5,27.0,0.0,0.09,21.5,Optimal,True,test
pond_01035,fish,7.5,9.16,28.5,0.0,0.0,5.9,Optimal,True,val
pond_01036,fish,8.72,2.79,31.3,0.056,0.34,16.1,Critical,True,train
pond_01037,fish,7.39,4.99,26.9,0.0,0.0,22.3,Optimal,True,train
pond_01038,fish,6.98,4.96,30.8,0.0,0.47,17.5,Optimal,True,test
pond_01039,fish,7.3,8.56,30.4,0.0,0.0,36.7,Optimal,True,train
pond_01040,fish,7.46,8.89,25.8,0.0,0.23,57.5,Optimal,True,train
pond_01041,fish,7.31,7.02,31.2,0.164,0.49,62.7,Critical,True,train
pond_01042,fish,7.38,4.27,30.5,0.187,0.0,44.1,Critical,True,train
pond_01043,fish,6.53,4.79,28.8,0.416,0.7,73.5,Critical,True,train
pond_01044,fish,6.82,5.1,26.4,0.009,0.09,28.6,Optimal,True,val
pond_01045,fish,7.31,5.22,26.1,0.0,0.24,5.6,Optimal,True,train
pond_01046,fish,7.3,8.21,27.0,0.0,0.34,54.0,Optimal,True,val
pond_01047,fish,7.06,5.13,30.0,0.0,0.38,1.9,Optimal,True,train
pond_01048,fish,7.29,6.22,25.8,0.0,0.27,21.4,Optimal,True,val
pond_01049,fish,7.44,6.62,29.7,0.016,0.45,44.4,Optimal,True,train
pond_01050,fish,7.93,4.22,25.0,0.106,0.33,33.2,Critical,True,train
pond_01051,fish,7.34,6.0,27.9,0.0,0.64,31.6,Optimal,True,val
pond_01052,fish,7.64,4.2,28.8,0.0,0.33,13.7,Acceptable,True,train
pond_01053,fish,7.08,3.92,35.3,0.144,0.69,34.8,Critical,True,train
pond_01054,fish,7.74,5.81,24.6,0.159,0.43,53.1,Critical,True,train
pond_01055,fish,7.63,4.02,32.6,0.146,0.0,35.4,Critical,True,val
pond_01056,fish,7.92,6.03,28.9,0.0,0.85,20.1,Optimal,True,train
pond_01057,fish,7.83,5.86,29.7,0.0,0.06,12.5,Optimal,True,train
pond_01058,fish,7.75,5.42,28.8,0.0,0.57,20.4,Optimal,True,train
pond_01059,fish,7.34,6.05,29.7,0.042,0.21,42.1,Acceptable,True,train
pond_01060,fish,7.55,4.68,28.1,0.12,0.47,41.2,Critical,True,train
pond_01061,fish,8.04,5.88,32.6,0.0,0.03,20.6,Optimal,True,train
pond_01062,fish,7.01,5.79,27.2,0.0,0.36,0.0,Acceptable,True,train
pond_01063,fish,7.02,4.44,31.7,0.174,0.14,42.6,Critical,True,train
pond_01064,fish,7.51,5.07,26.7,0.0,0.59,18.8,Optimal,True,train
pond_01065,fish,7.65,5.5,28.3,0.138,0.31,47.4,Critical,True,val
pond_01066,fish,6.91,9.06,25.5,0.0,0.43,21.4,Optimal,True,train
pond_01067,fish,7.36,5.44,29.8,0.0,0.0,17.2,Optimal,True,train
pond_01068,fish,7.34,3.33,32.5,0.218,0.18,37.8,Critical,True,train
pond_01069,fish,6.07,7.13,28.3,0.259,0.3,77.4,Critical,True,train
pond_01070,fish,7.27,5.26,27.9,0.165,0.26,48.5,Critical,True,train
pond_01071,fish,7.31,6.87,25.4,0.0,0.44,37.5,Optimal,True,train
pond_01072,fish,7.3,5.09,27.9,0.135,0.11,41.5,Critical,True,val
pond_01073,fish,8.25,8.55,24.0,0.0,0.21,3.5,Acceptable,True,val
pond_01074,fish,6.67,5.52,25.9,0.0,0.5,14.8,Optimal,True,train
pond_01075,fish,6.91,7.62,29.1,0.0,0.0,0.0,Acceptable,True,test
pond_01076,fish,5.83,3.54,32.2,0.426,0.35,66.1,Poor,True,val
pond_01077,fish,7.11,3.7,36.4,0.364,0.12,62.5,Critical,True,train
pond_01078,fish,7.16,8.11,26.9,0.0,0.0,42.1,Optimal,True,train
pond_01079,fish,7.09,5.17,32.5,0.074,0.28,37.4,Poor,True,train
pond_01080,fish,8.06,8.83,29.2,0.0,0.51,7.1,Optimal,True,train
pond_01081,fish,7.92,5.51,28.1,0.021,0.46,31.1,Optimal,True,train
pond_01082,fish,7.45,5.9,29.7,0.293,0.17,67.3,Critical,True,test
pond_01083,fish,7.18,8.43,28.7,0.0,0.42,37.4,Optimal,True,val
pond_01084,fish,8.02,3.61,28.8,0.096,0.42,24.8,Critical,True,train
pond_01085,fish,7.39,3.75,27.4,0.0,0.18,3.4,Poor,True,train
pond_01086,fish,6.91,5.53,24.6,0.249,0.03,59.8,Critical,True,val
pond_01087,fish,6.37,7.86,24.2,0.0,0.04,33.7,Poor,True,test
pond_01088,fish,7.14,3.15,30.3,0.0,0.41,3.4,Poor,True,test
pond_01089,fish,7.85,6.8,27.7,0.0,0.19,18.4,Optimal,True,train
pond_01090,fish,8.77,6.9,26.8,0.0,0.0,12.0,Acceptable,True,test
pond_01091,fish,7.44,8.62,28.5,0.0,0.0,32.6,Optimal,True,val
pond_01092,fish,6.94,6.79,30.7,0.0,0.41,38.7,Optimal,True,train
pond_01093,fish,6.69,6.2,29.0,0.0,0.06,25.9,Optimal,True,train
pond_01094,fish,7.73,8.1,26.7,0.0,0.28,49.0,Optimal,True,val
pond_01095,fish,6.34,5.82,31.9,0.0,0.51,36.4,Optimal,True,train
pond_01096,fish,7.73,4.21,32.9,0.279,0.0,54.1,Critical,True,train
pond_01097,fish,7.89,3.9,29.9,0.114,0.19,28.6,Critical,True,train
pond_01098,fish,7.66,4.42,31.2,0.561,0.16,89.8,Critical,True,train
pond_01099,fish,7.27,5.0,32.0,0.0,0.29,24.8,Optimal,True,train
pond_01100,fish,7.74,5.37,31.7,0.0,0.51,18.7,Optimal,True,val
pond_01101,fish,7.5,2.44,30.2,0.114,0.0,16.5,Critical,True,test
pond_01102,fish,6.93,5.13,30.2,0.031,0.34,31.2,Acceptable,True,val
pond_01103,fish,8.51,5.53,30.0,0.0,0.46,4.0,Optimal,True,train
pond_01104,fish,7.19,7.22,25.4,0.0,0.15,40.3,Optimal,True,train
pond_01105,fish,7.87,7.66,30.5,0.0,0.17,0.7,Acceptable,True,test
pond_01106,fish,5.95,6.87,24.7,0.0,0.3,37.9,Acceptable,True,train
pond_01107,fish,8.17,5.0,26.3,0.0,0.29,10.7,Optimal,True,val
pond_01108,fish,8.28,2.47,32.1,0.226,0.35,28.1,Poor,True,test
pond_01109,fish,7.42,6.26,30.9,0.087,0.34,45.9,Poor,True,val
pond_01110,fish,7.74,3.69,32.7,0.521,0.0,76.5,Critical,True,val
pond_01111,fish,7.74,7.18,27.7,0.0,0.45,15.6,Optimal,True,test
pond_01112,fish,7.01,8.45,25.3,0.0,0.49,32.3,Optimal,True,train
pond_01113,fish,7.73,3.78,27.8,0.059,0.25,22.0,Poor,True,train
pond_01114,fish,6.91,6.51,28.8,0.0,0.0,19.3,Optimal,True,test
pond_01115,fish,7.03,7.56,28.7,0.0,0.17,22.1,Optimal,True,train
pond_01116,fish,8.08,6.55,31.7,0.08,0.25,49.8,Poor,True,train
pond_01117,fish,7.98,3.08,27.5,0.125,0.0,26.2,Critical,True,train
pond_01118,fish,6.98,4.39,29.5,0.447,0.11,75.5,Critical,True,val
pond_01119,fish,6.96,4.6,25.7,0.137,0.0,42.5,Critical,True,train
pond_01120,fish,7.01,6.26,29.8,0.0,0.35,16.8,Optimal,True,test
pond_01121,fish,7.84,6.38,28.5,0.0,0.24,28.4,Optimal,True,train
pond_01122,fish,6.8,2.47,26.4,0.136,0.0,20.6,Critical,True,train
pond_01123,fish,7.61,5.52,27.8,0.116,0.29,49.4,Critical,True,train
pond_01124,fish,7.85,7.03,28.0,0.0,0.19,5.5,Optimal,True,test
pond_01125,fish,7.35,6.17,27.7,0.0,0.33,10.9,Optimal,True,train
pond_01126,fish,8.01,4.94,33.5,0.0,0.1,24.4,Acceptable,True,train
pond_01127,fish,7.22,5.35,28.2,0.165,0.0,47.3,Critical,True,val
pond_01128,fish,7.27,4.46,27.8,0.308,0.01,57.2,Critical,True,train
pond_01129,fish,6.81,7.03,22.6,0.111,0.07,59.8,Critical,True,train
pond_01130,fish,8.01,6.41,26.0,0.046,0.2,44.5,Poor,True,train
pond_01131,fish,6.94,6.82,27.8,0.0,0.24,33.5,Optimal,True,train
pond_01132,fish,7.61,7.19,26.6,0.011,0.15,49.3,Optimal,True,train
pond_01133,fish,7.36,5.09,32.4,0.0,0.09,14.4,Optimal,True,train
pond_01134,fish,6.77,7.43,28.0,0.0,0.11,1.8,Optimal,True,train
pond_01135,fish,7.03,4.5,32.1,0.161,0.83,42.9,Critical,True,train
pond_01136,fish,8.23,3.74,28.7,0.012,0.01,16.9,Acceptable,True,train
pond_01137,fish,7.52,6.45,28.6,0.0,0.06,33.8,Optimal,True,train
pond_01138,fish,6.79,6.03,28.3,0.021,1.02,37.2,Optimal,True,train
pond_01139,fish,7.58,6.49,28.5,0.011,0.31,39.5,Optimal,True,val
pond_01140,fish,7.31,3.0,33.3,0.349,0.0,51.9,Critical,True,val
pond_01141,fish,9.47,9.7,22.0,0.0,0.41,50.0,Critical,True,test
pond_01142,fish,7.57,8.0,22.9,0.0,0.0,38.5,Acceptable,True,train
pond_01143,fish,7.17,5.72,27.0,0.0,0.43,27.0,Optimal,True,train
pond_01144,fish,8.25,4.48,28.5,0.151,0.15,36.9,Critical,True,train
pond_01145,fish,6.3,6.89,30.4,0.0,0.09,24.3,Acceptable,True,train
pond_01146,fish,7.46,3.97,29.8,0.085,0.6,31.5,Critical,True,test
pond_01147,fish,8.6,9.2,27.4,0.168,0.34,82.1,Critical,True,train
pond_01148,fish,7.33,4.33,31.4,0.14,0.44,38.3,Critical,True,train
pond_01149,fish,6.36,7.59,31.4,0.0,0.31,43.1,Optimal,True,train
pond_01150,fish,7.16,5.43,29.0,0.0,0.09,22.3,Optimal,True,train
pond_01151,fish,8.27,7.44,31.2,0.034,0.35,53.4,Acceptable,True,train
pond_01152,fish,7.63,4.61,29.3,0.225,0.5,48.7,Critical,True,val
pond_01153,fish,6.9,6.16,26.9,0.119,0.23,48.8,Critical,True,train
pond_01154,fish,6.99,6.51,30.5,0.018,0.65,38.9,Optimal,True,train
pond_01155,fish,7.06,6.66,28.8,0.082,0.41,53.6,Poor,True,train
pond_01156,fish,7.62,7.34,28.5,0.072,0.25,57.9,Poor,True,val
pond_01157,fish,8.2,4.23,32.6,0.145,0.26,40.1,Critical,True,train
pond_01158,fish,8.03,7.39,21.6,0.0,0.23,32.9,Acceptable,True,train
pond_01159,fish,7.67,8.4,24.5,0.0,0.0,51.1,Optimal,True,train
pond_01160,fish,6.6,5.52,25.2,0.0,0.18,18.7,Optimal,True,train
pond_01161,fish,6.6,6.82,27.5,0.0,0.26,22.1,Optimal,True,train
pond_01162,fish,7.72,5.65,27.8,0.014,0.1,34.0,Optimal,True,test
pond_01163,fish,6.59,6.99,24.3,0.0,0.28,3.7,Optimal,True,train
pond_01164,fish,7.26,6.51,25.7,0.093,0.21,49.9,Critical,True,test
pond_01165,fish,7.58,5.21,26.1,0.0,0.39,17.7,Optimal,True,train
pond_01166,fish,6.72,3.96,35.4,0.055,0.37,26.5,Critical,True,test
pond_01167,fish,6.79,4.92,33.5,0.051,0.24,31.2,Poor,True,train
pond_01168,fish,7.34,5.9,27.3,0.004,0.0,35.7,Optimal,True,train
pond_01169,fish,7.7,8.22,27.5,0.0,0.65,28.8,Optimal,True,train
pond_01170,fish,8.04,7.9,25.3,0.0,0.16,33.8,Optimal,True,test
pond_01171,fish,7.76,7.35,23.2,0.0,0.18,33.9,Acceptable,True,train
pond_01172,fish,7.44,4.8,28.2,0.02,0.11,27.0,Optimal,True,test
pond_01173,fish,6.95,5.25,25.7,0.0,0.08,21.1,Optimal,True,test
pond_01174,fish,6.76,8.61,28.3,0.0,0.59,54.5,Optimal,True,train
pond_01175,fish,7.09,5.35,24.0,0.0,0.55,0.0,Acceptable,True,test
pond_01176,fish,7.65,6.42,26.4,0.0,0.31,31.3,Optimal,True,train
pond_01177,fish,7.6,6.22,28.9,0.0,0.17,26.6,Optimal,True,train
pond_01178,fish,6.14,5.14,29.5,0.112,0.35,42.5,Critical,True,train
pond_01179,fish,6.93,4.15,29.7,0.0,0.22,8.8,Acceptable,True,val
pond_01180,fish,8.12,5.49,24.8,0.0,0.15,26.0,Optimal,True,test
pond_01181,fish,7.45,4.52,30.9,0.086,0.28,33.2,Critical,True,test
pond_01182,fish,6.55,5.29,26.3,0.205,0.09,54.3,Critical,True,val
pond_01183,fish,8.81,7.28,30.3,0.0,0.26,41.0,Acceptable,True,train
pond_01184,fish,7.38,5.79,28.5,0.0,0.25,13.7,Optimal,True,val
pond_01185,fish,7.63,5.89,24.6,0.0,0.35,26.2,Optimal,True,train
pond_01186,fish,7.64,6.14,27.6,0.094,0.05,50.9,Critical,True,test
pond_01187,fish,7.18,6.52,29.5,0.0,0.38,13.4,Optimal,True,train
pond_01188,fish,6.96,4.95,30.2,0.048,0.0,33.6,Poor,True,train
pond_01189,fish,8.67,7.15,28.1,0.0,0.06,34.8,Optimal,True,val
pond_01190,fish,8.0,3.1,32.8,0.137,0.07,28.1,Critical,True,train
pond_01191,fish,7.89,6.84,31.3,0.344,0.0,83.5,Critical,True,train
pond_01192,fish,7.75,5.94,27.8,0.0,0.45,27.6,Optimal,True,train
pond_01193,fish,6.8,5.28,30.6,0.093,0.0,43.1,Critical,True,train
pond_01194,fish,8.17,3.67,33.9,0.041,0.03,21.2,Poor,True,train
pond_01195,fish,6.89,2.9,34.0,0.304,0.51,44.5,Critical,True,test
pond_01196,fish,7.57,4.2,25.1,0.258,0.06,50.7,Critical,True,train
pond_01197,fish,6.42,5.29,25.9,0.0,0.15,24.4,Optimal,True,train
pond_01198,fish,6.18,5.73,32.7,0.0,0.0,34.0,Acceptable,True,train
pond_01199,fish,7.59,5.09,25.5,0.0,0.41,18.9,Optimal,True,train
pond_01200,fish,6.91,4.43,24.8,0.0,0.41,14.4,Acceptable,True,train
pond_01201,fish,6.21,4.82,27.1,0.256,0.38,53.7,Critical,True,train
pond_01202,fish,7.72,5.01,29.7,0.0,0.33,25.0,Optimal,True,test
pond_01203,fish,8.67,5.38,28.2,0.0,0.22,0.0,Acceptable,True,test
pond_01204,fish,8.23,6.01,26.7,0.261,0.07,66.8,Critical,True,val
pond_01205,fish,7.25,7.65,26.6,0.0,0.0,20.6,Optimal,True,train
pond_01206,fish,7.41,7.98,26.5,0.0,0.52,30.6,Optimal,True,train
pond_01207,fish,7.93,9.14,26.0,0.0,0.39,64.5,Optimal,True,train
pond_01208,fish,8.07,2.16,34.9,0.264,0.03,32.4,Critical,True,train
pond_01209,fish,7.19,4.42,29.3,0.079,0.21,32.1,Critical,True,train
pond_01210,fish,7.42,6.25,31.0,0.0,0.12,12.9,Optimal,True,train
pond_01211,fish,7.58,5.46,27.1,0.0,0.0,5.6,Optimal,True,train
pond_01212,fish,7.73,7.12,28.0,0.0,0.24,32.0,Optimal,True,train
pond_01213,fish,7.32,6.52,26.5,0.007,0.1,41.5,Optimal,True,test
pond_01214,fish,7.33,9.6,21.1,0.0,0.0,40.5,Poor,True,train
pond_01215,fish,8.23,8.09,24.6,0.0,0.0,26.3,Optimal,True,train
pond_01216,fish,8.13,8.37,23.4,0.0,0.0,35.4,Acceptable,True,train
pond_01217,fish,7.69,6.57,22.2,0.0,0.11,1.9,Acceptable,True,val
pond_01218,fish,8.43,6.38,25.2,0.038,0.18,43.3,Acceptable,True,train
pond_01219,fish,7.17,4.58,32.2,0.123,0.0,37.9,Critical,True,val
pond_01220,fish,8.37,3.72,28.4,0.438,0.36,70.5,Critical,True,val
pond_01221,fish,7.73,7.09,32.1,0.0,0.18,35.1,Optimal,True,train
pond_01222,fish,9.36,6.6,29.7,0.0,0.34,18.0,Poor,True,train
pond_01223,fish,6.68,4.85,30.7,0.053,0.15,34.1,Poor,True,train
pond_01224,fish,6.99,8.17,26.0,0.0,0.0,29.1,Optimal,True,val
pond_01225,fish,7.65,4.6,30.0,0.156,0.23,42.8,Critical,True,train
pond_01226,fish,7.64,2.79,30.5,0.232,0.0,35.5,Critical,True,train
pond_01227,fish,8.57,7.56,26.9,0.0,0.33,12.3,Optimal,True,train
pond_01228,fish,7.0,3.67,30.1,0.0,0.0,5.6,Poor,True,train
pond_01229,fish,7.94,5.19,30.1,0.085,0.43,39.7,Poor,True,test
pond_01230,fish,8.1,6.42,27.0,0.216,0.12,59.9,Critical,True,train
pond_01231,fish,7.82,7.01,25.4,0.0,0.47,36.4,Optimal,True,train
pond_01232,fish,6.82,7.7,25.2,0.0,0.0,49.6,Optimal,True,train
pond_01233,fish,8.24,6.56,28.7,0.104,0.03,53.2,Critical,True,val
pond_01234,fish,8.14,6.37,29.4,0.007,0.3,39.8,Optimal,True,train
pond_01235,fish,7.76,5.17,26.3,0.0,0.49,20.3,Optimal,True,test
pond_01236,fish,7.52,6.2,28.6,0.027,0.62,38.5,Acceptable,True,train
pond_01237,fish,7.54,3.35,30.1,0.374,0.21,56.7,Critical,True,train
pond_01238,fish,7.35,7.62,30.2,0.0,0.66,44.5,Optimal,True,train
pond_01239,fish,7.78,2.91,32.8,0.347,0.13,48.5,Critical,True,val
pond_01240,fish,7.42,4.55,32.1,0.035,0.47,26.7,Acceptable,True,train
pond_01241,fish,6.89,4.55,25.7,0.076,0.0,31.4,Poor,True,train
pond_01242,fish,6.77,3.77,33.2,0.156,0.31,32.9,Critical,True,train
pond_01243,fish,6.95,6.14,27.0,0.0,0.0,34.1,Optimal,True,test
pond_01244,fish,7.53,4.43,31.4,0.322,0.0,56.0,Poor,True,train
pond_01245,fish,7.38,7.36,28.7,0.0,0.32,0.0,Acceptable,True,train
pond_01246,fish,7.53,6.36,27.3,0.0,0.0,35.5,Optimal,True,train
pond_01247,fish,7.7,6.24,23.4,0.0,0.31,33.6,Acceptable,True,test
pond_01248,fish,7.02,5.72,28.0,0.0,0.43,10.3,Optimal,True,train
pond_01249,fish,8.28,8.44,24.1,0.0,0.07,47.1,Optimal,True,train
pond_01250,fish,7.24,6.49,31.2,0.0,0.0,22.0,Optimal,True,train
pond_01251,fish,7.14,3.3,32.7,0.129,0.08,28.6,Critical,True,val
pond_01252,fish,7.69,5.33,26.3,0.328,0.0,68.3,Critical,True,test
pond_01253,fish,6.3,6.28,29.3,0.132,0.17,53.2,Critical,True,train
pond_01254,fish,6.93,6.73,26.5,0.047,0.23,45.3,Critical,True,val
pond_01255,fish,7.99,4.71,26.7,0.181,0.12,41.9,Critical,True,train
pond_01256,fish,6.36,6.38,30.7,0.0,0.62,32.0,Optimal,True,test
pond_01257,fish,8.07,4.58,28.4,0.396,0.02,71.0,Critical,True,val
pond_01258,fish,8.31,6.58,33.4,0.084,0.55,49.4,Critical,True,train
pond_01259,fish,7.18,6.83,27.1,0.0,0.0,21.5,Optimal,True,train
pond_01260,fish,7.58,3.62,31.3,0.0,0.22,9.8,Optimal,True,train
pond_01261,fish,8.07,5.0,28.8,0.138,0.5,45.2,Critical,True,train
pond_01262,fish,7.12,4.56,30.7,0.08,0.48,34.0,Poor,True,train
pond_01263,fish,7.92,6.29,27.2,0.0,0.09,9.3,Optimal,True,val
pond_01264,fish,7.0,5.54,28.4,0.113,0.34,42.7,Critical,True,train
pond_01265,fish,7.11,4.27,28.2,0.078,0.31,30.2,Critical,True,train
pond_01266,fish,6.92,4.35,26.2,0.199,0.07,44.6,Critical,True,test
pond_01267,fish,7.61,6.17,30.4,0.07,0.35,43.0,Poor,True,train
pond_01268,fish,8.09,5.81,30.3,0.0,0.67,24.1,Optimal,True,train
pond_01269,fish,7.29,5.59,30.2,0.115,0.32,46.4,Critical,True,train
pond_01270,fish,6.64,5.26,32.8,0.006,0.34,26.0,Optimal,True,train
pond_01271,fish,6.75,4.06,32.6,0.076,0.37,27.2,Critical,True,train
pond_01272,fish,7.64,6.28,27.5,0.0,0.0,25.4,Optimal,True,test
pond_01273,fish,8.51,9.13,29.5,0.0,0.32,55.4,Optimal,True,train
pond_01274,fish,7.64,7.82,26.8,0.0,0.0,29.9,Optimal,True,train
pond_01275,fish,7.17,5.38,28.6,0.21,0.05,59.7,Critical,True,train
pond_01276,fish,7.86,5.43,26.8,0.309,0.74,67.1,Critical,True,train
pond_01277,fish,7.26,0.82,33.0,0.251,0.14,21.7,Critical,True,train
pond_01278,fish,7.17,7.08,29.5,0.0,0.01,0.0,Acceptable,True,test
pond_01279,fish,6.82,7.03,27.9,0.082,0.49,53.8,Poor,True,val
pond_01280,fish,8.25,4.32,31.8,0.064,0.0,28.8,Poor,True,test
pond_01281,fish,5.88,5.1,22.4,0.0,0.09,19.4,Poor,True,train
pond_01282,fish,7.88,5.39,22.9,0.0,0.51,24.4,Acceptable,True,val
pond_01283,fish,7.12,5.94,30.7,0.0,0.21,27.5,Optimal,True,train
pond_01284,fish,7.15,5.64,28.7,0.196,0.0,58.3,Critical,True,train
pond_01285,fish,8.42,6.62,29.2,0.0,0.34,37.9,Optimal,True,train
pond_01286,fish,6.97,6.72,24.8,0.152,0.1,58.1,Critical,True,train
pond_01287,fish,6.99,7.17,28.4,0.0,0.58,43.9,Optimal,True,train
pond_01288,fish,7.32,5.12,34.1,0.013,0.05,29.4,Acceptable,True,test
pond_01289,fish,7.65,6.47,30.8,0.0,0.46,28.0,Optimal,True,val
pond_01290,fish,7.13,2.77,29.0,0.307,0.64,45.1,Critical,True,train
pond_01291,fish,6.46,4.34,27.3,0.251,0.0,49.8,Critical,True,train
pond_01292,fish,6.88,5.53,27.4,0.189,0.15,52.9,Critical,True,train
pond_01293,fish,8.17,8.59,22.5,0.0,0.3,30.3,Acceptable,True,val
pond_01294,fish,7.44,8.28,29.2,0.0,0.0,38.2,Optimal,True,train
pond_01295,fish,7.67,5.06,30.9,0.142,0.27,45.5,Critical,True,train
pond_01296,fish,7.24,5.89,24.1,0.0,0.14,28.1,Optimal,True,train
pond_01297,fish,7.0,3.46,26.6,0.0,0.14,14.6,Acceptable,True,test
pond_01298,fish,8.41,7.7,25.3,0.0,0.21,20.5,Optimal,True,train
pond_01299,fish,7.29,5.61,25.8,0.002,0.22,30.7,Optimal,True,train
pond_01300,fish,7.13,9.91,28.6,0.0,0.24,46.9,Acceptable,True,train
pond_01301,fish,8.06,6.02,22.7,0.2,0.05,57.7,Critical,True,train
pond_01302,fish,6.97,8.38,30.2,0.0,0.06,10.6,Optimal,True,val
pond_01303,fish,7.04,6.4,30.6,0.0,0.17,24.2,Optimal,True,val
pond_01304,fish,7.41,4.51,27.8,0.021,0.19,28.6,Acceptable,True,train
pond_01305,fish,7.4,7.61,21.6,0.0,0.09,49.3,Acceptable,True,train
pond_01306,fish,7.56,7.48,25.7,0.0,0.28,25.5,Optimal,True,train
pond_01307,fish,8.66,4.74,32.0,0.042,0.0,27.3,Poor,True,train
pond_01308,fish,7.6,8.64,20.7,0.0,0.02,9.6,Poor,True,train
pond_01309,fish,5.97,7.15,27.5,0.003,0.13,43.7,Acceptable,True,train
pond_01310,fish,7.6,7.34,25.2,0.0,0.0,32.1,Optimal,True,train
pond_01311,fish,7.42,5.29,30.8,0.0,0.61,23.2,Optimal,True,train
pond_01312,fish,7.43,4.56,26.6,0.046,0.2,30.3,Poor,True,train
pond_01313,fish,7.55,5.45,29.6,0.21,0.24,55.3,Critical,True,train
pond_01314,fish,7.38,5.71,30.1,0.0,0.08,16.9,Optimal,True,train
pond_01315,fish,7.37,2.07,33.6,0.158,0.2,19.9,Critical,True,val
pond_01316,fish,7.77,6.16,27.9,0.169,0.0,57.5,Critical,True,train
pond_01317,fish,7.07,5.44,29.6,0.046,0.16,36.4,Poor,True,train
pond_01318,fish,6.83,4.88,24.3,0.178,0.0,47.1,Critical,True,train
pond_01319,fish,9.21,4.62,31.8,0.187,0.13,42.2,Critical,True,train
pond_01320,fish,6.97,5.82,26.4,0.024,0.0,34.4,Optimal,True,train
pond_01321,fish,7.46,8.84,26.9,0.0,0.0,28.7,Optimal,True,train
pond_01322,fish,6.5,6.12,28.4,0.115,0.57,50.0,Poor,True,test
pond_01323,fish,7.47,8.19,24.1,0.02,0.41,55.9,Optimal,True,train
pond_01324,fish,6.84,5.5,29.1,0.204,0.53,54.5,Critical,True,test
pond_01325,fish,7.13,2.6,31.2,0.057,0.55,13.7,Critical,True,train
pond_01326,fish,8.03,6.57,29.3,0.14,0.37,58.5,Critical,True,train
pond_01327,fish,7.68,5.83,24.1,0.0,0.09,28.6,Optimal,True,train
pond_01328,fish,7.74,5.4,28.2,0.0,0.0,21.4,Optimal,True,val
pond_01329,fish,6.34,3.88,30.6,0.138,0.49,32.0,Critical,True,train
pond_01330,fish,8.5,7.03,23.2,0.074,0.22,50.0,Poor,True,train
pond_01331,fish,6.68,7.94,25.5,0.0,0.82,44.7,Optimal,True,train
pond_01332,fish,8.32,6.58,31.0,0.0,0.11,30.4,Optimal,True,train
pond_01333,fish,8.01,7.86,29.3,0.039,0.69,50.1,Acceptable,True,train
pond_01334,fish,7.75,7.97,29.7,0.0,0.16,37.5,Optimal,True,train
pond_01335,fish,6.89,1.82,33.7,0.194,0.53,24.7,Critical,True,train
pond_01336,fish,7.49,3.85,29.8,0.041,0.62,22.3,Poor,True,test
pond_01337,fish,7.12,2.87,30.3,0.306,0.0,42.4,Critical,True,val
pond_01338,fish,7.42,5.06,36.1,0.033,0.08,33.5,Poor,True,val
pond_01339,fish,7.25,4.96,27.9,0.0,0.0,10.2,Optimal,True,val
pond_01340,fish,6.18,5.59,26.3,0.17,0.0,50.2,Critical,True,test
pond_01341,fish,8.07,5.24,29.7,0.0,0.37,26.4,Optimal,True,test
pond_01342,fish,7.35,6.07,29.7,0.23,0.15,63.7,Critical,True,train
pond_01343,fish,7.11,4.04,27.0,0.0,0.21,9.7,Acceptable,True,train
pond_01344,fish,7.06,4.66,25.6,0.056,0.34,31.7,Poor,True,val
pond_01345,fish,7.62,4.42,35.0,0.0,0.0,22.4,Poor,True,train
pond_01346,fish,6.86,7.28,29.4,0.0,0.52,17.4,Optimal,True,train
pond_01347,fish,6.05,6.2,26.4,0.0,0.11,26.2,Acceptable,True,train
pond_01348,fish,7.64,4.14,31.1,0.4,0.33,66.9,Critical,True,train
pond_01349,fish,7.71,2.86,28.2,0.233,0.36,37.6,Critical,True,train
pond_01350,fish,7.28,7.29,27.8,0.0,0.54,20.7,Acceptable,True,train
pond_01351,fish,6.71,4.43,30.1,0.0,0.17,2.1,Acceptable,True,val
pond_01352,fish,7.45,4.97,24.9,0.0,0.0,4.0,Optimal,True,train
pond_01353,fish,6.52,3.19,29.5,0.106,0.21,25.3,Critical,True,val
pond_01354,fish,6.78,2.64,33.9,0.133,0.25,23.6,Critical,True,val
pond_01355,fish,6.95,4.17,29.8,0.077,0.0,31.0,Critical,True,test
pond_01356,fish,7.91,5.69,27.4,0.0,0.24,0.0,Acceptable,True,train
pond_01357,fish,7.18,4.41,27.1,0.102,0.11,33.3,Critical,True,train
pond_01358,fish,7.13,6.31,27.4,0.162,0.0,53.5,Critical,True,train
pond_01359,fish,8.57,5.61,27.8,0.272,0.37,64.2,Critical,True,train
pond_01360,fish,7.61,9.14,27.4,0.0,0.06,0.9,Acceptable,True,train
pond_01361,fish,7.6,2.86,31.1,0.114,0.1,20.6,Critical,True,test
pond_01362,fish,7.18,7.07,23.6,0.0,0.08,19.6,Acceptable,True,train
pond_01363,fish,7.04,5.53,30.9,0.045,0.51,37.6,Poor,True,train
pond_01364,fish,6.09,4.59,27.4,0.0,0.19,13.0,Acceptable,True,val
pond_01365,fish,7.98,5.71,29.6,0.271,0.22,65.3,Critical,True,train
pond_01366,fish,7.67,7.55,25.3,0.0,0.09,35.8,Optimal,True,test
pond_01367,fish,7.29,5.14,32.2,0.049,0.32,32.8,Poor,True,train
pond_01368,fish,7.32,6.99,32.0,0.171,0.54,63.7,Critical,True,train
pond_01369,fish,7.84,2.18,31.2,0.291,0.36,34.7,Critical,True,train
pond_01370,fish,6.47,5.53,24.3,0.083,0.37,42.2,Critical,True,train
pond_01371,fish,7.05,7.37,30.8,0.0,0.35,21.5,Optimal,True,train
pond_01372,fish,6.72,6.83,29.6,0.0,0.0,10.3,Optimal,True,train
pond_01373,fish,8.46,7.52,24.0,0.0,0.0,24.0,Optimal,True,val
pond_01374,fish,7.93,7.54,28.4,0.212,0.15,74.4,Critical,True,train
pond_01375,fish,6.08,2.9,29.5,0.309,0.02,46.4,Critical,True,train
pond_01376,fish,6.49,6.58,30.1,0.008,0.0,39.9,Optimal,True,train
pond_01377,fish,7.32,7.18,29.0,0.0,0.0,17.4,Optimal,True,train
pond_01378,fish,7.12,4.7,29.3,0.215,0.0,51.4,Critical,True,train
pond_01379,fish,6.61,8.6,32.6,0.0,0.14,10.6,Optimal,True,train
pond_01380,fish,8.57,5.34,31.9,0.0,0.18,6.8,Optimal,True,train
pond_01381,fish,7.59,4.45,20.5,0.023,0.0,24.9,Poor,True,test
pond_01382,fish,7.68,6.52,27.6,0.246,0.22,70.2,Critical,True,test
pond_01383,fish,6.98,4.89,28.0,0.367,0.09,69.2,Critical,True,train
pond_01384,fish,7.83,8.48,23.6,0.0,0.47,26.9,Acceptable,True,train
pond_01385,fish,7.17,6.51,28.8,0.0,0.16,22.9,Optimal,True,train
pond_01386,fish,7.23,4.21,32.0,0.0,0.37,5.5,Acceptable,True,train
pond_01387,fish,7.77,8.56,25.5,0.0,0.25,36.4,Optimal,True,train
pond_01388,fish,6.42,6.91,29.4,0.0,0.0,37.9,Optimal,True,train
pond_01389,fish,8.36,5.19,25.9,0.177,0.18,49.2,Critical,True,test
pond_01390,fish,7.51,5.99,26.6,0.145,0.0,51.4,Critical,True,train
pond_01391,fish,8.17,5.64,32.6,0.003,0.17,31.4,Optimal,True,val
pond_01392,fish,6.75,5.62,27.0,0.121,0.01,45.0,Critical,True,train
pond_01393,fish,6.85,5.05,29.8,0.0,0.3,22.4,Optimal,True,val
pond_01394,fish,6.7,6.97,23.3,0.0,0.0,44.7,Acceptable,True,train
pond_01395,fish,7.55,3.19,33.7,0.095,0.2,25.9,Critical,True,train
pond_01396,fish,7.44,2.31,30.2,0.346,0.34,43.3,Critical,True,val
pond_01397,fish,7.12,6.24,28.0,0.048,0.43,41.8,Poor,True,train
pond_01398,fish,6.79,2.67,30.1,0.263,0.01,36.2,Critical,True,test
pond_01399,fish,6.64,5.26,24.6,0.159,0.2,49.3,Critical,True,train
pond_01400,fish,7.37,2.61,31.8,0.016,0.25,6.7,Poor,True,test
pond_01401,fish,7.12,3.69,27.6,0.0,0.59,15.8,Acceptable,True,train
pond_01402,fish,6.99,6.52,27.9,0.0,0.0,30.1,Optimal,True,train
pond_01403,fish,8.33,5.78,27.1,0.0,0.0,9.0,Acceptable,True,test
pond_01404,fish,7.35,5.79,26.9,0.0,0.9,27.7,Acceptable,True,test
pond_01405,fish,8.16,3.54,30.4,0.142,0.13,28.3,Critical,True,train
pond_01406,fish,7.08,4.73,29.2,0.281,0.0,58.6,Critical,True,train
pond_01407,fish,7.55,5.94,30.3,0.011,0.05,37.6,Optimal,True,val
pond_01408,fish,7.37,5.73,28.5,0.157,0.0,53.5,Critical,True,train
pond_01409,fish,6.38,6.64,29.9,0.0,0.26,40.4,Optimal,True,val
pond_01410,fish,8.26,7.4,27.3,0.0,0.4,25.4,Optimal,True,train
pond_01411,fish,7.32,4.11,34.7,0.164,0.0,37.4,Critical,True,train
pond_01412,fish,7.85,4.15,24.1,0.256,0.08,48.1,Critical,True,train
pond_01413,fish,6.95,3.98,32.0,0.317,0.43,56.5,Critical,True,train
pond_01414,fish,7.3,4.84,32.3,0.061,0.0,32.6,Poor,True,train
pond_01415,fish,6.88,5.22,26.1,0.0,0.0,5.3,Optimal,True,train
pond_01416,fish,8.14,2.99,34.7,0.0,0.14,4.1,Poor,True,train
pond_01417,fish,7.59,5.3,31.3,0.0,0.01,29.1,Optimal,True,train
pond_01418,fish,7.62,8.62,31.2,0.0,0.13,0.0,Acceptable,True,train
pond_01419,fish,8.21,5.1,28.6,0.325,0.0,67.3,Critical,True,val
pond_01420,fish,8.09,5.93,27.9,0.093,0.25,45.7,Critical,True,train
pond_01421,fish,7.86,4.09,27.9,0.027,0.16,23.6,Acceptable,True,train
pond_01422,fish,6.55,7.31,29.6,0.0,0.34,15.0,Optimal,True,train
pond_01423,fish,6.98,6.18,32.4,0.143,0.25,53.5,Critical,True,train
pond_01424,fish,6.8,6.82,29.0,0.0,0.25,15.0,Optimal,True,test
pond_01425,fish,7.84,8.25,25.9,0.0,0.0,16.7,Optimal,True,train
pond_01426,fish,7.5,4.71,30.8,0.0,0.32,21.2,Optimal,True,train
pond_01427,fish,6.57,4.82,31.1,0.091,0.12,37.1,Critical,True,train
pond_01428,fish,7.29,7.8,30.3,0.0,0.16,46.2,Optimal,True,train
pond_01429,fish,6.5,6.24,30.6,0.176,0.46,56.5,Critical,True,train
pond_01430,fish,7.37,2.86,27.7,0.36,0.02,53.8,Critical,True,train
pond_01431,fish,6.41,6.99,25.9,0.0,0.54,35.0,Optimal,True,train
pond_01432,fish,7.72,5.51,26.1,0.185,0.56,53.4,Critical,True,train
pond_01433,fish,7.63,8.04,23.9,0.0,0.39,22.9,Acceptable,True,train
pond_01434,fish,8.54,6.23,29.2,0.0,0.0,2.2,Acceptable,True,train
pond_01435,fish,7.91,3.41,28.3,0.099,0.0,22.9,Critical,True,train
pond_01436,fish,7.15,6.44,27.3,0.0,0.47,20.5,Optimal,True,train
pond_01437,fish,7.89,7.87,20.2,0.0,0.23,23.6,Poor,True,train
pond_01438,fish,6.56,7.06,25.0,0.0,0.01,17.7,Optimal,True,train
pond_01439,fish,6.82,5.93,31.6,0.0,0.49,26.7,Optimal,True,train
pond_01440,fish,7.6,8.29,26.6,0.0,0.0,46.2,Optimal,True,train
pond_01441,fish,6.11,6.16,29.5,0.246,0.09,65.9,Critical,True,test
pond_01442,fish,7.38,6.67,24.6,0.0,0.33,3.9,Acceptable,True,val
pond_01443,fish,6.79,6.54,32.5,0.0,0.0,11.8,Optimal,True,test
pond_01444,fish,7.46,9.03,28.1,0.0,0.17,20.8,Optimal,True,train
pond_01445,fish,6.75,6.91,29.3,0.041,0.47,48.8,Acceptable,True,train
pond_01446,fish,7.65,4.69,35.0,0.067,0.25,31.3,Critical,True,test
pond_01447,fish,7.41,5.5,32.7,0.0,0.51,22.0,Optimal,True,train
pond_01448,fish,8.24,6.34,27.6,0.093,0.48,47.9,Critical,True,train
pond_01449,fish,7.4,6.18,26.8,0.128,0.2,52.2,Critical,True,train
pond_01450,fish,6.94,9.03,27.6,0.0,0.0,34.7,Optimal,True,train
pond_01451,fish,7.25,4.45,29.9,0.0,0.0,20.3,Acceptable,True,val
pond_01452,fish,6.59,7.48,28.2,0.0,0.39,39.9,Optimal,True,val
pond_01453,fish,7.64,5.86,27.4,0.0,0.0,30.8,Optimal,True,val
pond_01454,fish,7.75,2.85,32.6,0.181,0.12,30.7,Critical,True,test
pond_01455,fish,8.88,5.6,28.2,0.0,0.28,25.8,Acceptable,True,train
pond_01456,fish,7.03,3.65,34.9,0.295,0.57,51.6,Critical,True,val
pond_01457,fish,7.24,6.55,28.8,0.0,0.06,39.5,Optimal,True,train
pond_01458,fish,7.05,4.86,33.5,0.218,0.04,53.6,Critical,True,train
pond_01459,fish,7.53,4.15,29.5,0.319,0.19,59.1,Critical,True,val
pond_01460,fish,7.63,7.28,31.2,0.0,0.29,43.3,Optimal,True,train
pond_01461,fish,7.37,7.76,26.5,0.0,0.16,25.9,Optimal,True,train
pond_01462,fish,8.05,8.53,26.1,0.0,0.46,53.7,Optimal,True,val
pond_01463,fish,7.03,5.86,29.8,0.06,0.0,43.4,Poor,True,test
pond_01464,fish,7.99,5.16,31.3,0.437,0.23,81.9,Critical,True,test
pond_01465,fish,7.72,6.76,28.6,0.0,0.31,40.6,Optimal,True,train
pond_01466,fish,7.39,5.76,24.9,0.104,0.1,47.6,Critical,True,val
pond_01467,fish,7.21,6.8,24.7,0.0,0.41,40.2,Optimal,True,val
pond_01468,fish,8.86,6.41,24.5,0.0,0.24,33.2,Acceptable,True,train
pond_01469,fish,6.91,4.82,23.6,0.056,0.4,30.3,Poor,True,test
pond_01470,fish,7.58,5.91,28.8,0.063,0.25,40.3,Poor,True,train
pond_01471,fish,6.95,4.51,31.7,0.162,0.29,44.4,Critical,True,test
pond_01472,fish,8.47,5.47,28.5,0.205,0.04,55.8,Critical,True,train
pond_01473,fish,7.93,7.67,22.2,0.0,0.04,40.6,Acceptable,True,train
pond_01474,fish,6.99,7.7,28.0,0.0,0.51,26.7,Optimal,True,train
pond_01475,fish,7.71,4.71,28.0,0.067,0.36,29.1,Poor,True,val
pond_01476,fish,7.55,4.07,34.4,0.0,0.0,11.2,Critical,True,train
pond_01477,fish,7.09,5.6,24.4,0.289,0.25,64.9,Critical,True,test
pond_01478,fish,7.85,4.87,27.4,0.037,0.0,25.3,Acceptable,True,train
pond_01479,fish,7.63,3.94,33.3,0.291,0.06,52.4,Critical,True,test
pond_01480,fish,7.53,5.25,29.8,0.088,0.44,40.0,Critical,True,train
pond_01481,fish,7.37,6.28,30.1,0.026,0.17,40.5,Optimal,True,train
pond_01482,fish,7.66,6.18,28.8,0.0,0.23,32.9,Optimal,True,train
pond_01483,fish,7.54,4.12,29.4,0.015,0.0,20.8,Acceptable,True,train
pond_01484,fish,7.44,7.15,30.7,0.0,0.1,17.6,Optimal,True,train
pond_01485,fish,7.02,7.61,26.2,0.134,0.28,66.1,Critical,True,test
pond_01486,fish,8.42,4.01,31.0,0.155,0.32,37.1,Critical,True,train
pond_01487,fish,6.77,8.34,24.7,0.014,0.44,55.3,Optimal,True,train
pond_01488,fish,7.66,6.06,29.4,0.218,0.15,59.9,Critical,True,train
pond_01489,fish,7.21,5.47,29.0,0.0,0.16,27.6,Optimal,True,val
pond_01490,fish,8.46,6.67,26.8,0.044,0.0,42.6,Acceptable,True,train
pond_01491,fish,6.86,5.78,28.4,0.023,0.15,35.8,Optimal,True,val
pond_01492,fish,6.96,6.94,26.8,0.0,0.0,14.2,Optimal,True,test
pond_01493,fish,6.82,6.71,25.5,0.0,0.0,31.7,Acceptable,True,train
pond_01494,fish,7.59,5.54,27.5,0.109,0.0,45.6,Critical,True,val
pond_01495,fish,6.58,3.63,25.4,0.108,0.58,26.0,Critical,True,train
pond_01496,fish,7.11,6.34,29.4,0.0,0.13,29.2,Optimal,True,train
pond_01497,fish,6.11,5.97,25.3,0.0,0.25,31.9,Acceptable,True,val
pond_01498,fish,7.54,6.46,30.5,0.285,0.07,73.0,Critical,True,val
pond_01499,fish,7.1,7.18,25.2,0.0,0.0,2.0,Optimal,True,train
pond_01500,fish,6.51,5.65,26.9,0.096,0.43,44.0,Critical,True,train
pond_01501,fish,8.05,7.61,26.8,0.0,0.0,30.4,Optimal,True,train
pond_01502,fish,6.62,5.29,32.2,0.0,0.06,23.5,Optimal,True,train
pond_01503,fish,7.88,5.83,29.4,0.0,0.19,30.0,Optimal,True,val
pond_01504,fish,6.98,5.73,27.9,0.14,0.26,47.0,Critical,True,train
pond_01505,fish,8.36,7.86,29.9,0.0,0.02,48.0,Optimal,True,train
pond_01506,fish,7.85,6.07,22.6,0.006,0.0,38.3,Acceptable,True,test
pond_01507,fish,6.8,5.37,28.4,0.234,0.0,54.7,Critical,True,val
pond_01508,fish,6.85,2.87,34.1,0.42,0.01,57.8,Critical,True,val
pond_01509,fish,7.76,6.74,28.9,0.063,0.01,49.7,Poor,True,test
pond_01510,fish,7.24,4.94,28.7,0.0,0.44,25.2,Optimal,True,train
pond_01511,fish,7.3,4.81,30.0,0.145,0.0,43.9,Critical,True,test
pond_01512,fish,8.16,4.54,31.0,0.181,0.28,44.0,Critical,True,val
pond_01513,fish,6.95,7.09,22.9,0.0,0.24,20.3,Optimal,True,val
pond_01514,fish,7.45,5.06,23.8,0.0,0.44,6.8,Acceptable,True,train
pond_01515,fish,7.97,2.53,29.1,0.0,0.17,0.0,Acceptable,True,train
pond_01516,fish,7.89,6.87,26.5,0.0,0.4,36.3,Optimal,True,train
pond_01517,fish,7.3,2.05,32.2,0.316,0.16,40.4,Critical,True,train
pond_01518,fish,7.23,7.18,27.6,0.0,0.31,13.7,Optimal,True,train
pond_01519,fish,6.36,9.14,23.1,0.0,0.0,53.8,Acceptable,True,train
pond_01520,fish,6.77,6.33,24.9,0.029,0.0,37.7,Acceptable,True,test
pond_01521,fish,7.59,9.27,20.8,0.0,0.29,59.3,Poor,True,train
pond_01522,fish,7.32,5.91,27.8,0.07,0.31,41.7,Poor,True,train
pond_01523,fish,7.44,8.15,28.0,0.0,0.32,15.8,Optimal,True,train
pond_01524,fish,8.02,5.42,27.3,0.107,0.07,43.2,Critical,True,train
pond_01525,fish,6.69,1.84,31.5,0.401,0.57,47.1,Critical,True,train
pond_01526,fish,7.26,4.97,31.9,0.0,0.09,25.1,Optimal,True,test
pond_01527,fish,7.51,8.29,28.0,0.0,0.31,9.0,Optimal,True,test
pond_01528,fish,6.98,7.83,22.5,0.0,0.35,36.8,Poor,True,val
pond_01529,fish,8.26,4.71,30.2,0.0,0.63,17.0,Optimal,True,val
pond_01530,fish,7.95,5.93,30.1,0.183,0.12,55.2,Critical,True,train
pond_01531,fish,7.57,6.97,29.4,0.0,0.04,27.7,Optimal,True,train
pond_01532,fish,8.48,5.09,31.2,0.318,0.0,66.0,Critical,True,train
pond_01533,fish,6.5,10.18,25.2,0.0,0.59,0.0,Poor,True,train
pond_01534,fish,7.4,3.87,34.1,0.193,0.31,37.4,Critical,True,test
pond_01535,fish,7.62,7.78,25.8,0.066,0.31,60.7,Poor,True,train
pond_01536,fish,6.85,6.42,30.6,0.0,0.98,19.0,Acceptable,True,test
pond_01537,fish,7.58,5.83,23.8,0.0,0.28,32.1,Acceptable,True,train
pond_01538,fish,6.74,5.76,25.9,0.0,0.0,27.7,Optimal,True,val
pond_01539,fish,7.81,6.32,32.7,0.0,0.15,22.7,Optimal,True,test
pond_01540,fish,8.03,6.16,27.8,0.008,0.0,39.4,Optimal,True,train
pond_01541,fish,7.56,5.77,30.9,0.0,0.1,11.7,Optimal,True,val
pond_01542,fish,6.29,3.37,29.2,0.164,0.1,33.0,Critical,True,val
pond_01543,fish,6.82,6.78,28.2,0.02,0.05,44.3,Optimal,True,val
pond_01544,fish,7.74,5.38,32.3,0.0,0.0,31.1,Optimal,True,test
pond_01545,fish,7.41,5.85,27.8,0.0,0.6,17.0,Optimal,True,train
pond_01546,fish,5.78,7.37,23.5,0.082,0.27,53.5,Critical,True,train
pond_01547,fish,8.15,5.71,26.3,0.115,0.14,48.1,Critical,True,train
pond_01548,fish,7.48,4.64,30.0,0.0,0.39,16.3,Optimal,True,train
pond_01549,fish,6.91,5.22,29.6,0.0,0.32,11.7,Optimal,True,train
pond_01550,fish,8.0,6.09,24.1,0.0,0.27,17.9,Optimal,True,train
pond_01551,fish,6.99,9.29,26.5,0.0,0.37,44.8,Optimal,True,train
pond_01552,fish,6.99,7.43,26.9,0.0,0.23,40.0,Optimal,True,train
pond_01553,fish,7.62,4.66,27.5,0.24,0.37,49.2,Critical,True,train
pond_01554,fish,8.47,9.48,24.6,0.0,0.39,29.1,Optimal,True,train
pond_01555,fish,8.37,5.57,26.7,0.0,0.24,18.4,Optimal,True,train
pond_01556,fish,7.62,6.28,26.5,0.109,0.14,51.5,Critical,True,train
pond_01557,fish,7.68,6.59,30.7,0.0,0.58,25.0,Optimal,True,train
pond_01558,fish,7.87,2.56,30.8,0.257,0.08,38.4,Critical,True,val
pond_01559,fish,6.65,5.56,28.1,0.0,0.3,7.1,Optimal,True,train
pond_01560,fish,7.79,5.23,27.4,0.01,0.3,24.7,Optimal,True,val
pond_01561,fish,6.96,6.0,28.9,0.111,0.05,53.2,Critical,True,test
pond_01562,fish,7.59,6.81,26.2,0.0,0.0,22.1,Optimal,True,test
pond_01563,fish,7.26,6.38,25.3,0.097,0.11,49.7,Critical,True,train
pond_01564,fish,7.7,6.19,25.9,0.0,0.08,0.0,Acceptable,True,val
pond_01565,fish,7.47,7.67,26.7,0.0,0.0,24.9,Optimal,True,train
pond_01566,fish,5.56,6.92,25.2,0.0,0.04,31.9,Poor,True,train
pond_01567,fish,7.51,5.76,29.0,0.272,0.27,66.4,Critical,True,train
pond_01568,fish,7.79,5.57,30.5,0.0,0.52,14.0,Optimal,True,test
pond_01569,fish,7.67,9.32,24.1,0.0,0.34,47.1,Acceptable,True,val
pond_01570,fish,7.34,6.03,28.6,0.185,0.0,54.0,Critical,True,train
pond_01571,fish,8.39,5.21,27.9,0.0,0.36,22.0,Optimal,True,train
pond_01572,fish,7.59,2.92,29.5,0.17,0.06,28.3,Critical,True,train
pond_01573,fish,7.66,3.8,28.5,0.166,0.31,37.5,Critical,True,train
pond_01574,fish,8.03,6.02,24.4,0.0,0.2,8.3,Optimal,True,train
pond_01575,fish,7.62,6.41,25.0,0.0,0.15,26.8,Optimal,True,train
pond_01576,fish,6.86,5.0,28.6,0.267,0.17,58.0,Critical,True,train
pond_01577,fish,5.94,5.67,31.4,0.084,0.19,44.4,Critical,True,train
pond_01578,fish,7.11,6.33,22.3,0.0,0.54,32.2,Acceptable,True,train
pond_01579,fish,7.86,4.31,29.5,0.161,0.2,37.0,Critical,True,val
pond_01580,fish,7.19,5.94,31.8,0.077,0.47,45.5,Poor,True,train
pond_01581,fish,7.88,7.81,28.1,0.0,0.43,48.9,Optimal,True,train
pond_01582,fish,7.49,3.92,30.0,0.049,0.37,25.0,Poor,True,val
pond_01583,fish,8.17,6.56,26.5,0.203,0.0,62.6,Critical,True,train
pond_01584,fish,7.22,3.2,28.2,0.385,0.48,58.7,Critical,True,train
pond_01585,fish,7.68,4.71,24.0,0.177,0.09,47.2,Critical,True,train
pond_01586,fish,7.7,6.38,21.9,0.0,0.38,19.8,Acceptable,True,train
pond_01587,fish,8.3,6.82,31.1,0.0,0.0,16.6,Optimal,True,train
pond_01588,fish,6.38,5.3,25.7,0.005,0.0,29.1,Optimal,True,train
pond_01589,fish,7.12,4.93,27.2,0.084,0.69,36.1,Poor,True,train
pond_01590,fish,7.91,6.68,24.6,0.0,0.0,3.2,Acceptable,True,val
pond_01591,fish,8.33,6.7,24.6,0.022,0.49,43.9,Optimal,True,train
pond_01592,fish,7.54,4.81,28.0,0.259,0.23,58.2,Critical,True,train
pond_01593,fish,7.22,9.02,26.5,0.0,0.09,45.4,Optimal,True,train
pond_01594,fish,7.85,5.2,29.6,0.0,0.19,22.8,Optimal,True,train
pond_01595,fish,7.92,5.69,29.8,0.0,0.0,20.7,Optimal,True,train
pond_01596,fish,7.18,5.04,29.4,0.115,0.2,40.4,Critical,True,test
pond_01597,fish,7.6,6.27,29.2,0.0,0.0,32.2,Optimal,True,train
pond_01598,fish,8.11,6.58,32.9,0.02,0.1,43.0,Optimal,True,train
pond_01599,fish,8.53,8.77,25.5,0.0,0.43,45.8,Optimal,True,train
pond_01600,fish,7.85,4.77,28.3,0.258,0.26,54.7,Critical,True,train
pond_01601,fish,7.43,6.66,31.7,0.0,0.0,14.6,Optimal,True,train
pond_01602,fish,7.37,5.81,32.0,0.041,0.41,39.0,Acceptable,True,val
pond_01603,fish,7.73,8.02,24.5,0.0,0.2,28.5,Optimal,True,train
pond_01604,fish,7.33,5.86,27.6,0.0,0.06,33.2,Optimal,True,train
pond_01605,fish,7.51,4.72,32.3,0.215,0.39,50.6,Critical,True,val
pond_01606,fish,6.77,6.81,29.9,0.1,0.16,52.5,Critical,True,val
pond_01607,fish,8.18,7.02,29.0,0.151,0.0,60.2,Critical,True,train
pond_01608,fish,6.72,8.12,27.9,0.0,0.66,42.7,Optimal,True,train
pond_01609,fish,7.14,6.31,27.4,0.0,0.2,33.0,Optimal,True,train
pond_01610,fish,7.46,5.48,29.3,0.0,0.18,30.4,Optimal,True,train
pond_01611,fish,8.59,2.51,27.8,0.0,0.1,3.8,Poor,True,train
pond_01612,fish,7.15,3.57,28.4,0.378,0.49,59.1,Critical,True,train
pond_01613,fish,7.0,5.2,28.7,0.0,0.07,29.2,Optimal,True,train
pond_01614,fish,7.07,4.67,26.6,0.14,0.0,44.1,Critical,True,train
pond_01615,fish,8.4,6.62,30.0,0.053,0.03,47.2,Critical,True,train
pond_01616,fish,5.71,2.22,36.7,0.085,0.53,12.6,Critical,True,train
pond_01617,fish,6.8,6.16,23.5,0.0,0.41,18.4,Poor,True,test
pond_01618,fish,9.04,4.96,29.4,0.327,0.14,62.8,Critical,True,train
pond_01619,fish,7.75,7.94,26.4,0.0,0.54,40.2,Optimal,True,train
pond_01620,fish,6.74,4.6,30.1,0.007,0.39,24.5,Acceptable,True,train
pond_01621,fish,7.37,6.41,28.6,0.0,0.13,32.7,Optimal,True,train
pond_01622,fish,7.44,5.62,30.6,0.211,0.16,54.6,Critical,True,train
pond_01623,fish,7.91,6.36,31.8,0.12,0.28,51.8,Critical,True,test
pond_01624,fish,8.5,6.87,29.0,0.0,0.0,8.6,Optimal,True,train
pond_01625,fish,7.63,5.07,31.7,0.301,0.2,64.4,Critical,True,train
pond_01626,fish,7.08,4.83,21.9,0.204,0.28,52.4,Critical,True,val
pond_01627,fish,7.87,4.52,33.0,0.08,0.0,32.3,Critical,True,train
pond_01628,fish,6.98,5.55,29.6,0.0,0.15,13.5,Optimal,True,train
pond_01629,fish,6.78,5.55,31.5,0.183,0.12,54.0,Critical,True,train
pond_01630,fish,6.34,5.5,25.1,0.109,0.46,43.6,Critical,True,train
pond_01631,fish,6.46,7.9,26.2,0.0,0.0,8.8,Optimal,True,train
pond_01632,fish,6.86,5.73,28.9,0.0,0.1,30.8,Optimal,True,train
pond_01633,fish,6.69,4.52,28.5,0.565,0.08,91.3,Critical,True,train
pond_01634,fish,7.59,4.99,29.3,0.072,0.44,35.3,Poor,True,train
pond_01635,fish,6.68,7.85,31.5,0.0,0.19,21.6,Optimal,True,train
pond_01636,fish,5.51,7.79,23.6,0.0,0.65,16.8,Critical,True,train
pond_01637,fish,6.77,6.68,31.2,0.204,0.37,66.9,Critical,True,val
pond_01638,fish,7.12,4.34,28.5,0.222,0.1,50.3,Critical,True,val
pond_01639,fish,7.04,4.96,27.9,0.275,0.26,60.3,Critical,True,val
pond_01640,fish,8.31,5.73,24.4,0.051,0.11,39.5,Poor,True,train
pond_01641,fish,7.03,5.76,29.9,0.199,0.41,57.6,Critical,True,train
pond_01642,fish,7.93,7.0,21.7,0.0,0.0,19.7,Acceptable,True,train
pond_01643,fish,7.39,4.73,30.3,0.119,0.0,37.9,Critical,True,train
pond_01644,fish,7.37,6.19,24.3,0.038,0.31,40.2,Acceptable,True,test
pond_01645,fish,6.9,4.66,28.6,0.292,0.51,59.9,Critical,True,test
pond_01646,fish,7.36,5.62,28.2,0.049,0.0,40.7,Poor,True,train
pond_01647,fish,6.94,6.66,31.8,0.0,0.54,23.7,Optimal,True,test
pond_01648,fish,7.5,3.79,28.0,0.171,0.16,36.2,Critical,True,train
pond_01649,fish,7.26,6.7,26.6,0.0,0.0,4.8,Optimal,True,train
pond_01650,fish,6.83,8.04,27.1,0.0,0.0,0.0,Acceptable,True,train
pond_01651,fish,8.0,4.78,32.1,0.226,0.0,50.0,Critical,True,train
pond_01652,fish,7.66,4.74,30.0,0.058,0.2,28.3,Poor,True,train
pond_01653,fish,7.13,7.33,27.4,0.0,0.18,30.3,Optimal,True,train
pond_01654,fish,7.49,4.56,27.8,0.241,0.36,50.0,Critical,True,train
pond_01655,fish,7.35,6.71,24.1,0.139,0.06,60.1,Critical,True,train
pond_01656,fish,6.88,4.11,29.6,0.212,0.0,44.6,Critical,True,train
pond_01657,fish,7.44,4.24,23.6,0.408,0.1,69.7,Critical,True,train
pond_01658,fish,7.03,5.14,30.6,0.14,0.21,44.0,Critical,True,train
pond_01659,fish,6.83,3.95,28.9,0.213,0.26,40.4,Critical,True,test
pond_01660,fish,6.43,4.35,35.2,0.155,0.0,39.3,Critical,True,train
pond_01661,fish,7.18,8.02,25.4,0.0,0.43,11.9,Optimal,True,train
pond_01662,fish,7.74,8.46,28.2,0.0,0.04,52.2,Optimal,True,train
pond_01663,fish,6.98,4.85,33.5,0.0,0.0,0.0,Acceptable,True,val
pond_01664,fish,8.91,6.51,31.8,0.0,0.06,24.4,Acceptable,True,test
pond_01665,fish,7.93,6.78,26.6,0.0,0.47,35.4,Optimal,True,train
pond_01666,fish,8.18,5.13,29.1,0.0,0.17,20.8,Optimal,True,train
pond_01667,fish,7.88,3.1,28.5,0.141,0.03,26.9,Critical,True,train
pond_01668,fish,8.51,7.91,29.3,0.123,0.43,68.1,Critical,True,train
pond_01669,fish,6.93,4.75,26.5,0.258,0.74,54.9,Critical,True,train
pond_01670,fish,5.86,7.79,28.2,0.0,0.25,22.7,Acceptable,True,train
pond_01671,fish,7.13,7.51,24.0,0.0,0.51,26.5,Acceptable,True,train
pond_01672,fish,7.73,4.35,28.9,0.0,0.46,12.0,Acceptable,True,val
pond_01673,fish,7.49,5.97,29.8,0.057,0.05,47.7,Poor,True,train
pond_01674,fish,7.57,8.92,27.9,0.0,0.21,30.5,Optimal,True,train
pond_01675,fish,8.19,8.92,24.0,0.0,0.0,0.0,Acceptable,True,train
pond_01676,fish,7.63,4.49,31.3,0.118,0.15,36.8,Critical,True,train
pond_01677,fish,7.88,4.58,29.5,0.165,0.04,42.9,Critical,True,train
pond_01678,fish,6.84,6.38,26.5,0.142,0.1,52.3,Critical,True,train
pond_01679,fish,6.74,5.74,27.7,0.01,0.01,33.7,Optimal,True,train
pond_01680,fish,8.37,8.38,24.3,0.0,0.13,28.3,Optimal,True,train
pond_01681,fish,7.46,7.45,25.6,0.199,0.33,70.8,Critical,True,train
pond_01682,fish,7.03,3.75,27.0,0.172,0.17,35.1,Critical,True,train
pond_01683,fish,7.03,5.71,31.9,0.134,0.0,48.0,Critical,True,train
pond_01684,fish,7.01,5.93,26.7,0.0,0.01,25.3,Optimal,True,train
pond_01685,fish,6.97,5.47,30.3,0.15,0.0,47.4,Critical,True,test
pond_01686,fish,6.63,6.47,27.0,0.0,0.26,8.8,Optimal,True,val
pond_01687,fish,6.5,7.33,29.2,0.0,0.33,26.7,Optimal,True,train
pond_01688,fish,7.28,7.25,28.1,0.0,0.26,13.3,Optimal,True,train
pond_01689,fish,7.04,4.23,30.9,0.037,0.0,24.1,Poor,True,train
pond_01690,fish,8.06,6.04,27.0,0.161,0.26,57.5,Critical,True,train
pond_01691,fish,7.58,6.12,24.1,0.0,0.08,24.0,Optimal,True,train
pond_01692,fish,7.56,4.27,24.6,0.218,0.0,47.9,Critical,True,train
pond_01693,fish,6.95,5.97,27.0,0.236,0.39,62.3,Critical,True,train
pond_01694,fish,7.33,9.13,25.0,0.0,0.4,34.5,Optimal,True,train
pond_01695,fish,7.62,3.16,29.6,0.383,0.44,52.9,Critical,True,train
pond_01696,fish,7.83,6.05,27.2,0.052,0.05,44.6,Poor,True,train
pond_01697,fish,7.34,4.3,35.1,0.138,0.49,37.1,Critical,True,train
pond_01698,fish,8.05,7.25,23.6,0.0,0.08,48.5,Acceptable,True,train
pond_01699,fish,7.4,4.33,29.1,0.392,0.36,68.1,Critical,True,val
pond_01700,fish,7.88,4.48,25.3,0.004,0.07,23.5,Acceptable,True,test
pond_01701,fish,7.11,4.17,27.1,0.002,0.14,17.7,Poor,True,train
pond_01702,fish,6.31,7.58,28.9,0.0,0.0,16.7,Optimal,True,train
pond_01703,fish,7.56,5.82,22.0,0.177,0.12,52.9,Critical,True,train
pond_01704,fish,7.84,4.96,29.2,0.226,0.22,55.3,Critical,True,test
pond_01705,fish,7.75,7.6,33.8,0.0,0.1,25.3,Acceptable,True,train
pond_01706,fish,7.65,5.04,27.2,0.0,0.64,0.0,Acceptable,True,train
pond_01707,fish,7.19,6.12,29.2,0.0,0.0,22.9,Optimal,True,train
pond_01708,fish,6.92,6.67,31.4,0.037,0.06,44.9,Acceptable,True,val
pond_01709,fish,7.73,7.32,28.0,0.0,0.0,33.8,Optimal,True,train
pond_01710,fish,7.66,4.28,26.9,0.151,0.06,38.2,Critical,True,train
pond_01711,fish,7.06,6.17,22.1,0.0,0.46,25.6,Acceptable,True,train
pond_01712,fish,8.07,5.84,30.3,0.148,0.57,53.3,Critical,True,train
pond_01713,fish,6.87,8.57,28.2,0.0,0.02,41.2,Optimal,True,train
pond_01714,fish,7.05,5.34,25.7,0.157,0.02,45.6,Critical,True,train
pond_01715,fish,8.38,5.03,28.9,0.065,0.0,37.9,Poor,True,train
pond_01716,fish,7.92,6.74,26.9,0.031,0.53,44.4,Acceptable,True,train
pond_01717,fish,7.19,6.98,27.0,0.006,0.48,43.3,Optimal,True,train
pond_01718,fish,7.57,6.39,30.2,0.0,0.17,18.3,Optimal,True,train
pond_01719,fish,7.49,5.42,24.8,0.106,0.0,41.7,Critical,True,train
pond_01720,fish,5.75,4.43,31.4,0.23,0.0,49.2,Critical,True,train
pond_01721,fish,6.86,6.94,24.6,0.11,0.24,55.8,Critical,True,val
pond_01722,fish,7.37,7.96,26.6,0.0,0.34,42.5,Optimal,True,test
pond_01723,fish,7.19,4.31,33.9,0.0,0.0,17.6,Acceptable,True,train
pond_01724,fish,7.55,5.09,31.7,0.0,0.12,20.4,Optimal,True,train
pond_01725,fish,8.08,4.31,28.8,0.076,0.6,27.2,Poor,True,val
pond_01726,fish,7.21,8.97,25.9,0.0,0.15,38.4,Optimal,True,val
pond_01727,fish,6.77,6.33,27.0,0.0,0.57,32.8,Optimal,True,val
pond_01728,fish,7.59,7.26,28.7,0.0,0.36,14.8,Optimal,True,train
pond_01729,fish,7.2,5.82,28.6,0.0,0.0,14.7,Optimal,True,train
pond_01730,fish,7.31,5.97,28.2,0.0,0.13,0.0,Acceptable,True,train
pond_01731,fish,7.22,3.72,28.4,0.0,0.17,0.0,Poor,True,train
pond_01732,fish,8.75,2.92,27.9,0.151,0.0,32.6,Critical,True,train
pond_01733,fish,6.06,8.42,24.5,0.179,0.0,76.8,Critical,True,train
pond_01734,fish,7.17,6.22,27.1,0.238,0.58,67.3,Critical,True,test
pond_01735,fish,7.4,5.54,31.1,0.0,0.0,17.4,Optimal,True,train
pond_01736,fish,6.93,4.87,24.7,0.115,0.47,37.7,Poor,True,train
pond_01737,fish,7.94,4.65,28.0,0.0,0.09,8.6,Acceptable,True,train
pond_01738,fish,7.89,7.78,26.2,0.0,0.19,11.4,Optimal,True,train
pond_01739,fish,7.37,8.17,28.8,0.0,0.34,13.4,Optimal,True,train
pond_01740,fish,7.24,5.16,27.4,0.05,0.05,30.9,Poor,True,test
pond_01741,fish,7.33,5.85,32.6,0.001,0.34,31.7,Optimal,True,test
pond_01742,fish,7.34,5.76,29.9,0.075,0.0,39.5,Poor,True,train
pond_01743,fish,7.35,6.42,24.8,0.067,0.31,46.9,Poor,True,test
pond_01744,fish,7.29,7.99,30.4,0.0,0.0,28.9,Optimal,True,train
pond_01745,fish,7.55,5.63,26.3,0.067,0.14,35.7,Poor,True,train
pond_01746,fish,7.85,7.88,26.9,0.0,0.41,15.3,Optimal,True,train
pond_01747,fish,6.66,6.15,29.4,0.0,0.36,10.8,Optimal,True,train
pond_01748,fish,6.77,6.07,27.1,0.0,0.0,8.0,Optimal,True,train
pond_01749,fish,6.35,7.19,31.0,0.025,0.0,46.7,Acceptable,True,train
pond_01750,fish,7.92,6.67,26.3,0.0,0.03,28.9,Optimal,True,train
pond_01751,fish,7.55,6.04,26.8,0.0,0.25,1.3,Acceptable,True,train
pond_01752,fish,7.7,8.13,26.7,0.0,0.0,33.9,Acceptable,True,train
pond_01753,fish,6.54,7.89,26.9,0.0,0.2,12.5,Optimal,True,test
pond_01754,fish,8.47,6.82,31.6,0.204,0.28,64.9,Critical,True,train
pond_01755,fish,7.03,0.1,30.3,0.316,0.13,24.6,Critical,True,test
pond_01756,fish,7.5,5.39,33.3,0.153,0.33,47.3,Critical,True,val
pond_01757,fish,7.91,4.74,34.8,0.27,0.26,54.6,Critical,True,train
pond_01758,fish,6.81,6.37,25.6,0.0,0.06,17.8,Optimal,True,test
pond_01759,fish,7.07,6.61,28.7,0.0,0.0,36.4,Optimal,True,train
pond_01760,fish,7.51,6.87,25.2,0.012,0.23,45.0,Optimal,True,test
pond_01761,fish,9.11,7.22,26.3,0.0,0.0,37.1,Acceptable,True,val
pond_01762,fish,7.58,5.8,26.7,0.093,0.06,41.5,Critical,True,val
pond_01763,fish,8.36,8.53,25.5,0.0,0.32,11.1,Optimal,True,val
pond_01764,fish,8.12,7.52,25.6,0.0,0.55,45.0,Optimal,True,train
pond_01765,fish,7.62,6.65,28.1,0.0,0.19,26.2,Optimal,True,val
pond_01766,fish,6.81,7.22,25.1,0.0,0.34,41.3,Optimal,True,train
pond_01767,fish,8.04,6.91,30.9,0.08,0.0,51.6,Poor,True,train
pond_01768,fish,6.5,7.78,25.9,0.0,0.26,47.0,Optimal,True,train
pond_01769,fish,8.36,3.96,36.4,0.167,0.19,41.3,Critical,True,train
pond_01770,fish,7.52,7.46,27.2,0.0,0.51,46.6,Optimal,True,train
pond_01771,fish,5.81,6.0,28.7,0.077,0.06,47.4,Critical,True,val
pond_01772,fish,7.2,9.26,24.9,0.009,0.14,61.9,Optimal,True,train
pond_01773,fish,7.79,6.31,33.3,0.0,0.46,34.4,Acceptable,True,train
pond_01774,fish,7.26,4.25,31.6,0.14,0.18,38.0,Critical,True,val
pond_01775,fish,7.83,8.88,29.3,0.0,0.0,51.8,Optimal,True,train
pond_01776,fish,6.89,3.67,24.7,0.096,0.84,26.2,Critical,True,train
pond_01777,fish,6.62,6.57,29.1,0.0,0.0,11.0,Optimal,True,train
pond_01778,fish,7.36,5.5,25.4,0.109,0.18,43.9,Critical,True,train
pond_01779,fish,7.42,7.56,32.6,0.0,0.29,31.3,Optimal,True,train
pond_01780,fish,7.19,5.67,30.8,0.0,0.27,13.3,Optimal,True,test
pond_01781,fish,8.14,4.63,28.8,0.174,0.15,44.0,Critical,True,train
pond_01782,fish,6.89,6.89,21.7,0.174,0.15,60.8,Critical,True,test
pond_01783,fish,7.59,5.39,25.7,0.0,0.14,5.7,Optimal,True,val
pond_01784,fish,7.44,4.96,30.4,0.235,0.0,53.4,Critical,True,train
pond_01785,fish,6.47,4.61,31.9,0.0,0.74,0.0,Acceptable,True,train
pond_01786,fish,6.61,4.08,31.6,0.044,0.15,27.8,Poor,True,train
pond_01787,fish,7.41,7.13,24.0,0.196,0.35,68.1,Critical,True,train
pond_01788,fish,8.59,6.17,29.3,0.0,0.12,29.1,Optimal,True,train
pond_01789,fish,7.75,3.8,31.3,0.167,0.11,36.6,Critical,True,train
pond_01790,fish,6.36,4.47,23.9,0.199,0.09,48.7,Critical,True,train
pond_01791,fish,5.53,6.24,28.5,0.0,0.0,4.1,Poor,True,test
pond_01792,fish,7.84,6.38,29.3,0.0,0.16,36.3,Optimal,True,val
pond_01793,fish,7.34,7.0,27.7,0.0,0.1,36.2,Optimal,True,val
pond_01794,fish,8.08,7.68,23.3,0.137,0.49,68.5,Critical,True,train
pond_01795,fish,6.87,8.2,27.6,0.0,0.0,12.8,Optimal,True,test
pond_01796,fish,7.61,7.39,27.6,0.0,0.06,28.1,Optimal,True,train
pond_01797,fish,7.91,9.64,28.1,0.0,0.0,18.3,Acceptable,True,train
pond_01798,fish,7.13,10.48,26.9,0.0,0.56,16.4,Acceptable,True,test
pond_01799,fish,7.14,3.6,27.3,0.34,0.0,55.3,Critical,True,train
pond_01800,fish,7.42,2.75,28.4,0.247,0.34,35.5,Critical,True,train
pond_01801,fish,7.73,5.52,29.7,0.0,0.44,25.0,Optimal,True,val
pond_01802,fish,7.39,6.69,27.6,0.0,0.16,25.7,Optimal,True,train
pond_01803,fish,7.98,5.94,27.4,0.0,0.0,24.9,Optimal,True,train
pond_01804,fish,7.12,6.73,28.8,0.0,0.0,26.5,Optimal,True,train
pond_01805,fish,6.6,6.57,23.1,0.0,0.41,12.2,Acceptable,True,test
pond_01806,fish,8.59,4.54,29.8,0.087,0.0,30.3,Critical,True,train
pond_01807,fish,7.04,5.04,28.5,0.009,0.3,28.5,Optimal,True,val
pond_01808,fish,7.06,5.5,28.6,0.0,0.23,21.4,Optimal,True,test
pond_01809,fish,7.36,6.4,31.2,0.008,0.29,37.8,Optimal,True,train
pond_01810,fish,7.44,6.29,23.0,0.01,0.32,39.3,Acceptable,True,train
pond_01811,fish,7.17,6.58,23.0,0.0,0.0,25.0,Optimal,True,test
pond_01812,fish,7.39,6.43,29.3,0.0,0.0,32.4,Optimal,True,train
pond_01813,fish,7.38,5.53,28.5,0.362,0.38,73.9,Critical,True,val
pond_01814,fish,7.5,7.26,29.0,0.237,0.04,73.2,Critical,True,train
pond_01815,fish,5.99,4.79,27.2,0.0,0.0,16.0,Poor,True,train
pond_01816,fish,8.53,3.81,30.4,0.013,0.36,18.5,Acceptable,True,test
pond_01817,fish,7.31,5.67,31.1,0.0,0.0,15.9,Optimal,True,train
pond_01818,fish,7.75,6.08,29.9,0.15,0.32,54.0,Poor,True,train
pond_01819,fish,6.57,4.75,27.8,0.005,0.55,27.8,Optimal,True,train
pond_01820,fish,7.12,8.95,22.6,0.0,0.2,39.3,Acceptable,True,train
pond_01821,fish,7.0,8.03,30.7,0.149,0.45,70.9,Critical,True,train
pond_01822,fish,8.28,4.19,31.9,0.142,0.24,34.8,Critical,True,train
pond_01823,fish,7.05,7.5,30.3,0.0,0.6,47.7,Optimal,True,test
pond_01824,fish,7.85,2.99,26.0,0.289,0.0,44.4,Critical,True,train
pond_01825,fish,7.01,6.9,30.4,0.0,0.2,24.4,Optimal,True,val
pond_01826,fish,7.13,4.08,30.9,0.292,0.37,54.1,Critical,True,train
pond_01827,fish,7.25,6.23,32.9,0.0,0.15,19.7,Optimal,True,train
pond_01828,fish,8.17,4.98,26.0,0.236,0.49,59.1,Critical,True,train
pond_01829,fish,6.27,5.84,27.9,0.0,0.09,24.4,Acceptable,True,train
pond_01830,fish,6.61,4.22,30.6,0.057,0.72,26.4,Poor,True,train
pond_01831,fish,6.23,5.47,28.7,0.0,0.73,15.4,Acceptable,True,train
pond_01832,fish,6.75,9.03,25.4,0.0,0.27,18.4,Optimal,True,val
pond_01833,fish,6.91,5.4,29.7,0.0,0.34,27.3,Optimal,True,train
pond_01834,fish,6.43,8.41,30.1,0.0,0.5,0.0,Acceptable,True,train
pond_01835,fish,6.96,5.21,28.7,0.027,0.0,30.8,Acceptable,True,val
pond_01836,fish,6.19,7.76,29.1,0.0,0.0,25.9,Acceptable,True,train
pond_01837,fish,6.79,3.68,27.8,0.283,0.51,49.2,Critical,True,train
pond_01838,fish,8.12,4.51,32.6,0.196,0.27,42.6,Critical,True,val
pond_01839,fish,7.64,5.59,26.0,0.0,0.14,22.3,Optimal,True,train
pond_01840,fish,7.51,8.31,26.9,0.0,0.2,26.7,Optimal,True,test
pond_01841,fish,6.8,6.05,28.5,0.0,0.0,30.8,Optimal,True,train
pond_01842,fish,6.48,2.35,31.0,0.469,0.15,61.7,Critical,True,train
pond_01843,fish,6.72,4.86,24.3,0.0,0.01,20.2,Acceptable,True,train
pond_01844,fish,7.37,5.17,24.8,0.0,0.43,22.0,Optimal,True,train
pond_01845,fish,7.92,8.33,22.8,0.0,0.45,14.7,Acceptable,True,test
pond_01846,fish,7.94,6.91,28.6,0.0,0.34,8.3,Optimal,True,train
pond_01847,fish,7.78,6.05,25.4,0.026,0.3,40.5,Optimal,True,test
pond_01848,fish,6.96,5.26,27.4,0.056,0.0,38.7,Poor,True,train
pond_01849,fish,7.41,6.41,30.4,0.184,0.35,58.1,Critical,True,train
pond_01850,fish,7.21,4.6,26.7,0.231,0.36,53.7,Critical,True,train
pond_01851,fish,7.28,6.3,29.1,0.359,0.51,78.1,Critical,True,test
pond_01852,fish,8.62,6.5,27.7,0.0,0.73,33.7,Optimal,True,train
pond_01853,fish,6.34,5.01,30.4,0.028,0.0,30.3,Acceptable,True,train
pond_01854,fish,7.26,6.07,29.8,0.0,0.1,11.6,Optimal,True,val
pond_01855,fish,8.13,6.36,26.6,0.084,0.01,47.5,Poor,True,train
pond_01856,fish,6.52,6.6,28.0,0.0,0.24,37.1,Optimal,True,val
pond_01857,fish,7.01,3.31,31.4,0.309,0.2,46.7,Critical,True,train
pond_01858,fish,7.08,6.42,29.6,0.0,0.14,14.5,Optimal,True,train
pond_01859,fish,7.27,8.08,24.6,0.0,0.46,41.3,Optimal,True,train
pond_01860,fish,6.44,5.86,30.3,0.03,0.0,38.7,Poor,True,val
pond_01861,fish,7.76,7.29,25.5,0.0,0.0,37.5,Optimal,True,train
pond_01862,fish,7.8,4.8,32.5,0.0,0.0,22.7,Acceptable,True,train
pond_01863,fish,7.71,6.43,31.4,0.152,0.11,56.4,Critical,True,train
pond_01864,fish,6.88,5.72,29.3,0.337,0.0,71.9,Critical,True,train
pond_01865,fish,7.45,4.1,28.9,0.0,0.19,15.0,Acceptable,True,test
pond_01866,fish,6.86,7.07,27.9,0.044,0.16,48.0,Poor,True,train
pond_01867,fish,7.2,3.11,30.4,0.0,0.0,0.0,Poor,True,train
pond_01868,fish,8.69,6.42,27.5,0.06,0.42,47.0,Critical,True,train
pond_01869,fish,7.46,5.12,29.2,0.0,0.19,1.3,Acceptable,True,train
pond_01870,fish,6.69,4.65,30.9,0.0,0.47,25.6,Optimal,True,test
pond_01871,fish,7.51,6.38,26.9,0.0,0.15,11.4,Optimal,True,train
pond_01872,fish,6.59,5.18,26.8,0.0,0.19,31.1,Optimal,True,train
pond_01873,fish,6.68,7.23,25.2,0.04,0.06,50.1,Acceptable,True,val
pond_01874,fish,6.78,6.52,25.5,0.0,0.2,1.6,Optimal,True,train
pond_01875,fish,7.13,6.03,23.4,0.0,0.38,28.5,Acceptable,True,val
pond_01876,fish,7.96,7.24,30.5,0.0,0.1,25.8,Optimal,True,train
pond_01877,fish,7.75,5.0,33.6,0.305,0.33,63.5,Critical,True,train
pond_01878,fish,7.71,5.83,32.5,0.091,0.0,42.8,Critical,True,train
pond_01879,fish,6.74,8.76,23.9,0.0,0.39,13.8,Acceptable,True,train
pond_01880,fish,7.08,7.33,30.5,0.0,0.06,26.5,Optimal,True,test
pond_01881,fish,7.56,5.76,32.5,0.253,0.41,63.0,Critical,True,val
pond_01882,fish,7.02,5.65,27.2,0.123,0.22,47.9,Poor,True,train
pond_01883,fish,7.23,3.74,28.8,0.017,0.58,18.5,Acceptable,True,train
pond_01884,fish,7.66,7.29,22.9,0.0,0.0,30.2,Acceptable,True,train
pond_01885,fish,7.19,7.17,29.2,0.0,0.0,30.8,Optimal,True,val
pond_01886,fish,7.54,6.93,25.5,0.0,0.05,25.3,Optimal,True,train
pond_01887,fish,8.36,0.86,29.1,0.11,0.0,4.2,Critical,True,train
pond_01888,fish,7.3,7.95,24.1,0.0,0.0,22.8,Optimal,True,val
pond_01889,fish,8.11,6.78,30.0,0.129,0.36,60.0,Critical,True,train
pond_01890,fish,7.74,4.76,31.4,0.043,0.2,28.1,Poor,True,val
pond_01891,fish,6.52,7.65,26.3,0.0,0.08,33.1,Optimal,True,train
pond_01892,fish,6.74,7.36,25.3,0.0,0.1,37.5,Optimal,True,test
pond_01893,fish,6.9,6.13,22.5,0.346,0.05,74.9,Critical,True,test
pond_01894,fish,6.89,7.74,27.8,0.0,0.61,35.2,Acceptable,True,test
pond_01895,fish,7.35,4.37,26.9,0.293,0.02,54.7,Critical,True,train
pond_01896,fish,7.77,6.65,24.2,0.0,0.0,24.2,Optimal,True,train
pond_01897,fish,8.15,5.31,29.8,0.007,0.4,30.3,Optimal,True,train
pond_01898,fish,7.58,4.91,27.2,0.073,0.15,35.2,Poor,True,train
pond_01899,fish,7.13,6.87,25.5,0.0,0.71,21.1,Optimal,True,val
pond_01900,fish,6.15,7.97,26.9,0.0,0.07,31.3,Acceptable,True,train
pond_01901,fish,7.44,6.9,31.5,0.065,0.41,51.0,Poor,True,train
pond_01902,fish,7.42,6.45,30.2,0.0,0.47,20.6,Optimal,True,train
pond_01903,fish,7.51,3.5,28.1,0.173,0.07,35.0,Critical,True,train
pond_01904,fish,8.66,3.56,30.2,0.258,0.01,47.8,Critical,True,train
pond_01905,fish,8.14,6.73,25.2,0.0,0.39,20.2,Optimal,True,train
pond_01906,fish,7.87,5.73,28.6,0.156,0.34,54.7,Critical,True,train
pond_01907,fish,6.82,5.01,28.9,0.073,0.0,36.3,Poor,True,val
pond_01908,fish,7.09,8.75,27.2,0.0,0.0,32.0,Optimal,True,train
pond_01909,fish,7.34,5.69,29.7,0.0,0.0,0.0,Acceptable,True,test
pond_01910,fish,6.93,7.03,26.3,0.0,0.35,28.3,Optimal,True,test
pond_01911,fish,7.7,6.88,29.9,0.003,0.13,41.7,Optimal,True,train
pond_01912,fish,7.61,5.55,30.0,0.293,0.16,66.4,Critical,True,val
pond_01913,fish,6.75,11.18,20.3,0.0,0.0,45.2,Poor,True,train
pond_01914,fish,8.12,3.77,31.8,0.317,0.0,55.3,Critical,True,train
pond_01915,fish,7.46,6.78,20.0,0.0,0.08,13.2,Poor,True,train
pond_01916,fish,6.36,4.85,26.8,0.038,0.03,32.7,Poor,True,train
pond_01917,fish,7.37,7.37,31.4,0.087,0.23,57.0,Poor,True,train
pond_01918,fish,7.57,7.11,27.6,0.0,0.35,19.0,Optimal,True,val
pond_01919,fish,7.98,5.92,24.4,0.16,0.77,52.4,Critical,True,train
pond_01920,fish,7.2,5.25,25.4,0.161,0.19,48.2,Critical,True,val
pond_01921,fish,7.9,7.12,31.4,0.0,0.48,39.9,Optimal,True,train
pond_01922,fish,7.51,7.46,23.1,0.0,0.0,29.1,Acceptable,True,train
pond_01923,fish,6.61,7.1,31.7,0.0,0.0,17.2,Optimal,True,train
pond_01924,fish,6.55,5.75,28.3,0.282,0.11,67.0,Critical,True,test
pond_01925,fish,8.07,7.23,25.2,0.034,0.0,46.4,Acceptable,True,train
pond_01926,fish,8.12,6.57,26.9,0.012,0.2,41.1,Optimal,True,train
pond_01927,fish,7.59,5.54,25.7,0.0,0.0,27.6,Optimal,True,train
pond_01928,fish,8.3,5.08,30.9,0.067,0.0,35.7,Poor,True,train
pond_01929,fish,8.03,3.7,30.6,0.195,0.63,38.0,Poor,True,test
pond_01930,fish,7.81,7.52,23.7,0.0,0.07,42.2,Acceptable,True,train
pond_01931,fish,6.85,7.11,27.4,0.031,0.0,48.2,Acceptable,True,val
pond_01932,fish,8.44,7.7,26.1,0.0,0.42,20.9,Optimal,True,val
pond_01933,fish,7.72,5.96,32.1,0.0,0.02,8.6,Optimal,True,train
pond_01934,fish,7.17,6.43,24.7,0.0,0.47,36.5,Optimal,True,train
pond_01935,fish,7.0,7.01,33.0,0.0,0.02,3.6,Poor,True,val
pond_01936,fish,7.55,7.07,28.4,0.0,0.06,29.2,Optimal,True,test
pond_01937,fish,6.4,8.44,25.2,0.0,0.29,25.8,Optimal,True,train
pond_01938,fish,7.82,8.24,26.6,0.0,0.35,43.9,Optimal,True,train
pond_01939,fish,6.83,6.11,26.3,0.327,0.39,70.7,Poor,True,train
pond_01940,fish,7.62,7.11,24.9,0.0,0.18,0.0,Acceptable,True,train
pond_01941,fish,7.09,6.83,28.8,0.294,0.33,75.9,Critical,True,val
pond_01942,fish,7.24,4.93,25.1,0.028,0.39,30.8,Acceptable,True,train
pond_01943,fish,6.95,5.53,22.4,0.104,0.25,41.3,Critical,True,val
pond_01944,fish,7.3,4.21,27.4,0.0,0.16,9.5,Acceptable,True,train
pond_01945,fish,8.53,6.73,23.5,0.102,0.0,52.9,Critical,True,val
pond_01946,fish,8.23,5.78,26.4,0.015,0.35,35.7,Acceptable,True,train
pond_01947,fish,7.61,4.34,26.0,0.114,0.21,33.9,Critical,True,train
pond_01948,fish,7.38,6.53,26.1,0.0,0.1,0.1,Acceptable,True,train
pond_01949,fish,7.91,4.47,34.1,0.107,0.52,36.3,Critical,True,train
pond_01950,fish,8.08,7.42,28.7,0.019,0.0,50.2,Optimal,True,train
pond_01951,fish,6.9,8.47,29.2,0.0,0.61,30.7,Optimal,True,train
pond_01952,fish,7.35,7.5,23.5,0.073,0.19,56.1,Poor,True,train
pond_01953,fish,6.31,5.22,26.7,0.204,0.28,55.4,Critical,True,test
pond_01954,fish,8.07,6.58,29.1,0.0,0.1,23.5,Optimal,True,val
pond_01955,fish,8.64,6.43,25.6,0.193,0.0,63.7,Critical,True,test
pond_01956,fish,7.45,4.92,31.0,0.093,0.17,35.8,Critical,True,train
pond_01957,fish,6.12,5.32,25.1,0.062,0.28,35.9,Poor,True,train
pond_01958,fish,7.77,5.32,27.7,0.07,0.37,36.8,Poor,True,val
pond_01959,fish,6.86,5.9,26.9,0.043,0.15,36.2,Acceptable,True,train
pond_01960,fish,7.0,6.83,29.0,0.0,0.0,0.0,Acceptable,True,val
pond_01961,fish,7.78,6.9,26.7,0.0,0.0,31.7,Optimal,True,train
pond_01962,fish,7.55,8.52,27.7,0.0,0.71,10.4,Optimal,True,train
pond_01963,fish,7.11,6.89,27.8,0.169,0.0,64.3,Critical,True,train
pond_01964,fish,7.01,6.83,26.4,0.165,0.56,63.5,Critical,True,train
pond_01965,fish,7.48,5.08,29.9,0.187,0.0,50.3,Critical,True,val
pond_01966,fish,7.15,4.2,29.2,0.095,0.15,30.7,Critical,True,train
pond_01967,fish,6.73,5.06,28.3,0.0,0.36,16.9,Optimal,True,train
pond_01968,fish,7.2,5.08,27.3,0.0,0.0,23.2,Optimal,True,train
pond_01969,fish,7.6,1.74,30.7,0.572,0.6,70.0,Critical,True,train
pond_01970,fish,7.29,4.53,27.8,0.018,0.22,22.5,Acceptable,True,val
pond_01971,fish,6.55,8.23,27.6,0.0,0.32,0.0,Acceptable,True,test
pond_01972,fish,7.99,6.25,28.8,0.163,0.13,53.5,Critical,True,train
pond_01973,fish,5.76,4.25,33.3,0.357,0.36,62.0,Critical,True,test
pond_01974,fish,7.13,7.16,24.7,0.159,0.59,64.9,Critical,True,train
pond_01975,fish,7.03,2.6,30.7,0.384,0.17,53.7,Critical,True,train
pond_01976,fish,7.49,7.33,23.2,0.086,0.63,56.6,Critical,True,val
pond_01977,fish,7.74,7.46,29.1,0.0,0.05,36.0,Optimal,True,train
pond_01978,fish,8.08,4.69,32.9,0.0,0.39,0.0,Acceptable,True,train
pond_01979,fish,6.97,3.03,29.9,0.2,0.32,35.5,Critical,True,test
pond_01980,fish,7.75,5.12,29.0,0.184,0.0,46.2,Critical,True,train
pond_01981,fish,7.52,7.93,26.9,0.0,0.25,32.6,Optimal,True,train
pond_01982,fish,6.37,6.14,28.6,0.0,0.2,31.7,Optimal,True,train
pond_01983,fish,8.54,3.97,27.8,0.025,0.0,17.6,Acceptable,True,val
pond_01984,fish,6.54,9.59,26.3,0.0,0.29,17.0,Acceptable,True,train
pond_01985,fish,7.65,4.22,27.7,0.404,0.24,68.1,Critical,True,train
pond_01986,fish,7.63,5.34,29.1,0.307,0.18,68.7,Critical,True,train
pond_01987,fish,7.57,4.81,26.4,0.11,0.18,35.0,Critical,True,train
pond_01988,fish,7.1,4.83,26.2,0.099,0.18,40.1,Critical,True,train
pond_01989,fish,7.9,5.98,24.7,0.0,0.11,17.3,Optimal,True,val
pond_01990,fish,6.46,6.46,29.6,0.052,0.23,46.6,Critical,True,train
pond_01991,fish,7.36,7.28,30.0,0.19,0.04,66.7,Critical,True,train
pond_01992,fish,7.06,5.12,29.1,0.0,0.86,7.5,Optimal,True,train
pond_01993,fish,6.99,3.81,31.2,0.226,0.0,43.3,Critical,True,train
pond_01994,fish,7.66,6.42,28.7,0.064,0.05,44.7,Poor,True,train
pond_01995,fish,8.05,6.28,29.6,0.055,0.07,44.5,Poor,True,train
pond_01996,fish,7.19,5.95,29.4,0.254,0.71,64.6,Critical,True,val
pond_01997,fish,7.87,6.24,28.2,0.311,0.0,71.6,Critical,True,train
pond_01998,fish,7.43,5.96,27.0,0.0,0.31,30.8,Optimal,True,val
pond_01999,fish,6.86,4.61,34.7,0.187,0.26,47.1,Critical,True,train
pond_02000,fish,7.25,5.82,27.2,0.03,0.28,36.5,Acceptable,True,train
pond_02001,fish,7.22,7.7,26.6,0.0,0.51,23.6,Optimal,True,train
pond_02002,fish,6.98,8.66,29.7,0.0,0.5,39.9,Optimal,True,train
pond_02003,fish,7.66,5.9,29.2,0.121,0.09,47.1,Critical,True,train
pond_02004,fish,7.54,6.63,24.6,0.0,0.25,38.9,Optimal,True,train
pond_02005,fish,6.45,5.48,31.6,0.0,0.0,19.1,Optimal,True,train
pond_02006,fish,6.41,4.94,28.2,0.01,0.22,26.7,Optimal,True,train
pond_02007,fish,7.65,7.54,25.4,0.0,0.0,26.8,Optimal,True,train
pond_02008,fish,6.91,5.7,31.8,0.0,0.15,19.8,Optimal,True,train
pond_02009,fish,7.58,4.84,30.3,0.133,0.0,40.6,Critical,True,val
pond_02010,fish,7.87,7.82,25.0,0.0,0.3,42.5,Optimal,True,train
pond_02011,fish,6.64,4.76,33.5,0.241,0.0,52.6,Critical,True,test
pond_02012,fish,6.55,4.05,30.3,0.024,0.24,19.6,Optimal,True,test
pond_02013,fish,8.4,6.3,28.5,0.0,0.0,24.6,Optimal,True,train
pond_02014,fish,7.61,5.18,33.0,0.3,0.0,63.0,Critical,True,val
pond_02015,fish,7.15,7.05,28.9,0.0,0.49,32.0,Optimal,True,test
pond_02016,fish,6.84,6.98,28.4,0.0,0.35,35.5,Optimal,True,train
pond_02017,fish,7.09,6.04,26.7,0.0,0.49,31.8,Optimal,True,train
pond_02018,fish,6.69,4.79,30.1,0.261,0.59,55.4,Poor,True,train
pond_02019,fish,7.93,5.52,29.8,0.208,0.01,56.1,Critical,True,train
pond_02020,fish,6.93,6.3,28.5,0.154,0.57,55.0,Critical,True,val
pond_02021,fish,8.06,6.95,26.3,0.0,0.0,35.5,Optimal,True,train
pond_02022,fish,7.16,6.14,28.9,0.0,0.39,19.3,Optimal,True,train
pond_02023,fish,6.77,5.71,28.3,0.321,0.08,69.7,Critical,True,train
pond_02024,fish,7.14,8.0,24.8,0.0,0.0,50.4,Optimal,True,val
pond_02025,fish,5.83,5.74,24.4,0.0,0.35,26.8,Acceptable,True,train
pond_02026,fish,7.33,8.93,30.1,0.0,0.44,60.6,Optimal,True,train
pond_02027,fish,7.3,8.43,21.2,0.0,0.43,25.4,Acceptable,True,train
pond_02028,fish,7.89,4.1,29.1,0.362,0.25,60.4,Critical,True,val
pond_02029,fish,6.27,6.35,27.2,0.213,0.23,61.6,Critical,True,train
pond_02030,fish,8.1,6.1,32.2,0.0,0.33,18.4,Optimal,True,val
pond_02031,fish,7.89,5.61,27.1,0.111,0.28,45.5,Critical,True,train
pond_02032,fish,8.15,3.31,30.3,0.299,0.34,49.1,Critical,True,val
pond_02033,fish,7.37,4.58,27.4,0.479,0.25,82.1,Critical,True,test
pond_02034,fish,8.01,6.49,28.8,0.0,0.41,21.6,Optimal,True,train
pond_02035,fish,6.52,2.9,30.6,0.419,0.0,60.8,Critical,True,train
pond_02036,fish,7.83,4.05,27.2,0.166,0.17,35.3,Poor,True,train
pond_02037,fish,6.94,5.95,31.3,0.0,0.0,12.7,Optimal,True,train
pond_02038,fish,6.41,6.08,25.7,0.0,0.27,32.8,Optimal,True,train
pond_02039,fish,6.73,4.65,29.3,0.066,0.61,35.0,Poor,True,val
pond_02040,fish,7.4,4.55,31.1,0.0,0.08,15.9,Optimal,True,train
pond_02041,fish,6.91,3.34,30.3,0.234,0.23,40.6,Critical,True,train
pond_02042,fish,7.63,5.33,33.9,0.184,0.39,52.2,Critical,True,train
pond_02043,fish,6.32,5.13,26.4,0.082,0.0,39.3,Poor,True,train
pond_02044,fish,6.12,5.88,24.6,0.0,0.07,25.2,Acceptable,True,train
pond_02045,fish,8.22,6.88,25.7,0.0,0.29,32.3,Optimal,True,test
pond_02046,fish,7.94,5.04,30.3,0.063,0.0,34.9,Poor,True,train
pond_02047,fish,6.77,4.51,29.9,0.166,0.0,38.9,Poor,True,train
pond_02048,fish,7.4,2.95,28.8,0.384,0.48,55.0,Critical,True,train
pond_02049,fish,8.01,6.99,25.4,0.0,0.45,39.9,Optimal,True,train
pond_02050,fish,7.65,5.45,30.6,0.0,0.29,9.8,Optimal,True,train
pond_02051,fish,7.49,5.81,25.1,0.0,0.42,24.9,Optimal,True,val
pond_02052,fish,8.06,3.65,31.7,0.19,0.25,38.0,Poor,True,train
pond_02053,fish,6.96,4.1,36.5,0.339,0.34,55.2,Critical,True,val
pond_02054,fish,7.42,6.25,29.5,0.17,0.12,58.4,Critical,True,train
pond_02055,fish,7.39,5.59,30.1,0.299,0.23,66.9,Critical,True,train
pond_02056,fish,7.24,8.39,27.1,0.0,0.04,37.4,Optimal,True,train
pond_02057,fish,7.17,7.87,23.4,0.0,0.52,48.7,Acceptable,True,train
pond_02058,fish,7.44,6.01,26.8,0.0,0.58,8.8,Optimal,True,train
pond_02059,fish,7.42,7.49,25.4,0.0,0.54,42.7,Optimal,True,test
pond_02060,fish,6.77,6.74,24.4,0.0,0.1,15.6,Optimal,True,test
pond_02061,fish,7.88,4.83,33.3,0.097,0.0,33.9,Critical,True,train
pond_02062,fish,6.81,7.45,29.3,0.343,0.52,89.5,Critical,True,train
pond_02063,fish,7.27,4.31,29.6,0.128,0.34,40.5,Critical,True,val
pond_02064,fish,7.22,6.02,27.6,0.0,0.28,19.5,Optimal,True,train
pond_02065,fish,7.61,7.57,28.0,0.0,0.04,42.3,Optimal,True,train
pond_02066,fish,6.13,5.65,31.2,0.0,0.31,25.7,Acceptable,True,val
pond_02067,fish,7.93,5.3,28.4,0.0,0.0,17.7,Optimal,True,test
pond_02068,fish,6.99,3.09,30.0,0.513,0.36,72.9,Critical,True,train
pond_02069,fish,8.13,2.74,28.0,0.405,0.54,54.2,Critical,True,train
pond_02070,fish,7.11,8.91,27.5,0.0,0.61,41.2,Acceptable,True,train
pond_02071,fish,7.37,7.08,24.6,0.0,0.38,27.9,Optimal,True,val
pond_02072,fish,8.55,6.17,23.0,0.0,0.0,29.4,Acceptable,True,val
pond_02073,fish,7.23,6.45,27.8,0.192,0.25,62.8,Critical,True,train
pond_02074,fish,8.14,4.44,28.7,0.142,0.73,40.5,Critical,True,train
pond_02075,fish,7.42,6.11,24.9,0.0,0.0,0.0,Acceptable,True,train
pond_02076,fish,7.65,4.5,28.4,0.496,0.19,78.6,Poor,True,train
pond_02077,fish,7.44,3.79,28.7,0.2,0.55,38.3,Critical,True,val
pond_02078,fish,7.91,4.15,22.5,0.197,0.35,41.2,Critical,True,train
pond_02079,fish,6.99,4.11,25.9,0.284,0.82,54.6,Critical,True,train
pond_02080,fish,6.81,6.99,29.6,0.0,0.02,43.4,Optimal,True,train
pond_02081,fish,7.02,4.19,29.6,0.256,0.0,48.4,Critical,True,train
pond_02082,fish,7.46,7.24,25.3,0.0,0.51,27.4,Optimal,True,train
pond_02083,fish,7.27,7.04,28.9,0.0,0.0,12.9,Optimal,True,test
pond_02084,fish,7.83,5.21,31.4,0.091,0.15,40.0,Critical,True,test
pond_02085,fish,8.18,4.92,30.7,0.268,0.18,60.8,Critical,True,train
pond_02086,fish,6.81,6.04,28.2,0.0,0.46,23.3,Optimal,True,test
pond_02087,fish,6.96,5.5,27.2,0.0,0.35,21.9,Optimal,True,train
pond_02088,fish,6.54,7.86,26.7,0.038,0.31,57.0,Optimal,True,train
pond_02089,fish,8.62,8.15,29.8,0.0,0.1,26.8,Optimal,True,train
pond_02090,fish,7.58,7.71,29.0,0.0,0.5,27.6,Optimal,True,train
pond_02091,fish,7.69,2.41,30.3,0.189,1.21,28.3,Critical,True,train
pond_02092,fish,6.6,5.11,28.9,0.078,0.37,33.8,Poor,True,test
pond_02093,fish,7.4,5.31,30.8,0.0,0.22,6.7,Optimal,True,train
pond_02094,fish,7.71,6.39,28.8,0.0,0.0,25.3,Optimal,True,val
pond_02095,fish,7.25,2.91,30.7,0.254,0.04,39.1,Critical,True,train
pond_02096,fish,8.05,2.84,30.9,0.251,0.15,39.0,Critical,True,train
pond_02097,fish,8.79,8.11,26.2,0.037,0.07,55.8,Poor,True,test
pond_02098,fish,6.83,6.1,23.4,0.28,0.2,68.1,Critical,True,train
pond_02099,fish,6.79,2.79,32.8,0.47,0.64,62.2,Critical,True,val
pond_02100,fish,6.87,4.1,29.2,0.273,0.51,51.5,Critical,True,train
pond_02101,fish,8.36,7.38,23.7,0.0,0.16,32.3,Acceptable,True,train
pond_02102,fish,8.03,5.08,26.5,0.0,0.0,23.8,Optimal,True,train
pond_02103,fish,7.32,5.68,30.7,0.017,0.53,35.3,Optimal,True,train
pond_02104,fish,7.42,4.6,27.7,0.208,0.19,45.5,Critical,True,train
pond_02105,fish,6.91,3.67,27.1,0.303,0.0,49.8,Critical,True,test
pond_02106,fish,7.93,6.95,32.4,0.022,0.38,46.2,Optimal,True,train
pond_02107,fish,7.17,6.99,25.6,0.0,0.46,32.8,Optimal,True,train
pond_02108,fish,7.24,5.81,26.3,0.152,0.0,49.2,Critical,True,train
pond_02109,fish,7.77,4.94,29.1,0.264,0.0,57.7,Critical,True,val
pond_02110,fish,7.29,7.62,29.6,0.012,0.17,50.8,Optimal,True,train
pond_02111,fish,7.26,6.33,29.9,0.0,0.38,34.4,Optimal,True,train
pond_02112,fish,7.41,6.86,31.1,0.0,0.07,20.0,Optimal,True,train
pond_02113,fish,7.88,4.86,29.1,0.0,0.0,19.6,Optimal,True,train
pond_02114,fish,8.39,5.58,29.9,0.0,0.38,22.7,Optimal,True,test
pond_02115,fish,7.75,6.52,27.8,0.0,0.08,39.6,Optimal,True,test
pond_02116,fish,7.88,4.99,28.7,0.152,0.34,44.4,Critical,True,train
pond_02117,fish,7.28,5.6,28.8,0.0,0.0,9.5,Optimal,True,test
pond_02118,fish,6.98,4.85,29.1,0.0,0.0,25.9,Optimal,True,val
pond_02119,fish,7.79,5.9,30.7,0.031,0.39,39.4,Acceptable,True,train
pond_02120,fish,7.5,3.62,30.1,0.024,0.26,18.8,Poor,True,val
pond_02121,fish,6.55,6.57,28.6,0.009,0.43,42.8,Optimal,True,train
pond_02122,fish,7.2,6.72,26.2,0.0,0.07,29.5,Optimal,True,train
pond_02123,fish,7.35,5.47,28.7,0.0,0.0,22.0,Optimal,True,train
pond_02124,fish,7.09,6.45,28.4,0.0,0.54,36.0,Optimal,True,train
pond_02125,fish,8.29,5.17,29.0,0.151,0.0,42.1,Critical,True,train
pond_02126,fish,7.69,3.54,34.7,0.044,0.51,19.7,Poor,True,val
pond_02127,fish,8.22,6.88,27.0,0.0,0.53,30.6,Optimal,True,train
pond_02128,fish,7.56,6.37,29.7,0.052,0.42,43.4,Poor,True,train
pond_02129,fish,7.45,4.45,31.5,0.0,0.03,21.3,Acceptable,True,val
pond_02130,fish,6.84,4.91,28.8,0.0,0.0,5.2,Optimal,True,val
pond_02131,fish,7.41,4.14,35.0,0.0,0.15,7.3,Acceptable,True,test
pond_02132,fish,7.41,5.25,27.4,0.0,0.0,27.5,Optimal,True,val
pond_02133,fish,6.58,7.74,29.4,0.0,0.0,11.3,Optimal,True,train
pond_02134,fish,7.08,6.72,26.3,0.0,0.36,28.7,Optimal,True,test
pond_02135,fish,7.21,6.03,27.5,0.245,0.36,65.0,Critical,True,val
pond_02136,fish,7.65,4.34,29.2,0.0,0.0,10.2,Acceptable,True,test
pond_02137,fish,7.68,6.33,30.9,0.0,0.37,29.9,Optimal,True,train
pond_02138,fish,7.05,4.75,29.4,0.439,0.31,73.4,Critical,True,test
pond_02139,fish,7.68,4.13,32.0,0.195,0.58,42.3,Critical,True,train
pond_02140,fish,7.29,6.94,28.2,0.0,0.34,28.4,Optimal,True,train
pond_02141,fish,5.68,6.54,27.6,0.0,0.46,32.2,Poor,True,train
pond_02142,fish,7.11,0.67,36.1,0.423,0.32,42.7,Critical,True,test
pond_02143,fish,8.05,5.34,29.6,0.313,0.44,65.5,Critical,True,val
pond_02144,fish,6.39,6.41,26.5,0.0,0.0,25.4,Optimal,True,test
pond_02145,fish,7.47,5.74,26.6,0.0,0.17,21.4,Optimal,True,val
pond_02146,fish,8.35,6.59,25.9,0.0,0.19,10.2,Optimal,True,train
pond_02147,fish,6.94,2.7,31.1,0.262,0.14,36.9,Critical,True,train
pond_02148,fish,7.4,2.06,27.5,0.066,0.31,9.7,Critical,True,train
pond_02149,fish,6.62,4.36,28.9,0.078,0.36,26.7,Critical,True,test
pond_02150,fish,8.38,6.23,28.3,0.0,0.3,18.6,Optimal,True,train
pond_02151,fish,7.35,0.85,30.5,0.544,0.16,54.3,Critical,True,test
pond_02152,fish,7.43,5.13,26.1,0.0,0.02,25.8,Optimal,True,train
pond_02153,fish,8.21,3.75,25.5,0.224,0.47,42.1,Critical,True,train
pond_02154,fish,7.8,5.33,29.1,0.0,0.29,6.1,Optimal,True,train
pond_02155,fish,6.87,8.18,30.2,0.0,0.0,37.4,Optimal,True,train
pond_02156,fish,7.01,5.3,29.4,0.0,0.15,13.3,Optimal,True,train
pond_02157,fish,7.7,6.14,26.2,0.0,0.0,27.3,Optimal,True,train
pond_02158,fish,7.03,6.57,30.4,0.281,0.21,74.8,Critical,True,val
pond_02159,fish,6.13,6.28,26.4,0.135,0.15,51.8,Critical,True,train
pond_02160,fish,7.37,5.81,27.0,0.0,0.06,32.7,Optimal,True,train
pond_02161,fish,6.51,7.66,25.9,0.377,0.6,92.6,Critical,True,train
pond_02162,fish,8.37,5.68,32.1,0.0,0.0,18.5,Optimal,True,train
pond_02163,fish,7.51,5.82,30.3,0.148,0.38,56.0,Critical,True,train
pond_02164,fish,6.86,5.24,30.2,0.0,0.75,7.4,Acceptable,True,train
pond_02165,fish,6.98,4.57,32.0,0.058,0.47,30.6,Poor,True,train
pond_02166,fish,6.27,5.4,36.4,0.0,0.19,10.7,Poor,True,train
pond_02167,fish,6.74,6.35,23.7,0.02,0.0,39.6,Acceptable,True,train
pond_02168,fish,8.01,7.97,26.4,0.0,0.0,36.0,Optimal,True,train
pond_02169,fish,8.74,4.7,26.8,0.04,0.1,29.5,Poor,True,train
pond_02170,fish,7.84,8.32,26.1,0.0,0.03,54.7,Optimal,True,train
pond_02171,fish,7.34,7.11,25.5,0.0,0.02,24.8,Optimal,True,train
pond_02172,fish,7.14,4.62,27.7,0.118,0.12,40.9,Critical,True,train
pond_02173,fish,6.83,7.24,25.1,0.023,0.17,49.8,Optimal,True,train
pond_02174,fish,8.64,4.69,29.4,0.0,0.32,8.3,Acceptable,True,test
pond_02175,fish,7.29,5.82,28.6,0.0,0.0,21.5,Optimal,True,train
pond_02176,fish,8.67,4.83,29.8,0.091,0.03,36.0,Critical,True,train
pond_02177,fish,8.24,5.31,29.9,0.15,0.16,46.3,Critical,True,train
pond_02178,fish,6.36,6.76,30.2,0.156,0.15,60.6,Critical,True,train
pond_02179,fish,7.0,6.75,27.5,0.0,0.66,31.1,Optimal,True,train
pond_02180,fish,7.0,2.95,34.4,0.154,0.26,29.3,Critical,True,test
pond_02181,fish,7.35,4.16,29.2,0.0,0.0,19.3,Acceptable,True,train
pond_02182,fish,7.36,7.3,23.3,0.0,0.3,40.9,Acceptable,True,test
pond_02183,fish,9.2,6.88,25.7,0.0,0.34,29.7,Acceptable,True,train
pond_02184,fish,6.75,5.9,23.6,0.0,0.17,30.1,Acceptable,True,train
pond_02185,fish,7.54,8.02,28.5,0.0,0.0,33.3,Acceptable,True,train
pond_02186,fish,7.77,7.01,28.2,0.0,0.64,44.9,Optimal,True,train
pond_02187,fish,7.4,5.21,27.2,0.0,0.0,24.9,Optimal,True,val
pond_02188,fish,7.47,3.58,34.1,0.068,0.37,21.1,Critical,True,val
pond_02189,fish,6.77,5.15,30.0,0.128,0.25,42.8,Critical,True,train
pond_02190,fish,7.46,4.9,30.5,0.0,0.35,0.0,Optimal,True,test
pond_02191,fish,7.71,8.12,25.9,0.0,0.63,24.1,Optimal,True,train
pond_02192,fish,7.6,7.78,25.7,0.0,0.34,14.3,Optimal,True,test
pond_02193,fish,7.74,5.83,28.6,0.207,0.06,56.7,Critical,True,train
pond_02194,fish,8.25,6.65,29.0,0.0,0.48,27.1,Optimal,True,train
pond_02195,fish,7.96,8.07,23.3,0.0,0.04,24.9,Acceptable,True,train
pond_02196,fish,7.44,5.99,28.0,0.017,0.24,34.1,Optimal,True,train
pond_02197,fish,6.7,6.36,28.5,0.0,0.0,24.3,Optimal,True,train
pond_02198,fish,7.04,6.76,27.9,0.0,0.0,27.8,Optimal,True,val
pond_02199,fish,7.27,6.97,26.2,0.0,0.21,36.7,Optimal,True,train
pond_02200,fish,7.55,5.03,27.0,0.0,0.29,27.4,Optimal,True,train
pond_02201,fish,7.11,4.96,28.0,0.002,0.0,27.3,Optimal,True,train
pond_02202,fish,6.84,5.34,28.8,0.0,0.32,16.8,Optimal,True,train
pond_02203,fish,6.69,4.45,30.2,0.0,0.0,14.2,Acceptable,True,train
pond_02204,fish,6.41,3.09,31.5,0.221,0.52,36.1,Critical,True,val
pond_02205,fish,7.26,6.92,27.7,0.003,0.11,40.5,Optimal,True,train
pond_02206,fish,6.52,6.56,27.2,0.0,0.0,9.3,Optimal,True,train
pond_02207,fish,6.8,3.66,29.7,0.274,0.22,48.7,Critical,True,train
pond_02208,fish,7.16,5.1,30.2,0.192,0.0,48.8,Critical,True,train
pond_02209,fish,6.6,5.8,27.3,0.163,0.52,52.5,Critical,True,train
pond_02210,fish,7.63,5.58,30.7,0.072,0.2,40.4,Poor,True,train
pond_02211,fish,7.84,3.7,31.2,0.256,0.16,46.5,Critical,True,val
pond_02212,fish,7.07,3.13,32.1,0.528,0.35,74.3,Critical,True,test
pond_02213,fish,7.14,5.46,33.5,0.001,0.0,29.6,Acceptable,True,train
pond_02214,fish,7.72,4.17,26.1,0.0,0.0,16.2,Acceptable,True,train
pond_02215,fish,6.97,5.47,28.5,0.0,0.3,7.4,Optimal,True,test
pond_02216,fish,6.93,5.34,28.5,0.297,0.0,66.6,Critical,True,train
pond_02217,fish,8.12,5.69,28.2,0.29,0.0,66.8,Critical,True,test
pond_02218,fish,7.93,6.54,26.7,0.0,0.41,18.4,Optimal,True,val
pond_02219,fish,7.76,8.93,24.3,0.0,0.33,21.9,Optimal,True,train
pond_02220,fish,7.96,3.51,28.8,0.11,0.0,29.2,Critical,True,train
pond_02221,fish,6.21,7.49,26.3,0.094,0.05,57.0,Critical,True,train
pond_02222,fish,8.21,2.23,28.7,0.089,0.0,11.8,Critical,True,test
pond_02223,fish,7.64,8.23,26.3,0.0,0.64,0.0,Acceptable,True,train
pond_02224,fish,8.01,3.6,25.4,0.514,0.43,74.0,Critical,True,train
pond_02225,fish,7.63,9.07,29.2,0.0,0.09,40.6,Optimal,True,val
pond_02226,fish,7.43,5.16,28.9,0.128,0.34,43.2,Critical,True,train
pond_02227,fish,7.23,7.26,30.1,0.0,0.0,31.3,Optimal,True,train
pond_02228,fish,7.62,6.01,34.6,0.092,0.03,43.4,Critical,True,train
pond_02229,fish,7.21,5.02,29.3,0.0,0.23,7.7,Optimal,True,train
pond_02230,fish,7.92,5.01,29.9,0.0,0.31,19.9,Optimal,True,test
pond_02231,fish,6.45,5.27,25.5,0.045,0.18,36.9,Critical,True,train
pond_02232,fish,7.08,7.67,24.9,0.0,0.26,0.0,Acceptable,True,test
pond_02233,fish,8.63,4.26,32.9,0.09,0.22,29.6,Critical,True,test
pond_02234,fish,7.02,5.21,25.9,0.02,0.16,28.4,Optimal,True,train
pond_02235,fish,7.26,7.18,25.6,0.0,0.13,29.6,Optimal,True,test
pond_02236,fish,6.87,4.57,28.4,0.013,0.09,25.1,Optimal,True,train
pond_02237,fish,7.6,5.39,28.2,0.0,0.26,17.1,Optimal,True,train
pond_02238,fish,6.96,6.49,26.0,0.0,0.3,2.2,Optimal,True,train
pond_02239,fish,7.29,5.08,27.6,0.101,0.25,37.6,Critical,True,train
pond_02240,fish,7.91,4.37,31.9,0.072,0.0,29.6,Poor,True,test
pond_02241,fish,6.98,8.43,26.2,0.0,0.0,10.2,Optimal,True,train
pond_02242,fish,7.87,6.35,24.6,0.022,0.3,36.1,Optimal,True,val
pond_02243,fish,7.89,4.73,31.1,0.023,0.57,29.7,Acceptable,True,train
pond_02244,fish,8.03,5.26,29.9,0.0,0.24,26.7,Optimal,True,train
pond_02245,fish,7.48,6.81,26.8,0.0,0.1,0.0,Acceptable,True,train
pond_02246,fish,9.34,5.3,24.1,0.148,0.26,47.3,Critical,True,train
pond_02247,fish,8.03,6.84,26.4,0.0,0.0,12.8,Acceptable,True,train
pond_02248,fish,7.59,6.19,28.3,0.006,0.53,36.1,Optimal,True,train
pond_02249,fish,6.87,2.6,31.8,0.116,0.25,20.5,Critical,True,train
pond_02250,fish,7.34,8.93,25.6,0.0,0.03,28.0,Optimal,True,test
pond_02251,fish,8.26,7.9,28.3,0.031,0.16,55.7,Acceptable,True,test
pond_02252,fish,8.43,4.27,30.4,0.185,0.07,44.6,Critical,True,train
pond_02253,fish,8.29,5.66,21.8,0.201,0.53,55.3,Critical,True,train
pond_02254,fish,7.87,5.5,31.4,0.087,0.15,40.9,Poor,True,train
pond_02255,fish,6.65,4.51,25.2,0.17,0.24,42.1,Critical,True,train
pond_02256,fish,7.69,7.51,29.4,0.0,0.34,2.9,Optimal,True,train
pond_02257,fish,6.66,5.0,29.2,0.019,0.01,29.3,Optimal,True,train
pond_02258,fish,6.51,7.42,31.5,0.0,0.25,31.0,Optimal,True,train
pond_02259,fish,7.54,4.32,30.0,0.317,0.27,57.0,Critical,True,val
pond_02260,fish,7.71,7.07,21.8,0.0,0.0,25.9,Acceptable,True,train
pond_02261,fish,7.94,8.04,26.3,0.0,0.26,39.8,Optimal,True,train
pond_02262,fish,7.7,5.26,28.9,0.104,0.19,39.1,Critical,True,train
pond_02263,fish,7.72,6.3,28.0,0.144,0.23,55.8,Critical,True,train
pond_02264,fish,6.81,7.04,29.8,0.0,0.21,32.6,Optimal,True,test
pond_02265,fish,7.34,4.55,30.7,0.244,0.26,49.9,Critical,True,train
pond_02266,fish,6.5,3.67,30.2,0.0,0.53,4.3,Poor,True,train
pond_02267,fish,6.2,3.89,27.9,0.0,0.0,5.9,Poor,True,test
pond_02268,fish,7.84,7.72,23.3,0.0,0.11,0.0,Poor,True,train
pond_02269,fish,6.95,6.62,27.2,0.068,0.37,49.1,Poor,True,train
pond_02270,fish,7.92,7.04,29.7,0.014,0.32,47.1,Optimal,True,test
pond_02271,fish,8.07,6.07,25.4,0.153,0.31,51.1,Critical,True,test
pond_02272,fish,7.03,3.42,30.3,0.092,0.89,22.8,Critical,True,train
pond_02273,fish,7.75,1.96,31.0,0.19,0.35,24.9,Critical,True,train
pond_02274,fish,7.0,9.74,28.9,0.0,0.48,32.8,Optimal,True,val
pond_02275,fish,6.29,8.38,19.9,0.033,0.12,61.0,Acceptable,True,train
pond_02276,fish,7.47,6.76,24.9,0.189,0.0,65.5,Poor,True,train
pond_02277,fish,7.12,5.06,33.8,0.182,0.12,49.3,Critical,True,train
pond_02278,fish,7.14,4.12,27.0,0.198,0.38,41.0,Poor,True,test
pond_02279,fish,8.59,5.88,22.9,0.192,0.3,59.0,Critical,True,train
pond_02280,fish,6.48,7.5,32.0,0.0,0.3,30.4,Optimal,True,test
pond_02281,fish,7.63,6.71,28.5,0.0,0.15,28.0,Optimal,True,train
pond_02282,fish,6.8,4.07,31.6,0.095,0.11,32.7,Critical,True,train
pond_02283,fish,7.94,3.92,29.3,0.025,0.16,17.4,Acceptable,True,test
pond_02284,fish,7.58,4.8,29.8,0.077,0.38,31.8,Poor,True,train
pond_02285,fish,7.63,5.14,29.5,0.0,0.41,14.9,Optimal,True,train
pond_02286,fish,6.83,8.25,30.5,0.0,0.0,53.5,Optimal,True,train
pond_02287,fish,6.94,4.17,34.9,0.216,0.39,44.8,Critical,True,train
pond_02288,fish,7.96,3.55,31.2,0.389,0.04,60.7,Critical,True,test
pond_02289,fish,8.46,6.67,24.1,0.0,0.32,5.7,Acceptable,True,train
pond_02290,fish,7.69,5.9,29.8,0.253,0.15,69.2,Poor,True,train
pond_02291,fish,6.86,3.32,31.7,0.0,0.59,6.7,Poor,True,train
pond_02292,fish,7.6,5.64,31.9,0.0,0.1,13.4,Acceptable,True,train
pond_02293,fish,8.86,7.75,27.3,0.0,0.24,23.8,Acceptable,True,train
pond_02294,fish,7.46,5.3,31.8,0.24,0.35,58.5,Critical,True,train
pond_02295,fish,8.28,4.13,31.1,0.151,0.0,39.1,Critical,True,train
pond_02296,fish,6.96,3.52,35.7,0.143,0.18,30.6,Critical,True,train
pond_02297,fish,7.37,3.93,26.4,0.033,0.13,20.7,Poor,True,train
pond_02298,fish,7.77,5.92,27.1,0.0,0.07,10.2,Optimal,True,train
pond_02299,fish,7.64,6.42,27.6,0.1,0.09,55.4,Critical,True,train
pond_02300,fish,6.94,4.84,27.1,0.248,0.48,49.4,Critical,True,val
pond_02301,fish,6.91,9.05,26.0,0.0,0.05,59.3,Optimal,True,test
pond_02302,fish,7.99,8.57,20.8,0.0,0.34,42.1,Poor,True,val
pond_02303,fish,8.11,3.55,27.3,0.0,0.28,0.0,Poor,True,train
pond_02304,fish,8.31,3.1,29.5,0.033,0.0,12.6,Poor,True,test
pond_02305,fish,8.48,4.72,27.1,0.166,0.33,43.4,Critical,True,test
pond_02306,fish,7.48,6.84,33.9,0.0,0.0,28.3,Acceptable,True,train
pond_02307,fish,7.21,7.04,28.5,0.0,0.36,24.9,Optimal,True,val
pond_02308,fish,8.21,7.3,32.1,0.0,0.07,15.1,Acceptable,True,train
pond_02309,fish,7.83,5.66,29.2,0.17,0.2,52.1,Critical,True,train
pond_02310,fish,6.81,5.01,30.8,0.148,0.0,43.2,Critical,True,test
pond_02311,fish,6.78,3.89,29.3,0.229,0.23,44.0,Critical,True,test
pond_02312,fish,7.7,5.47,32.3,0.0,0.43,23.6,Acceptable,True,val
pond_02313,fish,7.29,5.49,28.7,0.081,0.0,38.2,Poor,True,val
pond_02314,fish,7.38,5.17,29.9,0.0,0.05,10.9,Optimal,True,val
pond_02315,fish,8.04,7.85,29.5,0.0,0.31,32.7,Optimal,True,train
pond_02316,fish,7.86,5.8,27.7,0.0,0.32,0.0,Acceptable,True,train
pond_02317,fish,8.2,7.42,29.6,0.0,0.0,6.8,Optimal,True,train
pond_02318,fish,6.24,2.24,34.8,0.212,0.7,29.2,Critical,True,train
pond_02319,fish,7.55,9.73,27.7,0.107,0.33,77.8,Critical,True,test
pond_02320,fish,7.82,5.03,29.7,0.0,0.37,2.6,Optimal,True,train
pond_02321,fish,6.48,6.04,32.0,0.0,0.16,12.6,Optimal,True,train
pond_02322,fish,7.01,6.33,31.7,0.0,0.0,38.9,Optimal,True,test
pond_02323,fish,6.9,5.1,28.5,0.329,0.37,66.8,Critical,True,train
pond_02324,fish,7.41,8.38,21.8,0.0,0.06,38.6,Acceptable,True,train
pond_02325,fish,8.38,6.71,29.9,0.061,0.34,47.6,Poor,True,train
pond_02326,fish,8.61,6.13,22.3,0.0,0.15,28.9,Acceptable,True,train
pond_02327,fish,6.91,3.94,32.6,0.066,0.26,25.8,Poor,True,val
pond_02328,fish,7.72,5.76,29.0,0.009,0.01,36.5,Optimal,True,train
pond_02329,fish,7.74,5.04,31.3,0.0,0.42,23.2,Optimal,True,train
pond_02330,fish,7.63,8.29,26.0,0.0,0.0,48.0,Optimal,True,train
pond_02331,fish,7.64,7.72,24.2,0.0,0.76,6.1,Acceptable,True,train
pond_02332,fish,7.58,5.54,29.2,0.174,0.76,51.0,Critical,True,train
pond_02333,fish,8.41,6.67,28.4,0.0,0.61,35.7,Optimal,True,train
pond_02334,fish,8.06,3.23,27.1,0.176,0.52,31.1,Critical,True,train
pond_02335,fish,6.76,4.89,28.7,0.0,0.18,5.4,Optimal,True,train
pond_02336,fish,7.88,4.54,36.2,0.0,0.49,17.4,Poor,True,train
pond_02337,fish,7.94,6.86,30.8,0.126,0.18,56.6,Critical,True,train
pond_02338,fish,7.59,5.45,31.4,0.007,0.0,31.2,Optimal,True,train
pond_02339,fish,8.08,7.34,30.9,0.0,0.58,40.0,Optimal,True,test
pond_02340,fish,7.51,6.13,32.6,0.0,0.48,19.2,Optimal,True,val
pond_02341,fish,7.52,5.23,28.0,0.017,0.19,34.5,Optimal,True,train
pond_02342,fish,7.47,6.84,22.7,0.0,0.0,10.3,Acceptable,True,train
pond_02343,fish,6.19,6.48,28.0,0.0,0.05,36.8,Acceptable,True,train
pond_02344,fish,7.35,4.68,30.8,0.148,0.0,41.7,Critical,True,train
pond_02345,fish,7.0,8.53,25.8,0.0,0.44,40.8,Optimal,True,train
pond_02346,fish,6.69,4.35,28.0,0.0,0.0,18.7,Acceptable,True,val
pond_02347,fish,8.26,6.66,26.6,0.0,0.27,28.8,Optimal,True,train
pond_02348,fish,7.7,5.93,32.7,0.105,0.0,44.7,Critical,True,val
pond_02349,fish,7.38,4.91,30.6,0.041,0.0,31.2,Acceptable,True,train
pond_02350,fish,7.06,4.65,30.3,0.044,0.26,29.8,Poor,True,train
pond_02351,fish,7.58,5.32,30.2,0.322,0.12,69.3,Critical,True,train
pond_02352,fish,7.99,6.96,28.4,0.0,0.41,17.9,Optimal,True,train
pond_02353,fish,6.9,4.98,29.1,0.246,0.0,54.4,Critical,True,train
pond_02354,fish,7.4,5.01,25.2,0.0,0.01,14.2,Optimal,True,train
pond_02355,fish,7.92,8.72,22.4,0.0,0.0,46.8,Acceptable,True,train
pond_02356,fish,6.24,6.27,28.9,0.083,0.0,47.7,Critical,True,train
pond_02357,fish,7.37,7.02,29.4,0.0,0.65,25.8,Optimal,True,train
pond_02358,fish,7.14,6.14,31.9,0.0,0.72,13.1,Optimal,True,test
pond_02359,fish,7.32,7.91,32.9,0.0,0.22,0.0,Acceptable,True,train
pond_02360,fish,7.1,6.42,32.9,0.0,0.0,23.9,Optimal,True,train
pond_02361,fish,7.48,5.39,25.7,0.132,0.13,44.5,Critical,True,train
pond_02362,fish,8.55,6.67,27.5,0.0,0.42,15.6,Optimal,True,test
pond_02363,fish,7.21,4.73,29.8,0.112,0.07,36.7,Critical,True,train
pond_02364,fish,7.58,3.65,35.6,0.0,0.26,8.4,Poor,True,train
pond_02365,fish,8.6,2.93,32.6,0.19,0.2,30.8,Critical,True,train
pond_02366,fish,7.07,4.73,31.6,0.0,0.06,14.4,Optimal,True,train
pond_02367,fish,8.49,6.8,27.4,0.0,0.07,33.6,Optimal,True,val
pond_02368,fish,7.4,6.24,26.0,0.0,0.27,26.0,Optimal,True,train
pond_02369,fish,8.47,3.79,30.7,0.0,0.0,13.6,Acceptable,True,train
pond_02370,fish,7.85,4.33,25.4,0.024,0.31,23.1,Acceptable,True,train
pond_02371,fish,7.58,8.9,27.8,0.0,0.08,18.2,Optimal,True,train
pond_02372,fish,7.36,6.32,28.2,0.0,0.23,11.3,Optimal,True,test
pond_02373,fish,7.03,3.69,33.0,0.349,0.55,54.5,Critical,True,train
pond_02374,fish,7.45,6.66,27.5,0.0,0.16,28.5,Optimal,True,train
pond_02375,fish,7.94,10.33,21.7,0.0,0.43,0.0,Critical,True,train
pond_02376,fish,7.39,6.37,29.9,0.0,0.0,23.8,Optimal,True,train
pond_02377,fish,7.21,2.32,26.5,0.425,0.08,51.5,Critical,True,test
pond_02378,fish,7.25,9.49,28.6,0.0,0.21,21.3,Acceptable,True,val
pond_02379,fish,8.0,3.26,28.3,0.425,0.68,62.0,Critical,True,train
pond_02380,fish,8.14,5.68,27.7,0.0,0.0,19.6,Optimal,True,train
pond_02381,fish,7.0,3.74,30.7,0.241,0.18,44.1,Critical,True,train
pond_02382,fish,7.0,5.68,24.2,0.2,0.56,53.7,Critical,True,train
pond_02383,fish,7.63,6.51,27.1,0.026,0.0,43.1,Optimal,True,train
pond_02384,fish,8.32,2.49,30.4,0.058,0.15,10.3,Critical,True,train
pond_02385,fish,8.09,6.04,26.8,0.0,0.28,18.0,Optimal,True,test
pond_02386,fish,6.65,8.37,24.0,0.009,0.25,56.1,Optimal,True,test
pond_02387,fish,7.24,4.22,30.4,0.0,0.59,20.5,Acceptable,True,train
pond_02388,fish,6.84,3.18,31.6,0.331,0.31,52.6,Critical,True,test
pond_02389,fish,7.24,5.63,28.4,0.0,0.53,27.3,Optimal,True,val
pond_02390,fish,8.36,6.5,23.0,0.0,0.11,37.5,Acceptable,True,test
pond_02391,fish,6.55,4.54,30.5,0.0,0.01,10.1,Acceptable,True,train
pond_02392,fish,6.43,5.13,23.9,0.0,0.14,24.1,Acceptable,True,val
pond_02393,fish,6.9,6.34,29.4,0.0,0.0,19.2,Optimal,True,test
pond_02394,fish,7.57,7.17,26.0,0.0,0.32,39.1,Optimal,True,train
pond_02395,fish,7.77,5.0,25.3,0.084,0.1,36.7,Acceptable,True,train
pond_02396,fish,7.66,4.77,27.3,0.166,0.03,43.3,Critical,True,train
pond_02397,fish,8.11,6.1,28.0,0.0,0.32,26.2,Optimal,True,train
pond_02398,fish,6.34,4.84,26.7,0.0,0.0,18.3,Acceptable,True,train
pond_02399,fish,8.11,5.7,30.1,0.032,0.39,38.3,Acceptable,True,train
pond_02400,fish,7.21,8.12,27.3,0.0,0.08,16.5,Acceptable,True,val
pond_02401,fish,7.84,5.13,31.2,0.238,0.49,54.4,Critical,True,test
pond_02402,fish,6.61,3.93,29.3,0.123,0.1,32.9,Critical,True,train
pond_02403,fish,7.4,6.77,26.5,0.0,0.36,29.1,Optimal,True,train
pond_02404,fish,7.54,6.07,26.1,0.065,0.24,43.3,Poor,True,train
pond_02405,fish,8.09,6.58,23.9,0.0,0.39,33.6,Acceptable,True,train
pond_02406,fish,6.45,6.29,29.3,0.0,0.23,5.2,Optimal,True,train
pond_02407,fish,7.42,6.98,27.5,0.0,0.0,15.9,Optimal,True,test
pond_02408,fish,6.75,7.27,21.9,0.072,0.45,54.0,Critical,True,train
pond_02409,fish,7.7,6.04,27.0,0.0,0.18,36.5,Optimal,True,train
pond_02410,fish,7.87,9.23,26.0,0.0,0.4,4.7,Acceptable,True,train
pond_02411,fish,8.17,6.54,32.9,0.034,0.37,41.3,Acceptable,True,train
pond_02412,fish,7.08,7.99,23.7,0.0,0.01,24.9,Acceptable,True,train
pond_02413,fish,7.96,6.85,24.5,0.0,0.0,19.3,Optimal,True,train
pond_02414,fish,8.22,3.73,31.6,0.0,0.36,14.4,Acceptable,True,train
pond_02415,fish,6.41,6.56,32.3,0.128,0.12,53.0,Critical,True,train
pond_02416,fish,7.77,6.45,26.4,0.0,0.43,0.0,Acceptable,True,train
pond_02417,fish,7.98,5.37,26.7,0.0,0.16,19.9,Optimal,True,test
pond_02418,fish,7.24,5.09,30.2,0.055,0.46,37.2,Poor,True,train
pond_02419,fish,6.67,5.84,22.0,0.247,0.31,63.4,Critical,True,train
pond_02420,fish,7.97,8.4,23.3,0.0,0.27,45.0,Acceptable,True,train
pond_02421,fish,6.68,6.92,27.7,0.0,0.11,19.8,Optimal,True,train
pond_02422,fish,7.29,5.12,32.8,0.293,0.26,62.5,Poor,True,test
pond_02423,fish,7.38,6.0,27.3,0.0,0.5,10.6,Optimal,True,val
pond_02424,fish,7.83,4.79,28.8,0.151,0.19,39.8,Critical,True,test
pond_02425,fish,7.02,2.14,31.7,0.356,0.33,43.8,Critical,True,val
pond_02426,fish,6.99,2.56,34.4,0.13,0.21,19.1,Critical,True,train
pond_02427,fish,7.46,5.11,26.9,0.18,0.23,47.6,Critical,True,train
pond_02428,fish,8.0,4.56,28.5,0.021,0.63,25.7,Acceptable,True,val
pond_02429,fish,8.77,5.11,33.6,0.163,0.5,47.5,Critical,True,train
pond_02430,fish,6.5,7.85,24.2,0.0,0.22,1.9,Acceptable,True,train
pond_02431,fish,7.59,5.0,31.4,0.129,0.25,41.0,Critical,True,train
pond_02432,fish,6.75,8.38,25.6,0.0,0.02,27.6,Optimal,True,train
pond_02433,fish,8.01,4.64,28.8,0.293,0.16,55.7,Critical,True,train
pond_02434,fish,6.84,5.76,27.8,0.0,0.28,34.2,Optimal,True,train
pond_02435,fish,7.0,6.3,25.8,0.167,0.41,57.5,Critical,True,train
pond_02436,fish,7.05,7.92,25.7,0.0,0.39,44.1,Optimal,True,train
pond_02437,fish,7.35,5.78,29.3,0.0,0.0,32.7,Optimal,True,train
pond_02438,fish,7.59,5.39,31.3,0.192,0.44,49.2,Critical,True,test
pond_02439,fish,7.69,3.56,28.1,0.284,0.18,49.3,Critical,True,train
pond_02440,fish,7.4,4.5,28.7,0.171,0.0,43.5,Critical,True,test
pond_02441,fish,6.6,6.99,30.1,0.0,0.53,0.0,Acceptable,True,train
pond_02442,fish,7.84,3.48,25.8,0.031,0.57,17.3,Poor,True,test
pond_02443,fish,7.37,7.24,30.6,0.115,0.27,59.9,Critical,True,test
pond_02444,fish,8.1,6.01,30.8,0.0,0.38,12.4,Optimal,True,train
pond_02445,fish,6.98,3.19,35.8,0.324,0.39,50.9,Critical,True,train
pond_02446,fish,6.44,4.86,27.4,0.194,0.55,47.7,Critical,True,train
pond_02447,fish,7.38,8.73,27.2,0.0,0.38,21.9,Optimal,True,val
pond_02448,fish,8.18,7.31,30.7,0.0,0.0,0.0,Acceptable,True,train
pond_02449,fish,7.5,5.14,30.8,0.0,0.7,24.8,Optimal,True,train
pond_02450,fish,7.28,6.31,27.0,0.282,0.47,72.4,Critical,True,train
pond_02451,fish,6.88,5.14,27.4,0.0,0.07,19.5,Optimal,True,test
pond_02452,fish,8.45,5.66,30.0,0.0,0.0,20.7,Optimal,True,test
pond_02453,fish,6.78,5.35,26.2,0.0,0.33,17.0,Optimal,True,val
pond_02454,fish,6.96,5.94,27.4,0.174,0.13,56.9,Critical,True,train
pond_02455,fish,7.74,8.28,28.8,0.0,0.28,30.6,Optimal,True,train
pond_02456,fish,6.29,5.07,31.3,0.0,0.39,23.7,Acceptable,True,train
pond_02457,fish,8.16,4.7,26.8,0.298,0.06,60.4,Critical,True,train
pond_02458,fish,7.77,4.99,23.3,0.151,0.0,45.4,Critical,True,test
pond_02459,fish,7.94,7.13,23.1,0.0,0.3,18.5,Acceptable,True,train
pond_02460,fish,7.73,5.49,25.0,0.0,0.07,13.0,Optimal,True,train
pond_02461,fish,7.3,6.93,24.8,0.109,0.24,55.8,Critical,True,test
pond_02462,fish,6.76,3.63,28.1,0.169,0.0,35.3,Critical,True,val
pond_02463,fish,7.32,7.48,25.2,0.0,0.14,7.1,Optimal,True,test
pond_02464,fish,6.81,4.74,26.5,0.0,0.38,2.9,Acceptable,True,test
pond_02465,fish,7.69,6.33,26.3,0.0,0.35,14.9,Optimal,True,train
pond_02466,fish,7.88,5.59,27.3,0.0,0.0,12.7,Optimal,True,train
pond_02467,fish,8.29,7.41,32.2,0.0,0.0,0.0,Acceptable,True,train
pond_02468,fish,7.62,5.64,30.4,0.0,0.2,15.2,Optimal,True,test
pond_02469,fish,7.95,8.51,28.5,0.0,0.34,18.5,Optimal,True,train
pond_02470,fish,7.22,6.86,27.2,0.0,0.3,26.7,Optimal,True,train
pond_02471,fish,7.11,8.06,27.3,0.114,0.07,65.5,Critical,True,train
pond_02472,fish,7.68,5.31,29.4,0.013,0.27,30.2,Optimal,True,train
pond_02473,fish,7.17,5.93,30.1,0.0,0.58,32.0,Optimal,True,test
pond_02474,fish,7.56,8.05,26.0,0.0,0.25,44.2,Optimal,True,test
pond_02475,fish,6.76,7.05,28.6,0.0,0.0,30.7,Optimal,True,train
pond_02476,fish,6.87,7.76,22.8,0.0,0.25,42.2,Acceptable,True,train
pond_02477,fish,7.78,5.21,29.1,0.121,0.71,40.1,Critical,True,train
pond_02478,fish,7.93,5.12,30.6,0.07,0.0,37.2,Poor,True,test
pond_02479,fish,6.81,7.56,27.7,0.316,0.21,84.8,Critical,True,train
pond_02480,fish,7.8,6.59,33.6,0.068,0.14,51.4,Poor,True,train
pond_02481,fish,7.08,5.5,26.0,0.0,0.22,15.5,Acceptable,True,train
pond_02482,fish,7.41,4.63,29.1,0.161,0.25,41.7,Critical,True,train
pond_02483,fish,8.25,4.56,28.4,0.0,0.48,20.7,Acceptable,True,train
pond_02484,fish,7.88,7.02,28.2,0.0,0.22,43.0,Acceptable,True,train
pond_02485,fish,7.88,4.57,28.2,0.0,0.52,10.2,Acceptable,True,test
pond_02486,fish,8.55,6.88,28.8,0.0,0.17,15.1,Optimal,True,val
pond_02487,fish,6.98,6.06,30.9,0.035,0.11,41.2,Acceptable,True,train
pond_02488,fish,6.81,4.21,32.4,0.257,0.03,53.0,Critical,True,test
pond_02489,fish,6.97,7.99,28.5,0.0,0.0,44.0,Optimal,True,train
pond_02490,fish,7.25,3.26,30.8,0.345,0.27,50.4,Critical,True,train
pond_02491,fish,5.99,8.54,26.5,0.0,0.71,41.7,Acceptable,True,train
pond_02492,fish,7.28,5.79,30.6,0.022,0.31,38.1,Optimal,True,val
pond_02493,fish,7.07,3.35,26.4,0.106,0.37,25.9,Critical,True,val
pond_02494,fish,7.87,7.37,31.6,0.027,0.1,49.6,Acceptable,True,val
pond_02495,fish,7.61,5.83,34.7,0.161,0.14,53.4,Critical,True,val
pond_02496,fish,7.04,5.27,28.2,0.048,0.45,33.9,Poor,True,train
pond_02497,fish,7.75,5.76,22.4,0.0,0.7,32.9,Acceptable,True,train
pond_02498,fish,7.83,3.93,27.0,0.382,0.57,63.6,Critical,True,train
pond_02499,fish,6.94,8.44,31.9,0.0,0.4,34.6,Optimal,True,train
pond_02500,fish,7.1,4.18,30.0,0.132,0.21,36.4,Critical,True,train
pond_02501,fish,6.06,3.88,29.2,0.246,0.25,43.7,Critical,True,train
pond_02502,fish,6.75,5.57,31.3,0.035,0.01,33.2,Acceptable,True,train
pond_02503,fish,6.95,3.22,29.9,0.081,0.0,20.2,Critical,True,train
pond_02504,fish,7.44,3.7,31.9,0.19,0.0,41.8,Critical,True,train
pond_02505,fish,6.83,6.64,31.1,0.0,0.21,34.3,Optimal,True,train
pond_02506,fish,7.09,5.54,32.8,0.299,0.13,68.2,Critical,True,train
pond_02507,fish,6.66,5.04,29.5,0.185,0.0,49.2,Critical,True,train
pond_02508,fish,7.5,5.28,31.0,0.0,0.19,24.3,Optimal,True,train
pond_02509,fish,7.66,5.36,27.6,0.164,0.12,48.1,Critical,True,train
pond_02510,fish,7.64,6.07,26.8,0.053,0.0,40.5,Poor,True,train
pond_02511,fish,7.41,3.71,33.3,0.375,0.11,58.6,Critical,True,train
pond_02512,fish,6.48,4.86,29.1,0.0,0.12,25.6,Optimal,True,train
pond_02513,fish,7.03,4.46,30.8,0.12,0.05,38.4,Critical,True,train
pond_02514,fish,7.16,4.71,28.8,0.08,0.43,33.2,Poor,True,val
pond_02515,fish,7.16,7.61,26.9,0.0,0.0,36.1,Optimal,True,train
pond_02516,fish,7.44,6.87,28.5,0.0,0.0,19.1,Optimal,True,train
pond_02517,fish,8.26,3.63,32.5,0.26,0.2,45.4,Critical,True,test
pond_02518,fish,7.89,3.79,30.1,0.214,0.22,42.5,Critical,True,train
pond_02519,fish,6.81,6.61,23.7,0.14,0.3,58.1,Critical,True,train
pond_02520,fish,7.81,8.95,27.9,0.0,0.07,34.8,Optimal,True,val
pond_02521,fish,7.78,3.29,33.5,0.128,0.0,27.6,Critical,True,train
pond_02522,fish,6.92,5.7,27.9,0.143,0.2,49.2,Critical,True,test
pond_02523,fish,7.91,7.0,23.5,0.0,0.09,20.7,Acceptable,True,test
pond_02524,fish,7.3,4.51,33.8,0.272,0.59,54.5,Critical,True,train
pond_02525,fish,6.55,4.75,30.4,0.258,0.12,54.5,Critical,True,test
pond_02526,fish,7.67,7.46,28.3,0.069,0.19,57.6,Poor,True,train
pond_02527,fish,7.53,6.66,27.5,0.0,0.82,41.8,Optimal,True,train
pond_02528,fish,7.26,6.33,31.5,0.0,0.15,26.2,Optimal,True,val
pond_02529,fish,7.38,6.95,27.0,0.0,0.34,37.0,Optimal,True,train
pond_02530,fish,6.97,6.36,31.7,0.021,0.36,41.8,Optimal,True,test
pond_02531,fish,7.77,7.69,30.0,0.0,0.38,24.9,Optimal,True,train
pond_02532,fish,7.37,7.52,29.2,0.103,0.27,59.0,Critical,True,train
pond_02533,fish,7.5,8.97,28.9,0.0,0.25,45.4,Optimal,True,train
pond_02534,fish,7.61,7.61,28.0,0.0,0.23,18.9,Optimal,True,train
pond_02535,fish,6.71,4.24,31.4,0.386,0.06,68.9,Critical,True,train
pond_02536,fish,6.86,7.51,26.1,0.0,0.28,36.8,Optimal,True,test
pond_02537,fish,6.07,7.77,24.0,0.0,0.71,15.3,Acceptable,True,train
pond_02538,fish,7.74,8.12,30.2,0.0,0.5,20.1,Optimal,True,train
pond_02539,fish,6.67,4.07,30.3,0.355,0.28,61.8,Critical,True,train
pond_02540,fish,7.48,6.29,29.8,0.242,0.41,67.8,Critical,True,test
pond_02541,fish,7.62,4.6,29.6,0.244,0.0,53.2,Critical,True,train
pond_02542,fish,7.76,6.71,27.6,0.152,0.13,58.7,Critical,True,train
pond_02543,fish,6.68,5.03,30.7,0.23,0.44,56.9,Critical,True,train
pond_02544,fish,7.36,6.5,28.4,0.081,0.57,45.0,Poor,True,val
pond_02545,fish,8.4,4.12,27.1,0.182,0.01,40.9,Critical,True,train
pond_02546,fish,8.43,7.1,27.6,0.016,0.08,44.7,Optimal,True,train
pond_02547,fish,7.99,4.88,34.2,0.18,0.75,48.2,Critical,True,train
pond_02548,fish,7.6,7.05,23.6,0.0,0.22,21.7,Acceptable,True,train
pond_02549,fish,6.8,8.23,29.9,0.0,0.66,48.2,Optimal,True,val
pond_02550,fish,7.83,6.27,23.8,0.21,0.25,61.3,Critical,True,train
pond_02551,fish,7.31,6.34,28.2,0.0,0.26,31.3,Optimal,True,test
pond_02552,fish,7.74,6.2,27.3,0.0,0.12,29.4,Optimal,True,test
pond_02553,fish,7.02,7.33,22.7,0.0,0.44,43.6,Acceptable,True,train
pond_02554,fish,7.3,8.68,29.6,0.0,0.54,23.3,Optimal,True,train
pond_02555,fish,7.5,6.12,27.4,0.0,0.0,11.3,Optimal,True,train
pond_02556,fish,7.55,6.27,22.6,0.136,0.11,55.7,Critical,True,val
pond_02557,fish,7.7,7.92,30.9,0.0,0.43,26.9,Optimal,True,train
pond_02558,fish,7.05,4.51,32.5,0.135,0.17,35.3,Critical,True,val
pond_02559,fish,6.59,2.66,32.7,0.114,0.08,24.0,Critical,True,train
pond_02560,fish,8.37,4.55,29.5,0.296,0.45,58.0,Critical,True,train
pond_02561,fish,8.89,4.03,28.6,0.277,0.48,50.4,Critical,True,train
pond_02562,fish,7.67,2.48,32.2,0.219,0.09,30.7,Critical,True,test
pond_02563,fish,6.61,4.28,33.2,0.0,0.25,13.8,Acceptable,True,train
pond_02564,fish,6.94,5.02,31.7,0.035,0.0,28.8,Acceptable,True,train
pond_02565,fish,7.71,8.02,25.9,0.0,0.0,45.3,Acceptable,True,train
pond_02566,fish,8.2,6.56,29.1,0.02,0.23,38.4,Optimal,True,test
pond_02567,fish,6.67,6.35,29.7,0.003,0.21,37.0,Optimal,True,val
pond_02568,fish,7.33,5.64,23.4,0.05,0.0,38.8,Poor,True,train
pond_02569,fish,7.52,6.76,29.8,0.049,0.02,48.7,Poor,True,test
pond_02570,fish,7.92,6.38,34.9,0.0,0.0,34.2,Acceptable,True,test
pond_02571,fish,7.19,5.97,30.3,0.056,0.31,43.1,Poor,True,test
pond_02572,fish,6.46,5.51,32.6,0.0,0.0,17.2,Optimal,True,train
pond_02573,fish,7.77,3.92,29.0,0.526,0.0,81.0,Critical,True,train
pond_02574,fish,8.07,7.32,28.3,0.0,0.0,29.9,Acceptable,True,test
pond_02575,fish,7.35,8.06,29.6,0.0,0.3,38.7,Optimal,True,train
pond_02576,fish,7.64,6.74,26.2,0.01,0.0,45.2,Optimal,True,val
pond_02577,fish,7.12,5.55,25.8,0.0,0.21,27.6,Optimal,True,train
pond_02578,fish,6.89,4.81,32.0,0.078,0.61,35.1,Poor,True,train
pond_02579,fish,8.02,4.39,32.3,0.143,0.62,34.9,Critical,True,test
pond_02580,fish,7.63,5.89,25.7,0.0,0.0,18.5,Optimal,True,test
pond_02581,fish,7.69,6.13,31.2,0.073,0.27,42.9,Acceptable,True,train
pond_02582,fish,8.3,6.24,28.3,0.0,0.0,5.3,Optimal,True,test
pond_02583,fish,6.77,7.0,29.5,0.209,0.0,66.5,Critical,True,train
pond_02584,fish,7.07,6.04,29.8,0.122,0.17,49.3,Critical,True,train
pond_02585,fish,7.49,3.99,31.3,0.24,0.51,46.5,Critical,True,train
pond_02586,fish,7.06,5.05,28.7,0.0,0.35,3.7,Optimal,True,train
pond_02587,fish,7.87,4.17,32.4,0.047,0.02,20.7,Poor,True,test
pond_02588,fish,7.29,5.35,29.4,0.248,0.38,60.0,Critical,True,test
pond_02589,fish,6.8,7.94,30.2,0.494,0.0,109.7,Critical,True,train
pond_02590,fish,7.44,9.04,26.2,0.0,0.01,56.5,Optimal,True,train
pond_02591,fish,7.5,5.68,34.5,0.184,0.0,53.7,Critical,True,train
pond_02592,fish,7.96,5.68,29.8,0.1,0.22,44.4,Critical,True,train
pond_02593,fish,7.64,3.47,30.5,0.019,0.15,19.7,Acceptable,True,test
pond_02594,fish,7.68,7.07,24.0,0.067,0.16,52.9,Poor,True,train
pond_02595,fish,7.59,5.19,26.2,0.0,0.16,15.2,Optimal,True,train
pond_02596,fish,7.29,7.34,32.0,0.0,0.21,13.2,Optimal,True,val
pond_02597,fish,6.97,3.38,29.3,0.008,0.34,12.1,Poor,True,val
pond_02598,fish,7.57,7.49,23.1,0.041,0.24,52.6,Poor,True,val
pond_02599,fish,7.2,3.95,31.4,0.132,0.13,34.0,Critical,True,train
pond_02600,fish,8.41,6.11,27.0,0.018,0.3,36.8,Optimal,True,test
pond_02601,fish,8.21,5.89,32.5,0.014,0.41,34.7,Optimal,True,val
pond_02602,fish,7.78,7.28,28.3,0.0,0.06,14.7,Optimal,True,train
pond_02603,fish,7.63,5.59,29.1,0.0,0.19,22.9,Optimal,True,train
pond_02604,fish,7.35,6.16,31.8,0.0,0.49,23.8,Optimal,True,train
pond_02605,fish,6.64,5.41,26.0,0.0,0.0,9.7,Optimal,True,train
pond_02606,fish,7.27,6.74,25.7,0.0,0.65,25.9,Optimal,True,train
pond_02607,fish,7.46,7.32,27.9,0.0,0.0,15.5,Optimal,True,train
pond_02608,fish,7.54,5.77,30.8,0.111,0.11,45.4,Critical,True,val
pond_02609,fish,7.68,5.86,24.8,0.12,0.0,46.9,Critical,True,test
pond_02610,fish,7.95,6.41,23.8,0.0,0.75,11.7,Acceptable,True,val
pond_02611,fish,6.98,6.73,30.8,0.0,0.07,29.7,Optimal,True,test
pond_02612,fish,6.99,4.63,26.8,0.388,0.07,68.4,Critical,True,test
pond_02613,fish,8.27,4.71,27.4,0.0,0.11,17.3,Optimal,True,train
pond_02614,fish,7.86,7.76,23.3,0.0,0.22,42.7,Acceptable,True,val
pond_02615,fish,7.17,5.59,26.6,0.021,0.12,36.9,Optimal,True,train
pond_02616,fish,7.34,3.77,28.5,0.316,0.17,54.7,Critical,True,train
pond_02617,fish,7.34,7.13,31.1,0.0,0.0,40.3,Optimal,True,train
pond_02618,fish,7.42,4.72,26.3,0.041,0.21,27.2,Poor,True,train
pond_02619,fish,7.68,4.53,33.1,0.123,0.2,36.2,Critical,True,val
pond_02620,fish,8.92,5.34,26.6,0.054,0.46,36.5,Poor,True,train
pond_02621,fish,7.51,5.79,26.6,0.0,0.53,33.3,Optimal,True,test
pond_02622,fish,7.8,3.64,32.8,0.0,0.15,11.3,Poor,True,train
pond_02623,fish,6.39,6.67,29.1,0.153,0.4,57.4,Critical,True,train
pond_02624,fish,7.11,6.29,27.0,0.143,0.0,54.2,Critical,True,train
pond_02625,fish,8.14,7.27,28.1,0.0,0.39,16.2,Optimal,True,val
pond_02626,fish,7.64,4.14,32.3,0.087,0.06,29.6,Critical,True,test
pond_02627,fish,4.77,7.91,32.6,0.0,0.0,30.9,Poor,True,train
pond_02628,fish,7.8,3.62,26.2,0.006,0.15,14.2,Poor,True,train
pond_02629,fish,8.55,3.61,28.4,0.0,0.55,1.4,Poor,True,train
pond_02630,fish,6.2,8.2,28.8,0.0,0.25,22.9,Acceptable,True,train
pond_02631,fish,8.31,7.06,25.7,0.0,0.57,28.6,Optimal,True,val
pond_02632,fish,5.74,6.31,28.3,0.0,0.01,9.1,Acceptable,True,train
pond_02633,fish,7.96,6.4,28.5,0.0,0.46,38.2,Optimal,True,train
pond_02634,fish,7.39,5.92,31.7,0.211,0.04,55.9,Critical,True,train
pond_02635,fish,5.99,5.5,31.9,0.17,0.26,50.2,Critical,True,train
pond_02636,fish,7.67,4.65,27.6,0.066,0.25,32.7,Poor,True,train
pond_02637,fish,8.09,7.07,27.9,0.0,0.37,1.9,Optimal,True,train
pond_02638,fish,7.62,6.33,30.4,0.077,0.26,47.9,Acceptable,True,train
pond_02639,fish,7.75,8.15,26.9,0.0,0.02,37.6,Optimal,True,train
pond_02640,fish,7.15,7.92,30.1,0.0,0.42,42.6,Optimal,True,train
pond_02641,fish,6.28,6.32,28.3,0.271,0.63,69.8,Critical,True,train
pond_02642,fish,7.82,4.66,25.8,0.0,0.05,20.2,Optimal,True,val
pond_02643,fish,8.45,8.86,25.8,0.0,0.0,0.0,Acceptable,True,val
pond_02644,fish,8.08,3.51,32.6,0.017,0.32,16.0,Poor,True,test
pond_02645,fish,6.21,6.37,28.1,0.029,0.12,43.7,Acceptable,True,train
pond_02646,fish,6.49,4.46,33.1,0.109,0.17,35.5,Critical,True,train
pond_02647,fish,6.89,5.51,27.1,0.0,0.34,13.1,Optimal,True,train
pond_02648,fish,6.44,6.7,29.3,0.0,0.09,9.4,Optimal,True,train
pond_02649,fish,7.43,4.71,35.2,0.016,0.13,28.6,Acceptable,True,train
pond_02650,fish,7.64,7.15,25.5,0.0,0.17,12.6,Optimal,True,train
pond_02651,fish,6.54,5.8,23.2,0.083,0.57,44.4,Critical,True,val
pond_02652,fish,7.87,4.78,32.1,0.026,0.21,27.6,Acceptable,True,train
pond_02653,fish,7.76,5.22,26.2,0.0,0.0,23.7,Optimal,True,train
pond_02654,fish,7.07,5.53,28.4,0.0,0.0,21.4,Optimal,True,train
pond_02655,fish,7.3,5.99,26.9,0.031,0.23,39.7,Optimal,True,train
pond_02656,fish,6.23,8.22,29.3,0.0,0.0,35.8,Acceptable,True,test
pond_02657,fish,7.2,6.01,25.8,0.042,0.0,38.6,Poor,True,train
pond_02658,fish,7.4,2.93,28.0,0.248,0.36,38.2,Critical,True,train
pond_02659,fish,7.5,7.48,29.8,0.0,0.37,33.7,Optimal,True,train
pond_02660,fish,7.63,7.03,25.7,0.0,0.11,16.4,Optimal,True,train
pond_02661,fish,7.55,6.04,26.5,0.0,0.27,21.9,Optimal,True,train
pond_02662,fish,7.24,5.4,27.5,0.002,0.25,27.9,Optimal,True,train
pond_02663,fish,7.57,5.33,24.5,0.379,0.35,72.2,Critical,True,train
pond_02664,fish,8.0,8.77,27.3,0.0,0.35,10.7,Optimal,True,train
pond_02665,fish,7.34,5.8,28.8,0.0,0.0,27.5,Optimal,True,train
pond_02666,fish,7.59,3.61,27.4,0.202,0.14,36.8,Critical,True,train
pond_02667,fish,7.29,6.42,27.7,0.0,0.33,29.5,Optimal,True,train
pond_02668,fish,7.01,7.5,28.4,0.04,0.1,54.3,Acceptable,True,train
pond_02669,fish,7.71,6.41,26.7,0.0,0.21,29.4,Optimal,True,val
pond_02670,fish,7.07,4.12,30.4,0.098,0.39,30.8,Critical,True,val
pond_02671,fish,7.63,3.55,32.5,0.323,0.22,49.7,Critical,True,test
pond_02672,fish,7.42,4.79,27.2,0.335,0.58,67.6,Critical,True,val
pond_02673,fish,7.22,7.64,29.9,0.08,0.48,60.3,Poor,True,train
pond_02674,fish,7.2,5.84,27.8,0.0,0.17,32.5,Optimal,True,train
pond_02675,fish,7.1,3.23,29.5,0.19,0.15,34.1,Critical,True,train
pond_02676,fish,6.41,5.4,32.9,0.082,0.0,35.8,Poor,True,train
pond_02677,fish,7.63,5.69,29.9,0.041,0.12,37.6,Acceptable,True,train
pond_02678,fish,7.54,6.24,23.5,0.0,0.0,19.7,Acceptable,True,train
pond_02679,fish,7.91,4.1,29.8,0.282,0.26,51.9,Critical,True,val
pond_02680,fish,7.08,3.57,32.0,0.2,0.24,38.7,Critical,True,train
pond_02681,fish,8.54,7.45,27.9,0.0,0.37,34.2,Optimal,True,train
pond_02682,fish,7.17,5.55,31.3,0.0,0.55,12.1,Optimal,True,train
pond_02683,fish,6.87,6.88,26.6,0.0,0.19,36.1,Optimal,True,train
pond_02684,fish,6.8,7.03,24.3,0.0,0.77,0.9,Acceptable,True,test
pond_02685,fish,6.36,6.17,28.9,0.0,0.26,24.5,Optimal,True,train
pond_02686,fish,8.32,6.2,23.6,0.0,0.0,24.9,Acceptable,True,train
pond_02687,fish,8.22,5.66,27.8,0.085,0.06,40.2,Poor,True,train
pond_02688,fish,7.76,6.66,32.1,0.238,0.11,68.8,Critical,True,train
pond_02689,fish,6.86,8.93,23.2,0.0,0.35,45.3,Acceptable,True,val
pond_02690,fish,8.49,4.86,24.9,0.308,0.0,61.1,Critical,True,train
pond_02691,fish,7.19,6.13,25.6,0.076,0.13,46.6,Poor,True,train
pond_02692,fish,7.24,7.01,28.3,0.085,0.16,55.3,Poor,True,train
pond_02693,fish,8.26,8.65,27.5,0.085,0.09,68.4,Critical,True,test
pond_02694,fish,7.8,7.46,32.4,0.0,0.4,21.8,Optimal,True,train
pond_02695,fish,8.72,4.11,31.2,0.019,0.36,20.7,Acceptable,True,val
pond_02696,fish,7.55,7.29,29.9,0.022,0.49,47.0,Optimal,True,train
pond_02697,fish,7.16,5.79,28.9,0.001,0.12,34.9,Optimal,True,val
pond_02698,fish,7.03,7.03,29.6,0.0,0.5,39.0,Optimal,True,train
pond_02699,fish,6.29,7.42,26.1,0.0,0.0,30.5,Acceptable,True,train
pond_02700,fish,7.23,3.52,30.9,0.07,0.0,24.3,Critical,True,train
pond_02701,fish,8.09,7.24,25.4,0.183,0.0,64.2,Critical,True,val
pond_02702,fish,7.76,6.71,30.8,0.0,0.2,15.2,Optimal,True,test
pond_02703,fish,7.41,5.06,31.8,0.149,0.5,47.4,Critical,True,train
pond_02704,fish,6.8,5.33,29.1,0.128,0.05,44.4,Critical,True,train
pond_02705,fish,7.54,3.71,28.0,0.0,0.08,6.6,Acceptable,True,train
pond_02706,fish,8.01,6.52,29.6,0.0,0.15,20.0,Optimal,True,val
pond_02707,fish,7.66,7.81,20.5,0.0,0.34,23.1,Poor,True,train
pond_02708,fish,7.5,4.33,29.3,0.19,0.08,45.2,Poor,True,train
pond_02709,fish,6.92,5.41,28.2,0.0,0.07,28.4,Optimal,True,train
pond_02710,fish,7.92,6.05,28.4,0.006,0.0,33.5,Optimal,True,train
pond_02711,fish,5.52,4.59,30.5,0.0,0.06,8.8,Poor,True,val
pond_02712,fish,7.63,5.85,28.3,0.369,0.49,76.9,Critical,True,train
pond_02713,fish,8.94,4.03,25.3,0.14,0.22,36.3,Critical,True,train
pond_02714,fish,6.49,7.77,28.1,0.0,0.02,44.0,Optimal,True,test
pond_02715,fish,7.26,5.78,28.7,0.0,0.51,25.3,Optimal,True,train
pond_02716,fish,7.4,4.19,28.8,0.032,0.05,23.3,Poor,True,train
pond_02717,fish,7.12,2.26,29.0,0.543,0.55,69.4,Critical,True,train
pond_02718,fish,8.02,6.62,31.4,0.0,0.55,0.5,Acceptable,True,train
pond_02719,fish,7.68,7.23,25.5,0.0,0.21,40.0,Optimal,True,train
pond_02720,fish,7.49,5.99,29.0,0.0,0.0,13.2,Optimal,True,train
pond_02721,fish,7.88,6.24,32.1,0.0,0.77,27.7,Optimal,True,train
pond_02722,fish,7.41,8.05,23.6,0.0,0.3,23.5,Acceptable,True,train
pond_02723,fish,9.31,5.96,29.0,0.0,0.12,17.3,Poor,True,train
pond_02724,fish,7.49,5.8,26.9,0.017,0.44,35.6,Optimal,True,train
pond_02725,fish,7.52,5.44,27.5,0.0,0.38,0.0,Acceptable,True,val
pond_02726,fish,6.37,6.93,26.0,0.0,0.53,29.3,Optimal,True,train
pond_02727,fish,7.07,7.86,28.0,0.0,0.03,33.4,Acceptable,True,train
pond_02728,fish,8.09,4.55,33.7,0.0,0.28,10.5,Acceptable,True,test
pond_02729,fish,6.6,8.63,25.0,0.047,0.0,62.2,Poor,True,train
pond_02730,fish,6.11,7.02,25.2,0.0,0.37,24.3,Acceptable,True,train
pond_02731,fish,7.42,7.11,24.9,0.0,0.19,30.7,Optimal,True,val
pond_02732,fish,8.22,8.13,33.3,0.0,0.27,24.3,Acceptable,True,train
pond_02733,fish,7.43,8.39,27.2,0.0,0.16,33.5,Optimal,True,val
pond_02734,fish,7.2,8.17,28.4,0.044,0.14,58.5,Acceptable,True,train
pond_02735,fish,6.28,4.93,27.4,0.444,0.0,79.5,Critical,True,train
pond_02736,fish,7.67,9.44,25.9,0.0,0.4,48.4,Acceptable,True,train
pond_02737,fish,7.8,5.83,27.8,0.175,0.57,54.6,Critical,True,val
pond_02738,fish,6.33,4.01,35.4,0.393,0.06,65.9,Critical,True,test
pond_02739,fish,8.08,1.94,32.4,0.348,0.34,39.5,Critical,True,train
pond_02740,fish,7.86,6.77,26.1,0.189,0.31,63.3,Critical,True,train
pond_02741,fish,8.08,3.89,30.3,0.271,0.2,49.3,Critical,True,train
pond_02742,fish,7.75,6.87,26.2,0.0,0.0,37.6,Optimal,True,train
pond_02743,fish,7.79,5.24,23.5,0.094,0.0,41.3,Critical,True,test
pond_02744,fish,7.71,7.71,31.4,0.0,0.0,2.2,Optimal,True,train
pond_02745,fish,7.92,5.88,31.7,0.034,0.0,40.3,Acceptable,True,test
pond_02746,fish,6.31,8.36,31.4,0.0,0.55,7.2,Acceptable,True,test
pond_02747,fish,6.5,4.65,27.2,0.0,0.29,5.7,Acceptable,True,train
pond_02748,fish,6.96,8.07,28.0,0.0,0.19,38.5,Optimal,True,val
pond_02749,fish,7.32,2.83,30.6,0.05,0.0,14.9,Poor,True,train
pond_02750,fish,7.63,5.86,29.6,0.0,0.0,34.9,Optimal,True,test
pond_02751,fish,7.59,5.15,27.4,0.097,0.2,37.5,Critical,True,val
pond_02752,fish,8.07,6.14,24.0,0.0,0.69,38.3,Acceptable,True,test
pond_02753,fish,8.09,5.01,28.8,0.0,0.03,18.7,Optimal,True,val
pond_02754,fish,6.88,3.87,31.5,0.294,0.42,51.2,Critical,True,train
pond_02755,fish,7.54,4.75,25.1,0.068,0.08,33.4,Poor,True,train
pond_02756,fish,6.89,4.8,30.3,0.158,0.21,42.9,Critical,True,val
pond_02757,fish,7.29,5.76,29.4,0.0,0.5,13.5,Optimal,True,train
pond_02758,fish,7.59,6.98,30.6,0.0,0.11,31.8,Optimal,True,train
pond_02759,fish,5.35,5.69,30.9,0.168,0.03,54.8,Critical,True,test
pond_02760,fish,8.85,7.85,26.6,0.021,0.55,52.5,Acceptable,True,val
pond_02761,fish,7.74,4.7,24.0,0.0,0.21,20.6,Acceptable,True,test
pond_02762,fish,7.04,5.51,27.0,0.0,0.47,25.2,Optimal,True,train
pond_02763,fish,8.56,6.26,31.0,0.0,0.03,17.2,Optimal,True,test
pond_02764,fish,7.19,6.61,27.0,0.0,0.55,23.2,Optimal,True,val
pond_02765,fish,7.48,5.01,26.6,0.0,0.27,9.8,Optimal,True,train
pond_02766,fish,7.11,8.2,23.4,0.0,0.31,32.5,Acceptable,True,val
pond_02767,fish,8.39,4.0,33.4,0.236,0.23,46.4,Critical,True,train
pond_02768,fish,7.34,4.22,30.8,0.015,0.07,20.9,Acceptable,True,val
pond_02769,fish,7.49,6.02,30.7,0.0,0.2,33.4,Optimal,True,train
pond_02770,fish,8.12,5.23,31.2,0.046,0.09,31.0,Poor,True,val
pond_02771,fish,7.75,4.72,30.1,0.232,0.44,54.0,Critical,True,train
pond_02772,fish,7.37,5.17,27.8,0.0,0.15,24.0,Optimal,True,train
pond_02773,fish,8.07,4.4,28.0,0.028,0.0,24.6,Acceptable,True,val
pond_02774,fish,8.92,5.5,27.3,0.0,0.0,19.8,Optimal,True,train
pond_02775,fish,7.59,5.76,35.9,0.0,0.0,14.5,Acceptable,True,train
pond_02776,fish,7.47,5.81,30.1,0.1,0.35,44.5,Critical,True,train
pond_02777,fish,7.5,7.42,27.2,0.0,0.0,32.6,Optimal,True,train
pond_02778,fish,8.19,6.24,29.8,0.0,0.28,36.0,Optimal,True,test
pond_02779,fish,7.04,5.55,25.7,0.219,0.23,57.9,Critical,True,train
pond_02780,fish,7.23,2.59,32.7,0.429,0.18,59.0,Critical,True,val
pond_02781,fish,6.48,4.9,26.6,0.0,0.31,5.4,Optimal,True,test
pond_02782,fish,6.69,4.56,29.9,0.178,0.24,46.7,Poor,True,train
pond_02783,fish,7.09,4.11,31.5,0.173,0.0,39.1,Critical,True,val
pond_02784,fish,7.37,6.94,29.6,0.0,0.12,26.7,Optimal,True,val
pond_02785,fish,8.46,7.1,28.8,0.0,0.31,40.9,Optimal,True,train
pond_02786,fish,7.72,8.89,28.5,0.0,0.61,3.9,Acceptable,True,train
pond_02787,fish,6.85,4.76,28.3,0.31,0.62,61.3,Critical,True,train
pond_02788,fish,6.96,8.38,26.9,0.0,0.0,44.3,Optimal,True,val
pond_02789,fish,8.22,8.3,27.2,0.0,0.11,19.4,Optimal,True,train
pond_02790,fish,8.08,4.59,32.6,0.016,0.0,24.5,Acceptable,True,val
pond_02791,fish,7.42,6.53,28.2,0.0,0.58,4.3,Optimal,True,train
pond_02792,fish,7.13,8.01,26.3,0.0,0.45,29.3,Optimal,True,train
pond_02793,fish,8.07,6.03,27.1,0.0,0.29,26.3,Optimal,True,test
pond_02794,fish,6.8,4.95,31.6,0.0,0.24,11.1,Optimal,True,test
pond_02795,fish,7.64,4.52,30.4,0.21,0.55,49.0,Critical,True,train
pond_02796,fish,8.76,2.16,30.1,0.461,0.5,58.0,Critical,True,val
pond_02797,fish,7.52,6.05,27.8,0.0,0.49,34.5,Optimal,True,train
pond_02798,fish,6.93,4.46,30.1,0.051,0.31,29.5,Poor,True,train
pond_02799,fish,7.65,4.68,26.7,0.166,0.11,42.8,Critical,True,train
pond_02800,fish,7.12,6.55,27.8,0.0,0.39,34.6,Optimal,True,train
pond_02801,fish,6.56,3.19,31.2,0.039,0.4,15.5,Poor,True,train
pond_02802,fish,7.82,6.4,30.9,0.0,0.15,23.3,Optimal,True,train
pond_02803,fish,8.07,7.07,25.8,0.0,0.11,29.7,Optimal,True,train
pond_02804,fish,7.21,5.75,26.1,0.036,0.48,39.5,Acceptable,True,train
pond_02805,fish,7.17,5.65,28.8,0.017,0.62,35.2,Optimal,True,train
pond_02806,fish,6.82,3.1,33.3,0.228,0.01,38.8,Critical,True,train
pond_02807,fish,7.31,8.0,23.1,0.0,0.13,7.6,Acceptable,True,train
pond_02808,fish,7.06,5.9,29.3,0.097,0.29,47.0,Critical,True,train
pond_02809,fish,6.79,6.99,24.6,0.0,0.32,35.1,Acceptable,True,train
pond_02810,fish,8.54,6.88,26.7,0.33,0.07,80.9,Critical,True,test
pond_02811,fish,7.68,5.12,27.5,0.01,0.67,28.0,Optimal,True,val
pond_02812,fish,7.74,3.93,27.3,0.196,0.31,40.8,Critical,True,train
pond_02813,fish,7.93,7.46,27.0,0.34,0.33,85.9,Critical,True,train
pond_02814,fish,7.86,6.76,28.5,0.0,0.64,38.5,Optimal,True,train
pond_02815,fish,7.15,5.37,27.0,0.018,0.09,33.8,Optimal,True,val
pond_02816,fish,7.56,7.25,24.4,0.0,0.18,17.2,Optimal,True,test
pond_02817,fish,7.24,7.09,30.7,0.149,0.0,62.5,Critical,True,val
pond_02818,fish,7.66,6.94,30.6,0.0,0.16,14.1,Optimal,True,train
pond_02819,fish,7.61,4.5,30.9,0.177,0.0,42.7,Critical,True,train
pond_02820,fish,7.17,4.64,24.2,0.017,0.39,26.5,Acceptable,True,train
pond_02821,fish,6.6,3.78,29.3,0.116,0.3,31.6,Critical,True,train
pond_02822,fish,7.49,4.96,30.4,0.0,0.13,9.4,Optimal,True,val
pond_02823,fish,7.28,8.47,25.6,0.028,0.17,59.2,Acceptable,True,train
pond_02824,fish,6.27,4.77,28.5,0.047,0.39,30.0,Poor,True,train
pond_02825,fish,7.7,5.03,28.2,0.0,0.0,13.1,Optimal,True,train
pond_02826,fish,7.98,3.83,33.7,0.336,0.25,57.5,Critical,True,test
pond_02827,fish,8.92,3.9,33.9,0.067,0.37,25.9,Critical,True,train
pond_02828,fish,7.17,6.78,23.8,0.014,0.0,41.0,Optimal,True,train
pond_02829,fish,7.08,2.51,35.5,0.388,0.37,50.1,Critical,True,train
pond_02830,fish,6.73,7.87,25.9,0.0,0.0,43.5,Optimal,True,test
pond_02831,fish,7.53,5.01,31.2,0.0,0.17,0.0,Acceptable,True,train
pond_02832,fish,7.52,8.69,31.2,0.0,0.0,47.5,Optimal,True,train
pond_02833,fish,6.91,4.75,25.7,0.056,0.56,33.2,Poor,True,train
pond_02834,fish,7.3,7.73,29.9,0.0,0.0,29.1,Optimal,True,train
pond_02835,fish,6.21,7.81,28.2,0.0,0.0,33.0,Acceptable,True,train
pond_02836,fish,7.96,4.89,30.1,0.0,0.23,6.0,Optimal,True,train
pond_02837,fish,6.94,5.11,29.1,0.067,0.1,38.5,Poor,True,train
pond_02838,fish,7.38,3.79,31.8,0.0,0.0,10.4,Acceptable,True,train
pond_02839,fish,6.54,4.48,28.7,0.067,0.33,29.9,Poor,True,train
pond_02840,fish,7.05,5.9,28.0,0.036,0.0,37.8,Acceptable,True,train
pond_02841,fish,7.23,5.17,31.6,0.179,0.0,54.3,Critical,True,train
pond_02842,fish,7.39,3.21,30.1,0.048,0.06,20.2,Poor,True,train
pond_02843,fish,7.69,8.57,30.5,0.028,0.4,61.1,Acceptable,True,test
pond_02844,fish,8.26,5.84,26.6,0.172,0.52,52.0,Critical,True,train
pond_02845,fish,7.84,6.52,25.6,0.0,0.48,27.3,Optimal,True,train
pond_02846,fish,7.98,5.26,26.9,0.0,0.16,15.0,Optimal,True,test
pond_02847,fish,8.27,5.8,26.8,0.0,0.0,9.0,Optimal,True,train
pond_02848,fish,7.74,4.83,30.7,0.11,0.3,39.9,Critical,True,train
pond_02849,fish,7.38,5.21,31.2,0.0,0.57,21.7,Optimal,True,train
pond_02850,fish,8.01,5.87,28.1,0.21,0.51,56.6,Critical,True,train
pond_02851,fish,8.04,6.07,32.5,0.0,0.32,22.8,Optimal,True,test
pond_02852,fish,7.79,5.3,32.3,0.0,0.0,18.8,Optimal,True,train
pond_02853,fish,6.53,6.64,29.2,0.0,0.07,39.2,Optimal,True,train
pond_02854,fish,6.9,6.28,26.2,0.0,0.68,22.7,Acceptable,True,train
pond_02855,fish,7.24,5.18,32.9,0.078,0.0,35.2,Poor,True,test
pond_02856,fish,7.87,5.5,28.3,0.175,0.0,52.7,Critical,True,val
pond_02857,fish,7.39,7.13,28.9,0.0,0.44,37.1,Optimal,True,val
pond_02858,fish,8.08,6.46,27.5,0.0,0.09,37.2,Optimal,True,train
pond_02859,fish,8.19,6.11,26.0,0.016,0.0,38.7,Optimal,True,train
pond_02860,fish,8.12,6.42,24.4,0.0,0.58,4.5,Acceptable,True,train
pond_02861,fish,8.12,5.27,30.3,0.112,0.32,42.1,Critical,True,train
pond_02862,fish,6.78,6.31,26.3,0.007,0.1,37.9,Acceptable,True,val
pond_02863,fish,7.69,3.89,37.1,0.311,0.0,51.1,Critical,True,train
pond_02864,fish,7.04,5.67,25.5,0.092,0.71,45.9,Critical,True,train
pond_02865,fish,6.41,7.63,25.0,0.0,0.19,31.4,Optimal,True,train
pond_02866,fish,7.23,6.65,29.9,0.12,0.55,53.6,Critical,True,train
pond_02867,fish,8.19,7.38,32.8,0.0,0.42,29.7,Optimal,True,train
pond_02868,fish,7.68,4.92,28.7,0.097,0.07,39.4,Critical,True,val
pond_02869,fish,8.61,6.39,30.1,0.0,0.07,29.4,Optimal,True,train
pond_02870,fish,7.51,4.23,23.3,0.195,0.56,43.3,Critical,True,train
pond_02871,fish,8.87,7.37,26.6,0.0,0.57,28.2,Acceptable,True,train
pond_02872,fish,7.51,4.4,25.5,0.35,0.0,64.7,Critical,True,train
pond_02873,fish,7.41,5.56,23.2,0.351,0.34,71.3,Critical,True,val
pond_02874,fish,6.63,6.19,28.8,0.109,0.17,50.7,Critical,True,train
pond_02875,fish,8.07,6.28,22.2,0.181,0.0,62.7,Critical,True,train
pond_02876,fish,7.1,5.53,24.8,0.0,0.27,7.3,Optimal,True,train
pond_02877,fish,7.01,5.44,27.0,0.0,0.0,9.4,Optimal,True,train
pond_02878,fish,8.17,7.32,26.2,0.0,0.08,29.2,Optimal,True,train
pond_02879,fish,8.09,4.26,29.6,0.133,0.0,35.7,Critical,True,train
pond_02880,fish,8.08,5.54,29.4,0.023,0.08,31.4,Optimal,True,train
pond_02881,fish,7.18,4.73,31.0,0.0,0.18,5.4,Acceptable,True,train
pond_02882,fish,7.37,6.5,30.6,0.129,0.0,55.7,Critical,True,val
pond_02883,fish,7.36,6.3,31.7,0.322,0.59,73.8,Critical,True,train
pond_02884,fish,7.87,3.23,28.5,0.358,0.32,58.1,Critical,True,test
pond_02885,fish,8.33,7.08,29.3,0.083,0.65,54.5,Critical,True,train
pond_02886,fish,7.62,4.64,29.9,0.147,0.16,39.1,Critical,True,train
pond_02887,fish,8.58,6.05,28.9,0.0,0.06,19.8,Optimal,True,train
pond_02888,fish,7.94,4.72,27.4,0.11,0.64,36.3,Critical,True,train
pond_02889,fish,7.26,6.52,27.6,0.287,0.06,72.9,Critical,True,test
pond_02890,fish,7.9,9.86,26.2,0.0,0.16,28.7,Acceptable,True,train
pond_02891,fish,8.42,5.73,29.7,0.0,0.38,26.8,Optimal,True,train
pond_02892,fish,8.6,5.21,28.2,0.202,0.0,54.9,Critical,True,test
pond_02893,fish,8.11,5.87,26.6,0.166,0.38,56.1,Critical,True,train
pond_02894,fish,7.42,4.14,26.6,0.009,0.35,19.7,Acceptable,True,test
pond_02895,fish,7.27,8.55,25.1,0.0,0.52,30.3,Optimal,True,train
pond_02896,fish,7.75,5.65,31.2,0.0,0.42,26.0,Optimal,True,train
pond_02897,fish,8.4,4.28,28.7,0.137,0.52,36.3,Critical,True,test
pond_02898,fish,7.66,4.89,26.1,0.269,0.17,54.9,Critical,True,train
pond_02899,fish,7.67,5.34,30.8,0.0,0.0,20.5,Optimal,True,train
pond_02900,fish,7.43,7.44,26.9,0.049,0.73,54.6,Poor,True,test
pond_02901,fish,7.2,5.03,24.6,0.092,0.0,36.8,Critical,True,test
pond_02902,fish,7.3,6.75,31.4,0.281,0.0,76.9,Critical,True,val
pond_02903,fish,7.48,5.99,27.0,0.06,0.34,40.7,Poor,True,val
pond_02904,fish,8.43,4.74,27.4,0.074,0.61,33.3,Poor,True,train
pond_02905,fish,7.26,5.12,28.6,0.153,0.25,45.3,Critical,True,train
pond_02906,fish,7.43,7.56,31.7,0.0,0.45,28.9,Optimal,True,train
pond_02907,fish,6.88,3.84,28.6,0.0,0.0,2.7,Acceptable,True,train
pond_02908,fish,7.83,5.49,25.1,0.0,0.08,30.7,Optimal,True,train
pond_02909,fish,8.22,6.81,30.0,0.0,0.0,30.4,Optimal,True,test
pond_02910,fish,8.37,6.39,27.1,0.0,0.4,6.3,Optimal,True,train
pond_02911,fish,7.52,3.56,33.8,0.172,0.0,33.7,Critical,True,train
pond_02912,fish,7.74,7.15,28.5,0.0,0.0,0.0,Acceptable,True,test
pond_02913,fish,7.31,8.56,22.2,0.0,0.33,28.7,Acceptable,True,train
pond_02914,fish,7.72,6.05,29.5,0.03,0.47,39.4,Acceptable,True,train
pond_02915,fish,7.59,3.78,33.9,0.196,0.16,36.7,Critical,True,train
pond_02916,fish,7.43,4.21,32.9,0.072,0.34,27.6,Critical,True,train
pond_02917,fish,7.48,5.1,33.6,0.055,0.33,33.5,Poor,True,train
pond_02918,fish,7.67,4.58,25.6,0.001,0.15,20.9,Acceptable,True,train
pond_02919,fish,7.22,7.11,31.1,0.0,0.0,35.2,Optimal,True,test
pond_02920,fish,7.25,8.61,26.5,0.0,0.34,36.0,Optimal,True,train
pond_02921,fish,8.42,5.34,29.1,0.0,0.35,18.8,Optimal,True,train
pond_02922,fish,9.03,7.06,24.9,0.0,0.42,39.8,Acceptable,True,train
pond_02923,fish,6.68,7.85,26.7,0.0,0.28,39.7,Optimal,True,test
pond_02924,fish,6.64,8.94,26.6,0.0,0.0,32.0,Optimal,True,train
pond_02925,fish,6.83,7.44,31.0,0.245,0.37,78.6,Critical,True,train
pond_02926,fish,7.34,2.89,30.7,0.187,0.2,32.5,Critical,True,train
pond_02927,fish,7.94,5.19,29.3,0.0,0.08,30.0,Optimal,True,train
pond_02928,fish,7.75,7.31,24.7,0.0,0.13,27.4,Optimal,True,train
pond_02929,fish,7.5,5.3,27.6,0.0,0.03,17.5,Optimal,True,train
pond_02930,fish,7.72,8.74,26.4,0.0,0.42,47.3,Optimal,True,train
pond_02931,fish,6.98,7.56,30.9,0.0,0.0,22.6,Optimal,True,train
pond_02932,fish,7.25,3.95,31.8,0.043,0.0,24.8,Poor,True,train
pond_02933,fish,7.39,4.94,31.5,0.0,0.12,25.3,Optimal,True,test
pond_02934,fish,6.45,5.2,26.4,0.0,0.6,17.3,Optimal,True,test
pond_02935,fish,6.7,7.17,20.8,0.0,0.46,3.5,Poor,True,train
pond_02936,fish,6.73,6.54,23.6,0.0,0.0,26.7,Acceptable,True,train
pond_02937,fish,7.86,6.28,32.5,0.134,0.54,50.7,Critical,True,train
pond_02938,fish,7.55,4.8,27.4,0.09,0.54,38.5,Critical,True,train
pond_02939,fish,7.77,2.59,26.4,0.506,0.0,63.1,Critical,True,test
pond_02940,fish,6.3,2.57,33.1,0.36,0.0,48.5,Critical,True,train
pond_02941,fish,6.51,3.6,32.0,0.262,0.18,44.4,Critical,True,train
pond_02942,fish,7.8,4.87,28.6,0.374,0.48,68.9,Critical,True,train
pond_02943,fish,5.73,6.24,27.7,0.0,0.6,33.3,Acceptable,True,val
pond_02944,fish,8.13,4.37,28.1,0.149,0.0,36.1,Critical,True,train
pond_02945,fish,6.31,3.97,29.1,0.125,0.64,34.8,Critical,True,train
pond_02946,fish,7.91,3.54,33.0,0.403,0.0,62.8,Critical,True,test
pond_02947,fish,6.87,3.98,29.7,0.129,0.11,35.0,Critical,True,train
pond_02948,fish,8.03,4.59,30.5,0.0,0.1,23.3,Acceptable,True,train
pond_02949,fish,9.32,4.26,31.8,0.2,0.49,45.6,Critical,True,test
pond_02950,fish,6.04,7.47,25.2,0.0,0.52,20.3,Acceptable,True,train
pond_02951,fish,7.82,3.96,30.6,0.221,0.44,44.6,Critical,True,train
pond_02952,fish,6.32,5.48,27.7,0.127,0.0,42.4,Critical,True,train
pond_02953,fish,7.66,6.55,21.5,0.0,0.42,31.6,Acceptable,True,train
pond_02954,fish,7.28,8.21,22.5,0.0,0.33,45.2,Acceptable,True,val
pond_02955,fish,7.48,6.19,25.6,0.0,0.0,8.2,Optimal,True,train
pond_02956,fish,6.85,6.95,30.0,0.0,0.0,37.9,Optimal,True,train
pond_02957,fish,7.87,4.12,28.8,0.068,0.46,26.7,Poor,True,test
pond_02958,fish,6.53,5.62,29.0,0.458,0.15,86.5,Critical,True,test
pond_02959,fish,8.14,3.82,34.0,0.181,0.0,37.8,Critical,True,train
pond_02960,fish,7.15,4.84,24.9,0.0,0.15,24.3,Optimal,True,train
pond_02961,fish,6.56,5.72,28.4,0.0,0.29,10.2,Optimal,True,val
pond_02962,fish,8.36,8.04,29.4,0.059,0.18,58.5,Poor,True,train
pond_02963,fish,7.36,5.05,26.4,0.006,0.0,28.7,Optimal,True,train
pond_02964,fish,8.54,5.6,28.6,0.0,0.67,20.8,Optimal,True,test
pond_02965,fish,8.13,4.92,24.0,0.131,0.45,41.1,Critical,True,train
pond_02966,fish,6.92,2.91,32.4,0.305,0.12,46.7,Critical,True,train
pond_02967,fish,7.35,5.11,26.6,0.148,0.13,46.4,Critical,True,train
pond_02968,fish,7.47,3.95,34.2,0.145,0.29,35.4,Critical,True,train
pond_02969,fish,8.32,5.25,28.4,0.069,0.0,37.9,Acceptable,True,train
pond_02970,fish,7.66,4.87,31.4,0.13,0.28,39.2,Critical,True,train
pond_02971,fish,7.51,3.52,28.4,0.223,0.0,41.1,Critical,True,train
pond_02972,fish,7.28,4.94,28.4,0.154,0.18,42.6,Critical,True,val
pond_02973,fish,7.37,6.85,26.9,0.104,0.0,54.7,Poor,True,val
pond_02974,fish,8.18,3.83,28.8,0.16,0.0,36.0,Critical,True,train
pond_02975,fish,7.4,5.11,29.4,0.0,0.61,20.3,Optimal,True,train
pond_02976,fish,7.16,6.68,26.3,0.0,0.21,32.4,Optimal,True,train
pond_02977,fish,7.06,4.78,28.1,0.203,0.25,48.6,Critical,True,train
pond_02978,fish,7.07,6.64,26.8,0.0,0.0,2.8,Optimal,True,train
pond_02979,fish,6.56,2.29,34.9,0.01,0.05,2.9,Poor,True,test
pond_02980,fish,6.95,7.1,28.2,0.037,0.32,51.5,Acceptable,True,train
pond_02981,fish,8.3,5.38,32.8,0.247,0.25,62.4,Critical,True,train
pond_02982,fish,7.28,6.0,28.0,0.0,0.0,12.2,Optimal,True,val
pond_02983,fish,7.82,7.22,29.2,0.0,0.25,36.8,Optimal,True,train
pond_02984,fish,5.91,6.13,24.8,0.0,0.29,27.8,Acceptable,True,train
pond_02985,fish,7.74,5.2,27.2,0.004,0.52,30.3,Optimal,True,train
pond_02986,fish,7.3,7.6,29.1,0.0,0.04,40.5,Optimal,True,train
pond_02987,fish,7.11,7.43,32.9,0.0,0.0,11.7,Optimal,True,train
pond_02988,fish,7.51,4.7,29.1,0.0,0.0,15.1,Optimal,True,train
pond_02989,fish,7.1,4.81,32.4,0.052,0.0,29.6,Poor,True,train
pond_02990,fish,6.13,6.88,30.3,0.0,0.38,32.4,Acceptable,True,val
pond_02991,fish,7.95,4.71,33.1,0.0,0.0,14.7,Acceptable,True,train
pond_02992,fish,7.55,6.67,28.3,0.08,0.09,49.2,Poor,True,train
pond_02993,fish,7.21,5.46,35.2,0.0,0.56,27.5,Acceptable,True,test
pond_02994,fish,6.82,5.3,27.1,0.0,0.2,27.4,Optimal,True,val
pond_02995,fish,6.52,6.85,26.4,0.0,0.42,40.1,Optimal,True,train
pond_02996,fish,7.53,6.52,25.1,0.0,0.0,32.7,Optimal,True,val
pond_02997,fish,8.37,2.7,35.0,0.362,0.0,50.1,Critical,True,train
pond_02998,fish,7.52,3.92,30.8,0.0,0.56,18.2,Acceptable,True,val
pond_02999,fish,6.57,5.09,27.6,0.0,0.23,9.8,Optimal,True,train
pond_03000,shrimp,7.9,3.2,30.9,0.343,14.68,53.1,Critical,True,train
pond_03001,shrimp,7.62,3.8,33.0,0.436,22.33,61.5,Critical,True,train
pond_03002,shrimp,8.24,3.59,28.0,0.188,14.62,38.2,Critical,True,val
pond_03003,shrimp,8.09,4.27,28.3,0.063,18.95,55.0,Optimal,True,train
pond_03004,shrimp,8.2,4.63,29.0,0.095,16.31,21.9,Optimal,True,train
pond_03005,shrimp,8.35,4.12,30.1,0.223,17.24,59.3,Critical,True,train
pond_03006,shrimp,7.91,5.61,29.7,0.125,17.51,53.5,Poor,True,train
pond_03007,shrimp,7.92,3.55,30.8,0.071,14.55,24.0,Acceptable,True,val
pond_03008,shrimp,8.74,2.51,27.0,0.367,10.24,50.6,Critical,True,test
pond_03009,shrimp,7.53,2.54,30.4,0.435,21.21,61.8,Critical,True,train
pond_03010,shrimp,7.06,5.22,27.9,0.061,25.76,41.6,Acceptable,True,train
pond_03011,shrimp,8.28,4.18,29.2,0.0,26.13,23.5,Optimal,True,train
pond_03012,shrimp,7.69,2.29,33.3,0.497,13.96,43.6,Critical,True,train
pond_03013,shrimp,7.46,7.99,26.4,0.0,12.97,51.0,Acceptable,True,train
pond_03014,shrimp,8.44,5.96,28.9,0.0,13.95,23.4,Optimal,True,train
pond_03015,shrimp,7.93,5.49,26.7,0.0,16.03,19.8,Acceptable,True,train
pond_03016,shrimp,7.37,4.99,29.8,0.068,16.71,50.4,Optimal,True,train
pond_03017,shrimp,8.97,3.85,31.8,0.343,11.51,56.5,Critical,True,test
pond_03018,shrimp,7.19,3.19,29.9,0.497,8.86,83.0,Critical,True,train
pond_03019,shrimp,7.96,6.11,29.2,0.099,17.27,53.3,Optimal,True,train
pond_03020,shrimp,7.06,5.02,32.4,0.0,0.0,15.8,Poor,True,train
pond_03021,shrimp,8.14,2.23,30.2,0.437,16.45,80.8,Critical,True,val
pond_03022,shrimp,7.68,4.58,31.3,0.156,11.8,61.1,Poor,True,train
pond_03023,shrimp,8.41,4.78,31.1,0.0,21.29,0.0,Acceptable,True,train
pond_03024,shrimp,7.99,6.14,23.2,0.0,22.76,19.4,Poor,True,test
pond_03025,shrimp,8.68,7.36,29.3,0.0,22.89,30.2,Optimal,True,train
pond_03026,shrimp,7.79,7.83,27.1,0.045,15.09,56.8,Optimal,True,test
pond_03027,shrimp,7.2,4.84,27.7,0.0,10.76,0.0,Acceptable,True,train
pond_03028,shrimp,8.12,3.65,32.7,0.137,12.52,37.6,Poor,True,val
pond_03029,shrimp,7.87,4.62,28.7,0.328,18.58,55.6,Critical,True,train
pond_03030,shrimp,7.09,2.93,33.7,0.083,7.95,0.0,Poor,True,train
pond_03031,shrimp,7.47,4.54,26.4,0.194,24.66,54.9,Critical,True,val
pond_03032,shrimp,7.63,6.06,27.1,0.213,15.18,57.3,Critical,True,train
pond_03033,shrimp,8.78,6.7,31.2,0.0,19.75,23.1,Acceptable,True,train
pond_03034,shrimp,8.35,6.86,28.7,0.0,7.2,16.9,Acceptable,True,test
pond_03035,shrimp,7.83,5.56,30.2,0.0,11.91,22.8,Optimal,True,train
pond_03036,shrimp,8.24,1.98,29.3,0.0,6.52,0.0,Poor,True,train
pond_03037,shrimp,6.98,2.65,29.2,0.137,22.62,33.5,Critical,True,train
pond_03038,shrimp,7.72,6.26,28.8,0.0,16.12,44.4,Optimal,True,train
pond_03039,shrimp,8.2,6.64,29.9,0.0,20.14,15.6,Optimal,True,test
pond_03040,shrimp,8.08,5.08,30.9,0.203,17.35,59.4,Critical,True,val
pond_03041,shrimp,7.73,3.46,33.1,0.127,19.58,42.1,Poor,True,val
pond_03042,shrimp,7.98,6.54,29.1,0.044,15.14,45.2,Optimal,True,train
pond_03043,shrimp,8.17,5.94,28.6,0.0,15.88,32.0,Optimal,True,val
pond_03044,shrimp,8.0,6.48,28.4,0.006,16.5,54.9,Optimal,True,test
pond_03045,shrimp,8.43,1.69,32.7,0.677,19.23,65.8,Critical,True,train
pond_03046,shrimp,8.16,4.8,31.0,0.0,19.38,31.8,Optimal,True,train
pond_03047,shrimp,8.26,8.07,25.3,0.0,32.46,55.2,Poor,True,val
pond_03048,shrimp,8.86,6.6,25.2,0.005,26.25,55.4,Poor,True,train
pond_03049,shrimp,8.41,6.44,27.7,0.0,7.22,48.4,Acceptable,True,train
pond_03050,shrimp,8.87,4.71,30.0,0.237,16.21,73.5,Critical,True,val
pond_03051,shrimp,7.66,4.95,29.4,0.0,14.77,25.5,Optimal,True,train
pond_03052,shrimp,7.2,6.17,30.6,0.0,24.04,31.6,Acceptable,True,train
pond_03053,shrimp,7.93,4.1,29.1,0.063,15.26,24.5,Optimal,True,train
pond_03054,shrimp,7.89,3.04,32.6,0.332,19.55,54.5,Critical,True,train
pond_03055,shrimp,8.73,3.76,31.2,0.104,4.15,34.6,Poor,True,train
pond_03056,shrimp,7.43,4.78,29.7,0.0,8.68,26.1,Acceptable,True,train
pond_03057,shrimp,7.96,2.18,32.0,0.648,28.51,73.3,Critical,True,test
pond_03058,shrimp,8.2,6.67,25.9,0.247,17.28,76.2,Critical,True,train
pond_03059,shrimp,8.05,4.65,29.3,0.0,11.51,33.4,Optimal,True,train
pond_03060,shrimp,7.91,5.74,29.8,0.0,18.34,12.7,Optimal,True,val
pond_03061,shrimp,8.18,1.9,30.8,0.469,11.21,77.3,Critical,True,train
pond_03062,shrimp,8.54,6.86,25.7,0.059,15.44,49.4,Acceptable,True,train
pond_03063,shrimp,8.77,6.56,28.9,0.06,9.01,48.4,Acceptable,True,train
pond_03064,shrimp,8.02,5.09,30.4,0.145,12.66,42.1,Acceptable,True,train
pond_03065,shrimp,7.59,4.55,30.5,0.0,14.71,24.0,Optimal,True,train
pond_03066,shrimp,8.77,5.13,32.1,0.047,23.16,31.7,Acceptable,True,train
pond_03067,shrimp,7.46,5.87,31.2,0.164,19.55,53.6,Acceptable,True,val
pond_03068,shrimp,8.9,5.46,29.4,0.0,20.51,31.0,Acceptable,True,train
pond_03069,shrimp,8.67,5.11,31.0,0.094,16.86,48.7,Optimal,True,train
pond_03070,shrimp,8.74,6.91,29.1,0.0,21.53,40.3,Acceptable,True,train
pond_03071,shrimp,8.34,5.63,29.8,0.0,12.2,18.9,Optimal,True,train
pond_03072,shrimp,6.94,3.36,31.2,0.482,12.97,72.4,Critical,True,train
pond_03073,shrimp,7.48,6.35,29.4,0.012,19.24,51.9,Optimal,True,train
pond_03074,shrimp,8.15,4.43,30.3,0.14,15.46,46.6,Poor,True,val
pond_03075,shrimp,7.66,4.26,31.6,0.193,16.92,51.1,Critical,True,train
pond_03076,shrimp,7.84,4.5,31.1,0.0,16.1,4.1,Acceptable,True,test
pond_03077,shrimp,8.31,5.22,32.2,0.0,23.89,30.1,Optimal,True,train
pond_03078,shrimp,7.92,5.5,34.6,0.0,24.18,9.5,Acceptable,True,train
pond_03079,shrimp,7.39,4.41,31.0,0.055,13.56,42.5,Optimal,True,train
pond_03080,shrimp,8.44,7.15,28.5,0.0,7.32,46.5,Acceptable,True,train
pond_03081,shrimp,8.26,4.69,30.6,0.132,13.09,42.8,Poor,True,train
pond_03082,shrimp,7.88,6.2,30.5,0.065,12.07,63.6,Optimal,True,train
pond_03083,shrimp,8.36,4.67,30.8,0.0,21.57,10.1,Optimal,True,val
pond_03084,shrimp,8.05,3.31,32.8,0.186,22.06,24.0,Critical,True,train
pond_03085,shrimp,8.67,8.12,25.8,0.0,11.33,48.3,Acceptable,True,train
pond_03086,shrimp,8.08,3.19,32.8,0.333,12.85,45.3,Poor,True,train
pond_03087,shrimp,8.66,2.9,33.6,0.0,8.87,13.7,Poor,True,train
pond_03088,shrimp,7.06,2.95,30.7,0.351,17.74,63.9,Critical,True,val
pond_03089,shrimp,8.23,5.97,30.8,0.25,16.75,70.9,Critical,True,test
pond_03090,shrimp,7.8,6.75,29.0,0.0,21.34,48.5,Optimal,True,train
pond_03091,shrimp,7.57,5.24,29.5,0.0,19.73,9.8,Optimal,True,val
pond_03092,shrimp,8.58,3.2,31.0,0.337,20.36,43.2,Critical,True,train
pond_03093,shrimp,8.44,4.41,30.9,0.184,8.52,46.8,Critical,True,train
pond_03094,shrimp,7.0,4.0,31.1,0.155,13.56,34.6,Critical,True,train
pond_03095,shrimp,8.36,3.19,30.9,0.369,22.22,66.9,Critical,True,train
pond_03096,shrimp,8.3,3.67,31.5,0.274,14.04,37.7,Critical,True,train
pond_03097,shrimp,7.64,4.93,31.2,0.374,8.05,82.1,Critical,True,train
pond_03098,shrimp,7.58,4.69,27.2,0.278,21.44,55.7,Critical,True,train
pond_03099,shrimp,7.2,4.65,31.3,0.093,13.83,45.5,Acceptable,True,train
pond_03100,shrimp,7.83,1.55,33.6,0.5,22.84,58.4,Critical,True,train
pond_03101,shrimp,7.91,6.83,29.4,0.179,16.9,70.6,Critical,True,train
pond_03102,shrimp,8.4,3.43,32.8,0.469,15.48,58.0,Critical,True,train
pond_03103,shrimp,8.13,6.39,27.5,0.0,24.5,38.5,Optimal,True,train
pond_03104,shrimp,7.47,5.04,29.4,0.0,9.84,26.8,Optimal,True,val
pond_03105,shrimp,8.12,5.67,28.1,0.0,24.89,17.6,Optimal,True,train
pond_03106,shrimp,7.87,2.61,32.5,0.0,13.48,0.0,Poor,True,test
pond_03107,shrimp,7.53,2.9,33.1,0.112,17.89,43.5,Poor,True,val
pond_03108,shrimp,7.21,3.97,29.3,0.021,17.95,32.2,Poor,True,train
pond_03109,shrimp,8.31,4.13,32.1,0.154,14.65,33.3,Poor,True,train
pond_03110,shrimp,8.22,5.4,33.1,0.304,12.81,60.6,Critical,True,train
pond_03111,shrimp,8.28,5.34,29.4,0.0,14.97,37.8,Optimal,True,train
pond_03112,shrimp,7.64,3.64,29.8,0.376,11.42,77.9,Critical,True,train
pond_03113,shrimp,8.09,4.46,31.1,0.129,27.79,28.5,Poor,True,train
pond_03114,shrimp,7.31,5.21,27.6,0.0,14.35,20.6,Acceptable,True,train
pond_03115,shrimp,7.51,4.31,29.7,0.0,23.37,14.8,Optimal,True,train
pond_03116,shrimp,8.02,3.5,34.2,0.399,22.65,54.5,Critical,True,val
pond_03117,shrimp,8.13,6.02,28.4,0.242,19.0,63.0,Critical,True,train
pond_03118,shrimp,7.19,3.42,31.4,0.171,16.25,28.1,Critical,True,test
pond_03119,shrimp,7.47,4.07,30.7,0.0,18.07,18.7,Optimal,True,train
pond_03120,shrimp,7.82,6.08,29.1,0.115,20.15,70.6,Acceptable,True,train
pond_03121,shrimp,8.48,5.23,30.0,0.0,17.55,11.0,Optimal,True,test
pond_03122,shrimp,7.59,5.28,33.4,0.214,8.38,60.2,Critical,True,train
pond_03123,shrimp,8.07,6.19,30.7,0.0,7.0,28.6,Acceptable,True,val
pond_03124,shrimp,8.12,2.74,31.1,0.287,25.3,47.9,Critical,True,train
pond_03125,shrimp,7.88,4.19,33.0,0.371,2.51,61.5,Critical,True,test
pond_03126,shrimp,8.13,4.36,28.9,0.295,18.08,49.5,Critical,True,val
pond_03127,shrimp,7.33,3.99,27.2,0.103,15.71,34.1,Acceptable,True,train
pond_03128,shrimp,7.67,2.79,33.4,0.409,17.88,67.9,Critical,True,train
pond_03129,shrimp,8.72,4.36,29.8,0.141,10.73,45.8,Poor,True,test
pond_03130,shrimp,8.75,3.91,31.5,0.801,18.93,113.7,Poor,True,test
pond_03131,shrimp,8.42,4.53,27.8,0.0,18.13,5.9,Acceptable,True,train
pond_03132,shrimp,8.55,4.55,30.4,0.0,32.19,5.6,Poor,True,train
pond_03133,shrimp,7.09,8.39,27.1,0.0,17.71,59.9,Acceptable,True,train
pond_03134,shrimp,7.53,2.69,29.6,0.327,24.42,39.4,Critical,True,train
pond_03135,shrimp,7.84,6.55,28.1,0.166,8.76,55.9,Critical,True,train
pond_03136,shrimp,9.21,5.3,27.6,0.0,22.61,18.0,Acceptable,True,train
pond_03137,shrimp,7.84,4.46,28.8,0.1,18.24,41.1,Optimal,True,train
pond_03138,shrimp,8.37,3.75,24.5,0.317,18.48,49.1,Critical,True,test
pond_03139,shrimp,8.19,6.41,26.9,0.0,18.56,29.1,Acceptable,True,train
pond_03140,shrimp,8.18,2.6,31.2,0.264,26.38,44.6,Critical,True,val
pond_03141,shrimp,7.99,5.58,30.3,0.0,18.4,12.8,Acceptable,True,train
pond_03142,shrimp,7.4,7.53,27.1,0.0,12.69,47.9,Acceptable,True,train
pond_03143,shrimp,6.65,2.93,30.7,0.374,13.61,68.9,Critical,True,train
pond_03144,shrimp,8.64,6.73,27.6,0.0,21.49,15.2,Acceptable,True,train
pond_03145,shrimp,7.69,4.4,31.1,0.0,19.46,14.0,Optimal,True,train
pond_03146,shrimp,7.07,2.36,29.2,0.428,8.58,63.8,Critical,True,train
pond_03147,shrimp,8.22,3.55,28.8,0.0,19.83,13.7,Acceptable,True,test
pond_03148,shrimp,8.21,5.07,29.3,0.146,11.05,56.8,Poor,True,train
pond_03149,shrimp,8.38,3.75,35.1,0.108,19.41,41.1,Poor,True,train
pond_03150,shrimp,8.56,3.36,27.8,0.197,12.57,31.6,Critical,True,train
pond_03151,shrimp,7.54,4.7,30.0,0.239,15.45,69.3,Critical,True,train
pond_03152,shrimp,7.56,5.32,31.2,0.189,14.0,58.6,Critical,True,train
pond_03153,shrimp,7.84,6.58,27.4,0.0,25.35,45.6,Optimal,True,test
pond_03154,shrimp,8.41,5.26,26.0,0.0,19.21,0.0,Acceptable,True,train
pond_03155,shrimp,6.95,5.69,28.2,0.209,23.94,54.2,Critical,True,train
pond_03156,shrimp,8.06,5.63,31.2,0.0,32.92,18.6,Poor,True,train
pond_03157,shrimp,8.47,6.03,28.7,0.0,17.26,35.6,Optimal,True,train
pond_03158,shrimp,8.45,6.01,29.0,0.0,25.26,40.1,Optimal,True,train
pond_03159,shrimp,8.35,4.39,31.5,0.423,13.15,77.9,Critical,True,train
pond_03160,shrimp,8.53,5.17,27.7,0.069,23.9,34.9,Optimal,True,train
pond_03161,shrimp,6.63,5.18,29.3,0.0,12.56,11.5,Poor,True,val
pond_03162,shrimp,8.81,4.79,26.2,0.289,16.9,69.4,Critical,True,test
pond_03163,shrimp,8.17,5.94,30.2,0.078,19.95,54.5,Optimal,True,test
pond_03164,shrimp,8.67,2.83,30.0,0.368,20.82,55.3,Critical,True,test
pond_03165,shrimp,7.41,3.72,31.3,0.405,10.0,69.8,Critical,True,train
pond_03166,shrimp,7.12,5.44,27.0,0.231,12.23,74.5,Critical,True,train
pond_03167,shrimp,8.89,5.48,29.1,0.0,20.36,22.2,Acceptable,True,train
pond_03168,shrimp,7.54,6.36,26.7,0.0,14.98,12.2,Acceptable,True,train
pond_03169,shrimp,7.84,6.73,29.0,0.083,9.31,56.8,Optimal,True,train
pond_03170,shrimp,8.26,4.0,32.8,0.137,16.61,34.8,Poor,True,train
pond_03171,shrimp,8.39,4.13,28.8,0.138,16.35,36.6,Poor,True,train
pond_03172,shrimp,8.54,5.45,26.5,0.0,17.97,17.6,Acceptable,True,train
pond_03173,shrimp,8.11,4.82,28.0,0.165,19.91,51.7,Poor,True,val
pond_03174,shrimp,7.47,6.39,26.0,0.167,19.56,48.0,Critical,True,train
pond_03175,shrimp,8.35,4.3,26.6,0.21,12.78,36.9,Critical,True,train
pond_03176,shrimp,8.36,4.19,31.0,0.0,14.74,12.2,Optimal,True,test
pond_03177,shrimp,7.09,7.61,26.3,0.001,22.1,64.2,Acceptable,True,train
pond_03178,shrimp,8.71,4.83,30.2,0.0,14.01,45.1,Acceptable,True,val
pond_03179,shrimp,6.76,3.52,29.6,0.319,14.83,62.4,Critical,True,train
pond_03180,shrimp,8.52,4.71,28.3,0.0,8.73,0.0,Acceptable,True,train
pond_03181,shrimp,7.68,1.98,30.0,0.301,16.84,41.1,Critical,True,train
pond_03182,shrimp,8.35,5.29,27.4,0.0,18.9,25.7,Optimal,True,train
pond_03183,shrimp,8.26,6.27,31.3,0.006,6.13,40.7,Acceptable,True,train
pond_03184,shrimp,7.98,3.8,28.0,0.235,11.11,58.9,Critical,True,train
pond_03185,shrimp,8.23,3.28,28.6,0.281,9.18,47.4,Critical,True,train
pond_03186,shrimp,7.96,4.32,28.4,0.115,21.34,40.4,Acceptable,True,train
pond_03187,shrimp,8.36,5.49,31.0,0.0,6.48,40.3,Acceptable,True,train
pond_03188,shrimp,9.09,6.52,30.7,0.0,16.57,8.8,Acceptable,True,train
pond_03189,shrimp,7.33,6.91,23.7,0.0,20.95,21.9,Poor,True,train
pond_03190,shrimp,6.41,3.1,30.1,0.334,18.03,62.4,Critical,True,val
pond_03191,shrimp,7.79,5.82,25.7,0.0,14.58,29.9,Acceptable,True,test
pond_03192,shrimp,7.76,7.15,28.7,0.0,18.91,62.8,Optimal,True,train
pond_03193,shrimp,7.81,4.49,29.3,0.183,22.7,56.5,Critical,True,train
pond_03194,shrimp,7.54,5.18,28.7,0.273,16.41,57.6,Critical,True,train
pond_03195,shrimp,8.44,4.79,30.6,0.156,4.69,46.7,Critical,True,train
pond_03196,shrimp,7.31,2.51,31.1,0.224,23.31,31.3,Critical,True,train
pond_03197,shrimp,8.23,6.46,27.8,0.0,19.2,37.0,Optimal,True,val
pond_03198,shrimp,8.32,6.31,27.7,0.093,16.82,52.8,Optimal,True,test
pond_03199,shrimp,8.16,2.43,29.4,0.0,6.11,0.0,Poor,True,train
pond_03200,shrimp,8.24,4.13,26.1,0.388,15.36,64.9,Critical,True,train
pond_03201,shrimp,8.47,3.92,28.5,0.0,12.18,30.0,Optimal,True,val
pond_03202,shrimp,8.03,4.89,32.5,0.013,10.31,38.3,Optimal,True,train
pond_03203,shrimp,7.83,4.8,26.2,0.061,16.25,38.4,Acceptable,True,train
pond_03204,shrimp,8.24,5.49,28.8,0.055,14.05,39.2,Optimal,True,train
pond_03205,shrimp,8.3,4.94,28.2,0.0,14.41,13.7,Optimal,True,train
pond_03206,shrimp,8.44,3.68,33.9,0.071,21.07,43.0,Acceptable,True,test
pond_03207,shrimp,7.14,5.72,28.3,0.0,18.41,51.9,Acceptable,True,train
pond_03208,shrimp,7.91,5.41,28.4,0.0,14.27,0.0,Acceptable,True,train
pond_03209,shrimp,7.47,5.4,27.2,0.0,13.58,14.0,Optimal,True,train
pond_03210,shrimp,8.28,5.19,29.5,0.118,14.5,57.9,Acceptable,True,train
pond_03211,shrimp,8.36,4.9,30.1,0.103,15.64,54.2,Optimal,True,train
pond_03212,shrimp,7.86,5.08,27.6,0.111,20.21,46.0,Poor,True,train
pond_03213,shrimp,7.64,3.69,31.7,0.161,11.27,26.4,Poor,True,val
pond_03214,shrimp,8.3,6.89,30.1,0.022,25.02,54.3,Optimal,True,val
pond_03215,shrimp,7.93,3.76,31.4,0.079,20.22,15.9,Optimal,True,train
pond_03216,shrimp,8.71,6.64,28.8,0.0,1.94,37.3,Poor,True,train
pond_03217,shrimp,8.89,3.83,30.0,0.0,17.47,13.9,Acceptable,True,train
pond_03218,shrimp,8.5,5.9,29.0,0.059,22.72,36.8,Optimal,True,train
pond_03219,shrimp,8.12,6.07,32.7,0.0,19.14,19.4,Optimal,True,val
pond_03220,shrimp,8.91,4.33,29.8,0.235,14.73,55.1,Poor,True,train
pond_03221,shrimp,8.12,3.99,29.5,0.186,16.66,48.7,Critical,True,test
pond_03222,shrimp,7.76,4.56,28.5,0.056,17.98,28.6,Optimal,True,test
pond_03223,shrimp,7.66,5.09,28.4,0.283,21.23,61.8,Critical,True,train
pond_03224,shrimp,7.65,5.04,30.0,0.0,9.22,20.9,Optimal,True,train
pond_03225,shrimp,8.0,4.26,31.3,0.104,13.67,39.3,Optimal,True,train
pond_03226,shrimp,8.23,4.71,28.0,0.0,26.01,27.7,Optimal,True,train
pond_03227,shrimp,7.29,7.07,29.8,0.0,17.18,54.8,Acceptable,True,train
pond_03228,shrimp,7.78,4.45,29.9,0.192,25.4,52.9,Critical,True,train
pond_03229,shrimp,8.11,3.84,30.3,0.372,33.42,66.0,Poor,True,train
pond_03230,shrimp,8.32,6.82,25.7,0.0,14.29,41.7,Acceptable,True,train
pond_03231,shrimp,7.99,6.37,27.5,0.0,10.41,0.0,Acceptable,True,train
pond_03232,shrimp,8.12,7.31,26.5,0.0,15.54,31.4,Acceptable,True,train
pond_03233,shrimp,7.38,7.09,29.6,0.013,23.04,71.3,Optimal,True,val
pond_03234,shrimp,7.54,5.76,27.5,0.0,23.81,33.5,Optimal,True,test
pond_03235,shrimp,7.97,4.75,28.4,0.0,29.5,1.6,Poor,True,val
pond_03236,shrimp,8.26,3.23,26.9,0.354,16.8,49.0,Critical,True,train
pond_03237,shrimp,8.12,3.92,28.6,0.141,19.68,50.5,Poor,True,train
pond_03238,shrimp,7.58,5.72,27.0,0.0,13.09,25.5,Optimal,True,train
pond_03239,shrimp,7.88,2.93,31.2,0.228,3.21,35.1,Critical,True,train
pond_03240,shrimp,8.76,2.61,30.6,0.195,16.78,23.1,Critical,True,test
pond_03241,shrimp,8.27,4.79,29.8,0.051,10.65,50.5,Optimal,True,train
pond_03242,shrimp,7.92,5.91,28.8,0.0,20.54,41.1,Optimal,True,test
pond_03243,shrimp,7.49,5.73,25.0,0.0,6.65,16.7,Critical,True,train
pond_03244,shrimp,7.64,6.15,28.5,0.012,12.93,39.8,Optimal,True,train
pond_03245,shrimp,8.0,6.0,27.8,0.0,18.47,25.3,Optimal,True,train
pond_03246,shrimp,8.14,6.03,30.0,0.144,19.05,69.2,Poor,True,train
pond_03247,shrimp,8.28,7.04,30.9,0.079,16.74,57.9,Optimal,True,val
pond_03248,shrimp,8.19,7.74,30.2,0.0,27.27,37.6,Acceptable,True,train
pond_03249,shrimp,7.81,4.92,32.3,0.075,25.63,41.6,Optimal,True,train
pond_03250,shrimp,7.74,4.59,28.2,0.137,13.24,60.3,Poor,True,train
pond_03251,shrimp,9.02,5.24,28.2,0.0,25.85,36.5,Acceptable,True,train
pond_03252,shrimp,7.72,6.07,31.8,0.225,26.69,55.2,Critical,True,train
pond_03253,shrimp,7.35,3.63,29.9,0.376,16.32,69.5,Critical,True,val
pond_03254,shrimp,7.18,6.69,29.0,0.0,17.25,30.2,Acceptable,True,train
pond_03255,shrimp,7.82,3.49,33.6,0.409,16.72,72.9,Critical,True,train
pond_03256,shrimp,8.47,4.73,30.8,0.298,13.45,67.1,Poor,True,train
pond_03257,shrimp,7.71,3.95,29.1,0.25,14.0,45.0,Critical,True,test
pond_03258,shrimp,8.74,3.62,28.0,0.155,24.26,31.1,Critical,True,train
pond_03259,shrimp,8.0,3.67,32.4,0.162,19.41,44.7,Critical,True,test
pond_03260,shrimp,8.55,6.24,30.0,0.012,13.95,35.1,Optimal,True,test
pond_03261,shrimp,7.62,3.94,29.6,0.09,11.91,24.1,Optimal,True,test
pond_03262,shrimp,7.63,6.33,31.0,0.001,12.83,50.6,Optimal,True,val
pond_03263,shrimp,8.05,3.58,31.4,0.019,16.1,19.5,Acceptable,True,train
pond_03264,shrimp,8.24,3.19,30.7,0.206,22.02,33.2,Critical,True,train
pond_03265,shrimp,7.91,4.57,31.4,0.125,12.27,33.5,Poor,True,test
pond_03266,shrimp,8.15,5.34,30.5,0.0,21.96,12.7,Optimal,True,train
pond_03267,shrimp,8.29,4.69,30.7,0.193,18.08,53.2,Critical,True,train
pond_03268,shrimp,7.29,5.42,27.9,0.0,17.79,35.4,Acceptable,True,test
pond_03269,shrimp,7.83,5.64,33.5,0.165,22.64,66.0,Critical,True,train
pond_03270,shrimp,7.74,5.65,26.8,0.0,21.64,35.1,Acceptable,True,test
pond_03271,shrimp,7.76,4.05,30.2,0.155,9.28,31.9,Poor,True,train
pond_03272,shrimp,8.2,4.24,26.6,0.028,11.04,21.9,Optimal,True,val
pond_03273,shrimp,7.75,6.39,29.3,0.101,15.74,40.8,Optimal,True,train
pond_03274,shrimp,7.0,4.63,28.2,0.061,18.96,40.9,Acceptable,True,train
pond_03275,shrimp,7.88,4.32,29.8,0.24,24.51,54.8,Critical,True,test
pond_03276,shrimp,7.47,5.86,30.3,0.024,17.36,41.3,Optimal,True,train
pond_03277,shrimp,8.25,7.84,27.4,0.204,26.37,81.9,Critical,True,val
pond_03278,shrimp,8.4,5.12,29.4,0.217,13.11,49.1,Critical,True,train
pond_03279,shrimp,6.91,3.8,32.6,0.022,14.04,20.3,Poor,True,test
pond_03280,shrimp,7.61,5.58,26.6,0.0,15.32,18.6,Acceptable,True,test
pond_03281,shrimp,8.18,4.77,27.6,0.113,12.51,50.7,Acceptable,True,val
pond_03282,shrimp,7.3,3.86,31.4,0.016,23.38,19.6,Acceptable,True,train
pond_03283,shrimp,8.39,4.33,29.7,0.287,1.77,51.9,Critical,True,test
pond_03284,shrimp,8.52,5.8,29.8,0.03,14.23,57.9,Optimal,True,train
pond_03285,shrimp,7.92,4.08,31.7,0.196,23.32,58.4,Critical,True,train
pond_03286,shrimp,7.61,6.91,27.8,0.0,15.28,22.6,Optimal,True,train
pond_03287,shrimp,6.84,4.97,28.4,0.113,22.9,58.4,Poor,True,train
pond_03288,shrimp,8.41,4.75,28.1,0.054,29.09,46.5,Acceptable,True,test
pond_03289,shrimp,9.0,6.54,28.7,0.0,17.44,27.8,Acceptable,True,train
pond_03290,shrimp,8.9,4.02,32.4,0.105,23.43,36.8,Optimal,True,train
pond_03291,shrimp,7.9,5.67,25.8,0.057,30.31,49.4,Poor,True,test
pond_03292,shrimp,7.45,5.56,26.9,0.012,19.21,26.5,Acceptable,True,train
pond_03293,shrimp,8.42,7.38,26.5,0.0,16.74,46.0,Acceptable,True,train
pond_03294,shrimp,7.94,4.33,32.6,0.248,21.96,68.9,Critical,True,train
pond_03295,shrimp,8.24,6.67,28.1,0.183,23.51,59.3,Critical,True,train
pond_03296,shrimp,8.15,4.71,28.8,0.116,16.79,41.6,Acceptable,True,train
pond_03297,shrimp,8.05,7.08,25.9,0.0,14.34,44.7,Acceptable,True,val
pond_03298,shrimp,8.51,5.24,28.9,0.0,26.45,29.2,Acceptable,True,train
pond_03299,shrimp,8.53,5.34,31.4,0.0,15.51,29.8,Optimal,True,train
pond_03300,shrimp,7.74,5.81,30.1,0.0,23.57,9.3,Optimal,True,test
pond_03301,shrimp,7.54,3.73,29.3,0.229,18.45,45.0,Critical,True,train
pond_03302,shrimp,6.75,5.83,26.1,0.155,27.05,53.6,Critical,True,train
pond_03303,shrimp,7.83,6.15,28.8,0.0,12.33,38.6,Optimal,True,train
pond_03304,shrimp,7.45,6.05,29.8,0.0,12.32,22.5,Optimal,True,val
pond_03305,shrimp,8.21,6.9,27.3,0.0,21.7,41.3,Optimal,True,train
pond_03306,shrimp,7.83,4.53,30.9,0.23,10.78,66.8,Critical,True,test
pond_03307,shrimp,7.89,6.12,31.4,0.095,17.64,58.0,Optimal,True,val
pond_03308,shrimp,8.41,4.33,28.3,0.083,25.52,39.4,Optimal,True,val
pond_03309,shrimp,8.2,2.57,31.1,0.626,7.18,80.9,Critical,True,train
pond_03310,shrimp,7.94,4.53,29.3,0.539,19.21,94.0,Critical,True,train
pond_03311,shrimp,8.84,5.55,32.0,0.0,23.66,30.4,Acceptable,True,val
pond_03312,shrimp,8.37,2.28,34.0,0.324,16.86,35.1,Critical,True,test
pond_03313,shrimp,7.79,3.69,27.1,0.146,11.9,53.9,Critical,True,train
pond_03314,shrimp,7.81,2.27,31.2,0.111,15.56,21.7,Poor,True,train
pond_03315,shrimp,8.39,4.9,32.4,0.163,12.39,57.0,Critical,True,test
pond_03316,shrimp,8.1,3.65,27.4,0.209,17.38,42.0,Critical,True,val
pond_03317,shrimp,7.44,5.8,28.2,0.091,15.48,47.4,Optimal,True,val
pond_03318,shrimp,8.45,4.76,28.2,0.0,14.18,28.5,Optimal,True,val
pond_03319,shrimp,8.63,3.95,29.2,0.0,19.56,24.2,Optimal,True,train
pond_03320,shrimp,8.59,3.82,28.7,0.0,25.69,0.3,Acceptable,True,val
pond_03321,shrimp,8.77,5.17,29.1,0.281,18.8,69.7,Critical,True,train
pond_03322,shrimp,9.03,3.39,31.3,0.236,24.39,58.8,Critical,True,train
pond_03323,shrimp,8.86,5.93,25.3,0.066,25.68,53.5,Poor,True,train
pond_03324,shrimp,8.17,5.87,27.4,0.07,13.77,47.0,Optimal,True,val
pond_03325,shrimp,7.9,5.13,31.0,0.0,18.51,0.0,Acceptable,True,train
pond_03326,shrimp,7.09,5.59,30.7,0.0,14.66,25.0,Acceptable,True,train
pond_03327,shrimp,8.01,5.63,27.2,0.027,8.85,34.9,Acceptable,True,train
pond_03328,shrimp,8.26,3.2,30.7,0.0,18.96,18.4,Acceptable,True,train
pond_03329,shrimp,8.02,4.56,32.4,0.0,11.21,6.1,Optimal,True,val
pond_03330,shrimp,7.06,5.62,29.4,0.0,19.66,20.5,Acceptable,True,train
pond_03331,shrimp,7.86,5.19,27.3,0.097,8.44,41.0,Acceptable,True,train
pond_03332,shrimp,8.32,3.93,31.4,0.169,17.94,41.0,Critical,True,train
pond_03333,shrimp,7.49,6.74,33.3,0.033,8.36,58.2,Acceptable,True,val
pond_03334,shrimp,8.08,3.78,27.6,0.507,20.71,81.3,Critical,True,test
pond_03335,shrimp,8.22,5.37,29.6,0.138,14.84,53.7,Poor,True,test
pond_03336,shrimp,8.56,5.4,31.9,0.011,14.31,36.5,Optimal,True,train
pond_03337,shrimp,8.86,4.32,29.8,0.369,23.2,76.0,Critical,True,train
pond_03338,shrimp,7.81,5.65,25.7,0.0,15.23,8.4,Acceptable,True,train
pond_03339,shrimp,8.09,4.05,30.5,0.0,17.61,0.0,Acceptable,True,train
pond_03340,shrimp,8.11,5.39,27.3,0.0,15.91,22.3,Optimal,True,test
pond_03341,shrimp,8.32,6.64,26.7,0.16,19.79,56.2,Critical,True,train
pond_03342,shrimp,8.27,5.6,25.7,0.001,22.74,43.4,Acceptable,True,train
pond_03343,shrimp,8.71,7.82,32.1,0.0,21.6,17.4,Acceptable,True,val
pond_03344,shrimp,6.83,4.76,27.7,0.0,14.43,25.5,Acceptable,True,train
pond_03345,shrimp,8.21,6.25,30.2,0.0,23.65,15.2,Optimal,True,train
pond_03346,shrimp,8.24,5.11,30.8,0.0,11.96,15.2,Optimal,True,test
pond_03347,shrimp,7.88,4.83,29.9,0.272,12.92,71.0,Critical,True,val
pond_03348,shrimp,6.87,6.39,30.2,0.0,16.3,37.1,Acceptable,True,val
pond_03349,shrimp,7.97,2.65,30.3,0.473,22.76,75.4,Critical,True,train
pond_03350,shrimp,7.64,5.23,29.8,0.0,10.56,22.2,Optimal,True,train
pond_03351,shrimp,8.84,4.4,27.8,0.196,21.9,49.8,Critical,True,val
pond_03352,shrimp,8.19,4.79,27.6,0.079,16.7,44.5,Optimal,True,train
pond_03353,shrimp,7.6,4.28,29.3,0.254,14.61,57.6,Critical,True,train
pond_03354,shrimp,6.97,3.72,29.2,0.02,23.04,45.1,Acceptable,True,train
pond_03355,shrimp,8.3,2.56,30.4,0.352,12.59,59.7,Critical,True,val
pond_03356,shrimp,8.35,4.61,31.9,0.176,29.57,51.1,Critical,True,train
pond_03357,shrimp,7.89,4.51,30.3,0.0,16.03,18.2,Optimal,True,test
pond_03358,shrimp,8.3,4.93,27.7,0.076,17.82,54.7,Optimal,True,train
pond_03359,shrimp,7.83,7.02,24.7,0.0,25.49,37.9,Acceptable,True,train
pond_03360,shrimp,8.53,5.8,27.8,0.0,17.97,24.5,Optimal,True,train
pond_03361,shrimp,8.5,5.29,26.5,0.081,23.54,53.9,Acceptable,True,train
pond_03362,shrimp,7.18,8.9,27.9,0.0,6.26,58.4,Poor,True,train
pond_03363,shrimp,7.3,5.88,30.0,0.0,14.57,30.3,Acceptable,True,test
pond_03364,shrimp,9.02,7.68,29.7,0.0,19.18,33.0,Acceptable,True,train
pond_03365,shrimp,8.47,3.19,33.6,0.089,22.95,12.3,Acceptable,True,train
pond_03366,shrimp,7.37,4.81,30.6,0.0,21.23,3.9,Acceptable,True,train
pond_03367,shrimp,7.21,2.17,33.7,0.251,20.72,35.2,Critical,True,train
pond_03368,shrimp,8.1,3.97,31.1,0.294,22.84,55.8,Critical,True,train
pond_03369,shrimp,7.43,3.45,31.9,0.0,19.61,28.5,Acceptable,True,train
pond_03370,shrimp,7.84,8.61,28.7,0.041,5.21,68.6,Poor,True,train
pond_03371,shrimp,7.98,4.61,27.1,0.138,24.93,35.9,Poor,True,train
pond_03372,shrimp,7.95,4.79,28.5,0.061,12.39,36.0,Optimal,True,val
pond_03373,shrimp,8.56,3.06,29.5,0.214,18.72,34.2,Critical,True,train
pond_03374,shrimp,8.92,5.82,28.1,0.12,18.0,59.6,Poor,True,train
pond_03375,shrimp,7.76,4.32,27.3,0.037,17.26,20.8,Optimal,True,train
pond_03376,shrimp,7.43,5.65,30.4,0.0,10.92,37.4,Optimal,True,test
pond_03377,shrimp,8.19,3.26,27.3,0.124,6.34,29.1,Poor,True,train
pond_03378,shrimp,8.82,5.57,26.1,0.0,11.49,28.8,Acceptable,True,train
pond_03379,shrimp,7.8,3.26,27.0,0.211,21.54,40.7,Critical,True,train
pond_03380,shrimp,8.43,4.35,29.0,0.175,9.04,37.7,Critical,True,val
pond_03381,shrimp,7.58,5.05,27.3,0.37,12.16,61.0,Critical,True,train
pond_03382,shrimp,8.01,4.22,29.0,0.119,19.3,39.8,Acceptable,True,train
pond_03383,shrimp,7.42,3.84,30.8,0.276,11.35,51.1,Critical,True,val
pond_03384,shrimp,8.01,5.62,30.8,0.0,14.01,43.5,Optimal,True,train
pond_03385,shrimp,7.94,7.81,28.0,0.112,17.45,68.1,Acceptable,True,train
pond_03386,shrimp,8.3,5.99,26.6,0.0,18.55,34.0,Acceptable,True,train
pond_03387,shrimp,8.89,4.11,28.2,0.312,11.24,34.0,Critical,True,test
pond_03388,shrimp,7.81,4.48,30.9,0.101,17.78,54.9,Optimal,True,train
pond_03389,shrimp,7.0,3.84,31.5,0.263,19.19,33.7,Critical,True,train
pond_03390,shrimp,7.9,5.66,30.3,0.153,10.0,50.0,Poor,True,train
pond_03391,shrimp,8.15,4.42,32.1,0.383,18.18,86.8,Critical,True,train
pond_03392,shrimp,8.1,1.87,33.3,0.34,13.06,20.4,Critical,True,train
pond_03393,shrimp,7.92,6.41,28.4,0.111,17.68,70.6,Acceptable,True,train
pond_03394,shrimp,8.74,5.07,32.8,0.0,20.98,30.2,Acceptable,True,val
pond_03395,shrimp,8.07,6.75,28.9,0.027,16.03,66.8,Optimal,True,train
pond_03396,shrimp,7.95,3.57,31.7,0.275,22.02,53.7,Critical,True,val
pond_03397,shrimp,7.61,4.74,31.1,0.172,21.35,52.0,Critical,True,train
pond_03398,shrimp,7.13,4.56,25.2,0.135,21.99,37.0,Poor,True,train
pond_03399,shrimp,8.16,5.32,27.4,0.17,19.22,35.0,Critical,True,train
pond_03400,shrimp,8.12,6.01,26.8,0.0,23.05,25.6,Acceptable,True,train
pond_03401,shrimp,7.47,5.11,25.6,0.0,19.12,40.1,Acceptable,True,train
pond_03402,shrimp,7.98,4.68,31.4,0.108,7.83,36.3,Acceptable,True,train
pond_03403,shrimp,7.93,3.76,34.1,0.157,12.64,43.8,Critical,True,test
pond_03404,shrimp,7.69,4.41,28.9,0.028,15.84,11.8,Optimal,True,test
pond_03405,shrimp,7.6,5.96,31.4,0.0,16.52,40.5,Optimal,True,train
pond_03406,shrimp,8.2,3.63,32.8,0.314,18.97,65.3,Critical,True,train
pond_03407,shrimp,7.89,4.83,30.0,0.148,12.56,58.9,Poor,True,train
pond_03408,shrimp,7.7,3.05,29.4,0.272,28.05,40.5,Critical,True,train
pond_03409,shrimp,7.57,5.57,29.0,0.381,16.44,91.2,Critical,True,train
pond_03410,shrimp,7.94,3.91,30.7,0.171,16.96,28.5,Critical,True,train
pond_03411,shrimp,8.46,5.42,31.4,0.0,13.31,38.3,Optimal,True,val
pond_03412,shrimp,8.1,2.95,30.5,0.116,11.48,11.0,Poor,True,train
pond_03413,shrimp,7.88,5.06,30.4,0.0,16.31,31.9,Optimal,True,test
pond_03414,shrimp,8.15,2.21,29.4,0.442,17.15,75.8,Poor,True,train
pond_03415,shrimp,8.68,6.49,26.0,0.0,16.52,32.7,Acceptable,True,train
pond_03416,shrimp,8.25,4.05,31.5,0.0,26.1,9.4,Acceptable,True,train
pond_03417,shrimp,8.13,6.05,26.7,0.088,16.31,57.4,Acceptable,True,test
pond_03418,shrimp,8.32,3.71,30.9,0.159,16.53,47.8,Poor,True,train
pond_03419,shrimp,7.92,3.21,31.2,0.261,21.48,56.6,Critical,True,val
pond_03420,shrimp,8.09,4.96,27.0,0.066,16.06,34.1,Optimal,True,test
pond_03421,shrimp,7.76,5.4,28.2,0.0,19.97,19.9,Optimal,True,train
pond_03422,shrimp,7.22,4.22,34.2,0.027,9.97,36.3,Acceptable,True,train
pond_03423,shrimp,8.17,5.21,29.3,0.184,10.01,51.1,Critical,True,train
pond_03424,shrimp,8.17,4.41,26.8,0.184,17.67,38.6,Critical,True,test
pond_03425,shrimp,7.86,6.52,31.3,0.0,15.73,47.8,Optimal,True,train
pond_03426,shrimp,8.52,5.66,27.8,0.0,12.55,29.3,Optimal,True,train
pond_03427,shrimp,7.64,5.21,25.3,0.04,17.67,48.5,Acceptable,True,train
pond_03428,shrimp,7.11,5.0,30.6,0.104,18.15,39.9,Acceptable,True,train
pond_03429,shrimp,7.65,5.66,27.5,0.0,13.1,25.9,Optimal,True,val
pond_03430,shrimp,7.23,4.4,30.2,0.079,14.15,42.8,Acceptable,True,train
pond_03431,shrimp,8.17,4.94,27.7,0.154,18.19,32.3,Acceptable,True,train
pond_03432,shrimp,7.62,5.56,31.1,0.126,11.38,52.3,Poor,True,train
pond_03433,shrimp,8.49,6.76,29.9,0.006,13.68,57.5,Optimal,True,train
pond_03434,shrimp,8.48,3.91,23.8,0.231,19.94,50.0,Critical,True,train
pond_03435,shrimp,7.54,6.05,30.3,0.0,16.87,7.3,Optimal,True,val
pond_03436,shrimp,7.6,5.0,28.9,0.0,14.38,20.7,Optimal,True,train
pond_03437,shrimp,8.27,4.23,32.6,0.0,12.03,27.3,Optimal,True,train
pond_03438,shrimp,8.49,6.18,30.4,0.0,11.43,24.1,Optimal,True,train
pond_03439,shrimp,6.99,1.16,31.2,0.246,16.28,29.1,Critical,True,test
pond_03440,shrimp,8.14,6.2,27.9,0.189,28.14,58.5,Critical,True,train
pond_03441,shrimp,6.9,6.81,27.8,0.0,20.11,54.0,Acceptable,True,test
pond_03442,shrimp,7.73,3.99,29.4,0.019,9.67,31.5,Optimal,True,train
pond_03443,shrimp,8.55,3.34,28.7,0.207,20.89,51.8,Critical,True,test
pond_03444,shrimp,9.5,5.97,32.4,0.0,12.83,46.6,Poor,True,val
pond_03445,shrimp,7.88,2.78,29.2,0.315,16.97,39.3,Critical,True,train
pond_03446,shrimp,7.38,6.04,26.8,0.167,13.76,63.0,Critical,True,train
pond_03447,shrimp,7.74,6.52,27.7,0.0,28.13,26.8,Acceptable,True,train
pond_03448,shrimp,8.03,4.7,31.6,0.168,10.76,41.1,Critical,True,train
pond_03449,shrimp,7.66,5.58,29.1,0.0,18.72,19.0,Optimal,True,val
pond_03450,shrimp,7.54,4.61,29.0,0.048,13.23,19.9,Optimal,True,train
pond_03451,shrimp,7.79,4.72,31.8,0.0,21.06,12.8,Optimal,True,train
pond_03452,shrimp,8.2,4.5,27.5,0.0,18.61,20.3,Optimal,True,test
pond_03453,shrimp,7.92,5.45,24.6,0.065,23.9,41.7,Acceptable,True,train
pond_03454,shrimp,7.56,5.35,27.6,0.0,20.95,34.0,Optimal,True,train
pond_03455,shrimp,7.66,2.81,30.0,0.216,13.19,34.6,Critical,True,test
pond_03456,shrimp,7.79,5.64,29.0,0.036,33.04,34.0,Poor,True,test
pond_03457,shrimp,7.5,2.76,26.1,0.523,20.05,75.5,Critical,True,train
pond_03458,shrimp,7.65,4.63,31.7,0.0,13.97,17.3,Optimal,True,train
pond_03459,shrimp,8.32,5.25,29.9,0.0,18.13,15.1,Optimal,True,train
pond_03460,shrimp,7.88,3.61,30.4,0.071,20.47,23.1,Optimal,True,train
pond_03461,shrimp,7.12,3.07,30.4,0.248,20.26,38.6,Critical,True,train
pond_03462,shrimp,8.51,5.09,26.6,0.034,19.73,50.3,Acceptable,True,train
pond_03463,shrimp,8.21,5.39,30.2,0.384,22.32,52.4,Critical,True,train
pond_03464,shrimp,7.31,4.67,31.5,0.121,21.77,58.9,Poor,True,train
pond_03465,shrimp,7.82,2.78,32.0,0.194,12.34,37.8,Critical,True,train
pond_03466,shrimp,7.6,4.49,31.1,0.006,28.59,32.1,Acceptable,True,train
pond_03467,shrimp,8.34,4.81,30.6,0.472,27.83,72.7,Critical,True,train
pond_03468,shrimp,7.81,6.11,25.7,0.0,21.41,0.0,Poor,True,train
pond_03469,shrimp,7.96,3.63,29.5,0.218,17.21,41.3,Critical,True,train
pond_03470,shrimp,7.91,5.56,27.4,0.042,17.31,48.6,Optimal,True,train
pond_03471,shrimp,7.26,5.13,32.3,0.261,15.22,77.5,Critical,True,val
pond_03472,shrimp,8.7,4.77,32.0,0.0,15.93,6.8,Acceptable,True,test
pond_03473,shrimp,8.33,5.86,27.4,0.0,4.97,31.6,Acceptable,True,train
pond_03474,shrimp,7.63,6.8,29.4,0.0,25.42,12.8,Optimal,True,train
pond_03475,shrimp,8.1,4.85,30.0,0.0,23.48,4.0,Acceptable,True,train
pond_03476,shrimp,8.49,3.25,31.5,0.312,7.78,35.9,Critical,True,test
pond_03477,shrimp,8.03,4.8,25.8,0.117,21.89,56.7,Poor,True,train
pond_03478,shrimp,8.78,6.34,24.6,0.122,16.96,64.1,Poor,True,val
pond_03479,shrimp,9.46,3.05,29.6,0.138,15.91,29.4,Critical,True,test
pond_03480,shrimp,7.94,5.95,23.9,0.085,19.71,53.3,Poor,True,train
pond_03481,shrimp,7.71,5.26,29.8,0.192,7.41,36.0,Critical,True,test
pond_03482,shrimp,7.51,5.85,30.8,0.064,16.94,51.1,Acceptable,True,train
pond_03483,shrimp,6.89,2.21,32.2,0.293,17.44,63.1,Critical,True,train
pond_03484,shrimp,8.62,5.29,28.1,0.0,17.44,36.1,Optimal,True,train
pond_03485,shrimp,7.82,4.62,29.9,0.248,9.48,61.5,Critical,True,val
pond_03486,shrimp,8.44,4.45,30.9,0.0,19.46,15.7,Optimal,True,train
pond_03487,shrimp,8.54,5.68,26.9,0.055,22.83,53.1,Acceptable,True,test
pond_03488,shrimp,7.46,4.21,31.5,0.191,19.24,60.7,Poor,True,val
pond_03489,shrimp,7.53,6.31,30.1,0.245,15.74,58.6,Critical,True,test
pond_03490,shrimp,8.87,6.66,28.2,0.0,31.79,16.3,Poor,True,test
pond_03491,shrimp,7.96,7.29,29.8,0.0,11.91,35.9,Optimal,True,train
pond_03492,shrimp,7.67,4.87,29.2,0.268,21.25,46.0,Critical,True,val
pond_03493,shrimp,7.48,3.84,31.2,0.166,18.34,48.9,Critical,True,train
pond_03494,shrimp,7.93,3.85,28.7,0.218,28.07,42.3,Critical,True,train
pond_03495,shrimp,8.75,4.04,30.0,0.27,19.13,68.6,Critical,True,train
pond_03496,shrimp,8.34,6.03,28.1,0.0,20.31,14.1,Optimal,True,test
pond_03497,shrimp,8.09,6.4,27.4,0.0,19.78,35.2,Optimal,True,train
pond_03498,shrimp,8.79,5.51,29.9,0.0,11.18,6.2,Acceptable,True,train
pond_03499,shrimp,8.7,4.54,27.5,0.332,12.22,52.4,Critical,True,train
pond_03500,shrimp,8.17,3.53,31.3,0.276,15.48,51.1,Critical,True,train
pond_03501,shrimp,9.39,6.79,30.8,0.263,22.27,107.0,Critical,True,train
pond_03502,shrimp,7.88,4.26,27.8,0.281,18.28,60.5,Critical,True,train
pond_03503,shrimp,8.55,6.37,30.0,0.032,15.86,46.6,Optimal,True,train
pond_03504,shrimp,7.8,5.75,27.8,0.102,24.55,45.1,Optimal,True,train
pond_03505,shrimp,8.45,4.88,26.0,0.129,6.1,33.7,Poor,True,val
pond_03506,shrimp,7.88,3.74,28.2,0.295,9.87,42.6,Critical,True,train
pond_03507,shrimp,8.23,4.0,29.4,0.179,3.27,45.5,Critical,True,test
pond_03508,shrimp,9.2,4.99,30.6,0.0,23.65,0.7,Poor,True,train
pond_03509,shrimp,8.48,3.62,29.8,0.13,16.47,43.9,Poor,True,train
pond_03510,shrimp,8.24,6.12,31.5,0.0,22.31,42.0,Optimal,True,train
pond_03511,shrimp,7.61,5.14,27.3,0.348,16.4,75.1,Critical,True,test
pond_03512,shrimp,8.09,5.87,28.7,0.0,22.63,37.4,Optimal,True,train
pond_03513,shrimp,7.5,4.56,33.1,0.0,16.3,24.7,Acceptable,True,train
pond_03514,shrimp,8.44,7.9,25.3,0.0,19.25,45.4,Acceptable,True,val
pond_03515,shrimp,8.43,4.55,28.5,0.067,18.45,41.5,Optimal,True,test
pond_03516,shrimp,7.91,5.57,27.1,0.022,18.86,37.4,Optimal,True,test
pond_03517,shrimp,8.83,3.24,29.1,0.0,26.27,14.4,Poor,True,test
pond_03518,shrimp,8.76,5.18,28.5,0.045,8.07,36.9,Acceptable,True,train
pond_03519,shrimp,8.07,5.81,30.8,0.0,16.62,28.4,Optimal,True,train
pond_03520,shrimp,8.28,4.91,30.1,0.0,18.09,35.7,Optimal,True,train
pond_03521,shrimp,7.71,8.36,26.6,0.0,17.27,54.6,Acceptable,True,train
pond_03522,shrimp,7.86,5.78,28.2,0.0,14.81,26.5,Optimal,True,train
pond_03523,shrimp,7.46,4.15,29.5,0.083,14.06,35.6,Optimal,True,train
pond_03524,shrimp,7.76,4.9,31.1,0.104,25.42,50.8,Optimal,True,val
pond_03525,shrimp,7.95,1.58,34.9,0.346,16.61,34.6,Critical,True,train
pond_03526,shrimp,7.17,3.42,31.0,0.61,30.41,92.2,Critical,True,val
pond_03527,shrimp,8.29,3.95,27.3,0.226,19.91,45.0,Critical,True,train
pond_03528,shrimp,8.51,4.88,29.3,0.0,15.41,15.2,Optimal,True,train
pond_03529,shrimp,8.0,4.62,29.9,0.0,20.04,23.2,Optimal,True,train
pond_03530,shrimp,6.65,6.56,28.4,0.0,17.6,21.2,Poor,True,val
pond_03531,shrimp,7.87,4.4,30.5,0.098,24.38,23.5,Optimal,True,train
pond_03532,shrimp,7.3,4.96,24.5,0.169,10.58,50.7,Critical,True,train
pond_03533,shrimp,7.7,6.34,30.7,0.0,7.09,17.9,Acceptable,True,train
pond_03534,shrimp,8.73,1.55,28.5,0.32,18.99,33.4,Poor,True,test
pond_03535,shrimp,6.78,4.91,29.3,0.231,21.6,62.9,Critical,True,train
pond_03536,shrimp,7.59,4.18,32.7,0.0,18.57,29.6,Optimal,True,train
pond_03537,shrimp,8.41,5.54,26.7,0.0,20.7,53.4,Acceptable,True,val
pond_03538,shrimp,7.65,5.24,30.1,0.0,19.89,6.3,Acceptable,True,test
pond_03539,shrimp,7.61,4.46,31.2,0.054,8.86,32.6,Optimal,True,val
pond_03540,shrimp,9.02,5.3,29.9,0.0,18.55,22.3,Acceptable,True,train
pond_03541,shrimp,8.19,5.05,25.9,0.166,24.24,46.0,Critical,True,train
pond_03542,shrimp,8.47,2.24,32.5,0.073,17.94,19.3,Critical,True,train
pond_03543,shrimp,8.25,4.87,29.0,0.287,9.8,81.4,Poor,True,train
pond_03544,shrimp,8.08,3.88,28.3,0.0,15.16,7.2,Optimal,True,test
pond_03545,shrimp,8.63,4.11,28.8,0.265,20.06,62.7,Critical,True,train
pond_03546,shrimp,8.95,6.42,28.7,0.072,26.88,57.6,Acceptable,True,train
pond_03547,shrimp,7.16,7.38,26.9,0.0,6.24,46.2,Poor,True,test
pond_03548,shrimp,7.98,6.07,29.9,0.0,18.99,41.1,Optimal,True,train
pond_03549,shrimp,7.98,6.31,28.2,0.053,11.87,77.1,Optimal,True,train
pond_03550,shrimp,7.79,4.47,31.0,0.487,19.79,89.4,Critical,True,train
pond_03551,shrimp,8.49,5.71,30.6,0.0,20.23,35.9,Optimal,True,train
pond_03552,shrimp,8.13,4.25,33.1,0.009,15.72,43.2,Acceptable,True,train
pond_03553,shrimp,8.96,7.26,29.0,0.0,20.47,29.0,Poor,True,train
pond_03554,shrimp,8.55,4.18,27.7,0.064,23.27,16.6,Optimal,True,train
pond_03555,shrimp,8.68,6.49,26.3,0.002,16.09,49.3,Acceptable,True,test
pond_03556,shrimp,7.4,1.97,34.3,0.372,9.65,45.0,Critical,True,train
pond_03557,shrimp,7.6,5.22,31.0,0.0,24.84,7.8,Optimal,True,train
pond_03558,shrimp,7.64,3.15,28.0,0.124,21.56,49.1,Poor,True,train
pond_03559,shrimp,8.66,2.33,33.2,0.391,20.1,45.7,Critical,True,train
pond_03560,shrimp,7.52,2.45,32.5,0.273,13.2,28.0,Critical,True,train
pond_03561,shrimp,7.53,5.91,26.5,0.016,22.42,26.7,Acceptable,True,train
pond_03562,shrimp,7.44,5.68,27.8,0.04,28.23,48.5,Acceptable,True,train
pond_03563,shrimp,9.38,7.82,29.2,0.0,16.33,72.2,Poor,True,train
pond_03564,shrimp,7.93,5.33,27.1,0.19,17.52,48.0,Poor,True,train
pond_03565,shrimp,8.26,5.78,29.3,0.15,11.14,55.6,Poor,True,train
pond_03566,shrimp,7.43,4.57,31.1,0.036,13.04,23.4,Optimal,True,train
pond_03567,shrimp,8.48,6.45,26.5,0.0,11.09,31.7,Acceptable,True,train
pond_03568,shrimp,7.11,4.8,30.1,0.19,17.72,52.2,Critical,True,train
pond_03569,shrimp,7.51,5.42,32.1,0.0,15.13,12.8,Optimal,True,train
pond_03570,shrimp,7.63,3.3,30.4,0.236,19.05,44.1,Critical,True,train
pond_03571,shrimp,8.11,1.91,29.3,0.371,12.09,49.9,Critical,True,train
pond_03572,shrimp,7.6,5.7,28.0,0.163,16.08,39.2,Poor,True,train
pond_03573,shrimp,8.76,2.14,31.3,0.388,11.76,46.4,Critical,True,val
pond_03574,shrimp,8.25,7.08,26.9,0.0,18.03,41.2,Acceptable,True,train
pond_03575,shrimp,7.66,4.0,30.0,0.054,8.02,27.6,Acceptable,True,train
pond_03576,shrimp,8.5,3.54,29.6,0.034,17.83,16.4,Acceptable,True,val
pond_03577,shrimp,7.8,7.37,32.0,0.0,15.47,38.2,Optimal,True,train
pond_03578,shrimp,7.7,5.13,28.2,0.171,18.0,66.1,Critical,True,train
pond_03579,shrimp,8.45,4.85,28.4,0.276,7.91,60.5,Critical,True,train
pond_03580,shrimp,6.77,6.44,26.8,0.0,20.6,33.1,Poor,True,train
pond_03581,shrimp,8.37,5.52,30.5,0.006,15.36,32.7,Optimal,True,train
pond_03582,shrimp,7.64,6.42,28.6,0.0,18.19,31.2,Optimal,True,val
pond_03583,shrimp,7.64,3.72,27.6,0.067,6.71,31.2,Acceptable,True,test
pond_03584,shrimp,8.98,5.9,27.8,0.098,10.16,45.8,Acceptable,True,train
pond_03585,shrimp,7.73,4.13,30.7,0.329,14.85,61.1,Critical,True,train
pond_03586,shrimp,8.48,4.36,27.1,0.459,24.57,85.3,Critical,True,train
pond_03587,shrimp,8.14,5.47,27.3,0.0,19.9,23.4,Optimal,True,train
pond_03588,shrimp,8.19,2.09,31.5,0.41,17.71,53.0,Critical,True,train
pond_03589,shrimp,7.87,6.01,29.1,0.005,11.92,50.8,Optimal,True,train
pond_03590,shrimp,7.85,3.88,31.6,0.001,10.92,33.4,Optimal,True,train
pond_03591,shrimp,8.76,4.44,28.7,0.0,18.52,19.5,Acceptable,True,train
pond_03592,shrimp,8.47,4.64,29.5,0.242,20.85,45.5,Critical,True,test
pond_03593,shrimp,7.75,4.51,29.8,0.465,18.15,82.4,Critical,True,train
pond_03594,shrimp,7.48,5.34,32.6,0.093,26.4,45.4,Acceptable,True,train
pond_03595,shrimp,7.71,2.7,32.4,0.052,13.25,24.3,Acceptable,True,train
pond_03596,shrimp,8.49,3.65,32.0,0.214,17.99,36.9,Critical,True,val
pond_03597,shrimp,8.59,4.92,28.1,0.0,7.69,17.2,Acceptable,True,train
pond_03598,shrimp,8.28,4.11,27.3,0.193,18.16,40.4,Critical,True,train
pond_03599,shrimp,7.19,4.53,31.2,0.277,25.08,53.7,Critical,True,train
pond_03600,shrimp,8.38,3.11,32.5,0.228,11.27,26.1,Critical,True,train
pond_03601,shrimp,8.65,2.42,32.1,0.0,21.63,0.0,Poor,True,train
pond_03602,shrimp,8.09,5.42,29.5,0.0,24.93,45.5,Optimal,True,val
pond_03603,shrimp,8.99,6.22,31.1,0.0,13.21,30.0,Acceptable,True,train
pond_03604,shrimp,7.34,4.41,31.1,0.0,19.57,25.0,Acceptable,True,train
pond_03605,shrimp,8.34,4.59,29.8,0.0,25.69,24.8,Optimal,True,train
pond_03606,shrimp,7.49,4.54,29.9,0.248,18.27,48.0,Critical,True,val
pond_03607,shrimp,8.53,4.12,29.7,0.005,21.33,31.8,Optimal,True,train
pond_03608,shrimp,8.31,6.68,27.8,0.062,7.24,58.6,Acceptable,True,train
pond_03609,shrimp,8.9,5.32,28.0,0.065,20.28,59.0,Acceptable,True,train
pond_03610,shrimp,8.25,2.61,28.0,0.227,19.84,34.6,Critical,True,train
pond_03611,shrimp,7.8,7.2,26.0,0.0,9.71,29.6,Optimal,True,train
pond_03612,shrimp,7.75,5.86,29.8,0.096,11.7,42.6,Optimal,True,train
pond_03613,shrimp,7.87,5.55,29.4,0.069,20.32,37.1,Optimal,True,train
pond_03614,shrimp,7.74,1.04,31.2,0.125,15.34,4.9,Critical,True,train
pond_03615,shrimp,8.67,4.04,32.3,0.508,23.12,78.3,Poor,True,test
pond_03616,shrimp,8.64,5.08,32.4,0.194,18.71,54.3,Critical,True,train
pond_03617,shrimp,7.25,4.4,32.6,0.013,17.31,30.7,Acceptable,True,train
pond_03618,shrimp,8.02,5.5,27.8,0.0,16.06,1.7,Acceptable,True,val
pond_03619,shrimp,8.03,6.73,26.3,0.0,18.61,36.4,Acceptable,True,train
pond_03620,shrimp,7.61,4.41,31.5,0.0,21.42,28.2,Optimal,True,train
pond_03621,shrimp,8.22,5.42,32.5,0.0,19.94,38.8,Optimal,True,train
pond_03622,shrimp,8.73,4.06,32.9,0.0,14.67,0.0,Acceptable,True,test
pond_03623,shrimp,8.45,4.61,30.6,0.0,23.82,30.6,Optimal,True,train
pond_03624,shrimp,8.67,7.07,25.1,0.0,20.62,31.8,Acceptable,True,train
pond_03625,shrimp,7.64,4.1,30.3,0.08,19.12,36.2,Optimal,True,test
pond_03626,shrimp,8.02,3.15,30.7,0.252,17.5,35.3,Critical,True,train
pond_03627,shrimp,7.62,4.05,32.3,0.218,19.75,41.0,Critical,True,train
pond_03628,shrimp,8.12,4.65,32.6,0.343,6.93,70.4,Critical,True,val
pond_03629,shrimp,8.16,5.36,31.5,0.0,18.33,29.7,Optimal,True,train
pond_03630,shrimp,8.48,6.27,28.2,0.0,26.02,21.8,Optimal,True,test
pond_03631,shrimp,8.66,5.34,27.2,0.0,18.21,5.5,Acceptable,True,train
pond_03632,shrimp,8.34,4.27,30.7,0.064,17.46,29.8,Optimal,True,val
pond_03633,shrimp,7.57,4.56,27.8,0.0,13.72,12.0,Optimal,True,train
pond_03634,shrimp,7.32,4.21,32.7,0.183,19.71,59.2,Critical,True,train
pond_03635,shrimp,8.26,3.85,25.7,0.227,15.93,38.1,Poor,True,train
pond_03636,shrimp,8.75,4.49,30.7,0.226,24.2,58.8,Critical,True,train
pond_03637,shrimp,7.99,8.03,30.2,0.08,12.25,69.3,Optimal,True,test
pond_03638,shrimp,7.24,3.12,29.0,0.073,14.51,22.7,Acceptable,True,train
pond_03639,shrimp,9.04,5.54,27.5,0.053,13.7,33.1,Acceptable,True,train
pond_03640,shrimp,8.24,6.49,25.0,0.069,27.09,66.6,Poor,True,val
pond_03641,shrimp,8.09,5.73,28.3,0.113,15.96,43.8,Acceptable,True,train
pond_03642,shrimp,7.42,3.95,28.4,0.292,13.99,50.4,Critical,True,train
pond_03643,shrimp,8.01,4.75,31.9,0.113,5.5,60.7,Poor,True,train
pond_03644,shrimp,8.34,4.63,27.8,0.193,11.99,57.9,Critical,True,train
pond_03645,shrimp,8.25,2.82,30.5,0.378,19.9,48.2,Critical,True,test
pond_03646,shrimp,7.66,6.72,26.7,0.244,19.88,67.9,Critical,True,train
pond_03647,shrimp,7.97,5.31,30.6,0.077,13.42,38.6,Optimal,True,train
pond_03648,shrimp,7.69,4.98,24.6,0.115,13.72,50.4,Poor,True,train
pond_03649,shrimp,8.83,2.89,34.1,0.145,27.23,36.5,Critical,True,train
pond_03650,shrimp,8.45,4.19,29.2,0.324,31.83,60.4,Critical,True,train
pond_03651,shrimp,7.74,4.5,23.4,0.0,23.32,26.0,Poor,True,train
pond_03652,shrimp,7.42,6.15,27.9,0.0,25.58,6.3,Acceptable,True,test
pond_03653,shrimp,8.14,6.29,27.6,0.039,26.74,53.1,Acceptable,True,train
pond_03654,shrimp,7.75,4.79,28.1,0.0,29.18,19.6,Acceptable,True,train
pond_03655,shrimp,7.79,4.99,28.7,0.023,15.34,17.6,Optimal,True,train
pond_03656,shrimp,7.43,5.34,28.0,0.297,12.17,65.3,Critical,True,test
pond_03657,shrimp,7.49,5.58,27.7,0.16,27.08,59.3,Critical,True,train
pond_03658,shrimp,8.08,3.88,27.0,0.043,11.7,33.1,Acceptable,True,train
pond_03659,shrimp,7.87,4.89,31.3,0.0,11.34,0.0,Acceptable,True,train
pond_03660,shrimp,9.25,2.67,32.1,0.454,11.47,50.7,Critical,True,test
pond_03661,shrimp,8.3,5.77,28.9,0.169,16.28,53.3,Critical,True,train
pond_03662,shrimp,7.42,3.53,29.5,0.278,6.09,50.3,Critical,True,val
pond_03663,shrimp,7.23,3.92,27.0,0.19,9.12,49.4,Poor,True,train
pond_03664,shrimp,8.2,4.72,29.7,0.083,13.58,36.4,Optimal,True,train
pond_03665,shrimp,7.8,4.6,30.0,0.116,10.42,31.8,Acceptable,True,train
pond_03666,shrimp,8.67,5.06,29.0,0.0,22.84,17.9,Acceptable,True,test
pond_03667,shrimp,8.14,3.49,30.4,0.077,17.04,26.1,Acceptable,True,train
pond_03668,shrimp,7.01,4.86,30.2,0.075,20.17,46.4,Acceptable,True,train
pond_03669,shrimp,7.49,5.79,27.2,0.23,19.57,46.8,Critical,True,train
pond_03670,shrimp,7.66,5.48,32.1,0.079,15.86,55.8,Optimal,True,train
pond_03671,shrimp,8.22,5.15,29.0,0.0,22.43,11.9,Optimal,True,val
pond_03672,shrimp,7.47,3.08,33.2,0.0,19.49,6.8,Poor,True,test
pond_03673,shrimp,8.08,2.93,30.4,0.165,15.25,32.4,Critical,True,train
pond_03674,shrimp,7.33,1.78,33.8,0.25,7.74,19.6,Poor,True,train
pond_03675,shrimp,8.0,4.48,32.1,0.208,19.86,43.7,Critical,True,test
pond_03676,shrimp,8.19,5.62,30.0,0.0,10.06,13.8,Acceptable,True,train
pond_03677,shrimp,8.73,4.17,27.9,0.257,19.09,63.6,Critical,True,train
pond_03678,shrimp,8.12,5.53,28.0,0.0,17.43,23.6,Optimal,True,val
pond_03679,shrimp,7.59,4.27,30.7,0.418,9.52,71.9,Critical,True,val
pond_03680,shrimp,8.75,5.58,29.8,0.124,18.42,50.5,Poor,True,train
pond_03681,shrimp,7.91,6.19,28.2,0.0,18.05,18.9,Optimal,True,val
pond_03682,shrimp,8.39,1.58,31.3,0.678,18.07,81.9,Critical,True,train
pond_03683,shrimp,7.69,6.02,29.6,0.0,17.81,45.3,Optimal,True,test
pond_03684,shrimp,8.05,4.6,31.3,0.07,13.41,43.3,Optimal,True,val
pond_03685,shrimp,7.6,4.75,27.4,0.0,20.25,38.7,Optimal,True,train
pond_03686,shrimp,8.16,3.6,31.7,0.26,13.22,49.3,Critical,True,test
pond_03687,shrimp,8.4,4.54,30.6,0.191,11.09,50.5,Critical,True,val
pond_03688,shrimp,7.75,3.48,32.1,0.0,20.71,22.7,Acceptable,True,train
pond_03689,shrimp,7.72,3.09,31.7,0.22,22.15,35.7,Critical,True,train
pond_03690,shrimp,8.18,4.0,29.3,0.238,20.33,42.3,Critical,True,test
pond_03691,shrimp,7.59,3.65,29.1,0.191,15.86,51.7,Critical,True,train
pond_03692,shrimp,7.24,5.35,33.4,0.102,6.33,52.0,Poor,True,train
pond_03693,shrimp,8.18,5.04,28.9,0.121,25.15,43.3,Acceptable,True,val
pond_03694,shrimp,7.95,7.05,31.1,0.0,6.25,29.0,Acceptable,True,val
pond_03695,shrimp,7.94,5.47,28.7,0.0,20.22,28.0,Acceptable,True,train
pond_03696,shrimp,8.26,6.62,25.4,0.0,28.61,16.2,Poor,True,train
pond_03697,shrimp,8.33,4.26,26.8,0.181,17.82,51.9,Critical,True,train
pond_03698,shrimp,7.92,4.29,30.4,0.018,18.6,27.7,Optimal,True,train
pond_03699,shrimp,7.44,4.47,31.0,0.07,19.09,36.2,Optimal,True,train
pond_03700,shrimp,7.68,3.79,30.4,0.309,18.09,44.8,Critical,True,train
pond_03701,shrimp,8.29,3.55,32.0,0.17,29.93,40.1,Critical,True,train
pond_03702,shrimp,8.07,5.07,30.4,0.0,12.36,39.9,Optimal,True,train
pond_03703,shrimp,7.73,5.79,27.8,0.0,11.67,21.9,Optimal,True,train
pond_03704,shrimp,7.61,2.84,30.8,0.406,15.2,45.4,Critical,True,val
pond_03705,shrimp,8.31,5.04,29.9,0.001,26.57,33.7,Acceptable,True,val
pond_03706,shrimp,7.89,5.81,28.2,0.0,13.83,38.3,Optimal,True,train
pond_03707,shrimp,8.38,3.81,30.5,0.315,19.37,63.2,Poor,True,train
pond_03708,shrimp,8.44,3.92,29.7,0.27,22.89,50.1,Critical,True,train
pond_03709,shrimp,7.84,5.69,28.2,0.0,21.28,28.6,Optimal,True,train
pond_03710,shrimp,8.47,1.82,29.1,0.2,22.6,37.0,Critical,True,val
pond_03711,shrimp,8.07,3.95,32.6,0.343,24.8,72.0,Critical,True,train
pond_03712,shrimp,8.13,5.93,32.5,0.0,18.7,33.9,Optimal,True,train
pond_03713,shrimp,6.91,1.57,29.9,0.393,14.49,40.8,Critical,True,train
pond_03714,shrimp,7.51,5.75,29.6,0.059,17.81,53.3,Optimal,True,train
pond_03715,shrimp,7.54,6.31,26.3,0.0,15.14,44.3,Acceptable,True,train
pond_03716,shrimp,7.84,2.04,33.3,0.257,30.87,32.5,Critical,True,train
pond_03717,shrimp,8.06,4.8,31.8,0.0,14.07,25.1,Optimal,True,train
pond_03718,shrimp,8.08,5.55,31.2,0.01,19.66,39.8,Acceptable,True,train
pond_03719,shrimp,8.14,4.75,24.5,0.215,8.75,53.2,Critical,True,train
pond_03720,shrimp,7.66,3.93,29.6,0.268,17.73,66.4,Critical,True,train
pond_03721,shrimp,8.35,4.91,29.2,0.0,15.42,10.7,Optimal,True,train
pond_03722,shrimp,8.9,5.56,31.0,0.204,20.72,75.3,Critical,True,train
pond_03723,shrimp,7.82,4.42,28.5,0.0,20.86,34.2,Optimal,True,train
pond_03724,shrimp,7.67,4.89,29.0,0.165,24.79,58.5,Poor,True,test
pond_03725,shrimp,7.66,3.63,30.9,0.162,24.36,25.2,Critical,True,test
pond_03726,shrimp,8.04,5.29,27.8,0.0,16.64,7.8,Acceptable,True,test
pond_03727,shrimp,7.74,6.4,28.2,0.0,11.81,13.7,Optimal,True,train
pond_03728,shrimp,7.13,4.81,29.9,0.028,12.45,33.4,Acceptable,True,train
pond_03729,shrimp,7.27,3.57,32.4,0.343,18.67,50.5,Critical,True,train
pond_03730,shrimp,8.51,4.28,31.3,0.265,17.87,40.6,Critical,True,train
pond_03731,shrimp,8.64,3.19,31.9,0.147,18.42,35.0,Poor,True,train
pond_03732,shrimp,8.8,3.57,29.6,0.388,14.06,62.4,Critical,True,test
pond_03733,shrimp,8.11,5.35,32.8,0.028,24.9,40.0,Optimal,True,test
pond_03734,shrimp,7.5,7.81,25.7,0.0,8.9,45.6,Acceptable,True,train
pond_03735,shrimp,7.78,1.44,33.9,0.846,13.75,102.2,Critical,True,train
pond_03736,shrimp,7.25,4.21,34.2,0.017,11.08,39.8,Acceptable,True,train
pond_03737,shrimp,7.24,5.56,30.5,0.0,15.85,26.1,Acceptable,True,val
pond_03738,shrimp,8.13,2.85,31.3,0.346,23.86,49.6,Critical,True,test
pond_03739,shrimp,8.27,4.26,29.4,0.175,15.42,54.7,Critical,True,val
pond_03740,shrimp,8.98,4.23,29.0,0.204,17.56,46.0,Critical,True,train
pond_03741,shrimp,7.96,7.45,28.2,0.0,20.65,43.1,Optimal,True,val
pond_03742,shrimp,7.32,6.81,29.4,0.141,15.16,69.6,Poor,True,train
pond_03743,shrimp,7.94,3.36,30.7,0.497,19.1,67.1,Poor,True,train
pond_03744,shrimp,7.86,2.8,30.4,0.214,18.38,37.7,Critical,True,train
pond_03745,shrimp,7.75,4.54,33.9,0.0,10.78,27.1,Acceptable,True,train
pond_03746,shrimp,8.17,5.39,29.7,0.0,14.45,48.6,Optimal,True,train
pond_03747,shrimp,7.39,7.19,26.2,0.0,18.95,27.0,Acceptable,True,train
pond_03748,shrimp,8.07,2.54,33.1,0.466,24.05,57.7,Poor,True,train
pond_03749,shrimp,8.33,6.4,26.8,0.006,24.05,48.5,Acceptable,True,train
pond_03750,shrimp,8.71,4.26,28.3,0.493,28.53,93.4,Critical,True,train
pond_03751,shrimp,8.16,5.38,30.1,0.117,19.67,69.5,Acceptable,True,train
pond_03752,shrimp,8.52,4.51,30.4,0.0,14.73,18.4,Optimal,True,train
pond_03753,shrimp,7.78,7.95,26.3,0.0,16.65,29.6,Acceptable,True,train
pond_03754,shrimp,7.85,5.78,27.9,0.0,16.37,1.7,Acceptable,True,train
pond_03755,shrimp,8.67,5.31,26.2,0.0,14.76,0.0,Poor,True,val
pond_03756,shrimp,7.31,4.59,30.9,0.0,19.11,42.3,Optimal,True,val
pond_03757,shrimp,7.8,3.97,32.1,0.0,19.36,16.2,Optimal,True,val
pond_03758,shrimp,8.56,4.15,26.8,0.397,10.54,72.8,Critical,True,val
pond_03759,shrimp,7.89,6.51,31.7,0.084,22.98,63.2,Optimal,True,train
pond_03760,shrimp,7.86,6.16,31.5,0.0,6.9,34.6,Acceptable,True,test
pond_03761,shrimp,7.87,4.98,28.1,0.035,15.78,33.4,Optimal,True,train
pond_03762,shrimp,8.06,6.83,25.1,0.152,23.32,69.7,Critical,True,train
pond_03763,shrimp,8.54,7.9,27.1,0.01,20.34,74.3,Acceptable,True,val
pond_03764,shrimp,8.46,6.64,28.2,0.0,15.04,21.3,Optimal,True,val
pond_03765,shrimp,8.01,3.51,32.9,0.032,27.83,18.8,Poor,True,test
pond_03766,shrimp,8.55,4.77,29.2,0.049,14.58,34.0,Optimal,True,train
pond_03767,shrimp,8.17,3.34,27.3,0.3,5.99,48.6,Critical,True,train
pond_03768,shrimp,8.43,5.64,29.8,0.0,19.49,29.7,Optimal,True,val
pond_03769,shrimp,7.49,7.07,26.7,0.0,7.22,49.0,Acceptable,True,train
pond_03770,shrimp,8.87,5.99,30.6,0.34,12.43,79.0,Critical,True,val
pond_03771,shrimp,8.11,6.23,27.3,0.0,20.43,11.9,Acceptable,True,train
pond_03772,shrimp,6.63,5.72,27.7,0.0,14.47,31.1,Poor,True,val
pond_03773,shrimp,8.83,3.38,30.3,0.0,20.19,12.3,Acceptable,True,test
pond_03774,shrimp,8.0,4.13,33.4,0.0,10.63,23.3,Acceptable,True,train
pond_03775,shrimp,7.8,2.72,34.3,0.143,21.72,34.1,Critical,True,test
pond_03776,shrimp,7.7,6.05,27.2,0.0,7.7,25.5,Acceptable,True,train
pond_03777,shrimp,8.22,4.24,28.2,0.236,24.25,50.4,Critical,True,train
pond_03778,shrimp,7.56,5.11,30.6,0.014,14.39,43.0,Optimal,True,train
pond_03779,shrimp,7.71,5.69,32.1,0.046,25.42,46.0,Optimal,True,train
pond_03780,shrimp,7.72,6.55,24.7,0.0,12.38,33.9,Acceptable,True,train
pond_03781,shrimp,7.85,5.14,29.7,0.144,27.59,35.7,Poor,True,train
pond_03782,shrimp,7.74,6.19,28.4,0.0,11.73,33.0,Optimal,True,train
pond_03783,shrimp,8.43,8.08,25.3,0.0,7.13,35.0,Poor,True,train
pond_03784,shrimp,8.14,5.47,26.6,0.151,17.24,48.4,Poor,True,train
pond_03785,shrimp,8.2,5.77,28.3,0.0,23.79,1.5,Acceptable,True,train
pond_03786,shrimp,8.31,6.58,29.6,0.071,21.35,45.8,Acceptable,True,train
pond_03787,shrimp,7.95,5.0,31.7,0.0,23.4,22.6,Acceptable,True,train
pond_03788,shrimp,7.49,2.18,30.3,0.244,21.46,33.2,Critical,True,train
pond_03789,shrimp,8.9,3.37,31.6,0.0,12.49,8.8,Poor,True,train
pond_03790,shrimp,8.46,5.69,29.6,0.0,21.22,32.8,Optimal,True,train
pond_03791,shrimp,8.81,4.74,27.9,0.003,17.51,45.6,Acceptable,True,test
pond_03792,shrimp,8.52,6.64,29.1,0.0,13.1,49.1,Optimal,True,test
pond_03793,shrimp,7.77,6.61,31.0,0.0,17.99,16.3,Acceptable,True,train
pond_03794,shrimp,6.83,3.47,31.8,0.224,16.69,48.2,Critical,True,train
pond_03795,shrimp,7.39,3.65,29.2,0.25,24.79,62.8,Critical,True,test
pond_03796,shrimp,8.32,4.92,27.5,0.045,14.17,30.1,Optimal,True,test
pond_03797,shrimp,7.95,4.1,30.2,0.18,13.91,40.0,Critical,True,train
pond_03798,shrimp,7.79,6.36,30.6,0.0,13.16,0.0,Acceptable,True,val
pond_03799,shrimp,6.75,2.82,32.2,0.227,27.43,22.1,Critical,True,train
pond_03800,shrimp,7.99,6.1,28.0,0.023,13.47,45.4,Optimal,True,train
pond_03801,shrimp,7.46,6.87,28.0,0.123,24.13,59.1,Poor,True,train
pond_03802,shrimp,7.64,5.33,31.2,0.0,11.33,28.0,Optimal,True,train
pond_03803,shrimp,8.43,5.57,28.6,0.386,19.79,93.4,Critical,True,train
pond_03804,shrimp,7.49,4.88,28.5,0.101,18.44,46.3,Optimal,True,test
pond_03805,shrimp,7.53,6.27,32.3,0.0,23.78,14.5,Optimal,True,train
pond_03806,shrimp,8.09,5.33,26.5,0.515,22.99,65.7,Critical,True,train
pond_03807,shrimp,8.44,4.7,34.0,0.0,17.45,14.9,Acceptable,True,train
pond_03808,shrimp,7.8,4.98,28.2,0.132,14.05,46.6,Poor,True,train
pond_03809,shrimp,8.73,2.07,31.4,0.202,25.94,21.4,Critical,True,val
pond_03810,shrimp,7.36,4.54,29.3,0.0,13.5,12.9,Optimal,True,train
pond_03811,shrimp,7.27,4.45,30.1,0.247,4.53,59.2,Critical,True,val
pond_03812,shrimp,7.23,4.79,28.9,0.095,6.78,34.8,Acceptable,True,train
pond_03813,shrimp,7.17,3.49,31.4,0.437,8.12,74.5,Critical,True,val
pond_03814,shrimp,8.17,5.76,28.7,0.0,20.28,19.6,Optimal,True,train
pond_03815,shrimp,7.51,6.03,28.2,0.0,29.18,8.8,Acceptable,True,train
pond_03816,shrimp,7.29,3.35,33.5,0.172,5.78,30.4,Critical,True,train
pond_03817,shrimp,8.19,4.41,29.6,0.536,12.7,97.8,Critical,True,train
pond_03818,shrimp,8.41,3.94,28.0,0.298,17.49,56.7,Critical,True,train
pond_03819,shrimp,8.53,6.0,26.2,0.13,25.5,51.1,Poor,True,train
pond_03820,shrimp,8.44,5.33,33.6,0.12,12.67,51.7,Poor,True,test
pond_03821,shrimp,7.54,6.79,28.3,0.0,20.25,30.3,Optimal,True,test
pond_03822,shrimp,8.14,2.84,34.0,0.603,15.62,94.6,Critical,True,val
pond_03823,shrimp,8.25,6.95,30.4,0.0,31.34,49.2,Poor,True,train
pond_03824,shrimp,7.76,4.28,29.8,0.285,17.79,47.3,Critical,True,test
pond_03825,shrimp,8.08,3.48,29.9,0.324,18.96,59.7,Critical,True,test
pond_03826,shrimp,7.37,1.84,34.4,0.161,17.46,14.5,Critical,True,test
pond_03827,shrimp,7.69,4.82,24.7,0.0,14.72,22.4,Acceptable,True,test
pond_03828,shrimp,8.19,5.07,30.0,0.0,22.22,35.1,Optimal,True,train
pond_03829,shrimp,8.75,4.65,28.9,0.18,10.63,59.8,Critical,True,train
pond_03830,shrimp,8.58,4.17,29.0,0.0,5.99,14.0,Acceptable,True,train
pond_03831,shrimp,8.33,3.69,29.8,0.126,16.17,38.7,Poor,True,test
pond_03832,shrimp,8.04,3.66,28.9,0.233,21.49,35.8,Critical,True,train
pond_03833,shrimp,7.96,3.62,29.9,0.0,13.81,8.5,Acceptable,True,train
pond_03834,shrimp,7.28,6.03,29.4,0.0,18.03,29.8,Acceptable,True,test
pond_03835,shrimp,7.58,7.75,26.6,0.0,10.29,50.8,Acceptable,True,val
pond_03836,shrimp,7.6,6.81,30.3,0.0,22.84,10.3,Optimal,True,train
pond_03837,shrimp,8.29,5.19,31.1,0.363,20.59,68.2,Poor,True,train
pond_03838,shrimp,8.47,4.53,28.3,0.1,17.11,49.4,Optimal,True,train
pond_03839,shrimp,8.37,2.88,33.6,0.312,17.93,46.9,Critical,True,test
pond_03840,shrimp,8.59,4.91,32.4,0.0,9.34,40.2,Acceptable,True,train
pond_03841,shrimp,8.04,4.0,31.4,0.069,9.58,18.2,Optimal,True,test
pond_03842,shrimp,7.51,4.8,31.3,0.0,16.33,27.0,Optimal,True,val
pond_03843,shrimp,7.98,7.1,29.6,0.0,19.83,47.2,Optimal,True,test
pond_03844,shrimp,7.64,4.38,32.0,0.0,20.1,27.0,Optimal,True,train
pond_03845,shrimp,8.33,6.59,33.0,0.016,15.0,43.8,Optimal,True,val
pond_03846,shrimp,7.82,2.96,31.3,0.0,21.1,22.0,Acceptable,True,train
pond_03847,shrimp,7.95,5.68,28.2,0.094,24.81,49.0,Optimal,True,test
pond_03848,shrimp,8.35,5.2,29.4,0.096,16.51,50.5,Optimal,True,train
pond_03849,shrimp,7.63,3.27,30.8,0.0,18.7,7.4,Acceptable,True,val
pond_03850,shrimp,8.48,5.26,31.3,0.005,15.86,41.3,Optimal,True,train
pond_03851,shrimp,7.33,6.68,29.3,0.0,16.31,9.6,Acceptable,True,train
pond_03852,shrimp,8.15,7.78,28.3,0.0,17.93,2.8,Acceptable,True,train
pond_03853,shrimp,7.95,4.34,33.0,0.069,26.37,28.1,Acceptable,True,train
pond_03854,shrimp,8.41,3.16,27.1,0.615,22.03,95.9,Critical,True,test
pond_03855,shrimp,7.31,5.94,27.4,0.131,21.54,55.5,Poor,True,train
pond_03856,shrimp,7.23,6.49,26.6,0.131,14.5,67.8,Poor,True,train
pond_03857,shrimp,8.38,5.08,27.4,0.19,12.06,52.2,Critical,True,train
pond_03858,shrimp,7.8,4.31,32.2,0.181,19.14,44.1,Critical,True,train
pond_03859,shrimp,7.95,3.45,32.3,0.289,23.84,57.9,Critical,True,train
pond_03860,shrimp,7.67,4.68,29.3,0.0,26.48,27.2,Optimal,True,train
pond_03861,shrimp,8.46,5.72,30.6,0.141,3.51,49.4,Poor,True,train
pond_03862,shrimp,8.15,6.47,29.5,0.06,30.46,63.5,Acceptable,True,val
pond_03863,shrimp,8.12,3.99,26.9,0.287,19.29,54.0,Critical,True,test
pond_03864,shrimp,7.42,2.86,34.4,0.431,22.0,64.9,Critical,True,train
pond_03865,shrimp,8.25,2.07,32.5,0.303,7.43,43.7,Poor,True,train
pond_03866,shrimp,7.5,6.79,30.3,0.198,15.7,73.8,Critical,True,train
pond_03867,shrimp,7.67,6.36,27.6,0.015,21.53,35.8,Optimal,True,train
pond_03868,shrimp,7.32,2.53,29.0,0.63,10.54,82.4,Critical,True,train
pond_03869,shrimp,7.92,5.14,28.0,0.147,1.11,51.5,Critical,True,train
pond_03870,shrimp,8.53,4.4,29.7,0.169,18.85,32.3,Critical,True,train
pond_03871,shrimp,8.11,3.71,30.2,0.0,16.73,16.4,Optimal,True,train
pond_03872,shrimp,7.78,6.25,28.7,0.0,24.93,23.8,Optimal,True,train
pond_03873,shrimp,8.05,6.89,26.3,0.0,16.12,20.8,Acceptable,True,test
pond_03874,shrimp,8.05,3.84,34.2,0.246,16.52,38.2,Critical,True,train
pond_03875,shrimp,8.03,3.89,30.0,0.031,20.84,14.5,Optimal,True,train
pond_03876,shrimp,8.09,3.77,30.5,0.24,22.68,65.9,Critical,True,train
pond_03877,shrimp,7.48,5.11,28.6,0.041,13.1,42.2,Optimal,True,test
pond_03878,shrimp,8.05,5.19,26.1,0.0,22.19,41.4,Optimal,True,train
pond_03879,shrimp,7.12,4.84,29.3,0.0,14.13,16.7,Acceptable,True,train
pond_03880,shrimp,8.29,5.66,28.8,0.0,17.09,24.6,Optimal,True,train
pond_03881,shrimp,7.45,2.53,31.1,0.037,20.69,0.0,Poor,True,val
pond_03882,shrimp,8.59,3.35,31.5,0.463,21.65,72.4,Critical,True,train
pond_03883,shrimp,6.78,4.3,31.2,0.0,18.75,11.6,Acceptable,True,train
pond_03884,shrimp,8.84,6.09,31.7,0.0,11.06,13.2,Acceptable,True,val
pond_03885,shrimp,7.18,4.73,33.5,0.345,6.71,68.3,Critical,True,train
pond_03886,shrimp,7.4,4.56,30.4,0.322,15.97,47.8,Poor,True,train
pond_03887,shrimp,8.15,4.62,31.9,0.03,22.34,42.4,Optimal,True,train
pond_03888,shrimp,8.31,4.38,30.6,0.277,19.47,46.8,Critical,True,train
pond_03889,shrimp,7.86,7.23,25.3,0.037,18.33,59.1,Acceptable,True,train
pond_03890,shrimp,8.45,5.41,29.2,0.101,16.96,42.0,Optimal,True,train
pond_03891,shrimp,7.6,6.86,27.6,0.0,18.7,9.1,Acceptable,True,train
pond_03892,shrimp,7.8,3.03,30.0,0.435,11.53,54.7,Critical,True,train
pond_03893,shrimp,7.85,4.31,27.8,0.207,21.29,48.4,Critical,True,test
pond_03894,shrimp,7.73,4.77,30.8,0.213,21.65,63.4,Critical,True,train
pond_03895,shrimp,7.03,4.8,31.7,0.0,15.05,15.0,Optimal,True,train
pond_03896,shrimp,7.99,6.96,32.1,0.0,19.4,25.4,Optimal,True,val
pond_03897,shrimp,7.94,1.66,33.1,0.401,7.56,47.8,Critical,True,train
pond_03898,shrimp,8.54,5.77,25.8,0.0,17.99,21.1,Poor,True,test
pond_03899,shrimp,7.36,5.43,26.9,0.0,16.27,0.0,Acceptable,True,train
pond_03900,shrimp,7.68,3.33,35.9,0.239,23.93,43.9,Critical,True,train
pond_03901,shrimp,8.6,6.27,31.7,0.088,15.91,57.9,Optimal,True,train
pond_03902,shrimp,8.15,5.72,30.0,0.0,21.78,37.4,Optimal,True,train
pond_03903,shrimp,8.27,2.86,29.6,0.417,14.85,51.0,Critical,True,train
pond_03904,shrimp,8.23,6.67,29.4,0.0,4.43,48.1,Acceptable,True,test
pond_03905,shrimp,8.23,7.77,25.2,0.0,15.76,40.2,Acceptable,True,test
pond_03906,shrimp,8.91,5.58,27.8,0.043,18.08,42.7,Acceptable,True,train
pond_03907,shrimp,8.05,2.93,29.3,0.585,17.83,67.0,Critical,True,train
pond_03908,shrimp,7.49,5.05,27.9,0.0,17.91,20.7,Optimal,True,test
pond_03909,shrimp,8.32,5.71,28.2,0.151,14.21,55.5,Poor,True,train
pond_03910,shrimp,7.72,4.46,35.1,0.0,15.22,16.4,Acceptable,True,train
pond_03911,shrimp,7.95,2.83,28.9,0.132,10.81,24.1,Poor,True,train
pond_03912,shrimp,8.19,3.71,30.1,0.474,6.02,63.9,Critical,True,train
pond_03913,shrimp,7.59,5.97,30.0,0.0,16.41,15.8,Optimal,True,train
pond_03914,shrimp,7.74,6.25,30.8,0.0,12.9,35.2,Optimal,True,val
pond_03915,shrimp,8.24,5.6,28.4,0.42,22.94,87.2,Critical,True,test
pond_03916,shrimp,7.73,5.43,32.2,0.199,5.0,60.5,Critical,True,test
pond_03917,shrimp,8.49,5.08,30.5,0.0,18.6,25.3,Optimal,True,train
pond_03918,shrimp,7.51,6.73,26.7,0.0,28.67,28.7,Acceptable,True,train
pond_03919,shrimp,7.51,5.04,29.3,0.099,15.99,36.6,Optimal,True,val
pond_03920,shrimp,8.95,5.48,29.1,0.254,16.98,66.2,Critical,True,test
pond_03921,shrimp,7.23,3.46,29.0,0.0,19.34,20.0,Acceptable,True,train
pond_03922,shrimp,7.99,5.36,30.6,0.0,19.77,18.8,Optimal,True,train
pond_03923,shrimp,8.93,2.92,30.9,0.34,14.75,54.3,Critical,True,train
pond_03924,shrimp,7.99,5.36,30.6,0.0,11.45,6.4,Acceptable,True,val
pond_03925,shrimp,8.67,4.07,30.2,0.0,20.59,21.8,Optimal,True,train
pond_03926,shrimp,8.33,5.19,29.7,0.0,6.51,38.3,Acceptable,True,val
pond_03927,shrimp,8.0,4.95,24.8,0.11,21.58,39.3,Poor,True,val
pond_03928,shrimp,7.93,3.73,31.2,0.003,14.85,12.7,Optimal,True,train
pond_03929,shrimp,6.94,4.95,30.6,0.22,17.02,47.1,Critical,True,train
pond_03930,shrimp,7.84,6.3,27.3,0.0,14.11,51.1,Optimal,True,val
pond_03931,shrimp,8.12,5.94,30.1,0.0,24.87,26.8,Optimal,True,train
pond_03932,shrimp,8.12,3.03,30.9,0.46,18.37,73.2,Critical,True,train
pond_03933,shrimp,9.23,2.3,32.1,0.312,15.23,46.8,Critical,True,val
pond_03934,shrimp,8.14,3.32,30.6,0.0,15.08,19.9,Acceptable,True,train
pond_03935,shrimp,8.32,3.33,30.2,0.371,16.19,72.4,Critical,True,train
pond_03936,shrimp,8.58,6.11,31.6,0.0,30.18,29.5,Acceptable,True,train
pond_03937,shrimp,8.27,6.59,28.8,0.0,9.76,43.6,Optimal,True,val
pond_03938,shrimp,7.96,3.36,30.4,0.069,22.96,30.3,Poor,True,test
pond_03939,shrimp,7.96,7.23,28.1,0.072,20.12,52.5,Optimal,True,train
pond_03940,shrimp,7.82,5.67,31.9,0.101,25.47,30.4,Optimal,True,test
pond_03941,shrimp,8.22,3.81,26.0,0.095,20.46,31.6,Poor,True,train
pond_03942,shrimp,7.91,3.07,31.3,0.095,17.02,36.8,Optimal,True,train
pond_03943,shrimp,8.31,2.8,29.5,0.199,22.61,30.0,Critical,True,train
pond_03944,shrimp,7.5,4.12,31.6,0.152,18.26,61.4,Poor,True,train
pond_03945,shrimp,8.07,5.29,27.8,0.0,21.15,14.8,Optimal,True,train
pond_03946,shrimp,8.78,4.76,29.7,0.106,24.86,39.3,Acceptable,True,train
pond_03947,shrimp,7.89,2.33,29.6,0.202,17.51,41.8,Poor,True,train
pond_03948,shrimp,8.92,2.83,30.5,0.205,14.67,37.5,Critical,True,train
pond_03949,shrimp,8.08,5.74,27.2,0.043,13.46,59.4,Optimal,True,train
pond_03950,shrimp,7.97,5.16,30.9,0.0,19.48,9.9,Optimal,True,train
pond_03951,shrimp,8.06,3.48,25.4,0.354,12.17,51.4,Critical,True,val
pond_03952,shrimp,7.84,3.66,28.0,0.0,15.08,15.1,Optimal,True,train
pond_03953,shrimp,7.01,6.96,26.1,0.0,11.68,29.8,Poor,True,train
pond_03954,shrimp,8.44,2.83,31.3,0.0,19.8,13.0,Acceptable,True,train
pond_03955,shrimp,9.1,4.54,30.4,0.0,12.86,33.4,Poor,True,test
pond_03956,shrimp,8.24,2.94,30.5,0.09,9.92,28.4,Poor,True,train
pond_03957,shrimp,8.27,4.91,32.7,0.371,10.89,72.8,Critical,True,train
pond_03958,shrimp,7.91,2.57,28.8,0.203,13.86,44.8,Critical,True,train
pond_03959,shrimp,8.58,4.07,30.8,0.184,14.36,48.8,Critical,True,train
pond_03960,shrimp,7.98,5.89,29.6,0.0,18.38,17.8,Optimal,True,train
pond_03961,shrimp,8.13,5.58,29.3,0.189,16.11,54.8,Critical,True,val
pond_03962,shrimp,7.22,3.46,32.4,0.468,19.04,72.8,Poor,True,test
pond_03963,shrimp,7.74,2.71,34.1,0.379,19.48,57.4,Critical,True,train
pond_03964,shrimp,8.18,4.78,28.6,0.0,21.07,13.8,Optimal,True,train
pond_03965,shrimp,8.45,2.75,31.3,0.246,6.51,30.7,Critical,True,train
pond_03966,shrimp,8.47,4.49,30.2,0.062,10.8,42.2,Optimal,True,val
pond_03967,shrimp,7.21,4.5,30.2,0.0,20.05,28.5,Acceptable,True,train
pond_03968,shrimp,7.26,4.15,30.0,0.609,18.16,90.7,Critical,True,train
pond_03969,shrimp,8.29,6.2,28.8,0.0,22.37,30.4,Optimal,True,test
pond_03970,shrimp,7.63,5.67,21.6,0.029,8.51,39.1,Poor,True,test
pond_03971,shrimp,8.45,1.83,32.9,0.279,14.39,28.0,Critical,True,train
pond_03972,shrimp,7.18,4.59,28.0,0.126,15.37,44.6,Poor,True,train
pond_03973,shrimp,7.95,5.09,29.0,0.162,17.92,67.6,Poor,True,train
pond_03974,shrimp,7.98,4.8,29.0,0.114,17.2,42.3,Acceptable,True,train
pond_03975,shrimp,8.24,5.09,27.8,0.022,19.58,35.6,Optimal,True,train
pond_03976,shrimp,7.48,3.3,30.0,0.0,16.37,18.5,Acceptable,True,val
pond_03977,shrimp,7.02,3.65,29.4,0.281,24.55,64.2,Critical,True,train
pond_03978,shrimp,8.09,4.64,27.9,0.068,26.3,37.1,Optimal,True,train
pond_03979,shrimp,8.26,4.03,29.8,0.021,10.85,36.3,Optimal,True,train
pond_03980,shrimp,8.5,6.14,29.4,0.0,17.25,0.0,Acceptable,True,train
pond_03981,shrimp,7.82,4.56,31.5,0.062,21.39,37.5,Optimal,True,train
pond_03982,shrimp,8.39,4.97,26.6,0.0,20.22,32.0,Acceptable,True,train
pond_03983,shrimp,8.24,6.6,27.7,0.0,14.76,3.5,Acceptable,True,train
pond_03984,shrimp,8.66,4.9,31.1,0.264,18.4,59.8,Critical,True,train
pond_03985,shrimp,7.97,3.55,28.1,0.054,8.29,29.3,Acceptable,True,train
pond_03986,shrimp,7.14,1.45,27.5,0.704,16.89,77.9,Poor,True,test
pond_03987,shrimp,7.97,3.56,28.2,0.38,8.97,68.3,Critical,True,val
pond_03988,shrimp,8.04,5.57,29.3,0.03,19.79,25.6,Optimal,True,train
pond_03989,shrimp,8.26,5.93,29.3,0.15,10.86,67.4,Poor,True,train
pond_03990,shrimp,7.23,2.93,29.0,0.364,17.9,72.2,Critical,True,train
pond_03991,shrimp,7.84,6.21,27.2,0.0,18.76,28.8,Optimal,True,train
pond_03992,shrimp,8.43,5.08,31.2,0.0,17.42,19.3,Optimal,True,train
pond_03993,shrimp,7.95,5.68,32.4,0.0,13.52,0.0,Acceptable,True,train
pond_03994,shrimp,7.85,7.09,25.3,0.0,15.84,47.6,Acceptable,True,train
pond_03995,shrimp,8.95,7.35,26.1,0.0,23.5,20.5,Poor,True,train
pond_03996,shrimp,7.46,4.78,31.7,0.13,14.66,48.2,Poor,True,val
pond_03997,shrimp,8.62,4.4,33.0,0.101,17.12,28.6,Acceptable,True,train
pond_03998,shrimp,8.51,5.67,24.8,0.0,13.94,24.4,Acceptable,True,test
pond_03999,shrimp,7.89,5.3,31.3,0.0,22.61,28.8,Optimal,True,train
pond_04000,shrimp,7.98,2.22,33.1,0.148,17.43,14.0,Poor,True,train
pond_04001,shrimp,7.98,5.15,27.6,0.025,12.8,28.8,Optimal,True,train
pond_04002,shrimp,8.09,4.5,33.0,0.049,17.04,25.3,Optimal,True,train
pond_04003,shrimp,7.7,6.6,29.1,0.0,15.67,39.7,Optimal,True,test
pond_04004,shrimp,7.79,4.04,30.2,0.154,24.66,42.1,Poor,True,test
pond_04005,shrimp,7.82,6.39,27.9,0.0,16.75,18.6,Optimal,True,train
pond_04006,shrimp,7.84,3.96,31.7,0.288,9.39,62.0,Critical,True,test
pond_04007,shrimp,7.84,5.48,31.3,0.0,19.74,36.8,Optimal,True,train
pond_04008,shrimp,6.88,2.8,33.3,0.54,26.82,70.0,Critical,True,train
pond_04009,shrimp,8.05,4.81,32.7,0.13,23.58,44.8,Poor,True,val
pond_04010,shrimp,7.74,4.69,29.5,0.064,10.93,41.4,Optimal,True,train
pond_04011,shrimp,7.07,1.51,36.3,0.178,15.52,30.2,Critical,True,train
pond_04012,shrimp,7.82,3.81,32.5,0.362,16.83,52.3,Critical,True,val
pond_04013,shrimp,7.81,6.06,30.7,0.0,16.9,40.7,Optimal,True,train
pond_04014,shrimp,8.64,4.18,27.3,0.252,19.1,57.2,Critical,True,train
pond_04015,shrimp,7.73,3.94,26.1,0.542,15.11,72.1,Poor,True,val
pond_04016,shrimp,8.33,6.15,26.3,0.0,11.96,25.5,Acceptable,True,train
pond_04017,shrimp,8.69,3.35,27.4,0.274,22.23,52.3,Critical,True,train
pond_04018,shrimp,7.69,5.85,32.5,0.097,10.82,51.7,Optimal,True,train
pond_04019,shrimp,7.98,6.35,30.6,0.0,12.59,49.2,Optimal,True,train
pond_04020,shrimp,8.86,6.41,28.2,0.0,10.79,31.3,Acceptable,True,train
pond_04021,shrimp,8.11,4.87,29.2,0.0,20.37,31.7,Optimal,True,train
pond_04022,shrimp,8.19,6.95,28.9,0.0,17.59,28.3,Optimal,True,test
pond_04023,shrimp,7.8,5.93,31.3,0.0,21.86,27.9,Optimal,True,train
pond_04024,shrimp,8.34,4.69,27.6,0.0,12.68,23.2,Optimal,True,train
pond_04025,shrimp,7.98,6.32,30.3,0.0,10.11,37.9,Optimal,True,test
pond_04026,shrimp,7.08,3.53,30.2,0.0,14.56,24.8,Acceptable,True,val
pond_04027,shrimp,7.82,5.07,27.6,0.118,16.0,48.7,Acceptable,True,train
pond_04028,shrimp,7.41,1.7,33.0,0.373,18.15,41.1,Critical,True,train
pond_04029,shrimp,8.06,5.15,28.8,0.099,7.75,43.4,Acceptable,True,train
pond_04030,shrimp,7.54,5.04,27.3,0.007,19.63,34.5,Optimal,True,train
pond_04031,shrimp,8.24,3.75,31.4,0.132,12.08,41.4,Poor,True,train
pond_04032,shrimp,8.02,4.57,29.6,0.049,13.44,35.1,Optimal,True,train
pond_04033,shrimp,7.38,3.86,30.4,0.362,23.46,55.6,Critical,True,test
pond_04034,shrimp,7.75,5.56,26.9,0.0,4.99,31.2,Poor,True,train
pond_04035,shrimp,8.31,5.85,31.3,0.117,18.77,47.5,Acceptable,True,train
pond_04036,shrimp,8.57,2.22,34.3,0.178,18.75,13.9,Critical,True,val
pond_04037,shrimp,7.55,6.59,26.7,0.0,12.5,54.2,Acceptable,True,test
pond_04038,shrimp,7.45,4.85,30.3,0.0,14.54,28.8,Optimal,True,test
pond_04039,shrimp,8.98,5.72,27.8,0.0,23.72,21.8,Acceptable,True,train
pond_04040,shrimp,8.0,3.15,35.4,0.0,27.8,17.2,Poor,True,test
pond_04041,shrimp,8.05,3.2,32.2,0.086,22.86,15.6,Acceptable,True,train
pond_04042,shrimp,7.63,5.16,30.1,0.011,27.37,30.4,Acceptable,True,train
pond_04043,shrimp,8.11,6.16,26.8,0.21,13.2,70.0,Critical,True,val
pond_04044,shrimp,8.86,4.43,27.3,0.0,8.31,27.1,Acceptable,True,train
pond_04045,shrimp,8.13,2.75,31.1,0.0,16.71,0.0,Poor,True,train
pond_04046,shrimp,8.53,5.72,26.5,0.0,21.43,47.3,Acceptable,True,train
pond_04047,shrimp,8.01,6.5,26.6,0.0,6.8,17.7,Acceptable,True,train
pond_04048,shrimp,7.49,6.0,29.5,0.056,11.9,56.3,Optimal,True,train
pond_04049,shrimp,7.66,6.16,29.8,0.0,12.52,31.6,Optimal,True,val
pond_04050,shrimp,7.44,5.02,30.3,0.0,18.96,34.5,Optimal,True,train
pond_04051,shrimp,8.11,4.75,28.5,0.28,18.25,63.9,Critical,True,train
pond_04052,shrimp,8.61,4.25,31.5,0.235,12.74,52.4,Critical,True,train
pond_04053,shrimp,8.08,3.83,27.6,0.0,17.99,15.1,Optimal,True,train
pond_04054,shrimp,7.85,3.6,30.9,0.022,10.7,18.0,Optimal,True,train
pond_04055,shrimp,7.61,4.61,30.0,0.0,14.65,4.3,Acceptable,True,val
pond_04056,shrimp,8.18,4.12,30.8,0.464,10.04,92.1,Critical,True,train
pond_04057,shrimp,7.38,4.2,32.1,0.029,16.17,22.7,Optimal,True,train
pond_04058,shrimp,7.43,3.42,28.5,0.431,12.6,63.4,Critical,True,train
pond_04059,shrimp,8.45,3.81,28.0,0.11,20.8,29.4,Acceptable,True,train
pond_04060,shrimp,7.86,6.74,25.8,0.0,16.86,18.4,Acceptable,True,train
pond_04061,shrimp,7.85,5.01,25.1,0.078,15.75,40.4,Acceptable,True,val
pond_04062,shrimp,7.92,4.09,29.1,0.064,26.72,33.5,Acceptable,True,train
pond_04063,shrimp,8.36,4.98,29.3,0.177,19.11,56.0,Critical,True,train
pond_04064,shrimp,8.08,4.33,27.1,0.158,14.98,56.3,Poor,True,train
pond_04065,shrimp,7.63,6.65,27.6,0.0,13.79,28.2,Optimal,True,val
pond_04066,shrimp,7.65,2.38,32.9,0.201,10.5,11.2,Critical,True,test
pond_04067,shrimp,7.9,4.28,31.4,0.0,16.64,16.1,Optimal,True,train
pond_04068,shrimp,8.15,4.66,26.7,0.0,18.69,0.0,Acceptable,True,train
pond_04069,shrimp,7.98,5.25,28.5,0.103,6.47,34.5,Acceptable,True,val
pond_04070,shrimp,7.94,3.96,30.4,0.081,9.5,39.8,Optimal,True,train
pond_04071,shrimp,8.02,5.15,28.1,0.0,14.16,17.1,Optimal,True,train
pond_04072,shrimp,7.98,6.75,27.7,0.0,10.96,14.7,Optimal,True,train
pond_04073,shrimp,7.61,4.18,28.8,0.129,17.24,39.7,Poor,True,train
pond_04074,shrimp,8.55,3.31,31.9,0.073,18.0,27.4,Acceptable,True,train
pond_04075,shrimp,7.76,3.71,32.1,0.142,16.33,35.7,Poor,True,train
pond_04076,shrimp,8.06,7.01,27.9,0.0,20.03,32.7,Optimal,True,train
pond_04077,shrimp,6.97,4.42,30.5,0.356,13.78,45.0,Critical,True,train
pond_04078,shrimp,7.89,6.28,29.5,0.0,16.75,28.7,Optimal,True,val
pond_04079,shrimp,7.45,5.19,27.3,0.0,11.48,30.2,Optimal,True,train
pond_04080,shrimp,7.51,6.41,28.8,0.0,18.57,2.4,Acceptable,True,test
pond_04081,shrimp,9.21,6.05,26.7,0.059,17.42,39.0,Poor,True,train
pond_04082,shrimp,8.12,4.77,32.1,0.173,10.41,41.8,Critical,True,train
pond_04083,shrimp,8.61,2.15,32.9,0.245,16.15,36.4,Critical,True,train
pond_04084,shrimp,8.43,3.15,28.6,0.494,16.79,78.2,Critical,True,train
pond_04085,shrimp,8.49,6.47,28.1,0.0,18.55,43.3,Optimal,True,train
pond_04086,shrimp,7.9,5.44,31.8,0.0,18.75,36.9,Optimal,True,train
pond_04087,shrimp,8.8,6.98,32.2,0.0,13.03,50.0,Acceptable,True,train
pond_04088,shrimp,8.42,3.69,27.0,0.542,21.2,82.3,Critical,True,train
pond_04089,shrimp,8.02,5.47,29.2,0.188,19.88,45.1,Critical,True,train
pond_04090,shrimp,8.13,3.61,29.4,0.0,13.01,0.0,Acceptable,True,test
pond_04091,shrimp,7.93,4.37,27.8,0.255,10.72,48.6,Critical,True,train
pond_04092,shrimp,8.03,3.97,30.3,0.016,13.44,22.4,Acceptable,True,val
pond_04093,shrimp,7.98,5.68,28.0,0.0,8.91,1.6,Acceptable,True,train
pond_04094,shrimp,8.19,4.33,28.3,0.375,18.14,74.0,Critical,True,train
pond_04095,shrimp,8.87,4.9,29.3,0.374,23.51,69.6,Critical,True,train
pond_04096,shrimp,7.4,6.69,26.2,0.0,24.82,21.9,Acceptable,True,val
pond_04097,shrimp,8.57,7.39,25.0,0.0,11.01,22.0,Acceptable,True,test
pond_04098,shrimp,7.82,5.08,31.5,0.0,21.33,43.2,Optimal,True,train
pond_04099,shrimp,8.63,5.79,27.9,0.0,17.46,22.3,Optimal,True,train
pond_04100,shrimp,7.83,3.35,34.2,0.207,3.82,37.3,Critical,True,val
pond_04101,shrimp,8.21,2.93,33.8,0.178,15.17,25.7,Critical,True,train
pond_04102,shrimp,7.92,5.75,28.4,0.0,14.56,32.0,Optimal,True,train
pond_04103,shrimp,7.13,2.14,34.6,0.125,23.66,11.9,Critical,True,train
pond_04104,shrimp,8.87,4.38,31.6,0.33,12.21,56.5,Critical,True,val
pond_04105,shrimp,7.53,3.9,28.1,0.303,20.1,64.1,Critical,True,train
pond_04106,shrimp,8.04,6.3,23.8,0.0,16.41,38.0,Acceptable,True,test
pond_04107,shrimp,7.47,3.12,31.0,0.16,9.05,39.3,Critical,True,test
pond_04108,shrimp,7.33,4.3,29.6,0.256,13.96,52.6,Critical,True,train
pond_04109,shrimp,7.9,3.73,30.4,0.187,25.42,40.0,Critical,True,train
pond_04110,shrimp,7.7,3.98,29.0,0.363,16.05,74.6,Critical,True,val
pond_04111,shrimp,7.42,5.38,27.0,0.0,21.98,13.7,Acceptable,True,train
pond_04112,shrimp,7.98,2.15,28.6,0.39,21.68,57.2,Critical,True,train
pond_04113,shrimp,7.26,2.21,31.1,0.252,14.53,37.7,Critical,True,val
pond_04114,shrimp,8.06,5.98,28.7,0.0,9.94,17.6,Optimal,True,train
pond_04115,shrimp,7.94,5.19,28.7,0.403,10.66,84.9,Critical,True,test
pond_04116,shrimp,6.76,4.84,26.2,0.3,24.98,87.7,Critical,True,val
pond_04117,shrimp,7.74,5.91,29.7,0.0,17.83,35.8,Optimal,True,train
pond_04118,shrimp,8.23,4.7,27.1,0.134,7.46,48.9,Critical,True,test
pond_04119,shrimp,7.47,3.55,31.5,0.084,21.59,30.6,Acceptable,True,test
pond_04120,shrimp,8.26,4.3,27.9,0.0,7.17,33.8,Acceptable,True,train
pond_04121,shrimp,8.22,7.27,28.8,0.0,12.46,17.4,Optimal,True,train
pond_04122,shrimp,7.49,3.78,34.3,0.0,17.45,14.4,Acceptable,True,test
pond_04123,shrimp,7.99,5.22,28.8,0.411,30.86,76.9,Critical,True,train
pond_04124,shrimp,8.41,5.62,28.5,0.0,21.49,39.2,Optimal,True,train
pond_04125,shrimp,7.56,2.23,30.8,0.235,14.35,41.0,Critical,True,train
pond_04126,shrimp,7.9,5.16,25.6,0.0,17.16,23.8,Acceptable,True,train
pond_04127,shrimp,8.58,4.6,32.3,0.144,22.06,43.8,Poor,True,train
pond_04128,shrimp,7.57,4.2,31.7,0.0,24.82,9.9,Optimal,True,train
pond_04129,shrimp,8.23,7.13,30.7,0.0,15.64,24.5,Optimal,True,train
pond_04130,shrimp,7.46,6.18,22.1,0.0,15.8,16.0,Poor,True,train
pond_04131,shrimp,7.92,6.09,28.9,0.137,12.43,65.9,Poor,True,test
pond_04132,shrimp,8.22,6.53,26.7,0.0,20.66,7.0,Acceptable,True,test
pond_04133,shrimp,6.8,4.3,32.0,0.0,22.64,16.4,Acceptable,True,val
pond_04134,shrimp,7.73,4.56,31.8,0.0,6.34,0.0,Poor,True,train
pond_04135,shrimp,8.21,4.22,30.4,0.0,14.82,22.2,Optimal,True,train
pond_04136,shrimp,8.11,3.15,26.9,0.189,10.33,30.8,Critical,True,train
pond_04137,shrimp,7.74,4.32,32.8,0.355,17.83,59.6,Critical,True,train
pond_04138,shrimp,7.45,5.47,28.9,0.0,10.19,35.6,Optimal,True,train
pond_04139,shrimp,8.31,4.42,33.5,0.059,9.74,31.8,Acceptable,True,train
pond_04140,shrimp,7.84,4.72,30.1,0.027,23.18,46.0,Optimal,True,train
pond_04141,shrimp,8.27,5.66,30.6,0.0,16.09,31.1,Optimal,True,test
pond_04142,shrimp,8.19,4.04,28.5,0.376,16.67,88.2,Critical,True,val
pond_04143,shrimp,7.78,5.72,32.6,0.0,19.37,28.2,Optimal,True,train
pond_04144,shrimp,8.54,3.25,30.8,0.25,22.34,48.3,Critical,True,val
pond_04145,shrimp,7.7,3.8,32.7,0.325,14.7,56.5,Critical,True,train
pond_04146,shrimp,8.6,5.51,29.9,0.0,14.82,27.6,Optimal,True,train
pond_04147,shrimp,8.66,4.21,29.4,0.223,14.84,43.3,Critical,True,train
pond_04148,shrimp,8.53,5.34,30.8,0.021,22.95,30.0,Optimal,True,train
pond_04149,shrimp,7.91,3.52,32.7,0.205,16.63,45.5,Critical,True,train
pond_04150,shrimp,9.27,4.33,31.7,0.064,15.4,42.0,Acceptable,True,val
pond_04151,shrimp,8.08,4.5,29.8,0.0,19.15,37.2,Optimal,True,train
pond_04152,shrimp,8.12,5.22,25.4,0.0,27.07,16.9,Acceptable,True,train
pond_04153,shrimp,7.99,7.02,31.3,0.109,17.41,77.3,Acceptable,True,train
pond_04154,shrimp,7.44,4.66,26.3,0.075,15.52,51.7,Acceptable,True,test
pond_04155,shrimp,8.65,2.04,29.6,0.081,27.69,8.2,Poor,True,train
pond_04156,shrimp,7.71,3.91,29.2,0.0,24.31,31.6,Optimal,True,train
pond_04157,shrimp,8.46,5.81,26.4,0.0,23.52,8.6,Acceptable,True,train
pond_04158,shrimp,8.58,4.12,30.3,0.227,14.25,55.2,Critical,True,train
pond_04159,shrimp,8.3,4.73,34.2,0.147,13.7,39.6,Poor,True,train
pond_04160,shrimp,7.65,6.17,28.8,0.025,6.91,40.1,Acceptable,True,test
pond_04161,shrimp,7.83,3.96,31.2,0.101,22.31,23.2,Optimal,True,train
pond_04162,shrimp,6.66,1.37,34.7,0.333,17.42,33.7,Critical,True,val
pond_04163,shrimp,7.94,2.74,31.4,0.309,7.1,55.7,Critical,True,train
pond_04164,shrimp,8.4,5.15,28.1,0.137,23.61,61.1,Poor,True,test
pond_04165,shrimp,7.88,2.78,30.0,0.338,15.14,56.9,Critical,True,train
pond_04166,shrimp,7.7,4.07,30.6,0.048,15.82,9.0,Optimal,True,val
pond_04167,shrimp,7.85,5.65,32.7,0.0,8.68,36.3,Acceptable,True,train
pond_04168,shrimp,8.61,4.48,32.2,0.156,19.71,45.1,Acceptable,True,train
pond_04169,shrimp,7.97,6.52,23.4,0.0,19.76,25.3,Poor,True,test
pond_04170,shrimp,8.93,4.06,27.6,0.0,16.74,6.8,Acceptable,True,train
pond_04171,shrimp,7.71,5.06,29.3,0.0,14.7,14.3,Optimal,True,val
pond_04172,shrimp,8.11,5.1,27.3,0.331,31.45,70.0,Poor,True,val
pond_04173,shrimp,7.78,7.31,21.4,0.0,10.38,16.2,Acceptable,True,train
pond_04174,shrimp,9.04,6.11,27.9,0.0,13.03,41.0,Acceptable,True,train
pond_04175,shrimp,8.09,5.88,29.5,0.002,20.9,36.9,Optimal,True,val
pond_04176,shrimp,9.06,5.27,28.3,0.0,11.42,36.9,Acceptable,True,train
pond_04177,shrimp,7.79,6.01,27.3,0.0,11.01,33.6,Optimal,True,train
pond_04178,shrimp,8.76,4.16,29.6,0.364,23.22,55.8,Critical,True,train
pond_04179,shrimp,8.06,5.95,30.3,0.0,20.33,40.7,Optimal,True,train
pond_04180,shrimp,8.42,4.02,28.5,0.144,19.66,27.5,Poor,True,train
pond_04181,shrimp,7.39,3.73,32.5,0.136,18.0,41.0,Poor,True,train
pond_04182,shrimp,8.17,6.25,29.6,0.0,13.19,14.4,Optimal,True,test
pond_04183,shrimp,7.47,4.74,27.6,0.096,15.61,49.5,Optimal,True,train
pond_04184,shrimp,8.13,3.87,27.0,0.028,16.57,26.4,Acceptable,True,train
pond_04185,shrimp,7.24,4.43,29.0,0.122,21.65,27.5,Critical,True,train
pond_04186,shrimp,7.95,5.8,31.9,0.182,19.34,50.3,Critical,True,train
pond_04187,shrimp,8.55,2.57,27.7,0.262,11.9,31.9,Critical,True,train
pond_04188,shrimp,8.27,4.57,30.8,0.0,21.34,33.0,Optimal,True,train
pond_04189,shrimp,7.38,3.98,29.7,0.329,7.77,63.4,Critical,True,train
pond_04190,shrimp,7.05,3.4,33.9,0.051,15.24,20.5,Poor,True,train
pond_04191,shrimp,8.25,4.15,30.4,0.149,10.72,50.0,Poor,True,train
pond_04192,shrimp,8.79,6.37,28.0,0.14,12.29,59.0,Poor,True,train
pond_04193,shrimp,7.52,4.42,31.1,0.232,27.6,63.3,Critical,True,train
pond_04194,shrimp,9.05,5.55,31.2,0.254,8.91,83.5,Critical,True,train
pond_04195,shrimp,8.0,6.58,28.6,0.0,12.49,27.2,Optimal,True,train
pond_04196,shrimp,7.02,5.53,26.9,0.008,19.81,22.6,Acceptable,True,train
pond_04197,shrimp,7.22,4.05,30.7,0.23,14.41,56.3,Critical,True,train
pond_04198,shrimp,8.38,5.21,29.6,0.152,17.86,58.8,Poor,True,train
pond_04199,shrimp,8.06,6.39,26.2,0.0,24.86,24.2,Acceptable,True,train
pond_04200,shrimp,8.74,3.26,30.1,0.377,20.6,49.7,Critical,True,train
pond_04201,shrimp,7.4,5.47,28.1,0.337,14.42,94.5,Critical,True,train
pond_04202,shrimp,8.06,5.41,26.2,0.0,16.26,42.1,Acceptable,True,val
pond_04203,shrimp,8.0,4.51,28.7,0.22,19.92,58.5,Critical,True,train
pond_04204,shrimp,7.93,3.2,32.3,0.448,20.49,71.5,Critical,True,train
pond_04205,shrimp,7.81,3.32,32.2,0.625,17.11,90.1,Critical,True,train
pond_04206,shrimp,7.82,5.74,31.6,0.0,18.98,44.9,Optimal,True,train
pond_04207,shrimp,8.09,4.2,30.1,0.426,18.99,65.1,Critical,True,train
pond_04208,shrimp,8.15,5.82,30.8,0.0,16.49,24.2,Optimal,True,train
pond_04209,shrimp,8.13,4.9,29.7,0.005,13.67,40.5,Optimal,True,train
pond_04210,shrimp,8.6,4.1,27.1,0.0,21.08,31.1,Acceptable,True,val
pond_04211,shrimp,7.4,5.57,27.5,0.0,18.6,2.3,Acceptable,True,train
pond_04212,shrimp,7.09,3.74,28.2,0.0,5.55,7.9,Poor,True,train
pond_04213,shrimp,8.51,4.69,32.6,0.206,12.46,48.6,Critical,True,test
pond_04214,shrimp,7.53,3.9,31.9,0.152,14.36,49.0,Poor,True,train
pond_04215,shrimp,7.81,6.47,27.1,0.0,15.89,19.2,Optimal,True,test
pond_04216,shrimp,7.69,6.49,29.6,0.101,23.62,71.1,Optimal,True,val
pond_04217,shrimp,7.68,2.96,28.6,0.0,34.61,17.8,Poor,True,train
pond_04218,shrimp,7.27,4.34,29.2,0.234,3.48,45.1,Critical,True,train
pond_04219,shrimp,7.72,3.67,28.3,0.224,18.67,31.7,Critical,True,train
pond_04220,shrimp,8.32,6.55,32.6,0.039,17.38,42.1,Optimal,True,train
pond_04221,shrimp,8.0,4.28,29.5,0.155,16.01,58.0,Poor,True,test
pond_04222,shrimp,8.25,3.09,30.0,0.243,19.99,55.1,Critical,True,val
pond_04223,shrimp,7.75,7.35,30.0,0.112,17.82,54.2,Acceptable,True,test
pond_04224,shrimp,8.45,4.55,27.2,0.17,15.01,51.6,Critical,True,val
pond_04225,shrimp,7.75,2.79,29.7,0.0,17.16,14.5,Acceptable,True,train
pond_04226,shrimp,6.95,2.77,31.8,0.495,20.06,62.7,Critical,True,train
pond_04227,shrimp,8.16,4.09,32.7,0.0,19.54,18.8,Optimal,True,train
pond_04228,shrimp,8.38,5.54,27.0,0.042,18.04,37.9,Optimal,True,train
pond_04229,shrimp,7.72,4.71,26.2,0.0,13.79,33.0,Acceptable,True,train
pond_04230,shrimp,8.6,4.18,29.6,0.161,32.51,47.0,Critical,True,train
pond_04231,shrimp,7.57,4.2,31.9,0.124,18.98,30.3,Optimal,True,val
pond_04232,shrimp,8.34,6.17,30.3,0.0,21.19,36.8,Optimal,True,val
pond_04233,shrimp,8.87,4.79,31.0,0.41,14.21,72.4,Critical,True,train
pond_04234,shrimp,8.02,4.94,26.5,0.0,18.04,14.1,Acceptable,True,test
pond_04235,shrimp,7.89,4.87,28.2,0.066,18.0,40.0,Optimal,True,train
pond_04236,shrimp,7.95,7.04,24.7,0.0,6.48,17.7,Poor,True,train
pond_04237,shrimp,8.81,6.9,29.2,0.0,13.06,53.5,Acceptable,True,train
pond_04238,shrimp,8.2,4.77,24.7,0.0,12.96,25.5,Acceptable,True,train
pond_04239,shrimp,9.07,5.34,32.4,0.082,13.7,40.8,Acceptable,True,train
pond_04240,shrimp,8.14,3.49,32.9,0.0,11.12,13.5,Acceptable,True,train
pond_04241,shrimp,7.67,2.77,29.8,0.426,17.24,65.8,Critical,True,train
pond_04242,shrimp,7.71,3.52,26.2,0.136,24.69,41.5,Poor,True,train
pond_04243,shrimp,8.03,6.18,30.3,0.0,17.72,42.8,Optimal,True,test
pond_04244,shrimp,6.98,5.43,33.6,0.145,10.5,56.6,Critical,True,test
pond_04245,shrimp,7.76,3.83,30.5,0.0,11.33,15.0,Optimal,True,train
pond_04246,shrimp,7.77,3.83,32.1,0.145,14.93,27.7,Poor,True,train
pond_04247,shrimp,8.12,2.95,28.4,0.196,9.21,43.4,Critical,True,train
pond_04248,shrimp,8.97,6.24,27.6,0.0,18.67,4.8,Acceptable,True,train
pond_04249,shrimp,8.03,4.81,29.3,0.0,24.44,6.9,Optimal,True,test
pond_04250,shrimp,7.04,4.09,25.3,0.0,13.83,23.6,Poor,True,train
pond_04251,shrimp,7.54,3.69,34.5,0.0,17.42,17.2,Acceptable,True,test
pond_04252,shrimp,8.13,3.05,29.8,0.087,14.64,33.1,Acceptable,True,val
pond_04253,shrimp,8.05,4.95,31.4,0.177,13.54,50.4,Critical,True,test
pond_04254,shrimp,8.81,3.78,28.5,0.374,18.04,55.0,Critical,True,train
pond_04255,shrimp,8.48,6.13,26.1,0.248,13.35,76.2,Critical,True,val
pond_04256,shrimp,8.47,3.16,32.6,0.112,12.55,39.5,Poor,True,val
pond_04257,shrimp,7.89,2.64,27.0,0.22,8.09,43.1,Critical,True,val
pond_04258,shrimp,8.55,5.79,30.3,0.01,17.36,39.5,Optimal,True,train
pond_04259,shrimp,7.55,5.8,30.5,0.0,22.87,46.4,Optimal,True,train
pond_04260,shrimp,8.48,4.13,29.7,0.109,20.89,48.0,Acceptable,True,train
pond_04261,shrimp,7.86,5.6,27.8,0.036,25.21,58.4,Optimal,True,train
pond_04262,shrimp,7.28,5.42,29.2,0.175,13.29,58.4,Critical,True,val
pond_04263,shrimp,8.3,5.93,27.4,0.215,21.68,50.4,Critical,True,train
pond_04264,shrimp,8.7,6.39,31.3,0.086,10.94,70.2,Acceptable,True,train
pond_04265,shrimp,7.8,4.96,30.8,0.128,20.9,40.5,Poor,True,val
pond_04266,shrimp,8.78,4.38,29.5,0.0,26.04,27.8,Acceptable,True,train
pond_04267,shrimp,7.17,5.65,28.2,0.0,19.74,31.0,Acceptable,True,test
pond_04268,shrimp,7.4,3.02,34.1,0.322,26.14,37.9,Critical,True,train
pond_04269,shrimp,7.93,4.3,26.6,0.11,13.71,18.3,Acceptable,True,train
pond_04270,shrimp,7.81,7.19,26.1,0.0,16.26,27.7,Acceptable,True,test
pond_04271,shrimp,7.67,5.49,29.3,0.0,11.96,17.2,Optimal,True,test
pond_04272,shrimp,8.07,2.72,28.9,0.309,17.19,46.9,Critical,True,train
pond_04273,shrimp,7.74,3.32,31.9,0.246,18.48,47.1,Critical,True,train
pond_04274,shrimp,7.82,5.32,30.9,0.0,17.14,4.6,Acceptable,True,train
pond_04275,shrimp,8.14,2.91,29.6,0.187,14.39,26.9,Critical,True,train
pond_04276,shrimp,7.67,3.6,30.6,0.571,14.3,76.5,Critical,True,train
pond_04277,shrimp,7.95,7.7,30.6,0.0,18.9,52.6,Optimal,True,test
pond_04278,shrimp,7.68,3.14,34.1,0.295,16.12,49.1,Critical,True,val
pond_04279,shrimp,7.4,5.95,30.1,0.0,10.67,26.7,Optimal,True,val
pond_04280,shrimp,8.38,7.01,28.0,0.011,6.56,45.7,Acceptable,True,train
pond_04281,shrimp,8.85,3.59,29.9,0.347,13.72,39.7,Poor,True,train
pond_04282,shrimp,8.53,6.69,23.7,0.0,9.4,24.1,Poor,True,train
pond_04283,shrimp,8.17,7.29,29.4,0.0,12.4,30.1,Optimal,True,train
pond_04284,shrimp,7.68,4.7,31.9,0.082,14.67,30.6,Optimal,True,train
pond_04285,shrimp,7.86,7.28,30.8,0.0,16.2,10.2,Optimal,True,train
pond_04286,shrimp,8.53,3.86,30.2,0.129,13.34,13.5,Poor,True,train
pond_04287,shrimp,6.86,6.57,30.9,0.0,29.05,36.0,Poor,True,train
pond_04288,shrimp,7.82,4.16,31.9,0.048,10.06,23.0,Optimal,True,train
pond_04289,shrimp,8.37,3.55,32.6,0.0,23.65,34.0,Acceptable,True,train
pond_04290,shrimp,7.43,5.3,30.5,0.0,16.11,7.9,Acceptable,True,test
pond_04291,shrimp,8.21,4.86,28.8,0.234,13.38,56.0,Critical,True,train
pond_04292,shrimp,8.19,6.09,24.4,0.247,20.23,81.6,Critical,True,train
pond_04293,shrimp,7.27,4.8,31.7,0.048,14.51,60.5,Acceptable,True,test
pond_04294,shrimp,8.04,2.32,30.6,0.455,12.56,62.6,Critical,True,train
pond_04295,shrimp,7.69,3.75,29.8,0.277,26.84,52.5,Critical,True,train
pond_04296,shrimp,8.21,6.08,28.0,0.009,4.93,45.3,Acceptable,True,train
pond_04297,shrimp,8.33,5.41,31.6,0.0,15.65,41.7,Optimal,True,val
pond_04298,shrimp,8.2,5.38,28.9,0.0,18.05,21.7,Optimal,True,train
pond_04299,shrimp,8.04,5.15,29.4,0.151,24.74,53.8,Poor,True,train
pond_04300,shrimp,8.14,5.32,29.4,0.075,14.81,52.6,Optimal,True,train
pond_04301,shrimp,7.41,5.68,30.5,0.0,31.64,30.7,Poor,True,val
pond_04302,shrimp,7.98,3.78,27.0,0.239,21.18,50.5,Critical,True,train
pond_04303,shrimp,7.6,3.85,30.7,0.0,3.98,26.1,Poor,True,train
pond_04304,shrimp,8.52,5.14,27.9,0.0,9.0,27.4,Acceptable,True,test
pond_04305,shrimp,8.34,5.45,28.0,0.171,18.3,55.5,Critical,True,train
pond_04306,shrimp,8.34,1.74,31.4,0.513,10.71,48.6,Critical,True,train
pond_04307,shrimp,8.86,3.89,27.3,0.186,20.01,35.4,Critical,True,train
pond_04308,shrimp,7.84,4.25,31.4,0.011,14.5,33.0,Optimal,True,train
pond_04309,shrimp,7.73,5.95,29.7,0.11,10.42,43.5,Acceptable,True,train
pond_04310,shrimp,7.82,5.29,25.9,0.0,11.69,3.3,Acceptable,True,train
pond_04311,shrimp,7.2,3.18,32.5,0.103,21.69,24.8,Poor,True,val
pond_04312,shrimp,7.24,5.25,30.2,0.0,5.87,14.7,Poor,True,train
pond_04313,shrimp,8.31,4.17,30.4,0.236,22.75,40.2,Critical,True,test
pond_04314,shrimp,7.3,5.25,31.7,0.338,22.91,61.8,Critical,True,test
pond_04315,shrimp,7.46,3.63,32.8,0.338,15.18,49.5,Critical,True,train
pond_04316,shrimp,7.95,3.34,29.9,0.115,9.28,29.8,Poor,True,val
pond_04317,shrimp,7.79,6.13,30.9,0.0,20.06,25.9,Optimal,True,val
pond_04318,shrimp,8.44,6.06,30.3,0.0,14.33,24.9,Optimal,True,val
pond_04319,shrimp,8.03,3.86,28.7,0.409,8.67,80.0,Critical,True,train
pond_04320,shrimp,7.6,6.22,26.0,0.0,27.5,41.4,Acceptable,True,train
pond_04321,shrimp,8.49,4.28,30.0,0.279,12.14,44.0,Critical,True,train
pond_04322,shrimp,8.36,4.72,32.5,0.0,8.9,0.0,Acceptable,True,train
pond_04323,shrimp,7.29,3.4,30.8,0.164,18.57,16.4,Critical,True,train
pond_04324,shrimp,8.13,6.49,27.2,0.0,16.63,39.1,Optimal,True,train
pond_04325,shrimp,7.64,5.58,31.9,0.0,25.17,30.0,Optimal,True,train
pond_04326,shrimp,7.63,3.85,28.8,0.208,14.91,42.7,Critical,True,val
pond_04327,shrimp,8.93,6.14,24.9,0.039,14.97,42.4,Poor,True,train
pond_04328,shrimp,8.06,5.65,31.7,0.091,18.84,52.0,Optimal,True,train
pond_04329,shrimp,7.89,4.17,27.4,0.0,18.1,2.6,Acceptable,True,val
pond_04330,shrimp,8.04,2.93,33.4,0.126,18.27,17.9,Poor,True,train
pond_04331,shrimp,8.44,4.91,32.0,0.0,18.5,38.0,Optimal,True,val
pond_04332,shrimp,7.65,4.74,29.0,0.04,17.91,27.1,Optimal,True,train
pond_04333,shrimp,7.73,2.63,30.5,0.289,14.71,33.8,Critical,True,val
pond_04334,shrimp,8.33,2.96,34.8,0.27,21.58,42.2,Critical,True,train
pond_04335,shrimp,7.24,6.3,31.7,0.0,15.02,25.1,Acceptable,True,test
pond_04336,shrimp,8.5,7.13,30.0,0.0,21.42,43.8,Optimal,True,train
pond_04337,shrimp,7.2,2.3,35.9,0.4,24.63,50.9,Poor,True,val
pond_04338,shrimp,7.88,3.63,29.8,0.126,13.27,41.3,Poor,True,val
pond_04339,shrimp,7.2,3.9,30.8,0.327,30.22,54.4,Critical,True,train
pond_04340,shrimp,7.47,7.52,27.4,0.0,13.08,0.0,Acceptable,True,test
pond_04341,shrimp,8.65,6.82,25.8,0.0,13.12,28.3,Acceptable,True,train
pond_04342,shrimp,8.52,6.73,28.9,0.054,19.97,57.8,Optimal,True,test
pond_04343,shrimp,8.58,5.98,29.6,0.0,19.43,22.7,Optimal,True,train
pond_04344,shrimp,7.28,3.02,30.2,0.078,17.39,20.0,Acceptable,True,train
pond_04345,shrimp,7.47,4.51,26.4,0.0,21.5,37.5,Acceptable,True,train
pond_04346,shrimp,8.17,3.57,31.0,0.15,18.39,39.7,Poor,True,train
pond_04347,shrimp,8.36,4.67,27.7,0.016,28.36,29.3,Poor,True,train
pond_04348,shrimp,7.6,3.62,30.8,0.554,16.71,76.9,Critical,True,train
pond_04349,shrimp,7.71,3.56,31.6,0.274,12.3,45.7,Critical,True,train
pond_04350,shrimp,7.43,5.81,28.6,0.0,13.97,21.9,Acceptable,True,val
pond_04351,shrimp,8.83,5.54,27.4,0.0,19.59,11.2,Acceptable,True,train
pond_04352,shrimp,7.76,5.34,32.9,0.071,19.67,48.1,Optimal,True,train
pond_04353,shrimp,8.02,4.58,31.4,0.105,18.14,21.5,Optimal,True,train
pond_04354,shrimp,8.04,3.9,29.8,0.426,12.33,83.1,Critical,True,train
pond_04355,shrimp,8.55,4.15,32.7,0.145,23.1,48.6,Poor,True,train
pond_04356,shrimp,7.52,2.94,29.7,0.3,27.65,51.2,Poor,True,test
pond_04357,shrimp,8.58,2.4,28.1,0.459,17.16,45.0,Critical,True,test
pond_04358,shrimp,7.36,6.17,27.3,0.087,26.96,62.4,Acceptable,True,train
pond_04359,shrimp,8.58,6.09,29.3,0.0,21.76,0.0,Acceptable,True,val
pond_04360,shrimp,7.14,4.42,31.2,0.0,29.2,15.9,Poor,True,train
pond_04361,shrimp,7.95,3.5,32.6,0.209,19.6,60.7,Critical,True,train
pond_04362,shrimp,8.81,3.18,29.6,0.439,17.75,70.0,Critical,True,train
pond_04363,shrimp,8.35,5.47,32.2,0.0,21.63,15.3,Optimal,True,train
pond_04364,shrimp,8.21,5.52,29.0,0.0,14.62,3.6,Acceptable,True,train
pond_04365,shrimp,7.48,5.62,27.8,0.159,19.24,43.4,Poor,True,train
pond_04366,shrimp,7.63,5.58,26.6,0.064,24.32,49.7,Acceptable,True,val
pond_04367,shrimp,8.67,4.54,28.4,0.1,21.51,42.9,Optimal,True,train
pond_04368,shrimp,8.24,4.23,26.7,0.295,16.83,38.8,Critical,True,train
pond_04369,shrimp,8.45,3.9,33.9,0.0,18.1,3.0,Acceptable,True,val
pond_04370,shrimp,8.04,3.89,30.5,0.006,21.17,32.5,Optimal,True,train
pond_04371,shrimp,7.86,4.35,29.3,0.18,20.98,35.5,Critical,True,test
pond_04372,shrimp,8.38,5.83,33.3,0.0,21.13,29.0,Acceptable,True,train
pond_04373,shrimp,8.13,5.52,26.6,0.0,18.87,1.6,Poor,True,train
pond_04374,shrimp,7.92,1.94,29.2,0.562,12.47,51.7,Critical,True,train
pond_04375,shrimp,7.29,2.96,33.9,0.265,13.34,57.3,Critical,True,train
pond_04376,shrimp,8.48,3.68,29.2,0.04,19.54,24.1,Optimal,True,train
pond_04377,shrimp,8.22,3.16,34.9,0.102,21.57,36.3,Poor,True,train
pond_04378,shrimp,7.7,2.62,31.2,0.211,20.86,30.1,Poor,True,train
pond_04379,shrimp,8.59,4.54,32.4,0.0,13.29,30.3,Optimal,True,train
pond_04380,shrimp,8.12,3.64,32.4,0.168,16.17,49.9,Critical,True,val
pond_04381,shrimp,8.13,4.23,29.5,0.257,10.54,50.3,Critical,True,train
pond_04382,shrimp,8.44,5.27,28.4,0.203,9.35,61.5,Critical,True,train
pond_04383,shrimp,8.33,4.78,29.2,0.152,17.45,61.1,Poor,True,train
pond_04384,shrimp,8.15,5.23,27.3,0.0,24.47,36.6,Optimal,True,train
pond_04385,shrimp,7.91,4.57,29.4,0.54,17.55,96.8,Critical,True,train
pond_04386,shrimp,8.99,4.78,29.5,0.197,27.49,71.0,Critical,True,train
pond_04387,shrimp,7.63,4.2,33.2,0.047,16.1,26.8,Acceptable,True,train
pond_04388,shrimp,8.37,4.71,30.8,0.201,17.17,42.5,Critical,True,val
pond_04389,shrimp,7.96,4.73,34.7,0.0,11.55,0.3,Poor,True,train
pond_04390,shrimp,8.23,5.44,24.7,0.0,15.09,40.5,Acceptable,True,val
pond_04391,shrimp,8.62,5.82,26.8,0.266,10.46,73.5,Critical,True,train
pond_04392,shrimp,7.84,7.95,28.7,0.147,8.5,95.6,Critical,True,train
pond_04393,shrimp,8.3,3.86,32.8,0.15,10.55,37.6,Poor,True,train
pond_04394,shrimp,8.13,4.86,29.3,0.102,17.47,46.7,Optimal,True,train
pond_04395,shrimp,7.68,4.16,26.3,0.151,12.95,52.1,Poor,True,test
pond_04396,shrimp,8.63,4.09,29.0,0.48,14.25,79.6,Critical,True,train
pond_04397,shrimp,8.36,5.39,26.9,0.0,19.25,20.3,Acceptable,True,val
pond_04398,shrimp,7.78,6.28,26.4,0.272,8.48,93.1,Critical,True,val
pond_04399,shrimp,8.55,4.38,33.9,0.0,17.45,33.7,Acceptable,True,train
pond_04400,shrimp,7.58,5.4,28.7,0.0,21.66,16.6,Optimal,True,train
pond_04401,shrimp,7.99,5.66,29.9,0.052,22.14,33.7,Optimal,True,train
pond_04402,shrimp,7.79,3.66,29.3,0.107,19.84,23.8,Acceptable,True,train
pond_04403,shrimp,8.38,5.54,28.9,0.089,16.71,48.4,Optimal,True,train
pond_04404,shrimp,7.76,5.32,27.7,0.0,13.57,7.0,Acceptable,True,train
pond_04405,shrimp,8.38,5.14,28.8,0.072,16.55,42.8,Optimal,True,train
pond_04406,shrimp,8.3,4.16,30.2,0.329,26.09,53.3,Critical,True,val
pond_04407,shrimp,7.81,2.81,32.6,0.342,18.5,69.7,Critical,True,train
pond_04408,shrimp,8.91,2.77,31.6,0.405,16.41,53.6,Critical,True,test
pond_04409,shrimp,7.63,5.92,26.8,0.165,20.1,68.4,Critical,True,train
pond_04410,shrimp,7.3,4.8,31.7,0.024,17.27,27.9,Acceptable,True,train
pond_04411,shrimp,8.43,4.36,30.5,0.211,18.24,47.9,Critical,True,train
pond_04412,shrimp,6.93,5.16,28.1,0.0,15.64,0.0,Poor,True,test
pond_04413,shrimp,8.75,3.83,29.9,0.255,14.72,37.7,Critical,True,test
pond_04414,shrimp,8.05,5.06,30.8,0.02,22.48,47.7,Optimal,True,train
pond_04415,shrimp,7.29,4.84,29.6,0.218,6.27,49.5,Poor,True,train
pond_04416,shrimp,7.53,4.07,30.6,0.0,19.63,8.5,Optimal,True,test
pond_04417,shrimp,7.18,6.36,27.6,0.0,14.38,32.2,Acceptable,True,train
pond_04418,shrimp,8.19,4.38,33.9,0.22,6.52,35.0,Critical,True,test
pond_04419,shrimp,7.34,4.11,25.3,0.122,11.64,31.4,Poor,True,train
pond_04420,shrimp,8.25,4.51,30.8,0.184,16.8,54.5,Critical,True,train
pond_04421,shrimp,7.85,3.43,30.3,0.229,17.56,35.7,Critical,True,test
pond_04422,shrimp,7.76,4.58,30.9,0.11,21.07,42.0,Acceptable,True,test
pond_04423,shrimp,8.25,1.44,27.9,0.256,21.44,30.2,Critical,True,train
pond_04424,shrimp,8.31,4.34,32.1,0.236,8.49,61.3,Critical,True,test
pond_04425,shrimp,8.57,5.72,29.3,0.196,19.08,62.8,Critical,True,val
pond_04426,shrimp,7.68,5.38,26.9,0.0,21.01,33.8,Acceptable,True,train
pond_04427,shrimp,7.99,4.06,27.1,0.58,18.2,97.0,Critical,True,train
pond_04428,shrimp,7.68,7.07,29.8,0.0,19.76,24.7,Optimal,True,val
pond_04429,shrimp,8.08,7.15,26.0,0.043,6.37,60.1,Poor,True,train
pond_04430,shrimp,7.61,3.08,33.5,0.219,11.55,21.0,Critical,True,train
pond_04431,shrimp,7.79,3.86,31.8,0.275,24.51,55.5,Critical,True,train
pond_04432,shrimp,7.79,1.33,33.5,0.568,15.46,53.9,Critical,True,train
pond_04433,shrimp,8.15,4.34,33.3,0.035,29.23,19.8,Poor,True,train
pond_04434,shrimp,8.0,3.37,28.7,0.287,9.97,37.4,Critical,True,train
pond_04435,shrimp,8.25,6.12,27.6,0.388,25.6,77.4,Critical,True,train
pond_04436,shrimp,7.95,7.64,23.6,0.0,13.64,23.7,Poor,True,train
pond_04437,shrimp,7.71,4.96,28.6,0.146,21.74,48.0,Poor,True,train
pond_04438,shrimp,8.1,2.46,33.4,0.317,15.38,46.7,Critical,True,train
pond_04439,shrimp,7.54,6.8,27.7,0.0,17.64,39.2,Acceptable,True,train
pond_04440,shrimp,8.28,4.93,29.0,0.0,20.28,5.4,Acceptable,True,train
pond_04441,shrimp,7.86,5.24,28.3,0.129,13.63,56.6,Poor,True,train
pond_04442,shrimp,8.1,3.46,30.3,0.117,21.41,40.2,Poor,True,train
pond_04443,shrimp,8.11,4.26,32.3,0.297,15.54,62.1,Critical,True,train
pond_04444,shrimp,8.8,5.48,26.1,0.123,17.98,44.6,Poor,True,train
pond_04445,shrimp,8.19,4.01,26.5,0.121,2.45,41.3,Poor,True,train
pond_04446,shrimp,8.04,5.52,32.8,0.053,15.14,47.5,Optimal,True,train
pond_04447,shrimp,7.65,6.47,31.1,0.0,23.95,20.2,Optimal,True,train
pond_04448,shrimp,8.4,6.18,28.9,0.129,20.82,71.2,Poor,True,train
pond_04449,shrimp,7.86,4.82,33.3,0.006,21.88,32.5,Acceptable,True,train
pond_04450,shrimp,7.24,7.74,26.5,0.0,17.29,32.7,Acceptable,True,train
pond_04451,shrimp,7.9,2.98,31.5,0.513,26.22,65.8,Critical,True,test
pond_04452,shrimp,8.1,3.57,29.3,0.136,18.59,44.9,Poor,True,test
pond_04453,shrimp,7.59,3.94,30.8,0.114,13.37,35.3,Acceptable,True,train
pond_04454,shrimp,7.94,6.59,24.2,0.075,21.7,48.3,Acceptable,True,test
pond_04455,shrimp,7.96,4.61,28.9,0.108,22.07,52.5,Acceptable,True,val
pond_04456,shrimp,7.97,3.13,31.1,0.29,20.46,37.6,Critical,True,train
pond_04457,shrimp,8.62,4.84,29.4,0.184,14.78,58.4,Critical,True,train
pond_04458,shrimp,7.34,3.93,32.3,0.011,18.55,14.6,Acceptable,True,test
pond_04459,shrimp,9.02,5.08,32.2,0.081,24.66,45.2,Acceptable,True,val
pond_04460,shrimp,7.98,5.43,27.4,0.18,19.63,56.0,Critical,True,train
pond_04461,shrimp,8.29,2.02,31.3,0.518,8.87,52.4,Critical,True,test
pond_04462,shrimp,8.06,5.86,27.3,0.0,13.54,0.0,Acceptable,True,train
pond_04463,shrimp,7.14,6.67,29.6,0.0,13.29,37.5,Acceptable,True,train
pond_04464,shrimp,7.47,4.44,30.9,0.0,12.85,15.7,Optimal,True,train
pond_04465,shrimp,7.74,6.49,27.7,0.077,5.39,65.7,Acceptable,True,train
pond_04466,shrimp,8.5,3.72,31.2,0.101,27.4,32.2,Acceptable,True,train
pond_04467,shrimp,7.31,5.78,28.4,0.16,12.18,63.5,Poor,True,train
pond_04468,shrimp,7.57,4.25,28.2,0.0,12.58,15.7,Optimal,True,val
pond_04469,shrimp,8.08,4.08,31.1,0.231,6.32,47.8,Critical,True,train
pond_04470,shrimp,8.24,5.02,27.7,0.109,21.77,40.2,Acceptable,True,train
pond_04471,shrimp,8.22,5.9,27.5,0.459,16.5,95.3,Critical,True,train
pond_04472,shrimp,7.51,3.19,31.8,0.491,15.07,63.6,Critical,True,val
pond_04473,shrimp,7.2,2.98,29.7,0.466,15.36,62.3,Critical,True,train
pond_04474,shrimp,8.27,6.24,26.3,0.222,20.23,80.6,Critical,True,train
pond_04475,shrimp,8.72,4.81,31.4,0.095,14.36,45.7,Acceptable,True,train
pond_04476,shrimp,7.83,5.18,28.6,0.092,6.06,38.0,Acceptable,True,train
pond_04477,shrimp,7.43,6.76,26.4,0.0,9.9,35.7,Acceptable,True,test
pond_04478,shrimp,7.79,6.06,24.0,0.023,9.61,46.6,Poor,True,train
pond_04479,shrimp,8.2,4.6,31.5,0.0,18.51,0.0,Poor,True,val
pond_04480,shrimp,7.88,4.9,27.6,0.035,22.12,40.0,Optimal,True,train
pond_04481,shrimp,8.7,5.24,26.8,0.118,25.06,44.5,Poor,True,test
pond_04482,shrimp,8.46,4.82,30.9,0.0,8.01,36.9,Optimal,True,val
pond_04483,shrimp,8.09,7.04,31.3,0.0,20.41,9.4,Optimal,True,train
pond_04484,shrimp,7.02,6.16,27.8,0.0,13.62,37.0,Optimal,True,train
pond_04485,shrimp,7.65,4.91,31.5,0.0,33.08,9.3,Poor,True,train
pond_04486,shrimp,7.73,4.5,34.0,0.404,24.61,75.5,Critical,True,train
pond_04487,shrimp,7.63,1.17,32.5,0.454,26.36,34.9,Critical,True,train
pond_04488,shrimp,8.1,4.47,32.1,0.0,21.41,0.0,Acceptable,True,train
pond_04489,shrimp,8.11,5.7,30.2,0.0,19.1,35.9,Optimal,True,train
pond_04490,shrimp,7.16,5.17,28.5,0.164,14.79,57.9,Poor,True,train
pond_04491,shrimp,8.4,4.78,29.4,0.06,13.7,43.5,Optimal,True,train
pond_04492,shrimp,8.01,3.41,30.5,0.057,12.6,21.7,Acceptable,True,train
pond_04493,shrimp,8.18,5.03,26.7,0.0,20.4,26.4,Acceptable,True,test
pond_04494,shrimp,8.37,4.26,27.8,0.105,25.58,34.3,Acceptable,True,val
pond_04495,shrimp,7.62,6.86,26.4,0.0,15.04,31.2,Acceptable,True,val
pond_04496,shrimp,8.63,6.46,30.0,0.0,13.03,14.8,Optimal,True,train
pond_04497,shrimp,7.93,7.07,29.7,0.0,8.84,38.6,Optimal,True,train
pond_04498,shrimp,8.76,4.17,28.1,0.0,18.35,13.3,Acceptable,True,train
pond_04499,shrimp,7.55,3.51,31.3,0.375,23.76,59.0,Critical,True,train
pond_04500,shrimp,8.72,4.53,27.2,0.155,24.04,61.4,Poor,True,val
pond_04501,shrimp,7.55,3.99,28.0,0.071,24.58,19.9,Optimal,True,train
pond_04502,shrimp,9.27,3.13,31.2,0.113,19.28,25.7,Poor,True,train
pond_04503,shrimp,7.52,3.62,31.5,0.03,17.5,31.5,Optimal,True,train
pond_04504,shrimp,8.53,6.33,27.7,0.0,24.05,39.4,Optimal,True,test
pond_04505,shrimp,7.82,3.8,30.0,0.275,10.89,45.1,Critical,True,test
pond_04506,shrimp,8.36,6.53,27.8,0.0,14.58,49.3,Optimal,True,train
pond_04507,shrimp,7.98,6.56,29.1,0.028,26.41,48.8,Optimal,True,train
pond_04508,shrimp,7.45,5.06,29.8,0.353,11.09,71.1,Critical,True,train
pond_04509,shrimp,6.6,5.94,30.7,0.0,16.81,41.2,Poor,True,train
pond_04510,shrimp,9.25,2.98,30.2,0.0,20.47,14.0,Poor,True,test
pond_04511,shrimp,8.04,3.97,30.1,0.0,17.45,7.8,Optimal,True,train
pond_04512,shrimp,6.53,5.67,27.1,0.154,23.32,72.7,Critical,True,train
pond_04513,shrimp,8.15,4.83,30.4,0.119,25.39,50.2,Acceptable,True,train
pond_04514,shrimp,8.34,6.18,30.7,0.0,19.64,44.1,Optimal,True,train
pond_04515,shrimp,7.64,3.19,31.0,0.278,24.65,49.0,Critical,True,train
pond_04516,shrimp,7.65,4.59,27.9,0.033,11.89,43.2,Optimal,True,test
pond_04517,shrimp,7.99,4.15,31.5,0.205,16.13,48.7,Critical,True,train
pond_04518,shrimp,8.6,4.97,26.6,0.089,30.23,32.5,Poor,True,train
pond_04519,shrimp,8.05,3.81,28.6,0.405,27.69,61.1,Critical,True,test
pond_04520,shrimp,8.73,4.39,28.9,0.0,9.98,29.5,Acceptable,True,val
pond_04521,shrimp,8.57,5.26,26.7,0.0,16.93,21.9,Acceptable,True,train
pond_04522,shrimp,7.89,6.71,28.9,0.0,17.75,6.2,Acceptable,True,val
pond_04523,shrimp,7.21,3.44,30.0,0.207,19.29,35.2,Critical,True,train
pond_04524,shrimp,7.89,6.87,25.5,0.054,24.01,65.4,Acceptable,True,train
pond_04525,shrimp,8.26,6.56,28.6,0.0,27.12,30.9,Acceptable,True,train
pond_04526,shrimp,8.03,5.23,25.7,0.0,17.21,12.4,Acceptable,True,train
pond_04527,shrimp,8.32,3.89,34.0,0.07,23.17,45.7,Acceptable,True,train
pond_04528,shrimp,8.43,5.36,30.0,0.0,20.57,27.0,Optimal,True,train
pond_04529,shrimp,8.27,5.22,29.8,0.353,16.88,71.0,Critical,True,val
pond_04530,shrimp,7.86,4.76,30.0,0.217,7.66,61.5,Critical,True,test
pond_04531,shrimp,8.26,3.62,30.8,0.0,22.6,14.6,Optimal,True,train
pond_04532,shrimp,9.12,5.01,31.7,0.135,20.33,36.5,Poor,True,train
pond_04533,shrimp,7.26,5.29,26.1,0.0,19.14,24.9,Acceptable,True,train
pond_04534,shrimp,8.24,4.05,32.4,0.018,11.6,16.8,Optimal,True,train
pond_04535,shrimp,8.92,4.26,32.2,0.024,27.78,38.9,Poor,True,train
pond_04536,shrimp,7.41,5.87,29.4,0.022,17.84,56.4,Optimal,True,test
pond_04537,shrimp,8.5,7.18,29.2,0.0,10.72,38.4,Optimal,True,test
pond_04538,shrimp,8.57,5.78,22.7,0.0,9.84,29.7,Poor,True,train
pond_04539,shrimp,7.26,5.61,26.8,0.0,20.73,0.0,Poor,True,train
pond_04540,shrimp,8.36,2.71,30.6,0.147,20.89,26.7,Poor,True,train
pond_04541,shrimp,7.86,5.86,32.1,0.0,14.45,51.0,Optimal,True,train
pond_04542,shrimp,7.97,4.42,31.1,0.0,19.54,13.2,Optimal,True,train
pond_04543,shrimp,7.84,4.49,29.3,0.281,20.67,65.7,Critical,True,val
pond_04544,shrimp,8.66,3.71,33.7,0.118,17.77,28.3,Poor,True,train
pond_04545,shrimp,7.94,4.32,31.7,0.002,13.14,43.9,Optimal,True,train
pond_04546,shrimp,7.77,4.16,28.6,0.166,22.29,32.0,Poor,True,val
pond_04547,shrimp,7.78,4.92,34.3,0.0,21.61,16.5,Acceptable,True,train
pond_04548,shrimp,7.83,6.23,27.1,0.117,20.12,48.8,Acceptable,True,train
pond_04549,shrimp,7.46,6.62,26.3,0.0,12.41,28.0,Acceptable,True,train
pond_04550,shrimp,7.76,4.24,28.6,0.062,9.68,23.3,Optimal,True,train
pond_04551,shrimp,8.06,4.37,27.8,0.0,17.42,0.0,Acceptable,True,train
pond_04552,shrimp,8.2,4.88,28.7,0.214,22.11,66.1,Critical,True,val
pond_04553,shrimp,8.6,5.28,31.3,0.05,22.72,40.1,Optimal,True,val
pond_04554,shrimp,8.12,5.42,29.4,0.125,20.21,62.1,Poor,True,train
pond_04555,shrimp,7.76,3.87,29.5,0.243,14.52,52.4,Critical,True,test
pond_04556,shrimp,7.49,5.57,29.6,0.233,12.58,62.1,Critical,True,train
pond_04557,shrimp,8.15,5.02,24.4,0.056,16.91,28.7,Acceptable,True,train
pond_04558,shrimp,7.94,4.92,26.2,0.0,16.96,12.6,Acceptable,True,val
pond_04559,shrimp,7.96,5.22,28.7,0.075,23.09,55.3,Optimal,True,train
pond_04560,shrimp,8.13,3.9,27.6,0.18,14.36,42.6,Critical,True,train
pond_04561,shrimp,8.26,3.78,29.0,0.035,14.82,30.7,Optimal,True,train
pond_04562,shrimp,8.13,5.82,32.6,0.066,28.3,54.9,Acceptable,True,train
pond_04563,shrimp,7.91,6.48,29.3,0.033,25.53,46.2,Optimal,True,test
pond_04564,shrimp,7.6,8.34,26.6,0.0,12.14,52.8,Acceptable,True,val
pond_04565,shrimp,7.69,5.82,27.8,0.0,25.08,19.6,Optimal,True,val
pond_04566,shrimp,8.42,4.55,33.3,0.224,10.83,59.6,Critical,True,train
pond_04567,shrimp,7.79,3.69,32.9,0.242,14.61,39.9,Critical,True,test
pond_04568,shrimp,7.33,4.02,30.8,0.309,15.24,61.7,Critical,True,train
pond_04569,shrimp,8.58,6.78,26.1,0.04,16.57,59.4,Acceptable,True,train
pond_04570,shrimp,7.53,6.25,30.2,0.0,20.41,53.7,Acceptable,True,val
pond_04571,shrimp,8.02,5.51,30.3,0.0,17.59,37.8,Optimal,True,train
pond_04572,shrimp,8.25,3.78,29.6,0.162,20.38,54.2,Poor,True,train
pond_04573,shrimp,8.0,5.61,28.2,0.194,14.79,62.2,Critical,True,train
pond_04574,shrimp,6.76,4.09,28.7,0.166,19.06,52.1,Critical,True,train
pond_04575,shrimp,8.2,4.79,28.1,0.0,17.43,44.1,Optimal,True,train
pond_04576,shrimp,8.66,7.45,27.0,0.0,9.36,54.2,Acceptable,True,test
pond_04577,shrimp,8.39,2.54,32.5,0.209,19.66,29.5,Critical,True,train
pond_04578,shrimp,6.94,6.87,31.4,0.163,17.53,70.3,Critical,True,val
pond_04579,shrimp,9.06,5.63,28.9,0.0,13.07,6.4,Acceptable,True,train
pond_04580,shrimp,7.34,4.03,30.3,0.145,14.66,40.7,Poor,True,train
pond_04581,shrimp,7.46,4.65,30.4,0.0,14.8,31.9,Optimal,True,train
pond_04582,shrimp,8.39,2.57,34.7,0.214,15.65,27.2,Critical,True,test
pond_04583,shrimp,8.23,3.62,31.4,0.212,26.67,46.1,Critical,True,train
pond_04584,shrimp,8.04,4.39,31.3,0.0,28.5,17.5,Acceptable,True,train
pond_04585,shrimp,7.72,4.38,29.6,0.51,2.01,83.0,Critical,True,val
pond_04586,shrimp,8.67,3.94,28.5,0.004,19.68,13.0,Acceptable,True,val
pond_04587,shrimp,7.98,3.7,32.5,0.016,22.25,21.0,Acceptable,True,train
pond_04588,shrimp,7.22,2.83,30.9,0.064,15.81,19.1,Poor,True,train
pond_04589,shrimp,8.62,3.77,27.7,0.172,22.1,44.0,Critical,True,train
pond_04590,shrimp,8.11,2.99,30.5,0.242,26.1,60.3,Critical,True,train
pond_04591,shrimp,8.56,6.3,31.3,0.11,9.45,50.5,Acceptable,True,train
pond_04592,shrimp,8.29,6.54,24.9,0.108,17.74,69.4,Poor,True,train
pond_04593,shrimp,9.2,6.07,27.5,0.0,27.76,23.5,Poor,True,val
pond_04594,shrimp,7.85,4.6,30.3,0.199,10.19,53.2,Critical,True,train
pond_04595,shrimp,8.01,6.56,25.3,0.0,16.37,33.9,Acceptable,True,test
pond_04596,shrimp,8.36,7.27,25.6,0.0,14.53,44.6,Acceptable,True,train
pond_04597,shrimp,7.85,5.45,28.9,0.256,22.79,62.2,Critical,True,train
pond_04598,shrimp,8.4,6.47,30.6,0.0,23.55,6.2,Acceptable,True,test
pond_04599,shrimp,6.53,4.43,30.7,0.319,17.89,79.8,Critical,True,test
pond_04600,shrimp,7.96,4.57,33.0,0.088,17.18,37.1,Optimal,True,test
pond_04601,shrimp,7.95,5.6,29.7,0.0,7.54,7.9,Acceptable,True,val
pond_04602,shrimp,7.93,3.91,28.7,0.018,24.83,26.1,Optimal,True,test
pond_04603,shrimp,7.56,5.64,26.6,0.0,15.06,42.0,Acceptable,True,train
pond_04604,shrimp,8.45,2.82,28.7,0.082,16.22,26.1,Acceptable,True,train
pond_04605,shrimp,7.75,4.22,31.1,0.0,22.34,0.0,Acceptable,True,train
pond_04606,shrimp,8.1,4.01,31.2,0.197,18.09,41.9,Critical,True,train
pond_04607,shrimp,7.98,4.23,30.1,0.008,22.52,25.6,Optimal,True,train
pond_04608,shrimp,8.25,3.98,30.7,0.268,20.32,53.0,Critical,True,train
pond_04609,shrimp,8.72,4.65,32.3,0.0,18.12,18.6,Acceptable,True,train
pond_04610,shrimp,8.1,3.69,29.7,0.681,18.71,85.2,Critical,True,train
pond_04611,shrimp,8.42,6.21,32.5,0.06,10.82,50.3,Optimal,True,train
pond_04612,shrimp,8.07,5.92,27.9,0.0,16.18,43.9,Optimal,True,val
pond_04613,shrimp,7.75,3.88,29.3,0.311,22.96,52.5,Critical,True,test
pond_04614,shrimp,7.93,5.87,28.4,0.0,12.06,3.6,Acceptable,True,train
pond_04615,shrimp,7.86,5.52,31.2,0.0,13.07,30.1,Optimal,True,train
pond_04616,shrimp,8.28,5.85,27.3,0.161,12.16,75.7,Critical,True,train
pond_04617,shrimp,8.05,3.79,28.8,0.031,17.84,33.6,Optimal,True,train
pond_04618,shrimp,7.6,8.6,25.4,0.0,24.71,38.7,Poor,True,train
pond_04619,shrimp,7.89,5.21,30.8,0.0,20.01,30.7,Optimal,True,train
pond_04620,shrimp,7.24,2.55,32.2,0.373,5.03,69.3,Critical,True,test
pond_04621,shrimp,7.91,4.5,31.5,0.039,20.57,35.1,Optimal,True,test
pond_04622,shrimp,8.0,4.05,31.3,0.0,14.57,15.0,Optimal,True,train
pond_04623,shrimp,8.9,4.3,31.3,0.531,19.8,91.6,Critical,True,test
pond_04624,shrimp,8.67,2.95,31.0,0.071,16.18,12.5,Acceptable,True,train
pond_04625,shrimp,7.48,4.5,30.9,0.119,12.27,38.1,Acceptable,True,train
pond_04626,shrimp,8.1,3.4,31.0,0.196,16.61,23.2,Critical,True,test
pond_04627,shrimp,8.11,4.77,28.1,0.054,14.57,26.0,Optimal,True,train
pond_04628,shrimp,7.88,5.39,29.1,0.0,18.69,18.8,Optimal,True,train
pond_04629,shrimp,7.92,4.19,29.7,0.0,12.13,29.2,Optimal,True,test
pond_04630,shrimp,7.82,4.65,28.8,0.193,10.81,59.7,Critical,True,train
pond_04631,shrimp,8.94,6.72,26.1,0.0,21.03,2.0,Poor,True,train
pond_04632,shrimp,7.79,4.47,26.8,0.307,23.1,65.2,Critical,True,train
pond_04633,shrimp,8.17,3.88,30.0,0.343,20.19,61.8,Critical,True,test
pond_04634,shrimp,6.74,2.75,31.5,0.39,13.43,50.2,Critical,True,train
pond_04635,shrimp,8.41,3.81,29.5,0.2,12.93,42.5,Critical,True,train
pond_04636,shrimp,8.59,3.3,35.6,0.321,13.25,45.5,Critical,True,train
pond_04637,shrimp,7.47,6.12,27.5,0.259,21.9,68.5,Critical,True,train
pond_04638,shrimp,7.74,3.57,30.5,0.0,12.46,5.1,Acceptable,True,train
pond_04639,shrimp,8.23,4.76,32.3,0.156,21.86,54.5,Poor,True,train
pond_04640,shrimp,8.01,4.29,31.8,0.01,20.5,25.1,Optimal,True,test
pond_04641,shrimp,8.23,2.75,30.9,0.325,23.81,56.5,Critical,True,val
pond_04642,shrimp,7.86,4.37,31.9,0.007,22.85,27.7,Optimal,True,train
pond_04643,shrimp,8.93,6.2,29.6,0.09,19.98,54.1,Acceptable,True,train
pond_04644,shrimp,7.67,1.53,33.2,0.111,8.92,9.0,Poor,True,train
pond_04645,shrimp,9.35,6.44,32.3,0.0,20.36,6.1,Poor,True,train
pond_04646,shrimp,8.62,4.58,27.6,0.015,17.64,37.7,Optimal,True,test
pond_04647,shrimp,8.42,2.63,30.2,0.512,14.95,68.7,Critical,True,val
pond_04648,shrimp,7.48,5.89,26.1,0.1,24.49,50.7,Acceptable,True,test
pond_04649,shrimp,8.45,4.88,32.8,0.099,16.17,50.6,Optimal,True,train
pond_04650,shrimp,8.3,4.33,30.0,0.158,14.09,57.2,Poor,True,train
pond_04651,shrimp,6.94,4.36,32.5,0.143,23.18,32.1,Poor,True,train
pond_04652,shrimp,7.3,7.41,29.3,0.077,14.77,52.2,Acceptable,True,train
pond_04653,shrimp,8.18,6.16,25.4,0.0,13.81,28.4,Acceptable,True,train
pond_04654,shrimp,7.93,6.8,35.3,0.0,10.8,33.7,Acceptable,True,train
pond_04655,shrimp,7.74,6.24,29.8,0.005,12.49,36.2,Optimal,True,test
pond_04656,shrimp,8.54,5.46,27.3,0.0,12.96,29.1,Optimal,True,train
pond_04657,shrimp,7.56,4.46,32.0,0.083,20.42,38.7,Optimal,True,train
pond_04658,shrimp,7.77,3.2,34.0,0.243,11.4,34.9,Critical,True,train
pond_04659,shrimp,7.68,5.22,29.1,0.0,6.78,25.8,Acceptable,True,train
pond_04660,shrimp,8.26,5.53,29.3,0.0,18.67,37.2,Optimal,True,test
pond_04661,shrimp,7.14,4.17,30.0,0.181,13.51,43.1,Critical,True,train
pond_04662,shrimp,7.75,3.81,27.1,0.005,16.91,18.0,Acceptable,True,train
pond_04663,shrimp,7.14,6.8,28.0,0.021,24.05,48.3,Acceptable,True,train
pond_04664,shrimp,7.84,4.9,33.4,0.081,17.39,30.1,Acceptable,True,val
pond_04665,shrimp,8.36,3.18,29.2,0.136,25.3,44.0,Critical,True,train
pond_04666,shrimp,8.37,5.51,27.7,0.0,16.63,26.7,Optimal,True,test
pond_04667,shrimp,7.64,6.3,28.5,0.245,22.54,61.0,Critical,True,train
pond_04668,shrimp,8.27,5.26,31.9,0.143,13.99,59.1,Acceptable,True,train
pond_04669,shrimp,7.91,5.15,25.2,0.0,17.59,19.0,Acceptable,True,test
pond_04670,shrimp,8.68,5.83,30.1,0.0,11.87,50.5,Optimal,True,train
pond_04671,shrimp,7.94,3.34,34.9,0.426,12.52,68.9,Critical,True,train
pond_04672,shrimp,6.51,4.05,34.0,0.041,15.76,21.0,Poor,True,val
pond_04673,shrimp,8.45,3.35,30.8,0.111,9.69,22.6,Acceptable,True,train
pond_04674,shrimp,7.77,0.1,32.4,0.509,17.88,54.7,Critical,True,train
pond_04675,shrimp,7.86,3.08,32.4,0.026,15.33,13.9,Acceptable,True,train
pond_04676,shrimp,8.17,5.52,29.2,0.0,18.29,24.4,Optimal,True,train
pond_04677,shrimp,7.29,4.0,31.5,0.0,9.78,19.7,Acceptable,True,train
pond_04678,shrimp,8.04,4.51,33.4,0.14,20.86,54.9,Poor,True,test
pond_04679,shrimp,8.27,6.89,26.7,0.0,26.34,26.2,Acceptable,True,train
pond_04680,shrimp,8.18,4.06,30.8,0.042,25.18,34.3,Optimal,True,val
pond_04681,shrimp,7.7,4.07,30.3,0.0,27.47,25.0,Acceptable,True,test
pond_04682,shrimp,8.5,2.11,29.7,0.524,17.23,63.0,Critical,True,train
pond_04683,shrimp,7.5,2.93,29.5,0.116,15.06,22.8,Poor,True,train
pond_04684,shrimp,7.69,3.05,30.0,0.056,19.68,11.8,Acceptable,True,test
pond_04685,shrimp,7.93,5.28,30.2,0.0,15.69,11.1,Optimal,True,train
pond_04686,shrimp,8.15,3.74,32.0,0.316,7.43,53.9,Critical,True,train
pond_04687,shrimp,7.84,3.87,30.5,0.344,21.51,55.3,Critical,True,train
pond_04688,shrimp,8.61,4.13,29.1,0.446,15.71,65.0,Critical,True,train
pond_04689,shrimp,8.15,4.37,27.7,0.0,8.93,14.8,Acceptable,True,train
pond_04690,shrimp,8.04,6.19,28.5,0.0,14.2,35.4,Optimal,True,train
pond_04691,shrimp,8.13,4.76,30.1,0.351,15.84,88.5,Critical,True,val
pond_04692,shrimp,8.37,6.41,27.9,0.0,17.07,34.0,Optimal,True,val
pond_04693,shrimp,8.12,1.6,31.6,0.163,17.13,28.7,Critical,True,train
pond_04694,shrimp,7.1,5.18,30.4,0.0,24.53,39.6,Acceptable,True,val
pond_04695,shrimp,8.54,3.53,32.0,0.402,9.91,50.6,Critical,True,train
pond_04696,shrimp,8.06,4.85,28.1,0.082,16.16,50.3,Optimal,True,train
pond_04697,shrimp,8.34,6.92,27.7,0.0,12.17,27.7,Optimal,True,train
pond_04698,shrimp,7.8,3.65,32.0,0.145,23.91,28.3,Poor,True,train
pond_04699,shrimp,7.09,5.31,29.8,0.0,13.91,34.1,Acceptable,True,train
pond_04700,shrimp,6.86,3.7,29.1,0.116,15.11,25.4,Critical,True,train
pond_04701,shrimp,7.53,4.42,31.0,0.0,22.77,15.3,Optimal,True,val
pond_04702,shrimp,8.26,2.49,31.0,0.514,24.29,76.2,Critical,True,train
pond_04703,shrimp,8.65,5.48,26.7,0.046,25.1,31.9,Optimal,True,train
pond_04704,shrimp,8.15,4.43,32.5,0.0,7.96,33.0,Acceptable,True,train
pond_04705,shrimp,7.47,6.37,28.6,0.0,19.66,33.6,Optimal,True,train
pond_04706,shrimp,7.61,2.8,33.2,0.255,18.49,38.4,Critical,True,train
pond_04707,shrimp,8.68,4.97,26.6,0.081,16.72,48.7,Acceptable,True,test
pond_04708,shrimp,7.34,3.84,30.2,0.107,17.37,30.7,Acceptable,True,test
pond_04709,shrimp,9.05,4.61,29.1,0.268,24.07,62.8,Critical,True,test
pond_04710,shrimp,8.94,4.83,25.2,0.205,22.71,52.0,Critical,True,train
pond_04711,shrimp,9.07,1.82,30.9,0.429,21.93,36.2,Critical,True,test
pond_04712,shrimp,8.19,4.7,25.3,0.175,18.14,26.7,Critical,True,train
pond_04713,shrimp,7.83,4.92,28.9,0.265,29.49,61.7,Critical,True,train
pond_04714,shrimp,8.18,3.96,31.9,0.118,14.8,36.8,Acceptable,True,train
pond_04715,shrimp,8.45,5.78,28.3,0.0,8.11,15.1,Acceptable,True,train
pond_04716,shrimp,7.67,6.35,27.5,0.087,15.54,60.4,Optimal,True,test
pond_04717,shrimp,7.45,3.78,31.3,0.0,17.32,25.5,Optimal,True,train
pond_04718,shrimp,7.86,3.05,29.0,0.353,24.17,57.4,Poor,True,train
pond_04719,shrimp,7.61,5.53,28.6,0.0,14.19,0.0,Acceptable,True,val
pond_04720,shrimp,8.62,4.02,32.3,0.0,19.7,32.6,Optimal,True,train
pond_04721,shrimp,7.69,5.19,26.9,0.153,8.88,63.2,Poor,True,train
pond_04722,shrimp,8.05,6.54,28.5,0.0,22.95,40.1,Optimal,True,train
pond_04723,shrimp,8.49,4.82,31.4,0.194,17.38,52.0,Critical,True,train
pond_04724,shrimp,8.64,5.69,26.8,0.037,15.46,22.0,Acceptable,True,test
pond_04725,shrimp,8.1,3.93,33.4,0.148,28.72,47.0,Critical,True,val
pond_04726,shrimp,8.19,5.95,29.0,0.0,22.88,40.1,Optimal,True,train
pond_04727,shrimp,7.49,3.45,31.4,0.23,11.28,44.9,Critical,True,test
pond_04728,shrimp,8.51,3.22,31.4,0.496,16.4,80.8,Critical,True,train
pond_04729,shrimp,8.63,4.61,29.2,0.288,32.05,66.1,Poor,True,train
pond_04730,shrimp,7.06,3.67,28.4,0.26,27.88,55.8,Critical,True,val
pond_04731,shrimp,8.88,4.77,29.4,0.395,22.08,56.1,Critical,True,train
pond_04732,shrimp,7.65,4.49,31.1,0.022,6.84,21.8,Acceptable,True,test
pond_04733,shrimp,8.3,5.31,27.3,0.0,24.33,30.6,Optimal,True,train
pond_04734,shrimp,8.04,5.09,26.9,0.0,13.51,9.3,Acceptable,True,train
pond_04735,shrimp,7.97,5.89,32.8,0.0,24.28,14.6,Optimal,True,train
pond_04736,shrimp,7.9,6.37,27.9,0.0,13.03,22.3,Optimal,True,train
pond_04737,shrimp,7.5,4.47,30.3,0.09,19.69,39.4,Optimal,True,train
pond_04738,shrimp,8.26,5.03,29.1,0.0,13.48,15.5,Optimal,True,test
pond_04739,shrimp,7.86,6.55,29.2,0.0,15.0,39.2,Optimal,True,train
pond_04740,shrimp,7.35,3.24,32.6,0.07,20.42,36.9,Optimal,True,train
pond_04741,shrimp,7.48,3.69,29.3,0.028,9.75,17.3,Acceptable,True,test
pond_04742,shrimp,7.35,5.29,28.7,0.255,30.05,70.5,Critical,True,train
pond_04743,shrimp,7.74,5.46,28.9,0.0,11.35,13.5,Optimal,True,train
pond_04744,shrimp,8.24,5.69,28.4,0.111,11.04,62.3,Acceptable,True,train
pond_04745,shrimp,7.64,6.2,28.0,0.0,20.44,0.0,Acceptable,True,train
pond_04746,shrimp,8.49,4.22,28.4,0.161,24.11,37.2,Poor,True,test
pond_04747,shrimp,7.94,2.11,33.2,0.104,15.22,16.0,Poor,True,train
pond_04748,shrimp,7.86,3.67,31.1,0.136,11.11,26.9,Poor,True,train
pond_04749,shrimp,8.01,5.71,28.7,0.278,11.93,76.2,Critical,True,val
pond_04750,shrimp,8.7,3.1,31.7,0.301,11.33,33.1,Critical,True,test
pond_04751,shrimp,7.31,3.43,26.0,0.081,18.69,17.9,Poor,True,test
pond_04752,shrimp,8.83,4.15,32.5,0.236,16.62,49.8,Critical,True,val
pond_04753,shrimp,8.48,3.34,32.3,0.204,19.34,32.9,Critical,True,train
pond_04754,shrimp,7.99,1.39,34.4,0.368,19.01,43.0,Critical,True,train
pond_04755,shrimp,8.59,4.28,31.7,0.0,21.53,21.7,Optimal,True,train
pond_04756,shrimp,7.84,4.07,30.5,0.036,14.75,22.7,Optimal,True,test
pond_04757,shrimp,8.14,6.04,32.3,0.0,12.94,24.2,Optimal,True,test
pond_04758,shrimp,7.73,5.28,28.1,0.0,17.86,56.0,Optimal,True,train
pond_04759,shrimp,8.48,5.74,28.6,0.0,16.7,35.5,Optimal,True,train
pond_04760,shrimp,7.65,4.82,29.4,0.0,18.39,19.0,Optimal,True,train
pond_04761,shrimp,7.97,3.26,32.5,0.231,13.09,43.2,Critical,True,train
pond_04762,shrimp,8.34,4.73,27.6,0.103,20.53,41.6,Optimal,True,test
pond_04763,shrimp,8.52,6.67,27.4,0.062,10.52,51.5,Optimal,True,train
pond_04764,shrimp,7.59,5.56,30.0,0.0,14.58,30.4,Optimal,True,train
pond_04765,shrimp,8.38,2.58,31.1,0.349,23.21,38.4,Critical,True,test
pond_04766,shrimp,7.51,3.72,28.0,0.315,10.78,48.4,Critical,True,train
pond_04767,shrimp,6.92,2.97,31.0,0.068,22.78,19.8,Poor,True,train
pond_04768,shrimp,7.63,5.25,32.5,0.252,9.25,57.7,Critical,True,val
pond_04769,shrimp,8.42,2.0,32.1,0.294,8.28,40.3,Critical,True,test
pond_04770,shrimp,7.99,5.53,30.3,0.0,8.78,18.0,Acceptable,True,train
pond_04771,shrimp,7.73,5.33,29.3,0.0,17.64,17.8,Optimal,True,train
pond_04772,shrimp,8.03,3.93,33.3,0.229,21.01,38.0,Critical,True,train
pond_04773,shrimp,8.01,4.22,29.5,0.025,24.11,29.0,Optimal,True,test
pond_04774,shrimp,8.31,5.66,31.6,0.0,23.67,55.1,Optimal,True,train
pond_04775,shrimp,7.19,3.76,33.8,0.161,21.74,34.3,Critical,True,val
pond_04776,shrimp,7.95,2.57,31.3,0.281,12.43,46.1,Poor,True,train
pond_04777,shrimp,8.06,3.94,27.3,0.003,12.38,23.0,Optimal,True,train
pond_04778,shrimp,7.32,3.57,26.8,0.163,21.33,39.5,Critical,True,train
pond_04779,shrimp,7.31,6.42,28.8,0.119,24.82,66.3,Poor,True,train
pond_04780,shrimp,7.82,6.08,31.1,0.142,11.33,37.0,Poor,True,train
pond_04781,shrimp,8.0,5.84,30.5,0.027,24.12,28.9,Optimal,True,train
pond_04782,shrimp,8.01,3.3,34.4,0.124,6.44,22.7,Poor,True,train
pond_04783,shrimp,7.72,2.83,30.5,0.258,19.14,39.6,Critical,True,val
pond_04784,shrimp,7.7,3.73,28.8,0.459,16.43,68.2,Critical,True,train
pond_04785,shrimp,7.8,4.29,27.0,0.0,15.88,12.7,Acceptable,True,val
pond_04786,shrimp,8.15,4.04,32.1,0.193,17.17,39.0,Critical,True,val
pond_04787,shrimp,8.62,6.47,29.5,0.0,12.3,5.7,Acceptable,True,val
pond_04788,shrimp,6.89,7.36,26.2,0.0,19.45,31.8,Poor,True,train
pond_04789,shrimp,8.31,4.2,29.5,0.235,17.33,45.3,Critical,True,test
pond_04790,shrimp,7.94,2.71,27.3,0.0,22.14,8.4,Poor,True,test
pond_04791,shrimp,8.26,3.65,28.6,0.113,25.75,31.1,Acceptable,True,train
pond_04792,shrimp,8.59,6.22,29.5,0.0,17.7,45.8,Optimal,True,train
pond_04793,shrimp,7.62,5.62,27.5,0.0,12.5,42.6,Optimal,True,test
pond_04794,shrimp,8.47,4.67,28.4,0.0,10.74,46.8,Optimal,True,train
pond_04795,shrimp,7.37,4.74,27.9,0.0,26.34,20.5,Acceptable,True,train
pond_04796,shrimp,8.06,4.33,27.9,0.214,25.64,45.8,Critical,True,train
pond_04797,shrimp,7.88,3.96,27.3,0.136,21.88,28.0,Poor,True,train
pond_04798,shrimp,8.02,7.58,28.4,0.0,17.33,54.3,Optimal,True,test
pond_04799,shrimp,7.51,7.4,27.5,0.0,21.48,0.0,Optimal,True,train
pond_04800,shrimp,8.22,3.46,30.8,0.148,24.17,34.2,Poor,True,test
pond_04801,shrimp,8.79,2.57,29.9,0.332,13.6,42.0,Critical,True,train
pond_04802,shrimp,7.51,4.29,32.1,0.28,17.16,67.0,Critical,True,train
pond_04803,shrimp,8.09,3.49,33.7,0.179,10.92,41.7,Critical,True,train
pond_04804,shrimp,8.43,5.15,31.0,0.0,16.29,43.8,Optimal,True,train
pond_04805,shrimp,7.85,5.56,30.5,0.023,25.49,47.5,Optimal,True,val
pond_04806,shrimp,8.68,2.95,31.1,0.422,22.93,65.1,Critical,True,train
pond_04807,shrimp,7.79,6.06,30.5,0.0,17.74,32.4,Optimal,True,train
pond_04808,shrimp,7.94,4.35,29.6,0.0,2.19,11.9,Poor,True,test
pond_04809,shrimp,7.5,5.55,29.4,0.0,13.39,8.1,Optimal,True,train
pond_04810,shrimp,8.06,5.1,27.3,0.166,17.56,53.3,Critical,True,test
pond_04811,shrimp,8.0,5.4,31.3,0.162,15.81,44.5,Acceptable,True,train
pond_04812,shrimp,8.32,1.98,29.4,0.217,17.18,34.9,Critical,True,train
pond_04813,shrimp,7.68,4.82,32.7,0.025,18.33,28.3,Optimal,True,train
pond_04814,shrimp,7.66,3.25,31.5,0.197,14.06,43.6,Critical,True,test
pond_04815,shrimp,8.23,5.26,28.1,0.042,16.96,44.2,Optimal,True,val
pond_04816,shrimp,8.7,5.55,32.2,0.028,16.18,49.6,Acceptable,True,val
pond_04817,shrimp,8.31,5.37,23.9,0.0,13.13,17.8,Poor,True,train
pond_04818,shrimp,8.92,2.49,33.7,0.0,27.15,4.7,Poor,True,val
pond_04819,shrimp,8.28,5.16,26.6,0.0,14.38,21.7,Acceptable,True,val
pond_04820,shrimp,8.26,3.98,30.6,0.0,4.6,13.0,Acceptable,True,val
pond_04821,shrimp,8.34,3.28,30.4,0.0,26.81,11.9,Acceptable,True,val
pond_04822,shrimp,8.74,4.25,32.0,0.376,12.35,71.4,Critical,True,train
pond_04823,shrimp,8.62,5.19,28.8,0.0,21.95,0.0,Acceptable,True,train
pond_04824,shrimp,7.46,6.64,24.8,0.0,13.26,49.4,Acceptable,True,train
pond_04825,shrimp,8.4,4.01,28.8,0.299,20.13,58.1,Critical,True,train
pond_04826,shrimp,8.13,3.8,29.0,0.241,16.74,59.7,Critical,True,train
pond_04827,shrimp,7.9,5.89,25.0,0.0,22.5,45.5,Acceptable,True,val
pond_04828,shrimp,7.11,4.48,29.6,0.374,15.82,66.4,Critical,True,train
pond_04829,shrimp,7.23,5.17,27.1,0.306,13.4,75.7,Critical,True,train
pond_04830,shrimp,7.82,3.56,30.9,0.18,18.41,34.0,Critical,True,test
pond_04831,shrimp,7.27,5.34,29.0,0.187,14.9,48.9,Critical,True,train
pond_04832,shrimp,7.83,2.49,33.8,0.523,6.39,65.5,Critical,True,val
pond_04833,shrimp,8.36,4.81,28.9,0.0,13.69,22.8,Optimal,True,train
pond_04834,shrimp,7.71,4.17,30.4,0.087,32.78,35.1,Poor,True,train
pond_04835,shrimp,8.04,4.89,29.0,0.052,6.98,27.5,Acceptable,True,train
pond_04836,shrimp,7.47,7.2,25.9,0.0,18.33,49.2,Acceptable,True,train
pond_04837,shrimp,8.15,3.35,29.0,0.0,15.66,2.0,Acceptable,True,train
pond_04838,shrimp,8.25,1.48,31.2,0.458,27.1,68.7,Critical,True,train
pond_04839,shrimp,7.29,3.73,30.8,0.206,10.89,50.7,Critical,True,train
pond_04840,shrimp,7.62,3.59,28.9,0.274,17.56,51.8,Critical,True,test
pond_04841,shrimp,7.37,2.06,26.3,0.0,20.77,0.0,Poor,True,train
pond_04842,shrimp,8.25,6.51,30.9,0.0,16.01,19.2,Optimal,True,train
pond_04843,shrimp,8.08,5.22,30.4,0.26,12.78,69.8,Critical,True,train
pond_04844,shrimp,7.98,5.09,31.4,0.0,16.88,36.5,Optimal,True,val
pond_04845,shrimp,7.94,4.62,28.9,0.0,15.3,5.5,Acceptable,True,train
pond_04846,shrimp,8.16,6.32,25.8,0.0,15.28,44.4,Acceptable,True,val
pond_04847,shrimp,8.17,3.97,30.7,0.242,22.12,53.6,Critical,True,train
pond_04848,shrimp,7.75,5.78,29.5,0.177,19.22,50.6,Critical,True,test
pond_04849,shrimp,7.68,4.19,32.6,0.149,20.03,37.0,Poor,True,val
pond_04850,shrimp,7.97,4.74,29.6,0.16,18.82,62.7,Poor,True,train
pond_04851,shrimp,7.91,4.87,29.4,0.0,22.28,26.0,Optimal,True,train
pond_04852,shrimp,9.03,6.31,30.4,0.017,24.17,50.8,Acceptable,True,train
pond_04853,shrimp,7.81,5.36,28.2,0.063,15.42,42.7,Optimal,True,train
pond_04854,shrimp,8.14,3.95,28.1,0.2,21.51,37.3,Critical,True,train
pond_04855,shrimp,8.23,5.26,29.3,0.106,9.87,32.4,Acceptable,True,val
pond_04856,shrimp,8.7,5.94,27.5,0.058,4.61,33.1,Poor,True,val
pond_04857,shrimp,7.59,4.76,29.0,0.057,27.05,40.6,Acceptable,True,train
pond_04858,shrimp,8.67,3.57,33.8,0.204,15.17,34.1,Critical,True,test
pond_04859,shrimp,7.93,2.89,31.8,0.379,18.39,54.7,Critical,True,train
pond_04860,shrimp,9.25,4.73,30.2,0.0,10.26,29.3,Acceptable,True,val
pond_04861,shrimp,8.18,2.41,32.9,0.382,10.01,71.4,Critical,True,val
pond_04862,shrimp,7.39,4.99,27.7,0.0,13.08,28.4,Optimal,True,train
pond_04863,shrimp,7.9,2.5,35.0,0.305,20.54,58.4,Critical,True,val
pond_04864,shrimp,8.67,6.26,28.5,0.044,14.16,59.3,Optimal,True,test
pond_04865,shrimp,8.04,5.46,33.9,0.002,15.15,43.3,Acceptable,True,train
pond_04866,shrimp,7.97,2.23,33.9,0.321,12.91,41.5,Critical,True,val
pond_04867,shrimp,8.36,5.85,25.6,0.0,23.41,25.4,Poor,True,test
pond_04868,shrimp,7.83,3.55,32.7,0.108,21.78,29.7,Acceptable,True,train
pond_04869,shrimp,7.89,5.53,28.9,0.015,14.34,44.4,Acceptable,True,train
pond_04870,shrimp,7.53,5.26,28.3,0.0,20.76,39.1,Optimal,True,val
pond_04871,shrimp,8.86,4.02,30.7,0.355,15.65,63.7,Critical,True,test
pond_04872,shrimp,7.39,5.52,27.3,0.0,15.14,30.9,Acceptable,True,train
pond_04873,shrimp,8.08,4.24,30.6,0.029,16.73,32.1,Optimal,True,test
pond_04874,shrimp,8.24,7.27,27.4,0.0,20.54,6.7,Acceptable,True,train
pond_04875,shrimp,7.99,3.74,29.9,0.181,12.09,52.9,Critical,True,train
pond_04876,shrimp,7.37,4.31,32.4,0.156,19.76,51.1,Poor,True,train
pond_04877,shrimp,7.5,5.18,30.4,0.178,30.74,59.5,Critical,True,val
pond_04878,shrimp,8.26,5.54,28.7,0.134,18.01,60.7,Poor,True,train
pond_04879,shrimp,7.61,4.12,30.7,0.294,17.2,55.8,Critical,True,val
pond_04880,shrimp,6.96,7.29,26.4,0.03,16.54,56.6,Poor,True,val
pond_04881,shrimp,8.19,2.8,27.7,0.412,19.63,52.2,Critical,True,train
pond_04882,shrimp,7.56,3.75,28.6,0.318,8.14,55.3,Critical,True,val
pond_04883,shrimp,8.32,5.12,31.2,0.0,26.36,3.2,Acceptable,True,train
pond_04884,shrimp,7.9,3.5,30.4,0.0,22.4,18.0,Acceptable,True,test
pond_04885,shrimp,7.88,3.35,30.7,0.043,13.46,14.7,Acceptable,True,test
pond_04886,shrimp,8.03,4.26,29.4,0.303,17.17,65.4,Critical,True,train
pond_04887,shrimp,7.43,4.33,27.8,0.005,13.93,24.3,Optimal,True,train
pond_04888,shrimp,7.59,4.67,32.8,0.033,18.65,27.5,Optimal,True,test
pond_04889,shrimp,7.87,6.3,28.0,0.0,17.34,40.1,Optimal,True,train
pond_04890,shrimp,7.43,4.65,30.4,0.0,18.26,15.1,Optimal,True,train
pond_04891,shrimp,8.36,6.13,29.3,0.0,11.34,47.6,Optimal,True,train
pond_04892,shrimp,7.85,2.8,30.7,0.041,14.35,0.0,Poor,True,val
pond_04893,shrimp,7.28,5.25,28.2,0.0,23.3,16.5,Acceptable,True,train
pond_04894,shrimp,7.72,5.79,31.8,0.058,14.06,44.0,Acceptable,True,train
pond_04895,shrimp,8.05,5.15,32.5,0.0,2.46,15.2,Poor,True,train
pond_04896,shrimp,7.78,5.93,31.7,0.257,16.17,66.0,Critical,True,test
pond_04897,shrimp,8.2,4.0,29.8,0.216,30.26,40.9,Critical,True,val
pond_04898,shrimp,8.29,6.16,28.5,0.136,21.67,62.6,Poor,True,train
pond_04899,shrimp,9.2,2.59,35.7,0.426,13.79,47.2,Critical,True,train
pond_04900,shrimp,8.58,6.11,27.3,0.0,16.72,39.8,Acceptable,True,test
pond_04901,shrimp,7.18,5.84,31.4,0.0,20.74,20.1,Acceptable,True,train
pond_04902,shrimp,7.82,3.65,30.2,0.265,7.34,58.6,Critical,True,test
pond_04903,shrimp,7.87,2.61,29.4,0.357,12.29,48.8,Critical,True,train
pond_04904,shrimp,8.29,6.91,29.9,0.152,19.19,81.7,Poor,True,val
pond_04905,shrimp,7.53,5.69,28.4,0.131,25.77,56.6,Poor,True,train
pond_04906,shrimp,7.73,4.42,30.4,0.049,14.58,32.1,Optimal,True,val
pond_04907,shrimp,7.38,4.42,30.2,0.217,25.62,45.8,Critical,True,val
pond_04908,shrimp,7.7,0.68,35.4,0.44,12.85,48.4,Critical,True,val
pond_04909,shrimp,7.72,4.41,31.9,0.502,0.0,63.3,Critical,True,train
pond_04910,shrimp,7.84,3.85,30.6,0.26,21.09,66.4,Critical,True,train
pond_04911,shrimp,7.41,4.52,30.8,0.096,19.97,36.8,Optimal,True,train
pond_04912,shrimp,8.49,3.73,33.5,0.007,21.05,15.7,Acceptable,True,test
pond_04913,shrimp,8.24,1.33,27.4,0.129,20.83,2.9,Critical,True,test
pond_04914,shrimp,7.28,5.5,29.1,0.0,18.05,17.2,Optimal,True,train
pond_04915,shrimp,8.01,6.17,25.3,0.0,15.58,28.2,Acceptable,True,val
pond_04916,shrimp,7.22,4.85,30.7,0.262,15.79,70.1,Critical,True,test
pond_04917,shrimp,8.67,4.07,31.4,0.5,14.47,70.4,Critical,True,train
pond_04918,shrimp,8.81,5.46,27.3,0.125,14.8,59.2,Poor,True,val
pond_04919,shrimp,7.97,4.15,32.7,0.309,7.04,64.6,Poor,True,train
pond_04920,shrimp,7.57,5.56,27.9,0.0,10.32,25.9,Optimal,True,train
pond_04921,shrimp,7.67,5.58,28.7,0.0,16.1,9.7,Optimal,True,train
pond_04922,shrimp,7.77,5.07,29.8,0.0,4.68,19.9,Acceptable,True,train
pond_04923,shrimp,7.95,6.06,33.0,0.0,5.96,0.0,Poor,True,test
pond_04924,shrimp,8.69,4.44,27.6,0.0,15.16,17.7,Acceptable,True,train
pond_04925,shrimp,8.48,4.18,30.1,0.0,16.29,29.9,Optimal,True,train
pond_04926,shrimp,8.49,6.37,31.2,0.0,15.28,43.3,Optimal,True,train
pond_04927,shrimp,8.09,4.27,30.8,0.166,3.91,42.7,Critical,True,train
pond_04928,shrimp,7.42,5.55,30.8,0.0,25.54,26.2,Optimal,True,val
pond_04929,shrimp,7.61,4.51,31.2,0.192,9.1,51.4,Critical,True,val
pond_04930,shrimp,8.03,4.86,28.3,0.0,12.5,26.6,Optimal,True,train
pond_04931,shrimp,7.4,4.97,33.2,0.098,10.06,40.2,Acceptable,True,test
pond_04932,shrimp,8.15,5.49,29.3,0.0,24.14,17.8,Optimal,True,val
pond_04933,shrimp,8.4,3.11,29.0,0.389,19.32,61.8,Critical,True,train
pond_04934,shrimp,8.27,4.2,32.5,0.123,14.4,40.4,Poor,True,test
pond_04935,shrimp,8.25,3.98,28.1,0.132,14.01,53.6,Poor,True,train
pond_04936,shrimp,7.07,6.13,30.2,0.0,17.99,15.7,Acceptable,True,train
pond_04937,shrimp,8.67,7.34,27.9,0.0,10.14,43.5,Optimal,True,train
pond_04938,shrimp,7.22,5.54,35.0,0.117,19.09,51.4,Poor,True,train
pond_04939,shrimp,7.92,3.84,34.6,0.0,13.98,0.0,Critical,True,test
pond_04940,shrimp,8.31,4.31,29.3,0.44,19.86,63.4,Critical,True,train
pond_04941,shrimp,8.18,4.87,30.6,0.0,19.67,15.0,Optimal,True,train
pond_04942,shrimp,7.36,3.67,29.5,0.23,13.74,44.2,Critical,True,train
pond_04943,shrimp,7.45,7.82,28.7,0.047,5.71,75.8,Acceptable,True,train
pond_04944,shrimp,8.14,6.16,29.8,0.071,15.64,59.1,Optimal,True,train
pond_04945,shrimp,8.26,5.19,29.4,0.0,9.03,10.2,Acceptable,True,train
pond_04946,shrimp,7.45,6.91,26.2,0.0,17.43,36.4,Acceptable,True,train
pond_04947,shrimp,8.2,4.05,30.1,0.374,15.59,64.7,Critical,True,val
pond_04948,shrimp,7.24,3.5,29.4,0.111,13.77,23.7,Poor,True,train
pond_04949,shrimp,8.31,1.96,30.2,0.306,9.87,32.8,Critical,True,val
pond_04950,shrimp,7.56,4.95,29.3,0.0,23.53,32.2,Optimal,True,train
pond_04951,shrimp,8.04,4.77,28.7,0.207,14.5,51.4,Critical,True,train
pond_04952,shrimp,7.96,4.9,31.4,0.0,29.94,9.3,Acceptable,True,train
pond_04953,shrimp,8.58,4.5,30.7,0.043,17.19,52.5,Optimal,True,test
pond_04954,shrimp,8.12,4.53,32.6,0.03,18.93,27.5,Optimal,True,test
pond_04955,shrimp,7.7,5.48,30.6,0.168,17.22,39.8,Critical,True,test
pond_04956,shrimp,8.18,3.17,29.1,0.162,18.88,35.5,Critical,True,train
pond_04957,shrimp,9.07,5.47,30.9,0.0,23.01,52.0,Acceptable,True,val
pond_04958,shrimp,8.37,5.5,25.1,0.0,23.07,39.6,Acceptable,True,train
pond_04959,shrimp,7.97,4.16,34.1,0.222,7.28,68.8,Critical,True,train
pond_04960,shrimp,7.58,5.86,30.1,0.096,21.71,59.8,Optimal,True,train
pond_04961,shrimp,7.69,4.72,34.3,0.0,19.73,24.1,Acceptable,True,val
pond_04962,shrimp,8.34,5.48,27.6,0.294,17.2,67.3,Critical,True,train
pond_04963,shrimp,7.56,5.68,27.0,0.109,26.42,46.4,Acceptable,True,train
pond_04964,shrimp,8.0,5.65,30.3,0.059,26.64,43.4,Acceptable,True,train
pond_04965,shrimp,8.72,2.78,30.3,0.461,21.98,57.0,Poor,True,train
pond_04966,shrimp,8.08,3.46,30.2,0.0,14.01,19.2,Acceptable,True,train
pond_04967,shrimp,7.46,4.35,29.9,0.0,10.44,12.4,Optimal,True,test
pond_04968,shrimp,9.09,3.58,28.1,0.339,21.15,40.5,Critical,True,train
pond_04969,shrimp,8.88,5.37,26.2,0.0,24.48,27.9,Poor,True,test
pond_04970,shrimp,8.25,4.24,30.1,0.479,5.84,81.5,Critical,True,train
pond_04971,shrimp,8.64,5.67,26.7,0.0,22.97,24.7,Acceptable,True,train
pond_04972,shrimp,7.87,5.56,26.5,0.0,15.6,40.8,Acceptable,True,train
pond_04973,shrimp,8.36,6.31,28.7,0.0,7.05,43.8,Acceptable,True,train
pond_04974,shrimp,7.79,5.23,30.4,0.347,19.58,64.6,Critical,True,train
pond_04975,shrimp,7.32,3.52,33.9,0.0,22.0,20.1,Acceptable,True,val
pond_04976,shrimp,9.3,3.81,31.7,0.0,15.07,7.8,Poor,True,train
pond_04977,shrimp,7.3,3.88,32.7,0.406,11.18,67.9,Critical,True,val
pond_04978,shrimp,8.15,4.37,30.9,0.016,26.42,41.6,Optimal,True,test
pond_04979,shrimp,8.14,7.6,30.3,0.048,13.32,56.2,Optimal,True,train
pond_04980,shrimp,8.26,1.55,35.0,0.461,23.38,57.1,Critical,True,train
pond_04981,shrimp,7.96,4.48,26.6,0.169,8.68,60.6,Critical,True,train
pond_04982,shrimp,7.96,3.76,28.6,0.135,19.29,32.4,Poor,True,val
pond_04983,shrimp,8.07,5.32,28.8,0.0,19.13,27.0,Optimal,True,train
pond_04984,shrimp,8.24,4.54,31.5,0.0,21.8,0.1,Acceptable,True,train
pond_04985,shrimp,8.0,4.7,27.3,0.0,25.21,20.1,Optimal,True,train
pond_04986,shrimp,7.97,5.42,31.2,0.0,12.53,41.2,Optimal,True,train
pond_04987,shrimp,7.34,4.9,30.8,0.0,19.86,26.0,Optimal,True,train
pond_04988,shrimp,9.01,5.44,31.3,0.0,9.48,17.2,Acceptable,True,train
pond_04989,shrimp,8.27,5.77,31.2,0.03,9.42,41.0,Optimal,True,train
pond_04990,shrimp,8.1,1.32,32.9,0.59,13.82,66.9,Critical,True,train
pond_04991,shrimp,7.69,5.65,29.4,0.0,19.25,38.9,Optimal,True,train
pond_04992,shrimp,7.5,2.93,30.7,0.069,26.22,17.3,Acceptable,True,train
pond_04993,shrimp,8.43,5.54,27.9,0.158,27.22,65.4,Poor,True,train
pond_04994,shrimp,7.92,5.29,27.4,0.0,15.05,24.5,Optimal,True,train
pond_04995,shrimp,8.31,3.7,33.4,0.513,18.68,69.6,Critical,True,train
pond_04996,shrimp,7.32,3.84,27.7,0.182,22.19,34.7,Critical,True,train
pond_04997,shrimp,8.77,5.65,30.9,0.0,21.21,42.1,Acceptable,True,val
pond_04998,shrimp,8.45,2.93,30.7,0.365,16.07,71.2,Critical,True,test
pond_04999,shrimp,7.96,5.0,32.1,0.0,17.42,13.0,Optimal,True,val
pond_05000,shrimp,8.23,4.08,25.9,0.0,16.39,19.0,Optimal,True,train
pond_05001,shrimp,8.37,4.24,31.5,0.085,15.85,33.5,Optimal,True,train
pond_05002,shrimp,7.33,7.0,29.4,0.0,15.12,37.2,Optimal,True,train
pond_05003,shrimp,8.84,7.99,28.2,0.221,16.34,92.8,Critical,True,test
pond_05004,shrimp,8.24,3.01,28.9,0.12,14.77,22.2,Critical,True,train
pond_05005,shrimp,7.65,3.33,31.8,0.0,10.76,13.9,Acceptable,True,train
pond_05006,shrimp,7.45,3.73,31.1,0.134,21.74,21.3,Poor,True,val
pond_05007,shrimp,8.49,7.58,29.2,0.0,19.84,44.6,Optimal,True,train
pond_05008,shrimp,8.11,5.4,27.0,0.124,27.32,49.8,Poor,True,train
pond_05009,shrimp,8.24,6.73,27.1,0.0,19.03,25.9,Optimal,True,train
pond_05010,shrimp,8.01,4.71,31.2,0.113,14.71,40.4,Acceptable,True,val
pond_05011,shrimp,7.5,4.13,26.7,0.573,13.55,78.9,Critical,True,val
pond_05012,shrimp,8.25,2.64,29.2,0.196,17.26,40.7,Critical,True,train
pond_05013,shrimp,7.9,2.46,35.4,0.245,20.04,46.4,Critical,True,train
pond_05014,shrimp,7.99,7.3,30.5,0.094,15.65,77.8,Optimal,True,train
pond_05015,shrimp,9.19,4.66,31.1,0.0,8.91,26.0,Poor,True,train
pond_05016,shrimp,8.43,6.7,27.2,0.0,12.94,24.7,Optimal,True,train
pond_05017,shrimp,8.46,3.83,26.8,0.017,17.1,30.6,Poor,True,train
pond_05018,shrimp,9.36,3.93,31.3,0.07,21.07,29.4,Poor,True,val
pond_05019,shrimp,8.19,5.9,28.9,0.0,8.83,3.6,Acceptable,True,test
pond_05020,shrimp,8.06,2.79,32.1,0.258,18.46,42.8,Poor,True,train
pond_05021,shrimp,7.66,4.64,29.8,0.119,18.22,44.3,Acceptable,True,train
pond_05022,shrimp,7.77,1.61,37.3,0.342,14.52,36.3,Critical,True,train
pond_05023,shrimp,6.98,6.08,28.5,0.056,13.77,44.9,Acceptable,True,train
pond_05024,shrimp,8.4,5.04,30.4,0.194,12.95,45.2,Critical,True,val
pond_05025,shrimp,7.37,6.1,27.8,0.0,17.77,13.7,Acceptable,True,train
pond_05026,shrimp,8.45,5.17,32.0,0.093,23.2,45.8,Optimal,True,train
pond_05027,shrimp,7.98,4.2,30.7,0.144,23.59,51.2,Poor,True,train
pond_05028,shrimp,8.06,6.52,27.6,0.0,10.82,8.1,Acceptable,True,train
pond_05029,shrimp,7.98,4.22,29.0,0.288,15.97,69.3,Poor,True,train
pond_05030,shrimp,8.69,4.67,32.7,0.0,4.94,15.3,Acceptable,True,train
pond_05031,shrimp,8.6,1.62,32.5,0.187,17.6,17.2,Critical,True,train
pond_05032,shrimp,7.99,4.69,26.6,0.227,20.29,44.0,Critical,True,test
pond_05033,shrimp,7.55,7.8,28.7,0.0,25.64,50.7,Optimal,True,train
pond_05034,shrimp,8.46,4.38,33.7,0.229,7.17,55.6,Critical,True,train
pond_05035,shrimp,7.51,5.57,29.4,0.031,11.02,51.2,Optimal,True,train
pond_05036,shrimp,7.22,3.64,30.1,0.205,17.79,29.6,Critical,True,train
pond_05037,shrimp,8.25,2.81,32.0,0.258,8.1,42.2,Critical,True,train
pond_05038,shrimp,8.61,5.22,26.8,0.0,17.95,33.7,Acceptable,True,val
pond_05039,shrimp,7.8,5.22,27.7,0.11,20.43,43.5,Acceptable,True,train
pond_05040,shrimp,8.2,7.23,29.0,0.0,9.95,41.4,Optimal,True,train
pond_05041,shrimp,7.79,5.24,32.4,0.0,17.73,29.9,Optimal,True,val
pond_05042,shrimp,8.36,4.26,32.0,0.027,10.33,33.1,Optimal,True,val
pond_05043,shrimp,8.55,4.39,31.3,0.0,24.56,3.0,Acceptable,True,val
pond_05044,shrimp,7.87,5.73,29.4,0.048,18.14,56.6,Optimal,True,val
pond_05045,shrimp,7.49,2.48,32.2,0.231,13.48,46.0,Critical,True,train
pond_05046,shrimp,7.27,2.53,29.4,0.038,10.19,0.0,Poor,True,train
pond_05047,shrimp,8.46,5.29,31.0,0.205,19.14,55.9,Critical,True,train
pond_05048,shrimp,7.43,4.28,31.7,0.058,24.47,38.9,Optimal,True,train
pond_05049,shrimp,8.19,2.15,33.5,0.223,12.76,21.3,Critical,True,train
pond_05050,shrimp,8.39,2.26,29.6,0.16,14.58,19.5,Critical,True,train
pond_05051,shrimp,7.75,6.03,28.9,0.0,12.86,26.2,Optimal,True,val
pond_05052,shrimp,7.92,3.34,32.6,0.0,25.56,21.4,Acceptable,True,train
pond_05053,shrimp,8.5,4.4,32.7,0.018,6.5,24.1,Acceptable,True,train
pond_05054,shrimp,7.6,4.75,28.5,0.47,24.07,74.0,Critical,True,val
pond_05055,shrimp,7.55,5.36,27.3,0.09,14.93,47.4,Optimal,True,test
pond_05056,shrimp,7.88,3.3,32.4,0.58,16.61,80.7,Critical,True,train
pond_05057,shrimp,8.64,5.63,26.1,0.03,15.13,44.5,Acceptable,True,train
pond_05058,shrimp,8.81,6.45,26.0,0.094,18.32,51.6,Acceptable,True,train
pond_05059,shrimp,7.95,4.57,29.1,0.0,12.99,22.4,Optimal,True,test
pond_05060,shrimp,7.64,4.34,29.7,0.0,22.82,36.6,Optimal,True,train
pond_05061,shrimp,8.53,6.17,27.2,0.0,23.04,38.4,Optimal,True,test
pond_05062,shrimp,7.17,5.48,30.0,0.126,11.59,52.4,Poor,True,val
pond_05063,shrimp,8.12,3.28,30.1,0.275,20.67,39.0,Critical,True,train
pond_05064,shrimp,7.98,5.05,28.4,0.101,15.04,47.0,Optimal,True,test
pond_05065,shrimp,8.65,2.95,34.0,0.283,17.28,46.3,Critical,True,train
pond_05066,shrimp,8.7,4.56,30.4,0.014,25.39,33.9,Acceptable,True,train
pond_05067,shrimp,7.53,5.84,32.0,0.041,13.29,31.9,Optimal,True,train
pond_05068,shrimp,8.08,6.1,26.3,0.0,22.1,26.6,Acceptable,True,train
pond_05069,shrimp,7.71,8.28,26.3,0.0,19.51,61.6,Acceptable,True,train
pond_05070,shrimp,7.85,4.79,30.5,0.0,15.93,34.0,Optimal,True,val
pond_05071,shrimp,8.31,3.49,33.6,0.112,19.02,46.6,Poor,True,train
pond_05072,shrimp,7.83,5.38,27.3,0.05,18.37,36.9,Optimal,True,train
pond_05073,shrimp,8.1,4.89,29.8,0.242,10.63,61.3,Critical,True,train
pond_05074,shrimp,8.48,5.93,26.8,0.0,13.66,0.2,Acceptable,True,train
pond_05075,shrimp,8.76,4.04,27.9,0.208,11.25,46.1,Critical,True,train
pond_05076,shrimp,8.14,4.4,29.9,0.0,15.48,14.9,Optimal,True,train
pond_05077,shrimp,8.06,4.23,28.4,0.242,24.4,47.8,Critical,True,val
pond_05078,shrimp,7.45,6.82,26.6,0.0,20.2,37.1,Acceptable,True,train
pond_05079,shrimp,8.79,3.29,26.6,0.0,9.12,10.4,Poor,True,train
pond_05080,shrimp,8.25,6.12,25.4,0.0,15.5,46.8,Acceptable,True,train
pond_05081,shrimp,8.07,2.69,30.5,0.261,18.28,44.5,Critical,True,test
pond_05082,shrimp,8.04,4.96,30.8,0.058,21.09,35.4,Optimal,True,train
pond_05083,shrimp,8.18,3.97,30.8,0.215,13.42,37.9,Critical,True,train
pond_05084,shrimp,8.39,3.17,27.5,0.318,10.19,43.2,Critical,True,train
pond_05085,shrimp,8.45,5.33,31.7,0.224,16.69,63.6,Critical,True,train
pond_05086,shrimp,8.81,1.36,31.1,0.307,20.13,33.7,Critical,True,val
pond_05087,shrimp,8.12,4.76,29.5,0.196,18.29,60.3,Critical,True,test
pond_05088,shrimp,8.88,5.72,29.2,0.0,12.13,39.3,Acceptable,True,val
pond_05089,shrimp,8.53,6.84,28.1,0.103,26.65,65.9,Acceptable,True,train
pond_05090,shrimp,7.97,2.75,29.9,0.156,16.46,35.3,Critical,True,train
pond_05091,shrimp,7.17,3.21,33.1,0.198,18.07,26.7,Critical,True,val
pond_05092,shrimp,8.04,5.42,32.0,0.0,13.36,18.0,Acceptable,True,val
pond_05093,shrimp,8.78,6.34,28.9,0.0,23.09,39.3,Acceptable,True,train
pond_05094,shrimp,7.61,6.01,30.7,0.0,20.15,24.1,Optimal,True,train
pond_05095,shrimp,8.04,8.53,27.1,0.0,18.73,68.1,Acceptable,True,train
pond_05096,shrimp,8.08,3.75,31.1,0.079,10.67,22.6,Acceptable,True,train
pond_05097,shrimp,8.47,5.75,27.7,0.0,23.02,26.2,Optimal,True,train
pond_05098,shrimp,7.81,3.97,31.0,0.259,21.16,51.6,Critical,True,train
pond_05099,shrimp,7.57,0.65,36.0,0.597,22.58,63.7,Poor,True,train
pond_05100,shrimp,8.29,5.03,28.2,0.225,17.2,54.6,Critical,True,train
pond_05101,shrimp,7.63,0.65,35.9,0.63,16.59,61.2,Critical,True,train
pond_05102,shrimp,7.08,3.88,30.6,0.0,16.0,38.4,Poor,True,train
pond_05103,shrimp,8.92,3.49,27.9,0.161,29.53,38.7,Critical,True,train
pond_05104,shrimp,8.46,5.8,27.7,0.369,14.02,80.2,Critical,True,train
pond_05105,shrimp,8.94,2.45,34.7,0.458,10.48,73.8,Critical,True,test
pond_05106,shrimp,8.44,2.36,30.6,0.272,14.95,54.3,Critical,True,train
pond_05107,shrimp,8.34,6.18,28.3,0.121,14.07,62.1,Acceptable,True,test
pond_05108,shrimp,8.18,4.2,29.1,0.295,23.93,57.2,Critical,True,train
pond_05109,shrimp,7.91,4.02,30.4,0.0,9.54,15.9,Optimal,True,train
pond_05110,shrimp,8.26,3.63,29.5,0.262,13.91,39.2,Critical,True,train
pond_05111,shrimp,7.72,5.97,30.3,0.336,18.05,69.9,Critical,True,test
pond_05112,shrimp,7.47,4.06,33.4,0.115,23.98,54.4,Poor,True,val
pond_05113,shrimp,7.83,4.74,27.0,0.048,20.92,38.7,Optimal,True,train
pond_05114,shrimp,8.65,2.12,30.9,0.37,25.9,70.2,Critical,True,test
pond_05115,shrimp,7.38,7.86,29.3,0.0,18.9,47.4,Optimal,True,train
pond_05116,shrimp,7.39,7.47,28.4,0.0,15.88,55.1,Optimal,True,train
pond_05117,shrimp,8.3,5.89,31.9,0.012,21.71,47.5,Optimal,True,train
pond_05118,shrimp,7.79,4.83,26.3,0.239,9.48,50.8,Critical,True,test
pond_05119,shrimp,8.24,5.62,24.3,0.011,7.6,52.3,Poor,True,train
pond_05120,shrimp,8.49,5.15,30.0,0.136,22.37,66.0,Poor,True,val
pond_05121,shrimp,8.23,3.81,29.2,0.218,18.16,68.6,Critical,True,train
pond_05122,shrimp,7.68,4.42,26.5,0.133,22.3,31.0,Poor,True,val
pond_05123,shrimp,8.64,7.58,25.7,0.0,12.31,47.1,Acceptable,True,train
pond_05124,shrimp,8.37,3.58,33.7,0.352,24.07,65.4,Critical,True,train
pond_05125,shrimp,8.01,3.18,30.5,0.106,20.69,37.4,Acceptable,True,train
pond_05126,shrimp,7.99,5.93,29.5,0.0,16.83,13.8,Optimal,True,val
pond_05127,shrimp,8.19,2.79,34.3,0.304,18.14,21.8,Critical,True,train
pond_05128,shrimp,7.84,1.81,31.7,0.187,18.91,23.2,Critical,True,train
pond_05129,shrimp,7.18,2.38,33.4,0.129,12.29,30.8,Critical,True,train
pond_05130,shrimp,8.38,4.89,26.9,0.048,14.88,25.1,Acceptable,True,train
pond_05131,shrimp,8.35,5.79,26.8,0.072,18.82,60.6,Acceptable,True,train
pond_05132,shrimp,6.85,4.64,30.9,0.026,14.66,34.5,Acceptable,True,train
pond_05133,shrimp,8.26,6.02,30.4,0.0,8.92,65.2,Acceptable,True,train
pond_05134,shrimp,8.88,3.77,32.2,0.0,18.62,17.4,Acceptable,True,val
pond_05135,shrimp,7.44,5.22,25.9,0.0,21.6,32.9,Acceptable,True,train
pond_05136,shrimp,7.96,5.87,31.0,0.094,22.88,42.1,Optimal,True,train
pond_05137,shrimp,7.91,5.38,31.7,0.085,19.93,56.2,Optimal,True,train
pond_05138,shrimp,8.83,3.98,31.6,0.374,21.5,62.9,Critical,True,val
pond_05139,shrimp,8.56,5.39,28.6,0.0,22.43,29.2,Optimal,True,test
pond_05140,shrimp,7.56,3.92,30.6,0.311,17.44,59.9,Critical,True,train
pond_05141,shrimp,8.17,3.87,27.8,0.0,5.35,6.4,Poor,True,train
pond_05142,shrimp,9.15,7.61,28.9,0.0,23.38,57.4,Acceptable,True,test
pond_05143,shrimp,7.69,4.78,27.2,0.0,12.09,13.2,Acceptable,True,train
pond_05144,shrimp,7.99,5.61,27.8,0.023,10.78,48.9,Optimal,True,train
pond_05145,shrimp,8.26,3.13,29.0,0.424,10.93,62.6,Critical,True,train
pond_05146,shrimp,7.69,5.98,28.4,0.0,30.67,57.7,Acceptable,True,train
pond_05147,shrimp,8.88,3.81,27.8,0.034,19.42,7.2,Acceptable,True,train
pond_05148,shrimp,7.76,7.59,26.6,0.0,11.27,31.1,Acceptable,True,val
pond_05149,shrimp,7.31,5.78,33.8,0.082,13.24,54.3,Acceptable,True,val
pond_05150,shrimp,7.74,5.78,28.4,0.12,17.0,53.8,Acceptable,True,train
pond_05151,shrimp,8.33,4.74,30.2,0.085,19.98,45.5,Optimal,True,train
pond_05152,shrimp,7.6,5.63,25.6,0.0,18.54,0.0,Poor,True,val
pond_05153,shrimp,8.15,3.93,32.5,0.253,11.89,64.0,Critical,True,val
pond_05154,shrimp,8.28,5.19,29.9,0.28,18.74,67.5,Critical,True,train
pond_05155,shrimp,7.4,5.17,28.5,0.068,13.64,43.3,Optimal,True,train
pond_05156,shrimp,7.72,6.24,28.5,0.007,22.76,44.6,Optimal,True,train
pond_05157,shrimp,8.17,3.18,31.4,0.395,17.31,50.1,Critical,True,train
pond_05158,shrimp,8.35,8.41,23.0,0.0,12.82,69.2,Poor,True,test
pond_05159,shrimp,7.73,4.79,27.7,0.11,20.79,45.0,Optimal,True,train
pond_05160,shrimp,8.08,3.98,29.2,0.004,19.11,36.2,Optimal,True,train
pond_05161,shrimp,7.86,5.31,29.2,0.133,14.39,47.6,Poor,True,train
pond_05162,shrimp,8.36,3.81,35.0,0.16,21.02,39.8,Critical,True,test
pond_05163,shrimp,8.26,2.92,28.8,0.238,20.46,40.0,Critical,True,test
pond_05164,shrimp,7.81,3.63,31.7,0.0,23.61,4.7,Acceptable,True,test
pond_05165,shrimp,8.24,1.11,33.5,0.426,20.91,50.5,Critical,True,train
pond_05166,shrimp,7.79,3.59,31.0,0.532,15.82,63.4,Critical,True,train
pond_05167,shrimp,8.23,4.45,28.0,0.265,7.7,60.4,Critical,True,train
pond_05168,shrimp,8.24,5.93,26.7,0.149,18.03,59.0,Poor,True,test
pond_05169,shrimp,9.19,3.41,31.1,0.108,18.88,38.9,Poor,True,val
pond_05170,shrimp,7.83,3.15,33.1,0.301,17.28,42.9,Critical,True,train
pond_05171,shrimp,7.93,6.04,30.7,0.147,0.44,63.8,Critical,True,train
pond_05172,shrimp,7.68,6.54,32.2,0.097,20.73,57.3,Optimal,True,train
pond_05173,shrimp,7.48,2.14,35.2,0.588,11.98,69.7,Critical,True,train
pond_05174,shrimp,7.77,5.52,31.3,0.0,20.77,26.5,Optimal,True,train
pond_05175,shrimp,8.33,5.93,27.1,0.0,26.35,26.4,Acceptable,True,val
pond_05176,shrimp,8.37,2.68,29.6,0.044,15.61,33.3,Acceptable,True,val
pond_05177,shrimp,8.15,3.03,32.5,0.059,19.41,21.1,Acceptable,True,train
pond_05178,shrimp,7.85,1.32,29.0,0.124,17.18,13.6,Acceptable,True,train
pond_05179,shrimp,7.75,4.28,32.8,0.113,19.89,49.4,Acceptable,True,train
pond_05180,shrimp,7.54,3.55,29.4,0.346,17.57,48.0,Critical,True,train
pond_05181,shrimp,7.72,4.76,30.2,0.189,14.16,44.9,Critical,True,train
pond_05182,shrimp,7.35,8.1,28.7,0.0,12.02,47.1,Acceptable,True,val
pond_05183,shrimp,8.68,6.62,29.9,0.0,25.75,10.7,Acceptable,True,train
pond_05184,shrimp,8.92,3.75,30.0,0.038,19.41,30.4,Acceptable,True,train
pond_05185,shrimp,7.03,4.55,26.0,0.082,21.57,34.1,Poor,True,test
pond_05186,shrimp,8.14,6.62,28.5,0.0,19.19,41.0,Optimal,True,train
pond_05187,shrimp,8.14,4.33,26.8,0.0,22.37,10.8,Acceptable,True,test
pond_05188,shrimp,8.1,6.23,28.6,0.0,12.07,21.4,Optimal,True,train
pond_05189,shrimp,7.7,8.56,27.8,0.0,17.46,31.3,Acceptable,True,val
pond_05190,shrimp,8.51,5.0,31.7,0.327,19.78,61.2,Poor,True,val
pond_05191,shrimp,8.21,5.61,31.8,0.037,24.11,45.2,Optimal,True,val
pond_05192,shrimp,8.52,5.75,30.7,0.053,31.7,60.4,Poor,True,train
pond_05193,shrimp,7.63,4.89,26.7,0.118,19.24,37.6,Poor,True,test
pond_05194,shrimp,7.31,5.21,29.3,0.111,13.36,40.0,Acceptable,True,train
pond_05195,shrimp,8.22,4.46,26.5,0.227,10.42,50.0,Critical,True,val
pond_05196,shrimp,7.52,6.44,29.2,0.0,12.02,36.5,Optimal,True,train
pond_05197,shrimp,8.53,3.11,30.9,0.052,12.74,27.5,Acceptable,True,train
pond_05198,shrimp,6.94,5.05,31.7,0.0,1.04,10.2,Poor,True,train
pond_05199,shrimp,7.77,5.87,30.5,0.0,13.28,28.0,Optimal,True,train
pond_05200,shrimp,7.69,3.45,32.3,0.296,20.94,56.7,Critical,True,train
pond_05201,shrimp,7.83,3.78,30.1,0.558,17.41,65.2,Critical,True,train
pond_05202,shrimp,8.13,4.74,29.0,0.118,15.58,24.5,Acceptable,True,test
pond_05203,shrimp,8.2,3.2,31.4,0.008,8.08,5.3,Poor,True,train
pond_05204,shrimp,8.32,4.44,31.5,0.202,22.78,58.5,Critical,True,train
pond_05205,shrimp,8.38,4.01,28.3,0.105,19.81,41.4,Optimal,True,train
pond_05206,shrimp,7.91,3.56,30.3,0.031,16.93,13.1,Acceptable,True,train
pond_05207,shrimp,9.05,5.63,28.9,0.0,4.89,0.0,Poor,True,train
pond_05208,shrimp,8.69,6.75,25.1,0.0,14.3,20.7,Acceptable,True,train
pond_05209,shrimp,7.84,4.18,30.5,0.03,19.39,30.7,Optimal,True,train
pond_05210,shrimp,7.93,3.6,26.7,0.013,16.84,17.0,Acceptable,True,train
pond_05211,shrimp,7.83,6.01,30.2,0.0,18.06,53.8,Optimal,True,train
pond_05212,shrimp,8.18,5.18,26.1,0.0,20.77,23.7,Acceptable,True,train
pond_05213,shrimp,7.51,7.71,27.9,0.0,17.85,40.2,Optimal,True,train
pond_05214,shrimp,7.61,4.9,28.5,0.466,20.57,87.5,Critical,True,train
pond_05215,shrimp,6.92,4.24,32.1,0.163,12.36,42.3,Critical,True,val
pond_05216,shrimp,7.8,4.6,28.3,0.159,10.27,37.7,Poor,True,train
pond_05217,shrimp,8.53,5.74,27.1,0.0,19.63,38.1,Acceptable,True,train
pond_05218,shrimp,7.92,8.75,30.3,0.0,20.75,53.4,Acceptable,True,train
pond_05219,shrimp,7.95,4.51,29.0,0.218,19.85,50.9,Critical,True,test
pond_05220,shrimp,8.14,5.86,31.2,0.0,17.72,19.9,Optimal,True,train
pond_05221,shrimp,7.5,5.52,27.3,0.0,15.22,31.8,Optimal,True,train
pond_05222,shrimp,8.01,6.08,30.0,0.0,18.16,26.7,Optimal,True,test
pond_05223,shrimp,8.45,1.0,34.9,0.316,19.09,34.3,Critical,True,test
pond_05224,shrimp,8.15,7.28,29.0,0.117,19.42,76.5,Acceptable,True,train
pond_05225,shrimp,8.49,5.1,29.9,0.13,31.34,52.3,Poor,True,train
pond_05226,shrimp,8.63,5.48,25.8,0.0,11.94,38.4,Acceptable,True,train
pond_05227,shrimp,8.33,6.4,27.6,0.182,34.74,64.9,Critical,True,train
pond_05228,shrimp,7.64,4.7,30.5,0.032,10.09,43.8,Optimal,True,train
pond_05229,shrimp,7.83,3.62,28.8,0.0,19.12,7.2,Optimal,True,train
pond_05230,shrimp,8.97,1.52,30.9,0.684,10.43,73.3,Critical,True,test
pond_05231,shrimp,8.16,6.74,30.4,0.044,18.68,36.9,Optimal,True,train
pond_05232,shrimp,8.09,5.32,26.6,0.0,22.4,0.0,Acceptable,True,train
pond_05233,shrimp,7.57,3.46,31.7,0.0,17.18,8.0,Acceptable,True,test
pond_05234,shrimp,7.95,4.9,26.8,0.227,22.35,62.6,Critical,True,train
pond_05235,shrimp,8.36,7.02,27.8,0.0,14.67,8.3,Optimal,True,train
pond_05236,shrimp,8.01,4.07,30.0,0.288,5.73,67.0,Critical,True,val
pond_05237,shrimp,7.74,4.63,32.9,0.159,20.45,41.6,Poor,True,test
pond_05238,shrimp,7.86,5.0,27.3,0.22,17.17,54.3,Critical,True,val
pond_05239,shrimp,8.6,3.21,29.8,0.351,14.36,34.9,Critical,True,train
pond_05240,shrimp,8.33,5.79,29.8,0.0,14.74,50.5,Optimal,True,train
pond_05241,shrimp,8.27,5.73,30.9,0.0,19.24,46.3,Optimal,True,train
pond_05242,shrimp,8.22,3.27,32.1,0.345,12.52,39.2,Critical,True,train
pond_05243,shrimp,7.41,5.0,28.6,0.0,19.06,18.7,Optimal,True,train
pond_05244,shrimp,8.14,4.31,31.7,0.143,23.54,47.2,Poor,True,train
pond_05245,shrimp,8.53,4.54,32.4,0.0,28.33,3.7,Poor,True,train
pond_05246,shrimp,7.87,6.1,33.4,0.014,24.72,58.6,Acceptable,True,test
pond_05247,shrimp,8.49,4.11,30.6,0.193,17.89,43.9,Critical,True,train
pond_05248,shrimp,8.27,4.31,29.8,0.185,18.42,49.3,Critical,True,train
pond_05249,shrimp,8.41,4.87,28.5,0.0,14.8,0.0,Acceptable,True,train
pond_05250,shrimp,8.03,4.54,26.3,0.0,14.44,17.5,Acceptable,True,train
pond_05251,shrimp,8.44,2.9,28.9,0.228,21.8,29.9,Critical,True,train
pond_05252,shrimp,7.27,4.89,29.7,0.187,15.31,53.5,Critical,True,train
pond_05253,shrimp,8.02,5.5,29.3,0.0,19.01,21.1,Optimal,True,train
pond_05254,shrimp,8.36,4.44,30.8,0.532,11.71,91.0,Critical,True,val
pond_05255,shrimp,8.15,5.6,26.3,0.0,24.54,34.7,Acceptable,True,test
pond_05256,shrimp,8.55,3.83,29.1,0.0,15.23,19.7,Optimal,True,val
pond_05257,shrimp,7.92,3.91,33.9,0.078,22.98,36.3,Acceptable,True,train
pond_05258,shrimp,7.73,4.41,31.7,0.011,13.13,21.0,Optimal,True,train
pond_05259,shrimp,7.18,5.0,30.9,0.0,12.84,16.3,Acceptable,True,train
pond_05260,shrimp,7.86,4.95,30.4,0.23,24.3,60.2,Critical,True,test
pond_05261,shrimp,8.26,5.49,28.7,0.041,13.56,50.3,Optimal,True,train
pond_05262,shrimp,8.38,7.43,25.6,0.0,8.38,50.3,Acceptable,True,test
pond_05263,shrimp,7.3,5.21,30.5,0.161,11.28,65.5,Poor,True,val
pond_05264,shrimp,8.59,6.85,24.1,0.0,21.71,49.7,Poor,True,val
pond_05265,shrimp,7.51,2.9,28.8,0.131,21.18,18.7,Poor,True,train
pond_05266,shrimp,7.94,6.07,29.5,0.033,12.81,54.2,Optimal,True,train
pond_05267,shrimp,7.72,4.71,28.5,0.0,13.53,17.5,Optimal,True,train
pond_05268,shrimp,8.21,3.59,34.3,0.33,20.7,30.4,Critical,True,train
pond_05269,shrimp,8.05,2.18,33.5,0.37,24.24,39.1,Critical,True,train
pond_05270,shrimp,8.34,6.69,31.8,0.0,16.62,37.1,Optimal,True,train
pond_05271,shrimp,8.92,2.39,27.5,0.126,20.05,4.2,Critical,True,train
pond_05272,shrimp,8.2,5.43,33.7,0.0,21.8,20.6,Poor,True,val
pond_05273,shrimp,7.71,4.94,30.9,0.056,28.84,39.5,Acceptable,True,val
pond_05274,shrimp,8.23,3.08,27.4,0.227,10.64,27.8,Critical,True,train
pond_05275,shrimp,8.97,7.22,29.6,0.141,13.32,62.5,Poor,True,train
pond_05276,shrimp,8.33,4.84,31.6,0.314,14.21,65.9,Critical,True,val
pond_05277,shrimp,8.47,2.33,28.2,0.18,21.55,17.6,Critical,True,test
pond_05278,shrimp,7.2,4.21,29.8,0.052,15.61,41.2,Acceptable,True,train
pond_05279,shrimp,8.19,5.25,30.2,0.262,18.72,71.7,Critical,True,val
pond_05280,shrimp,7.87,7.52,27.1,0.0,17.67,37.3,Optimal,True,val
pond_05281,shrimp,7.66,4.47,28.9,0.103,17.01,31.9,Optimal,True,train
pond_05282,shrimp,7.99,2.24,27.2,0.32,17.59,57.2,Critical,True,val
pond_05283,shrimp,8.05,6.03,31.4,0.0,22.66,34.5,Optimal,True,train
pond_05284,shrimp,7.69,5.94,27.5,0.283,11.66,65.4,Critical,True,val
pond_05285,shrimp,8.09,1.95,30.1,0.26,16.18,28.1,Critical,True,train
pond_05286,shrimp,7.91,6.05,26.4,0.0,10.32,30.5,Acceptable,True,train
pond_05287,shrimp,8.35,6.02,27.0,0.112,18.25,55.8,Acceptable,True,train
pond_05288,shrimp,8.11,5.12,26.9,0.063,15.92,42.0,Acceptable,True,train
pond_05289,shrimp,8.19,3.98,28.9,0.128,22.88,42.2,Poor,True,test
pond_05290,shrimp,8.49,3.96,29.9,0.0,16.97,1.8,Acceptable,True,train
pond_05291,shrimp,8.28,4.19,30.3,0.148,14.56,32.9,Poor,True,train
pond_05292,shrimp,8.0,6.29,25.6,0.102,15.64,57.3,Acceptable,True,train
pond_05293,shrimp,6.96,5.85,29.1,0.0,26.48,24.3,Acceptable,True,train
pond_05294,shrimp,8.26,2.67,27.8,0.401,8.36,54.0,Poor,True,train
pond_05295,shrimp,7.54,4.79,30.7,0.22,13.55,45.4,Critical,True,test
pond_05296,shrimp,7.96,5.55,28.9,0.02,17.2,36.0,Optimal,True,train
pond_05297,shrimp,8.19,5.05,29.3,0.32,13.5,67.2,Critical,True,train
pond_05298,shrimp,8.67,4.76,27.9,0.044,19.7,33.2,Optimal,True,train
pond_05299,shrimp,8.92,5.47,33.3,0.0,16.69,34.6,Poor,True,train
pond_05300,shrimp,7.54,7.18,26.7,0.0,18.41,35.8,Acceptable,True,test
pond_05301,shrimp,7.34,4.6,28.6,0.15,17.65,41.6,Poor,True,train
pond_05302,shrimp,8.16,4.64,29.7,0.256,16.43,55.3,Critical,True,train
pond_05303,shrimp,8.12,5.88,28.9,0.0,9.9,10.5,Acceptable,True,train
pond_05304,shrimp,7.4,6.8,27.8,0.012,17.97,57.4,Optimal,True,train
pond_05305,shrimp,7.99,4.91,25.5,0.097,7.3,41.4,Poor,True,train
pond_05306,shrimp,8.3,3.96,28.0,0.224,13.3,51.1,Critical,True,train
pond_05307,shrimp,7.38,5.7,27.4,0.477,19.69,87.8,Critical,True,train
pond_05308,shrimp,7.5,2.44,33.2,0.226,23.54,29.8,Critical,True,train
pond_05309,shrimp,7.68,1.11,34.5,0.232,29.92,15.5,Critical,True,train
pond_05310,shrimp,7.89,3.85,29.4,0.186,14.64,43.9,Critical,True,train
pond_05311,shrimp,8.35,6.14,26.4,0.005,12.24,47.0,Acceptable,True,train
pond_05312,shrimp,7.84,6.22,31.1,0.0,19.87,57.4,Optimal,True,val
pond_05313,shrimp,8.03,4.54,27.3,0.0,27.28,29.2,Acceptable,True,train
pond_05314,shrimp,9.12,4.98,28.3,0.0,25.43,23.4,Acceptable,True,train
pond_05315,shrimp,7.52,5.36,28.1,0.0,11.31,9.3,Optimal,True,train
pond_05316,shrimp,7.67,4.32,28.4,0.0,16.23,12.7,Optimal,True,train
pond_05317,shrimp,8.34,4.14,28.7,0.138,21.68,31.7,Critical,True,train
pond_05318,shrimp,8.49,5.99,26.6,0.0,22.06,37.7,Acceptable,True,train
pond_05319,shrimp,8.21,3.78,28.0,0.45,20.26,81.3,Critical,True,train
pond_05320,shrimp,8.9,3.27,31.7,0.0,14.53,6.1,Poor,True,test
pond_05321,shrimp,8.16,4.58,29.4,0.166,20.21,46.7,Poor,True,train
pond_05322,shrimp,7.01,5.11,29.8,0.0,22.11,25.5,Acceptable,True,train
pond_05323,shrimp,8.05,4.32,24.6,0.228,11.87,44.5,Critical,True,train
pond_05324,shrimp,7.71,4.07,31.6,0.057,24.32,28.9,Optimal,True,test
pond_05325,shrimp,8.69,3.66,28.0,0.348,22.46,60.7,Critical,True,train
pond_05326,shrimp,8.48,3.3,32.0,0.302,12.92,60.6,Critical,True,val
pond_05327,shrimp,7.21,5.65,29.8,0.066,22.09,37.7,Acceptable,True,train
pond_05328,shrimp,8.68,5.05,28.3,0.376,21.47,68.8,Critical,True,test
pond_05329,shrimp,8.47,7.81,25.8,0.0,21.68,55.2,Acceptable,True,val
pond_05330,shrimp,7.84,3.41,34.3,0.433,25.67,67.9,Critical,True,val
pond_05331,shrimp,7.96,5.48,31.3,0.009,16.94,39.1,Optimal,True,train
pond_05332,shrimp,8.7,5.24,31.4,0.206,18.82,59.0,Critical,True,train
pond_05333,shrimp,7.01,3.69,33.5,0.089,2.49,24.6,Poor,True,train
pond_05334,shrimp,8.22,3.09,30.0,0.0,23.14,22.6,Acceptable,True,train
pond_05335,shrimp,8.55,3.86,32.5,0.538,22.61,83.6,Critical,True,val
pond_05336,shrimp,7.96,4.45,28.4,0.024,24.46,18.3,Optimal,True,val
pond_05337,shrimp,8.32,3.67,31.1,0.194,11.85,31.3,Critical,True,train
pond_05338,shrimp,8.05,5.37,28.1,0.0,22.29,2.0,Acceptable,True,test
pond_05339,shrimp,7.61,3.36,28.4,0.071,22.6,23.1,Acceptable,True,val
pond_05340,shrimp,7.6,3.69,29.7,0.0,13.42,20.1,Optimal,True,train
pond_05341,shrimp,8.36,4.35,26.7,0.0,22.81,26.6,Acceptable,True,train
pond_05342,shrimp,7.68,4.3,30.2,0.123,19.55,46.0,Acceptable,True,train
pond_05343,shrimp,7.24,4.07,28.8,0.146,7.66,50.8,Poor,True,val
pond_05344,shrimp,8.06,5.15,25.1,0.0,20.21,19.9,Acceptable,True,train
pond_05345,shrimp,7.74,5.24,28.5,0.0,12.78,24.2,Optimal,True,train
pond_05346,shrimp,7.4,4.47,28.7,0.201,7.78,61.7,Critical,True,test
pond_05347,shrimp,8.04,4.29,31.4,0.342,19.02,74.1,Critical,True,train
pond_05348,shrimp,8.38,3.29,30.1,0.448,16.64,65.1,Critical,True,val
pond_05349,shrimp,8.01,2.94,32.7,0.183,24.72,7.1,Critical,True,train
pond_05350,shrimp,7.47,6.94,30.6,0.102,18.0,63.8,Optimal,True,test
pond_05351,shrimp,8.24,4.3,28.3,0.328,21.28,77.1,Critical,True,train
pond_05352,shrimp,8.52,2.31,29.4,0.0,19.8,6.1,Acceptable,True,test
pond_05353,shrimp,9.11,5.42,28.7,0.237,22.62,61.7,Critical,True,train
pond_05354,shrimp,8.72,3.66,30.6,0.115,12.12,44.5,Poor,True,val
pond_05355,shrimp,7.5,5.06,29.6,0.086,18.09,33.5,Optimal,True,test
pond_05356,shrimp,8.43,5.07,28.1,0.093,16.23,42.1,Optimal,True,train
pond_05357,shrimp,8.13,5.45,29.5,0.083,20.6,48.9,Optimal,True,train
pond_05358,shrimp,7.42,4.4,30.5,0.169,18.41,63.2,Critical,True,test
pond_05359,shrimp,8.14,5.13,27.3,0.283,13.62,62.1,Critical,True,train
pond_05360,shrimp,8.96,5.99,30.2,0.0,15.14,9.9,Acceptable,True,train
pond_05361,shrimp,8.6,3.09,26.0,0.136,26.07,27.0,Critical,True,train
pond_05362,shrimp,7.49,2.55,31.9,0.271,7.68,41.9,Critical,True,train
pond_05363,shrimp,8.01,3.49,30.7,0.314,20.9,71.4,Poor,True,train
pond_05364,shrimp,8.25,1.79,33.1,0.015,23.83,0.0,Poor,True,train
pond_05365,shrimp,7.14,4.89,27.0,0.0,20.18,27.8,Acceptable,True,train
pond_05366,shrimp,7.15,3.43,32.0,0.0,27.84,9.4,Poor,True,test
pond_05367,shrimp,8.08,5.41,31.6,0.0,22.16,12.6,Optimal,True,test
pond_05368,shrimp,8.08,4.8,29.1,0.277,19.11,59.7,Critical,True,train
pond_05369,shrimp,7.08,4.77,28.7,0.001,14.43,29.4,Acceptable,True,test
pond_05370,shrimp,8.19,5.0,27.1,0.0,19.21,0.0,Acceptable,True,test
pond_05371,shrimp,8.54,4.35,26.5,0.049,20.75,36.8,Acceptable,True,train
pond_05372,shrimp,7.89,6.32,27.8,0.212,17.02,80.7,Critical,True,train
pond_05373,shrimp,8.03,7.01,26.7,0.0,12.91,3.9,Acceptable,True,train
pond_05374,shrimp,8.29,2.39,33.0,0.366,10.38,50.7,Critical,True,train
pond_05375,shrimp,8.22,7.65,26.2,0.0,18.02,71.4,Optimal,True,train
pond_05376,shrimp,7.17,3.91,29.8,0.152,8.86,39.0,Critical,True,train
pond_05377,shrimp,7.55,3.64,30.5,0.364,14.41,78.6,Critical,True,train
pond_05378,shrimp,7.8,5.15,30.3,0.0,3.63,26.8,Poor,True,train
pond_05379,shrimp,7.57,5.21,30.5,0.31,21.58,68.9,Critical,True,train
pond_05380,shrimp,8.73,4.15,31.6,0.318,23.35,64.2,Critical,True,train
pond_05381,shrimp,8.32,4.65,28.5,0.0,17.43,39.3,Optimal,True,train
pond_05382,shrimp,7.45,6.15,29.7,0.0,27.07,10.3,Acceptable,True,val
pond_05383,shrimp,7.89,4.23,28.9,0.0,24.41,20.0,Optimal,True,val
pond_05384,shrimp,8.57,3.94,32.4,0.0,19.64,0.0,Acceptable,True,train
pond_05385,shrimp,7.68,5.57,34.1,0.081,16.38,51.9,Acceptable,True,test
pond_05386,shrimp,8.43,3.91,26.9,0.242,15.08,49.5,Critical,True,train
pond_05387,shrimp,8.69,5.47,25.0,0.039,20.09,41.6,Acceptable,True,train
pond_05388,shrimp,8.61,5.69,30.8,0.0,16.22,37.5,Optimal,True,train
pond_05389,shrimp,8.09,4.79,31.9,0.286,20.02,67.2,Critical,True,test
pond_05390,shrimp,8.63,4.7,33.8,0.113,20.42,46.0,Poor,True,train
pond_05391,shrimp,7.74,2.77,31.1,0.287,15.74,28.9,Critical,True,train
pond_05392,shrimp,9.24,4.35,32.6,0.133,23.03,42.9,Poor,True,train
pond_05393,shrimp,8.12,3.46,33.2,0.508,15.74,81.0,Critical,True,val
pond_05394,shrimp,8.57,6.65,32.7,0.038,17.12,52.4,Acceptable,True,test
pond_05395,shrimp,7.82,5.24,31.4,0.0,11.62,32.2,Optimal,True,test
pond_05396,shrimp,8.25,5.54,26.7,0.0,15.51,39.1,Acceptable,True,train
pond_05397,shrimp,8.27,5.15,29.5,0.153,28.87,49.3,Critical,True,train
pond_05398,shrimp,7.54,4.69,30.2,0.059,12.05,31.6,Optimal,True,train
pond_05399,shrimp,7.52,5.7,29.3,0.074,19.41,29.8,Optimal,True,val
pond_05400,shrimp,7.9,3.8,29.4,0.214,14.5,39.8,Critical,True,train
pond_05401,shrimp,8.55,5.5,32.9,0.303,4.82,70.4,Critical,True,train
pond_05402,shrimp,7.08,3.66,27.8,0.344,20.07,55.8,Critical,True,train
pond_05403,shrimp,7.82,4.57,31.3,0.0,13.94,31.8,Optimal,True,train
pond_05404,shrimp,8.65,3.62,30.2,0.221,18.75,57.4,Critical,True,train
pond_05405,shrimp,7.38,5.37,27.6,0.0,22.44,40.2,Optimal,True,train
pond_05406,shrimp,8.63,6.63,27.1,0.027,18.29,46.9,Acceptable,True,train
pond_05407,shrimp,7.44,3.77,25.8,0.304,18.81,45.1,Critical,True,train
pond_05408,shrimp,7.54,4.31,30.6,0.0,12.23,0.0,Acceptable,True,test
pond_05409,shrimp,7.93,3.11,29.4,0.0,20.89,0.0,Acceptable,True,train
pond_05410,shrimp,8.94,4.96,27.7,0.218,15.96,44.5,Critical,True,train
pond_05411,shrimp,7.68,4.19,25.4,0.0,6.01,22.9,Poor,True,train
pond_05412,shrimp,7.13,4.73,30.5,0.0,21.55,7.2,Acceptable,True,train
pond_05413,shrimp,7.3,4.39,29.1,0.008,23.23,23.6,Acceptable,True,val
pond_05414,shrimp,8.47,6.12,27.9,0.199,25.15,58.5,Critical,True,train
pond_05415,shrimp,7.32,6.85,27.4,0.0,28.94,47.2,Poor,True,train
pond_05416,shrimp,8.59,4.96,29.0,0.063,21.25,55.4,Optimal,True,train
pond_05417,shrimp,8.03,5.59,30.5,0.085,19.83,49.1,Optimal,True,val
pond_05418,shrimp,7.98,6.66,28.8,0.0,23.0,21.6,Optimal,True,val
pond_05419,shrimp,8.15,4.41,26.9,0.022,12.12,55.5,Acceptable,True,train
pond_05420,shrimp,7.6,6.56,29.4,0.09,7.8,51.7,Acceptable,True,test
pond_05421,shrimp,8.07,4.13,31.8,0.023,14.38,37.7,Optimal,True,val
pond_05422,shrimp,7.4,3.6,29.6,0.239,24.02,41.2,Critical,True,train
pond_05423,shrimp,8.67,5.12,29.7,0.033,13.36,55.8,Optimal,True,test
pond_05424,shrimp,7.49,4.91,28.8,0.0,19.56,25.0,Optimal,True,test
pond_05425,shrimp,8.22,3.65,27.5,0.383,20.15,61.8,Critical,True,train
pond_05426,shrimp,7.48,4.03,27.5,0.314,18.34,51.3,Critical,True,val
pond_05427,shrimp,7.73,7.76,25.8,0.0,9.97,40.0,Acceptable,True,train
pond_05428,shrimp,7.81,4.43,32.1,0.509,18.88,70.6,Critical,True,train
pond_05429,shrimp,9.49,6.3,30.5,0.0,14.68,14.1,Poor,True,val
pond_05430,shrimp,7.99,4.25,29.7,0.0,26.37,30.8,Optimal,True,train
pond_05431,shrimp,7.59,3.66,30.2,0.051,23.25,26.4,Optimal,True,test
pond_05432,shrimp,7.78,2.58,30.2,0.295,14.88,47.2,Critical,True,train
pond_05433,shrimp,7.25,6.4,27.9,0.144,26.71,63.6,Poor,True,val
pond_05434,shrimp,7.92,5.49,28.8,0.0,18.89,20.3,Optimal,True,train
pond_05435,shrimp,8.93,4.6,28.5,0.633,7.81,106.1,Critical,True,test
pond_05436,shrimp,8.17,2.34,35.0,0.223,16.57,26.7,Critical,True,train
pond_05437,shrimp,8.45,5.54,31.7,0.185,25.99,47.2,Critical,True,test
pond_05438,shrimp,7.55,4.49,29.9,0.072,12.49,40.1,Optimal,True,train
pond_05439,shrimp,7.9,3.78,32.5,0.195,16.62,40.9,Critical,True,train
pond_05440,shrimp,8.1,3.34,32.2,0.126,9.52,24.2,Poor,True,train
pond_05441,shrimp,7.64,5.14,26.5,0.211,10.39,61.4,Critical,True,train
pond_05442,shrimp,8.2,5.59,29.0,0.0,12.41,22.9,Optimal,True,train
pond_05443,shrimp,8.31,3.11,29.5,0.0,10.25,4.6,Acceptable,True,val
pond_05444,shrimp,8.27,4.53,30.8,0.0,13.6,17.6,Optimal,True,val
pond_05445,shrimp,7.92,6.08,29.0,0.232,26.56,68.9,Critical,True,test
pond_05446,shrimp,8.55,4.76,29.3,0.267,16.8,65.0,Critical,True,train
pond_05447,shrimp,7.87,6.34,28.5,0.0,21.32,0.0,Acceptable,True,train
pond_05448,shrimp,7.83,5.78,31.8,0.003,23.0,56.3,Optimal,True,train
pond_05449,shrimp,8.72,6.75,26.3,0.0,10.9,0.4,Poor,True,train
pond_05450,shrimp,7.45,4.41,28.6,0.111,12.43,39.5,Acceptable,True,test
pond_05451,shrimp,7.15,5.86,25.4,0.0,21.21,15.8,Poor,True,train
pond_05452,shrimp,7.57,5.83,27.2,0.026,13.51,57.8,Optimal,True,train
pond_05453,shrimp,8.19,4.05,30.2,0.193,20.85,51.1,Critical,True,train
pond_05454,shrimp,8.64,3.99,30.2,0.202,26.23,59.6,Critical,True,val
pond_05455,shrimp,7.67,4.31,28.8,0.148,9.0,34.1,Poor,True,test
pond_05456,shrimp,8.91,7.18,32.0,0.0,15.04,36.2,Acceptable,True,test
pond_05457,shrimp,8.01,3.66,32.5,0.085,15.91,10.0,Acceptable,True,test
pond_05458,shrimp,7.94,6.12,29.3,0.0,14.1,19.4,Optimal,True,val
pond_05459,shrimp,7.58,3.61,30.1,0.377,13.66,59.0,Critical,True,train
pond_05460,shrimp,8.98,7.11,28.5,0.0,14.29,47.3,Acceptable,True,val
pond_05461,shrimp,7.92,3.97,30.9,0.205,16.92,42.1,Critical,True,train
pond_05462,shrimp,7.33,5.58,26.9,0.208,17.91,65.2,Critical,True,train
pond_05463,shrimp,9.23,1.52,33.5,0.201,22.24,14.0,Critical,True,test
pond_05464,shrimp,8.2,5.46,32.0,0.283,16.86,54.4,Poor,True,train
pond_05465,shrimp,8.4,7.12,26.9,0.0,23.15,16.4,Acceptable,True,train
pond_05466,shrimp,8.84,3.85,27.8,0.383,13.75,69.6,Critical,True,train
pond_05467,shrimp,8.31,5.96,30.4,0.079,10.39,50.9,Optimal,True,test
pond_05468,shrimp,8.49,3.4,28.8,0.331,15.32,59.3,Poor,True,train
pond_05469,shrimp,8.03,5.23,30.7,0.0,19.54,26.0,Optimal,True,train
pond_05470,shrimp,8.37,4.67,28.7,0.405,21.73,83.6,Critical,True,train
pond_05471,shrimp,7.98,5.49,32.9,0.402,25.03,80.0,Critical,True,train
pond_05472,shrimp,7.99,5.09,29.5,0.193,18.6,48.6,Critical,True,train
pond_05473,shrimp,8.06,4.47,34.8,0.436,21.14,63.5,Critical,True,train
pond_05474,shrimp,7.8,5.92,30.8,0.0,24.53,34.0,Optimal,True,test
pond_05475,shrimp,8.25,5.26,26.5,0.0,12.71,14.6,Acceptable,True,train
pond_05476,shrimp,8.25,3.51,34.1,0.324,15.84,55.9,Critical,True,train
pond_05477,shrimp,8.41,2.81,31.9,0.122,32.24,21.6,Critical,True,val
pond_05478,shrimp,8.32,4.21,30.3,0.405,21.71,66.2,Critical,True,val
pond_05479,shrimp,9.0,6.72,30.9,0.0,19.81,61.0,Acceptable,True,test
pond_05480,shrimp,8.53,6.42,26.9,0.013,21.92,44.7,Acceptable,True,val
pond_05481,shrimp,7.9,4.63,25.5,0.261,9.65,43.6,Critical,True,train
pond_05482,shrimp,8.23,6.78,29.4,0.159,13.44,59.8,Poor,True,train
pond_05483,shrimp,8.71,4.44,32.5,0.239,11.43,45.5,Critical,True,train
pond_05484,shrimp,7.53,5.56,30.4,0.015,19.3,31.9,Optimal,True,train
pond_05485,shrimp,9.01,4.36,33.3,0.0,14.97,9.7,Poor,True,train
pond_05486,shrimp,7.61,4.51,32.4,0.195,17.52,59.2,Critical,True,train
pond_05487,shrimp,8.45,2.39,29.5,0.284,15.29,47.3,Critical,True,train
pond_05488,shrimp,8.0,5.42,32.1,0.362,8.05,95.1,Critical,True,train
pond_05489,shrimp,7.97,1.18,32.8,0.433,21.87,38.1,Critical,True,val
pond_05490,shrimp,7.35,6.07,29.3,0.122,7.31,46.0,Acceptable,True,train
pond_05491,shrimp,8.45,5.05,29.0,0.139,13.0,46.5,Poor,True,train
pond_05492,shrimp,7.36,5.72,29.8,0.157,9.76,53.0,Poor,True,train
pond_05493,shrimp,7.28,6.44,24.2,0.0,12.16,20.7,Poor,True,val
pond_05494,shrimp,8.58,5.88,30.1,0.018,18.11,38.5,Optimal,True,train
pond_05495,shrimp,8.89,4.39,31.1,0.09,23.79,56.6,Poor,True,test
pond_05496,shrimp,7.67,5.05,29.8,0.031,8.41,33.3,Acceptable,True,train
pond_05497,shrimp,8.5,5.08,30.3,0.145,13.94,55.8,Poor,True,val
pond_05498,shrimp,8.4,7.08,29.4,0.0,7.38,41.9,Acceptable,True,val
pond_05499,shrimp,7.95,6.72,25.1,0.0,13.67,48.0,Acceptable,True,train
pond_05500,shrimp,8.67,2.22,33.2,0.417,17.4,63.0,Critical,True,train
pond_05501,shrimp,7.92,4.34,28.7,0.009,21.22,35.5,Optimal,True,test
pond_05502,shrimp,8.26,5.89,28.1,0.0,5.35,11.0,Acceptable,True,train
pond_05503,shrimp,7.37,5.5,32.5,0.0,20.03,34.7,Acceptable,True,val
pond_05504,shrimp,7.39,3.35,31.7,0.0,11.65,23.5,Acceptable,True,val
pond_05505,shrimp,8.58,7.32,30.1,0.0,10.31,0.0,Acceptable,True,train
pond_05506,shrimp,8.28,4.55,31.2,0.0,17.37,37.9,Optimal,True,train
pond_05507,shrimp,7.93,6.0,27.0,0.047,20.45,44.0,Optimal,True,train
pond_05508,shrimp,8.95,3.34,29.3,0.291,16.45,60.4,Critical,True,test
pond_05509,shrimp,8.95,5.36,32.3,0.0,10.99,17.2,Acceptable,True,train
pond_05510,shrimp,8.22,4.67,28.0,0.076,16.44,41.8,Optimal,True,train
pond_05511,shrimp,7.27,4.5,27.3,0.196,13.01,62.6,Critical,True,train
pond_05512,shrimp,7.94,4.37,29.7,0.132,20.32,28.5,Poor,True,train
pond_05513,shrimp,7.58,6.4,29.7,0.037,22.91,50.7,Optimal,True,val
pond_05514,shrimp,8.04,4.97,30.9,0.203,22.56,72.0,Critical,True,train
pond_05515,shrimp,7.53,4.56,26.5,0.0,16.89,2.8,Acceptable,True,train
pond_05516,shrimp,7.4,5.69,23.9,0.052,23.17,45.5,Poor,True,test
pond_05517,shrimp,6.87,5.94,31.5,0.143,11.38,63.3,Poor,True,train
pond_05518,shrimp,8.08,5.17,27.1,0.107,26.81,33.0,Acceptable,True,train
pond_05519,shrimp,6.85,5.84,28.2,0.133,11.35,67.7,Poor,True,val
pond_05520,shrimp,7.84,7.08,24.7,0.058,5.83,52.7,Poor,True,val
pond_05521,shrimp,8.35,0.1,31.8,0.708,24.51,75.4,Critical,True,train
pond_05522,shrimp,7.64,6.11,30.3,0.057,13.09,51.6,Optimal,True,test
pond_05523,shrimp,7.46,3.59,30.2,0.406,17.64,77.1,Critical,True,val
pond_05524,shrimp,7.97,4.19,30.2,0.128,11.33,46.0,Poor,True,train
pond_05525,shrimp,7.59,7.88,25.0,0.0,30.0,12.6,Poor,True,train
pond_05526,shrimp,8.09,7.13,27.3,0.0,27.02,27.4,Acceptable,True,test
pond_05527,shrimp,7.48,5.66,28.5,0.185,25.51,60.4,Critical,True,test
pond_05528,shrimp,7.95,6.12,27.9,0.128,17.49,60.0,Critical,True,train
pond_05529,shrimp,7.83,6.14,28.9,0.0,22.39,33.8,Optimal,True,train
pond_05530,shrimp,7.99,6.37,30.0,0.266,16.71,76.1,Critical,True,train
pond_05531,shrimp,8.82,6.07,31.7,0.023,23.17,32.9,Acceptable,True,val
pond_05532,shrimp,8.1,5.82,26.2,0.018,14.74,49.2,Acceptable,True,train
pond_05533,shrimp,8.25,3.92,29.5,0.164,25.72,48.7,Critical,True,val
pond_05534,shrimp,7.69,4.07,31.1,0.019,14.47,13.4,Optimal,True,train
pond_05535,shrimp,8.11,5.51,27.5,0.033,15.09,37.8,Optimal,True,test
pond_05536,shrimp,7.86,4.85,29.1,0.423,14.43,87.6,Critical,True,val
pond_05537,shrimp,8.01,3.31,30.5,0.123,18.06,21.6,Poor,True,train
pond_05538,shrimp,8.32,5.32,29.5,0.15,14.86,52.5,Poor,True,train
pond_05539,shrimp,7.75,2.51,31.0,0.197,19.68,16.9,Critical,True,train
pond_05540,shrimp,7.8,4.85,29.7,0.0,14.35,21.3,Optimal,True,test
pond_05541,shrimp,7.76,5.17,28.8,0.0,21.35,11.7,Optimal,True,train
pond_05542,shrimp,7.75,5.64,26.9,0.228,25.35,58.8,Critical,True,train
pond_05543,shrimp,8.09,5.67,30.0,0.0,17.43,22.6,Optimal,True,train
pond_05544,shrimp,7.82,5.6,29.7,0.283,29.2,65.3,Critical,True,test
pond_05545,shrimp,8.75,8.06,27.3,0.0,23.2,29.4,Acceptable,True,train
pond_05546,shrimp,9.34,3.83,30.8,0.215,28.76,42.6,Critical,True,test
pond_05547,shrimp,7.72,4.37,32.3,0.294,16.66,48.2,Critical,True,train
pond_05548,shrimp,8.15,5.45,28.0,0.0,7.86,7.7,Acceptable,True,train
pond_05549,shrimp,8.52,5.44,27.9,0.025,13.12,44.1,Optimal,True,test
pond_05550,shrimp,7.87,3.74,27.8,0.217,13.68,47.0,Critical,True,train
pond_05551,shrimp,7.5,4.39,25.8,0.184,11.76,62.8,Critical,True,train
pond_05552,shrimp,8.87,3.61,33.9,0.19,4.92,20.8,Critical,True,train
pond_05553,shrimp,8.34,3.18,28.5,0.09,22.64,23.7,Acceptable,True,train
pond_05554,shrimp,8.16,4.91,27.6,0.285,6.77,53.2,Critical,True,train
pond_05555,shrimp,8.73,4.7,27.0,0.277,22.11,68.2,Poor,True,test
pond_05556,shrimp,8.39,4.68,28.6,0.004,29.02,28.1,Acceptable,True,test
pond_05557,shrimp,7.98,6.58,28.0,0.0,12.72,15.3,Acceptable,True,train
pond_05558,shrimp,7.51,2.64,32.7,0.135,19.13,33.7,Poor,True,train
pond_05559,shrimp,7.75,6.59,26.8,0.0,14.81,19.7,Acceptable,True,test
pond_05560,shrimp,8.6,5.04,26.1,0.183,21.55,48.0,Critical,True,train
pond_05561,shrimp,8.34,3.93,30.7,0.0,10.43,18.4,Optimal,True,test
pond_05562,shrimp,7.91,5.42,29.3,0.14,16.28,59.5,Acceptable,True,val
pond_05563,shrimp,8.88,4.6,29.0,0.206,23.17,44.3,Critical,True,val
pond_05564,shrimp,7.92,3.39,30.7,0.446,16.73,60.1,Critical,True,train
pond_05565,shrimp,8.49,4.27,29.8,0.0,8.04,0.0,Acceptable,True,train
pond_05566,shrimp,8.11,2.7,29.4,0.0,23.83,4.8,Poor,True,train
pond_05567,shrimp,8.97,6.1,26.4,0.125,9.87,65.9,Poor,True,train
pond_05568,shrimp,8.38,2.08,25.8,0.166,17.43,25.6,Critical,True,train
pond_05569,shrimp,8.02,6.29,28.0,0.0,20.2,10.7,Optimal,True,train
pond_05570,shrimp,7.91,6.19,27.1,0.0,17.66,35.9,Optimal,True,val
pond_05571,shrimp,7.99,6.56,30.1,0.0,30.96,44.8,Acceptable,True,train
pond_05572,shrimp,7.64,8.5,25.5,0.0,21.04,36.8,Acceptable,True,train
pond_05573,shrimp,7.32,6.19,28.5,0.0,15.89,49.4,Optimal,True,train
pond_05574,shrimp,8.15,4.15,29.1,0.246,20.31,46.7,Critical,True,train
pond_05575,shrimp,7.73,7.43,29.4,0.0,18.15,45.6,Optimal,True,train
pond_05576,shrimp,7.73,3.13,30.4,0.388,17.24,67.0,Critical,True,train
pond_05577,shrimp,7.96,2.71,28.8,0.238,18.34,39.7,Critical,True,train
pond_05578,shrimp,8.03,7.42,28.0,0.0,14.61,39.1,Optimal,True,val
pond_05579,shrimp,8.0,4.78,32.2,0.17,18.17,56.1,Critical,True,train
pond_05580,shrimp,8.87,2.74,28.8,0.422,14.22,51.1,Critical,True,train
pond_05581,shrimp,8.33,2.32,32.6,0.115,6.57,21.9,Poor,True,train
pond_05582,shrimp,9.05,5.66,28.8,0.0,23.27,38.2,Acceptable,True,train
pond_05583,shrimp,7.78,3.77,29.5,0.328,13.89,48.8,Critical,True,train
pond_05584,shrimp,8.39,4.01,29.2,0.0,17.78,28.3,Acceptable,True,test
pond_05585,shrimp,7.81,7.02,30.0,0.0,12.82,29.2,Acceptable,True,val
pond_05586,shrimp,7.72,7.63,28.6,0.0,12.98,12.2,Optimal,True,train
pond_05587,shrimp,9.07,4.92,29.7,0.0,11.29,0.0,Poor,True,train
pond_05588,shrimp,7.62,3.7,32.9,0.203,22.22,32.5,Critical,True,train
pond_05589,shrimp,6.88,5.25,31.8,0.0,23.54,42.5,Acceptable,True,train
pond_05590,shrimp,7.65,3.49,31.8,0.0,17.14,18.1,Acceptable,True,test
pond_05591,shrimp,7.0,2.93,26.5,0.387,14.05,67.6,Critical,True,train
pond_05592,shrimp,7.52,2.19,26.9,0.198,7.69,19.1,Critical,True,train
pond_05593,shrimp,7.57,4.58,30.0,0.235,21.37,58.3,Critical,True,train
pond_05594,shrimp,8.02,5.4,31.2,0.08,13.28,48.4,Acceptable,True,val
pond_05595,shrimp,6.98,5.13,28.4,0.289,10.86,83.5,Critical,True,test
pond_05596,shrimp,8.6,6.19,28.0,0.036,17.16,50.8,Optimal,True,val
pond_05597,shrimp,7.06,5.06,32.6,0.0,15.16,11.1,Acceptable,True,train
pond_05598,shrimp,7.94,6.05,31.0,0.069,8.65,61.1,Optimal,True,test
pond_05599,shrimp,7.84,4.39,31.8,0.298,9.41,74.0,Poor,True,train
pond_05600,shrimp,8.41,5.4,28.5,0.0,18.85,4.6,Acceptable,True,train
pond_05601,shrimp,8.18,5.07,28.4,0.103,13.39,52.8,Optimal,True,train
pond_05602,shrimp,8.59,3.92,31.6,0.282,19.81,57.2,Critical,True,train
pond_05603,shrimp,7.82,3.07,28.9,0.068,17.81,35.7,Acceptable,True,train
pond_05604,shrimp,7.77,6.57,28.2,0.0,22.76,0.0,Optimal,True,train
pond_05605,shrimp,8.21,4.89,27.5,0.045,12.42,34.1,Optimal,True,val
pond_05606,shrimp,8.51,4.58,28.4,0.0,18.28,28.4,Optimal,True,val
pond_05607,shrimp,8.41,3.63,31.4,0.419,20.51,70.6,Critical,True,train
pond_05608,shrimp,8.16,4.1,26.2,0.191,13.56,38.2,Critical,True,train
pond_05609,shrimp,8.12,4.32,30.9,0.0,23.2,31.8,Optimal,True,train
pond_05610,shrimp,7.98,5.84,27.9,0.0,7.84,28.3,Acceptable,True,train
pond_05611,shrimp,8.2,4.08,29.0,0.098,12.42,46.5,Optimal,True,test
pond_05612,shrimp,9.02,6.13,29.2,0.0,7.63,41.1,Poor,True,train
pond_05613,shrimp,7.88,4.49,29.0,0.0,12.95,24.2,Optimal,True,train
pond_05614,shrimp,7.82,3.13,28.9,0.257,16.15,45.3,Critical,True,val
pond_05615,shrimp,7.78,6.72,28.5,0.0,21.57,28.9,Optimal,True,test
pond_05616,shrimp,8.19,5.38,28.2,0.0,16.15,0.0,Acceptable,True,train
pond_05617,shrimp,6.94,5.04,32.4,0.236,13.73,53.4,Critical,True,val
pond_05618,shrimp,7.93,5.85,29.6,0.051,8.48,51.5,Acceptable,True,test
pond_05619,shrimp,8.44,3.74,29.2,0.247,10.32,44.0,Critical,True,train
pond_05620,shrimp,7.74,4.56,28.1,0.069,18.71,31.2,Optimal,True,train
pond_05621,shrimp,8.09,6.29,28.6,0.0,21.85,38.6,Optimal,True,test
pond_05622,shrimp,9.05,7.39,28.1,0.0,14.69,56.4,Acceptable,True,train
pond_05623,shrimp,8.17,4.42,31.2,0.008,23.66,27.4,Optimal,True,val
pond_05624,shrimp,6.88,4.5,27.8,0.332,11.78,57.2,Critical,True,train
pond_05625,shrimp,7.3,8.17,24.6,0.0,14.85,10.5,Poor,True,train
pond_05626,shrimp,7.87,4.01,29.6,0.147,15.32,43.4,Poor,True,train
pond_05627,shrimp,7.6,5.36,28.9,0.009,25.41,40.5,Optimal,True,train
pond_05628,shrimp,8.05,4.64,28.2,0.311,17.74,60.1,Critical,True,train
pond_05629,shrimp,7.85,4.58,31.5,0.055,7.11,21.6,Acceptable,True,train
pond_05630,shrimp,8.58,5.31,23.5,0.0,22.23,23.8,Poor,True,train
pond_05631,shrimp,7.45,3.4,33.0,0.033,27.15,12.1,Poor,True,train
pond_05632,shrimp,7.9,3.41,31.8,0.202,15.63,28.7,Critical,True,train
pond_05633,shrimp,8.11,5.97,28.1,0.008,12.07,45.1,Optimal,True,test
pond_05634,shrimp,8.17,5.27,28.5,0.0,21.75,4.0,Acceptable,True,train
pond_05635,shrimp,8.07,5.55,30.6,0.0,27.8,31.1,Acceptable,True,train
pond_05636,shrimp,6.79,3.49,30.7,0.251,21.67,52.2,Critical,True,val
pond_05637,shrimp,8.04,4.93,28.1,0.173,8.07,37.9,Critical,True,train
pond_05638,shrimp,7.92,6.52,25.9,0.0,21.15,41.5,Acceptable,True,train
pond_05639,shrimp,8.43,4.56,34.2,0.0,19.22,9.9,Acceptable,True,val
pond_05640,shrimp,8.36,2.49,31.6,0.392,11.75,38.0,Critical,True,train
pond_05641,shrimp,8.12,5.09,29.8,0.0,24.09,40.6,Optimal,True,train
pond_05642,shrimp,8.16,3.72,29.9,0.161,19.41,36.7,Poor,True,train
pond_05643,shrimp,8.68,5.52,30.9,0.0,24.23,43.1,Optimal,True,train
pond_05644,shrimp,8.58,6.59,31.1,0.0,11.16,33.8,Optimal,True,train
pond_05645,shrimp,8.14,2.92,24.9,0.084,19.19,30.9,Poor,True,test
pond_05646,shrimp,9.07,4.22,28.7,0.0,12.08,19.2,Acceptable,True,train
pond_05647,shrimp,7.69,5.39,28.5,0.179,18.36,59.5,Critical,True,train
pond_05648,shrimp,7.41,4.89,29.1,0.0,25.12,15.5,Optimal,True,val
pond_05649,shrimp,7.99,5.47,31.2,0.111,9.15,43.2,Acceptable,True,train
pond_05650,shrimp,7.81,5.97,25.6,0.092,9.47,76.3,Acceptable,True,test
pond_05651,shrimp,6.77,4.97,26.5,0.222,22.26,62.0,Critical,True,test
pond_05652,shrimp,7.67,3.98,28.0,0.212,16.92,50.2,Critical,True,train
pond_05653,shrimp,8.17,3.28,29.8,0.24,23.44,45.0,Critical,True,train
pond_05654,shrimp,7.97,3.41,31.3,0.179,12.56,37.4,Critical,True,train
pond_05655,shrimp,7.61,3.14,33.1,0.025,17.28,22.0,Acceptable,True,val
pond_05656,shrimp,8.02,5.43,28.9,0.0,20.78,34.9,Optimal,True,test
pond_05657,shrimp,8.06,4.11,31.3,0.239,18.16,51.5,Poor,True,val
pond_05658,shrimp,8.36,3.59,31.1,0.169,7.16,47.8,Critical,True,test
pond_05659,shrimp,7.68,3.26,30.7,0.355,32.52,55.8,Critical,True,train
pond_05660,shrimp,8.44,3.97,29.4,0.266,18.17,64.4,Critical,True,val
pond_05661,shrimp,7.45,4.36,28.6,0.141,9.63,36.8,Critical,True,train
pond_05662,shrimp,7.75,4.54,27.2,0.127,18.73,43.8,Poor,True,train
pond_05663,shrimp,8.85,6.29,27.0,0.0,19.36,2.0,Poor,True,train
pond_05664,shrimp,7.49,6.23,30.3,0.282,22.47,85.1,Critical,True,train
pond_05665,shrimp,7.67,3.42,29.4,0.104,22.1,31.7,Acceptable,True,train
pond_05666,shrimp,7.37,6.39,28.6,0.029,15.82,53.0,Optimal,True,train
pond_05667,shrimp,7.59,5.23,31.0,0.064,7.53,31.7,Acceptable,True,train
pond_05668,shrimp,8.07,5.14,29.1,0.0,19.54,31.2,Optimal,True,train
pond_05669,shrimp,8.35,7.18,27.5,0.0,7.97,35.3,Acceptable,True,train
pond_05670,shrimp,7.99,4.76,28.9,0.0,23.68,15.1,Optimal,True,train
pond_05671,shrimp,7.84,4.79,31.3,0.0,12.97,0.0,Acceptable,True,train
pond_05672,shrimp,7.38,5.56,27.2,0.284,20.49,63.2,Critical,True,train
pond_05673,shrimp,7.64,4.73,30.0,0.163,13.39,50.9,Poor,True,train
pond_05674,shrimp,7.23,5.38,29.4,0.0,14.29,21.7,Acceptable,True,train
pond_05675,shrimp,8.37,5.31,27.8,0.028,12.59,49.0,Optimal,True,train
pond_05676,shrimp,8.4,5.54,28.9,0.121,20.94,56.5,Acceptable,True,train
pond_05677,shrimp,7.98,4.94,26.0,0.018,13.58,26.1,Acceptable,True,train
pond_05678,shrimp,8.22,3.97,29.7,0.193,21.23,48.2,Critical,True,train
pond_05679,shrimp,8.44,4.81,26.5,0.207,13.73,60.1,Poor,True,train
pond_05680,shrimp,8.05,3.72,31.9,0.0,15.73,11.2,Acceptable,True,train
pond_05681,shrimp,8.7,6.07,29.3,0.056,17.2,50.7,Optimal,True,train
pond_05682,shrimp,7.49,4.59,28.2,0.121,17.85,47.3,Acceptable,True,train
pond_05683,shrimp,7.83,4.89,32.1,0.285,11.92,77.6,Critical,True,train
pond_05684,shrimp,7.77,5.74,27.2,0.152,20.87,51.1,Poor,True,train
pond_05685,shrimp,8.32,4.72,27.9,0.098,15.51,31.8,Optimal,True,train
pond_05686,shrimp,7.28,7.47,25.5,0.0,19.99,34.1,Acceptable,True,train
pond_05687,shrimp,8.72,4.9,32.4,0.347,16.91,80.5,Critical,True,train
pond_05688,shrimp,8.28,3.68,33.6,0.167,20.23,32.9,Critical,True,train
pond_05689,shrimp,8.88,5.71,25.8,0.013,14.74,51.7,Poor,True,train
pond_05690,shrimp,7.98,5.4,27.7,0.02,12.66,35.2,Optimal,True,train
pond_05691,shrimp,7.72,2.92,29.7,0.376,19.35,61.6,Critical,True,train
pond_05692,shrimp,8.33,4.12,28.4,0.221,14.28,62.6,Critical,True,val
pond_05693,shrimp,8.52,5.37,29.4,0.153,25.02,39.5,Poor,True,train
pond_05694,shrimp,7.64,2.97,29.2,0.147,17.37,31.9,Critical,True,train
pond_05695,shrimp,7.0,3.66,30.4,0.147,9.45,31.4,Critical,True,train
pond_05696,shrimp,7.09,4.91,27.4,0.0,13.78,5.5,Acceptable,True,train
pond_05697,shrimp,8.13,8.17,29.9,0.0,11.5,42.0,Optimal,True,train
pond_05698,shrimp,8.77,6.28,27.0,0.105,22.9,41.6,Acceptable,True,train
pond_05699,shrimp,7.35,6.36,28.6,0.0,21.25,23.7,Optimal,True,test
pond_05700,shrimp,7.86,4.88,25.7,0.0,16.66,3.3,Acceptable,True,test
pond_05701,shrimp,7.83,5.48,28.6,0.147,18.6,44.1,Poor,True,train
pond_05702,shrimp,8.96,3.03,28.2,0.244,16.52,46.7,Critical,True,train
pond_05703,shrimp,9.13,3.84,31.6,0.248,21.73,47.9,Critical,True,train
pond_05704,shrimp,8.21,5.44,29.4,0.0,19.86,20.2,Optimal,True,train
pond_05705,shrimp,8.45,3.03,29.8,0.232,20.85,47.9,Critical,True,test
pond_05706,shrimp,8.44,5.29,29.5,0.034,15.94,36.4,Optimal,True,train
pond_05707,shrimp,7.36,6.65,24.8,0.014,13.53,57.3,Poor,True,test
pond_05708,shrimp,8.35,5.28,25.1,0.0,20.66,20.5,Acceptable,True,train
pond_05709,shrimp,7.49,3.99,28.8,0.214,25.53,63.0,Critical,True,train
pond_05710,shrimp,7.91,3.77,30.1,0.438,23.08,70.2,Critical,True,train
pond_05711,shrimp,8.57,4.52,29.0,0.027,25.7,42.3,Optimal,True,train
pond_05712,shrimp,8.04,4.94,27.6,0.237,17.89,48.1,Critical,True,test
pond_05713,shrimp,8.55,5.56,29.0,0.087,11.67,55.7,Optimal,True,train
pond_05714,shrimp,8.65,4.35,28.8,0.019,12.15,19.5,Optimal,True,train
pond_05715,shrimp,7.12,6.26,31.2,0.0,24.59,30.3,Acceptable,True,train
pond_05716,shrimp,6.91,6.28,31.1,0.0,6.76,43.7,Poor,True,train
pond_05717,shrimp,8.58,5.42,28.3,0.292,25.28,80.5,Critical,True,train
pond_05718,shrimp,8.6,4.42,29.4,0.0,12.67,16.1,Optimal,True,val
pond_05719,shrimp,8.13,3.99,30.1,0.366,27.58,72.8,Critical,True,train
pond_05720,shrimp,8.2,4.93,30.4,0.0,16.61,36.1,Optimal,True,train
pond_05721,shrimp,8.45,4.4,33.1,0.146,20.97,39.3,Poor,True,train
pond_05722,shrimp,8.44,4.58,29.4,0.233,30.12,64.4,Critical,True,train
pond_05723,shrimp,7.85,3.63,32.1,0.473,15.18,80.4,Critical,True,train
pond_05724,shrimp,8.48,5.92,26.9,0.121,15.09,48.5,Poor,True,train
pond_05725,shrimp,7.83,5.27,28.1,0.256,13.18,63.3,Critical,True,train
pond_05726,shrimp,8.12,5.39,24.8,0.0,11.49,21.6,Acceptable,True,train
pond_05727,shrimp,8.1,4.84,29.8,0.07,15.19,29.4,Optimal,True,train
pond_05728,shrimp,7.57,3.69,30.9,0.017,13.95,13.0,Acceptable,True,val
pond_05729,shrimp,7.63,5.43,23.9,0.0,10.12,29.7,Poor,True,test
pond_05730,shrimp,9.12,4.68,29.9,0.139,15.84,51.3,Poor,True,val
pond_05731,shrimp,7.55,3.75,30.8,0.27,19.47,44.2,Poor,True,train
pond_05732,shrimp,8.18,3.59,30.7,0.494,12.07,74.5,Critical,True,train
pond_05733,shrimp,8.29,6.77,26.9,0.119,16.11,81.1,Poor,True,test
pond_05734,shrimp,7.97,3.87,31.2,0.067,24.74,37.3,Optimal,True,train
pond_05735,shrimp,8.34,7.01,29.5,0.0,9.19,26.4,Optimal,True,train
pond_05736,shrimp,8.16,5.2,30.8,0.139,27.62,63.2,Poor,True,val
pond_05737,shrimp,7.56,3.89,29.2,0.402,13.29,65.3,Critical,True,train
pond_05738,shrimp,8.27,5.96,30.3,0.185,18.1,48.8,Critical,True,val
pond_05739,shrimp,7.73,3.27,31.9,0.339,24.04,54.1,Critical,True,val
pond_05740,shrimp,8.87,7.29,29.1,0.0,25.71,51.0,Acceptable,True,train
pond_05741,shrimp,8.21,4.9,30.1,0.0,19.58,20.2,Optimal,True,train
pond_05742,shrimp,7.65,4.7,32.2,0.0,13.18,15.6,Optimal,True,train
pond_05743,shrimp,8.17,4.92,29.2,0.07,12.69,39.0,Optimal,True,val
pond_05744,shrimp,7.54,5.79,27.0,0.001,13.84,36.0,Optimal,True,train
pond_05745,shrimp,8.13,4.12,31.0,0.122,27.39,45.5,Poor,True,train
pond_05746,shrimp,7.89,2.83,32.7,0.174,14.89,37.4,Critical,True,train
pond_05747,shrimp,7.59,4.43,32.3,0.0,18.78,5.9,Acceptable,True,train
pond_05748,shrimp,7.58,5.6,31.1,0.0,11.26,0.0,Acceptable,True,train
pond_05749,shrimp,9.22,4.78,24.3,0.011,10.64,54.7,Poor,True,train
pond_05750,shrimp,8.05,7.03,28.1,0.0,17.15,26.7,Optimal,True,val
pond_05751,shrimp,7.78,5.87,28.2,0.0,15.21,35.4,Optimal,True,train
pond_05752,shrimp,7.7,4.25,29.6,0.116,15.62,28.8,Acceptable,True,test
pond_05753,shrimp,8.24,3.24,33.2,0.188,8.87,21.7,Critical,True,train
pond_05754,shrimp,7.68,7.69,27.1,0.0,16.6,21.2,Optimal,True,train
pond_05755,shrimp,7.45,4.58,34.4,0.297,25.52,60.4,Critical,True,train
pond_05756,shrimp,7.98,6.4,28.7,0.0,12.31,35.2,Optimal,True,train
pond_05757,shrimp,7.98,4.96,27.8,0.187,21.94,52.7,Critical,True,train
pond_05758,shrimp,7.79,4.96,31.4,0.169,0.0,55.4,Critical,True,train
pond_05759,shrimp,7.55,4.66,31.5,0.166,12.59,46.3,Poor,True,train
pond_05760,shrimp,7.8,4.2,30.9,0.199,6.49,56.0,Critical,True,train
pond_05761,shrimp,7.77,5.39,27.8,0.171,23.8,40.3,Critical,True,train
pond_05762,shrimp,7.7,5.83,30.6,0.031,21.83,67.3,Optimal,True,train
pond_05763,shrimp,8.14,7.34,27.2,0.032,11.31,56.5,Optimal,True,train
pond_05764,shrimp,9.11,4.98,27.7,0.231,18.59,59.1,Critical,True,train
pond_05765,shrimp,8.67,3.28,29.3,0.092,23.61,21.2,Acceptable,True,val
pond_05766,shrimp,8.97,7.26,27.7,0.0,24.46,45.3,Acceptable,True,train
pond_05767,shrimp,7.72,6.16,31.8,0.0,14.77,3.3,Acceptable,True,train
pond_05768,shrimp,8.84,5.63,28.2,0.264,4.85,68.0,Critical,True,train
pond_05769,shrimp,8.11,7.08,29.0,0.0,12.06,27.5,Optimal,True,val
pond_05770,shrimp,8.49,5.72,27.6,0.0,21.21,30.3,Optimal,True,train
pond_05771,shrimp,8.23,3.09,31.8,0.074,28.54,12.7,Poor,True,test
pond_05772,shrimp,7.83,3.63,28.0,0.14,16.7,39.3,Poor,True,train
pond_05773,shrimp,8.36,2.53,32.0,0.252,13.66,34.6,Poor,True,test
pond_05774,shrimp,8.24,4.16,31.9,0.492,30.2,76.5,Critical,True,train
pond_05775,shrimp,7.12,4.51,28.5,0.211,19.23,57.2,Critical,True,train
pond_05776,shrimp,7.94,4.09,29.6,0.145,10.25,29.7,Poor,True,train
pond_05777,shrimp,8.44,4.96,28.5,0.0,16.35,6.7,Optimal,True,train
pond_05778,shrimp,8.14,5.5,30.7,0.0,22.5,0.0,Acceptable,True,train
pond_05779,shrimp,8.23,4.26,29.1,0.009,16.61,19.5,Optimal,True,test
pond_05780,shrimp,7.62,4.19,28.6,0.064,21.37,13.4,Optimal,True,train
pond_05781,shrimp,8.13,4.2,29.6,0.184,8.17,47.0,Critical,True,test
pond_05782,shrimp,7.95,6.85,26.0,0.0,9.11,37.1,Acceptable,True,test
pond_05783,shrimp,7.9,4.76,29.3,0.217,12.96,40.3,Critical,True,val
pond_05784,shrimp,7.66,4.75,30.9,0.0,15.45,21.0,Optimal,True,val
pond_05785,shrimp,8.46,6.58,29.8,0.001,18.84,43.0,Optimal,True,val
pond_05786,shrimp,8.17,7.64,31.6,0.0,20.5,11.6,Optimal,True,val
pond_05787,shrimp,8.12,5.79,28.7,0.0,30.56,38.2,Acceptable,True,test
pond_05788,shrimp,9.03,5.73,28.5,0.088,12.94,56.6,Acceptable,True,train
pond_05789,shrimp,8.24,4.05,27.0,0.246,15.27,32.7,Poor,True,val
pond_05790,shrimp,8.6,5.49,28.6,0.173,13.09,48.9,Critical,True,train
pond_05791,shrimp,8.14,3.69,33.8,0.0,22.94,0.5,Poor,True,train
pond_05792,shrimp,7.82,5.71,30.1,0.0,23.24,0.0,Acceptable,True,val
pond_05793,shrimp,7.47,4.68,28.2,0.011,14.54,46.5,Optimal,True,train
pond_05794,shrimp,8.12,5.64,27.3,0.146,28.36,60.9,Poor,True,train
pond_05795,shrimp,6.67,6.49,26.0,0.08,13.1,35.2,Poor,True,test
pond_05796,shrimp,8.14,7.58,27.7,0.148,22.66,82.9,Poor,True,train
pond_05797,shrimp,8.16,6.22,31.2,0.0,25.0,11.1,Optimal,True,train
pond_05798,shrimp,7.89,6.58,28.6,0.0,9.51,26.4,Optimal,True,train
pond_05799,shrimp,7.95,6.25,27.4,0.0,20.18,42.8,Optimal,True,train
pond_05800,shrimp,7.37,4.79,27.6,0.145,2.01,49.3,Critical,True,train
pond_05801,shrimp,8.69,5.28,30.9,0.1,21.53,28.3,Optimal,True,train
pond_05802,shrimp,7.83,3.92,29.3,0.071,10.94,18.8,Optimal,True,val
pond_05803,shrimp,7.51,4.93,28.1,0.019,20.12,52.4,Optimal,True,train
pond_05804,shrimp,8.27,7.12,28.8,0.0,21.15,42.7,Optimal,True,train
pond_05805,shrimp,8.06,4.12,34.4,0.004,23.16,33.1,Optimal,True,train
pond_05806,shrimp,7.82,4.34,32.2,0.145,21.9,50.0,Poor,True,val
pond_05807,shrimp,7.77,4.35,32.7,0.133,17.31,37.3,Poor,True,train
pond_05808,shrimp,8.0,5.74,25.6,0.079,14.91,37.2,Acceptable,True,train
pond_05809,shrimp,8.67,2.3,29.2,0.356,16.59,36.5,Critical,True,train
pond_05810,shrimp,8.23,3.67,28.1,0.074,10.86,23.6,Optimal,True,train
pond_05811,shrimp,7.98,5.21,30.7,0.0,15.84,21.5,Optimal,True,train
pond_05812,shrimp,8.43,3.06,31.8,0.24,15.4,29.5,Poor,True,train
pond_05813,shrimp,8.01,4.48,30.2,0.002,12.66,40.6,Optimal,True,train
pond_05814,shrimp,8.2,3.85,27.6,0.006,7.42,2.6,Acceptable,True,train
pond_05815,shrimp,8.08,4.33,28.0,0.209,9.98,58.9,Critical,True,train
pond_05816,shrimp,8.29,4.42,30.9,0.132,0.0,40.4,Critical,True,train
pond_05817,shrimp,7.78,5.48,31.1,0.0,15.31,18.7,Optimal,True,train
pond_05818,shrimp,7.43,6.06,29.8,0.136,18.98,72.3,Poor,True,train
pond_05819,shrimp,8.45,3.84,29.8,0.199,2.25,40.8,Critical,True,train
pond_05820,shrimp,8.75,5.14,29.6,0.0,18.3,13.3,Acceptable,True,test
pond_05821,shrimp,7.45,2.93,30.1,0.464,16.33,71.4,Critical,True,train
pond_05822,shrimp,8.09,4.44,31.1,0.303,10.53,67.1,Critical,True,train
pond_05823,shrimp,7.78,5.57,30.9,0.0,14.63,21.8,Optimal,True,train
pond_05824,shrimp,8.44,4.71,29.6,0.193,22.78,33.5,Critical,True,train
pond_05825,shrimp,8.12,6.41,29.4,0.0,11.64,30.8,Optimal,True,train
pond_05826,shrimp,9.66,5.86,29.3,0.0,17.43,2.2,Poor,True,train
pond_05827,shrimp,7.85,5.56,27.8,0.0,18.91,46.5,Optimal,True,test
pond_05828,shrimp,8.77,4.98,27.8,0.236,12.48,56.9,Critical,True,val
pond_05829,shrimp,8.82,3.83,30.7,0.306,22.55,53.1,Critical,True,val
pond_05830,shrimp,8.27,3.48,27.9,0.249,19.22,40.7,Critical,True,val
pond_05831,shrimp,8.02,2.76,31.3,0.312,15.61,58.8,Poor,True,train
pond_05832,shrimp,8.05,6.02,29.4,0.0,30.0,17.3,Acceptable,True,train
pond_05833,shrimp,8.01,6.12,31.3,0.352,22.57,76.4,Critical,True,test
pond_05834,shrimp,8.57,3.12,30.9,0.035,7.73,24.6,Poor,True,train
pond_05835,shrimp,7.56,4.38,31.4,0.064,14.86,26.8,Optimal,True,train
pond_05836,shrimp,7.92,3.2,28.5,0.071,30.57,28.5,Poor,True,train
pond_05837,shrimp,7.86,3.38,30.4,0.094,11.6,27.0,Acceptable,True,train
pond_05838,shrimp,7.14,4.67,31.1,0.0,17.36,36.1,Optimal,True,val
pond_05839,shrimp,8.43,5.11,26.1,0.0,23.77,35.4,Acceptable,True,train
pond_05840,shrimp,8.53,1.48,33.2,0.352,20.59,42.6,Critical,True,test
pond_05841,shrimp,7.68,5.5,34.5,0.0,21.38,23.6,Poor,True,train
pond_05842,shrimp,8.52,4.17,31.6,0.22,21.06,43.3,Critical,True,train
pond_05843,shrimp,7.21,2.99,31.3,0.152,17.14,18.2,Critical,True,train
pond_05844,shrimp,8.01,4.6,30.8,0.161,12.64,54.6,Poor,True,train
pond_05845,shrimp,7.94,4.9,28.8,0.205,19.39,54.4,Critical,True,val
pond_05846,shrimp,8.04,5.37,29.3,0.0,14.78,39.9,Optimal,True,train
pond_05847,shrimp,8.04,3.81,31.6,0.057,14.35,27.0,Optimal,True,train
pond_05848,shrimp,7.96,5.76,27.4,0.05,25.15,46.2,Optimal,True,test
pond_05849,shrimp,7.81,6.57,27.2,0.0,14.9,22.2,Optimal,True,test
pond_05850,shrimp,7.95,3.46,28.6,0.236,26.38,40.7,Critical,True,train
pond_05851,shrimp,8.68,3.57,30.9,0.148,18.41,37.0,Poor,True,train
pond_05852,shrimp,7.71,6.33,27.6,0.358,16.12,92.6,Critical,True,train
pond_05853,shrimp,9.13,4.27,29.0,0.026,7.0,15.5,Poor,True,train
pond_05854,shrimp,7.68,4.77,29.3,0.0,28.66,0.0,Poor,True,test
pond_05855,shrimp,8.12,4.84,27.3,0.04,16.97,27.2,Optimal,True,train
pond_05856,shrimp,8.29,5.77,24.1,0.0,4.51,5.7,Poor,True,train
pond_05857,shrimp,7.85,4.82,27.2,0.066,22.43,25.5,Optimal,True,train
pond_05858,shrimp,8.69,3.13,30.1,0.011,16.72,14.0,Acceptable,True,train
pond_05859,shrimp,8.27,5.06,30.6,0.0,11.88,21.9,Optimal,True,train
pond_05860,shrimp,7.9,5.78,30.6,0.0,22.12,18.7,Optimal,True,train
pond_05861,shrimp,8.69,4.22,30.8,0.162,2.98,59.3,Critical,True,train
pond_05862,shrimp,7.49,6.32,28.1,0.0,13.07,39.0,Optimal,True,test
pond_05863,shrimp,7.72,4.72,27.7,0.301,15.35,61.5,Critical,True,val
pond_05864,shrimp,8.28,3.91,30.3,0.168,21.69,40.8,Critical,True,train
pond_05865,shrimp,8.4,5.42,29.0,0.071,29.32,58.6,Acceptable,True,train
pond_05866,shrimp,8.16,4.77,31.5,0.012,15.65,34.0,Optimal,True,train
pond_05867,shrimp,7.94,4.44,30.3,0.446,19.53,71.9,Critical,True,train
pond_05868,shrimp,7.87,4.84,32.3,0.19,32.12,49.4,Critical,True,train
pond_05869,shrimp,8.57,3.53,28.5,0.123,17.03,24.4,Acceptable,True,train
pond_05870,shrimp,8.12,3.79,31.8,0.488,19.58,52.4,Critical,True,test
pond_05871,shrimp,7.56,4.74,34.0,0.112,10.19,40.5,Acceptable,True,train
pond_05872,shrimp,7.54,5.92,29.6,0.0,27.78,35.9,Acceptable,True,train
pond_05873,shrimp,8.76,5.5,30.6,0.0,13.08,41.9,Acceptable,True,train
pond_05874,shrimp,7.64,6.58,27.5,0.065,18.48,55.0,Optimal,True,train
pond_05875,shrimp,8.14,3.82,31.5,0.0,18.32,0.0,Acceptable,True,train
pond_05876,shrimp,8.68,2.08,32.0,0.242,17.47,33.0,Critical,True,train
pond_05877,shrimp,8.27,4.79,28.4,0.173,14.61,53.7,Critical,True,train
pond_05878,shrimp,7.62,5.21,30.8,0.028,18.33,45.0,Optimal,True,train
pond_05879,shrimp,7.49,5.59,30.1,0.0,26.67,17.5,Acceptable,True,train
pond_05880,shrimp,8.93,3.93,30.4,0.0,29.55,0.0,Critical,True,test
pond_05881,shrimp,7.48,3.15,31.3,0.594,16.04,74.0,Critical,True,train
pond_05882,shrimp,7.72,3.45,30.6,0.284,14.53,36.3,Critical,True,train
pond_05883,shrimp,8.19,4.23,29.2,0.288,12.55,70.3,Critical,True,train
pond_05884,shrimp,7.89,2.02,31.3,0.429,31.77,55.9,Critical,True,train
pond_05885,shrimp,8.29,3.5,31.9,0.047,17.71,24.1,Acceptable,True,test
pond_05886,shrimp,7.27,5.19,28.3,0.0,23.13,0.0,Acceptable,True,train
pond_05887,shrimp,7.89,4.68,29.5,0.015,20.83,30.8,Optimal,True,val
pond_05888,shrimp,8.34,5.46,25.6,0.003,29.15,39.3,Poor,True,train
pond_05889,shrimp,8.34,3.62,30.8,0.348,15.64,49.0,Critical,True,train
pond_05890,shrimp,7.71,3.38,32.2,0.039,10.91,17.8,Acceptable,True,test
pond_05891,shrimp,7.49,4.29,28.9,0.158,27.23,43.6,Poor,True,train
pond_05892,shrimp,8.11,5.57,29.8,0.072,21.97,43.6,Acceptable,True,train
pond_05893,shrimp,7.34,4.93,29.0,0.264,19.51,59.7,Critical,True,train
pond_05894,shrimp,8.64,8.83,28.7,0.0,25.44,33.9,Acceptable,True,train
pond_05895,shrimp,8.08,4.26,30.0,0.3,19.82,48.9,Critical,True,train
pond_05896,shrimp,7.65,5.8,27.8,0.0,25.63,45.8,Optimal,True,val
pond_05897,shrimp,7.47,4.57,29.0,0.253,18.36,57.5,Critical,True,train
pond_05898,shrimp,7.68,4.94,27.5,0.0,21.96,23.6,Optimal,True,train
pond_05899,shrimp,7.22,6.32,30.8,0.0,19.9,0.0,Acceptable,True,val
pond_05900,shrimp,8.25,5.85,30.0,0.01,15.21,35.3,Optimal,True,val
pond_05901,shrimp,7.6,2.95,28.6,0.29,15.87,35.4,Poor,True,train
pond_05902,shrimp,8.2,3.55,29.6,0.0,14.84,16.8,Acceptable,True,train
pond_05903,shrimp,8.27,4.77,29.0,0.0,18.46,9.8,Optimal,True,train
pond_05904,shrimp,8.48,3.49,32.0,0.002,14.49,28.5,Acceptable,True,test
pond_05905,shrimp,8.13,3.25,28.5,0.233,19.4,37.7,Critical,True,test
pond_05906,shrimp,8.56,4.56,30.9,0.052,19.21,41.9,Optimal,True,train
pond_05907,shrimp,8.69,2.97,27.9,0.0,18.13,0.0,Poor,True,train
pond_05908,shrimp,8.13,4.46,31.3,0.0,18.22,4.9,Acceptable,True,train
pond_05909,shrimp,8.16,5.05,31.8,0.2,13.89,62.6,Critical,True,train
pond_05910,shrimp,7.72,5.2,31.9,0.0,15.45,36.2,Optimal,True,train
pond_05911,shrimp,7.51,3.74,32.7,0.21,7.81,40.0,Critical,True,train
pond_05912,shrimp,8.64,6.44,30.1,0.0,16.34,13.3,Optimal,True,train
pond_05913,shrimp,8.3,4.46,32.2,0.097,11.58,39.9,Acceptable,True,train
pond_05914,shrimp,8.34,4.84,33.1,0.004,17.55,32.5,Acceptable,True,train
pond_05915,shrimp,7.7,4.59,27.0,0.0,13.07,27.6,Optimal,True,train
pond_05916,shrimp,8.81,6.99,28.2,0.0,5.72,10.8,Poor,True,train
pond_05917,shrimp,7.89,5.69,26.2,0.0,29.39,22.6,Poor,True,val
pond_05918,shrimp,7.6,6.06,31.8,0.327,15.73,79.4,Critical,True,train
pond_05919,shrimp,7.71,7.33,26.2,0.0,24.96,33.0,Acceptable,True,train
pond_05920,shrimp,8.79,6.18,25.6,0.125,14.1,55.8,Poor,True,train
pond_05921,shrimp,7.44,5.95,27.1,0.0,26.34,36.1,Acceptable,True,test
pond_05922,shrimp,7.62,5.63,25.7,0.019,10.67,33.8,Acceptable,True,train
pond_05923,shrimp,9.45,3.65,30.1,0.13,17.97,27.3,Poor,True,train
pond_05924,shrimp,8.47,6.16,27.1,0.113,10.99,66.9,Acceptable,True,test
pond_05925,shrimp,7.63,6.47,25.8,0.013,31.3,47.5,Poor,True,test
pond_05926,shrimp,7.46,2.88,29.4,0.101,15.63,24.2,Acceptable,True,train
pond_05927,shrimp,7.16,4.69,29.5,0.01,21.56,32.1,Acceptable,True,train
pond_05928,shrimp,8.05,6.96,25.4,0.141,19.48,61.5,Poor,True,train
pond_05929,shrimp,8.36,6.99,27.9,0.0,16.86,0.0,Acceptable,True,val
pond_05930,shrimp,8.76,5.72,29.3,0.0,19.85,46.2,Acceptable,True,train
pond_05931,shrimp,7.05,3.19,28.7,0.277,24.48,50.8,Critical,True,val
pond_05932,shrimp,7.34,3.73,28.8,0.035,20.68,25.0,Acceptable,True,train
pond_05933,shrimp,7.94,3.68,32.1,0.278,17.89,43.1,Critical,True,val
pond_05934,shrimp,9.39,5.19,34.2,0.021,19.86,50.0,Acceptable,True,train
pond_05935,shrimp,8.44,4.26,28.8,0.0,27.53,15.4,Acceptable,True,train
pond_05936,shrimp,8.19,6.86,26.6,0.092,14.71,56.8,Acceptable,True,train
pond_05937,shrimp,7.39,4.19,29.0,0.243,6.8,45.9,Critical,True,train
pond_05938,shrimp,6.94,5.32,29.9,0.0,10.97,36.9,Acceptable,True,train
pond_05939,shrimp,8.02,3.7,29.4,0.178,11.38,42.1,Critical,True,train
pond_05940,shrimp,7.95,4.2,30.8,0.343,12.15,54.1,Critical,True,train
pond_05941,shrimp,7.87,2.11,34.4,0.576,12.34,86.3,Critical,True,train
pond_05942,shrimp,7.81,7.56,25.7,0.0,16.87,52.2,Acceptable,True,train
pond_05943,shrimp,7.63,4.27,28.4,0.281,18.36,56.2,Critical,True,train
pond_05944,shrimp,7.51,2.02,32.9,0.241,18.3,43.9,Critical,True,train
pond_05945,shrimp,8.69,3.16,28.4,0.462,12.98,78.0,Critical,True,val
pond_05946,shrimp,7.56,4.22,31.2,0.0,22.47,10.7,Optimal,True,val
pond_05947,shrimp,7.86,3.87,30.9,0.0,19.94,5.3,Acceptable,True,train
pond_05948,shrimp,7.98,4.84,32.2,0.045,25.7,43.1,Optimal,True,train
pond_05949,shrimp,8.35,3.37,33.7,0.313,21.66,53.2,Critical,True,train
pond_05950,shrimp,7.57,6.0,30.2,0.0,15.08,0.0,Acceptable,True,train
pond_05951,shrimp,8.49,5.38,25.7,0.128,24.18,39.9,Poor,True,train
pond_05952,shrimp,7.71,6.45,28.0,0.079,18.5,36.4,Optimal,True,train
pond_05953,shrimp,7.92,2.35,34.3,0.411,21.39,54.9,Critical,True,train
pond_05954,shrimp,8.82,3.84,26.4,0.202,20.96,48.6,Critical,True,train
pond_05955,shrimp,7.52,3.51,30.6,0.0,16.32,3.8,Acceptable,True,train
pond_05956,shrimp,8.36,4.95,24.0,0.0,17.57,18.4,Acceptable,True,train
pond_05957,shrimp,8.5,4.12,26.5,0.047,16.28,23.9,Poor,True,test
pond_05958,shrimp,8.15,4.76,31.5,0.159,12.31,54.8,Poor,True,train
pond_05959,shrimp,7.94,4.46,29.6,0.201,5.2,47.5,Critical,True,train
pond_05960,shrimp,9.06,5.2,28.7,0.0,13.18,27.6,Acceptable,True,val
pond_05961,shrimp,7.99,5.92,27.7,0.0,18.1,42.9,Optimal,True,test
pond_05962,shrimp,8.1,3.98,25.1,0.02,22.97,18.8,Acceptable,True,train
pond_05963,shrimp,7.83,5.07,31.0,0.356,21.38,81.0,Critical,True,val
pond_05964,shrimp,8.08,3.52,28.9,0.138,15.46,51.5,Poor,True,train
pond_05965,shrimp,8.48,5.02,26.2,0.178,13.26,55.7,Critical,True,train
pond_05966,shrimp,7.86,2.51,29.6,0.421,16.01,67.5,Critical,True,train
pond_05967,shrimp,6.95,5.24,30.8,0.279,11.64,60.3,Critical,True,train
pond_05968,shrimp,8.26,2.89,29.1,0.312,5.37,40.6,Critical,True,train
pond_05969,shrimp,7.46,3.29,29.8,0.018,8.5,36.3,Acceptable,True,train
pond_05970,shrimp,8.37,3.42,29.6,0.444,24.56,65.8,Critical,True,train
pond_05971,shrimp,8.0,5.07,27.9,0.089,27.22,40.5,Acceptable,True,train
pond_05972,shrimp,8.47,4.58,29.6,0.0,21.15,25.0,Optimal,True,val
pond_05973,shrimp,7.53,5.33,31.1,0.392,16.68,79.3,Critical,True,train
pond_05974,shrimp,7.73,4.05,31.8,0.0,9.34,21.3,Optimal,True,val
pond_05975,shrimp,7.83,5.48,31.2,0.0,16.11,5.3,Acceptable,True,val
pond_05976,shrimp,7.26,5.66,28.0,0.112,20.37,59.9,Acceptable,True,test
pond_05977,shrimp,8.56,3.28,30.9,0.0,21.56,25.4,Acceptable,True,val
pond_05978,shrimp,7.19,3.72,30.5,0.384,20.79,48.7,Critical,True,train
pond_05979,shrimp,8.55,7.04,27.9,0.058,23.65,76.3,Acceptable,True,train
pond_05980,shrimp,8.21,6.55,28.5,0.0,27.69,12.5,Acceptable,True,val
pond_05981,shrimp,7.9,5.38,31.0,0.0,14.77,39.2,Optimal,True,train
pond_05982,shrimp,8.17,5.12,32.5,0.244,32.43,69.7,Critical,True,train
pond_05983,shrimp,8.16,6.45,25.5,0.094,5.89,53.6,Poor,True,train
pond_05984,shrimp,7.8,4.22,33.1,0.106,12.72,36.4,Acceptable,True,train
pond_05985,shrimp,8.15,4.16,32.1,0.562,18.1,87.8,Critical,True,train
pond_05986,shrimp,8.37,6.72,29.9,0.0,20.02,38.1,Optimal,True,val
pond_05987,shrimp,7.53,4.39,29.0,0.057,16.0,47.9,Optimal,True,train
pond_05988,shrimp,8.17,4.85,30.4,0.361,14.27,73.0,Critical,True,train
pond_05989,shrimp,6.69,3.13,28.1,0.382,29.11,59.6,Critical,True,train
pond_05990,shrimp,7.04,3.19,29.1,0.369,14.01,66.4,Critical,True,train
pond_05991,shrimp,8.28,7.86,26.3,0.0,11.39,22.0,Acceptable,True,test
pond_05992,shrimp,7.79,6.59,25.7,0.158,26.3,64.6,Critical,True,train
pond_05993,shrimp,7.57,3.15,34.6,0.309,21.67,43.4,Critical,True,test
pond_05994,shrimp,7.97,4.86,29.6,0.032,23.02,25.1,Optimal,True,train
pond_05995,shrimp,7.8,3.05,29.9,0.23,18.08,44.4,Critical,True,test
pond_05996,shrimp,7.51,4.3,29.4,0.194,9.43,43.8,Critical,True,train
pond_05997,shrimp,7.18,3.55,27.7,0.487,17.47,77.4,Critical,True,test
pond_05998,shrimp,7.02,4.63,28.8,0.112,8.67,47.6,Poor,True,train
pond_05999,shrimp,8.37,5.56,29.7,0.0,18.33,24.4,Optimal,True,train
